Retailer,Retailer ID,Invoice Date,Region,State,City,Product,Price per Unit,Units Sold,Total Sales,Operating Profit,Sales Method,Year,Month,Quarter,Profit_Margin_%
Foot Locker,1128299,2021-06-24,Southeast,Virginia,Richmond,Men's Street Footwear,53.0,233.0,1235.0,580.0,Online,2021,6,2,46.963562753036435
Sports Direct,1197831,2021-08-18,South,Alabama,Birmingham,Women's Apparel,26.0,120.0,312.0,206.0,Outlet,2021,8,3,66.02564102564102
Amazon,1185732,2021-06-11,Midwest,Ohio,Columbus,Women's Apparel,64.0,196.0,1254.0,778.0,Online,2021,6,2,62.0414673046252
Foot Locker,1128299,2021-10-23,West,Arizona,Phoenix,Women's Street Footwear,45.0,325.0,14625.0,5119.0,Online,2021,10,4,35.001709401709405
West Gear,1128299,2021-01-31,West,California,San Francisco,Men's Athletic Footwear,60.0,875.0,52500.0,7875.0,Outlet,2021,1,1,15.0
Sports Direct,1185732,2021-04-16,Midwest,Michigan,Detroit,Women's Athletic Footwear,35.0,375.0,13125.0,4594.0,In-store,2021,4,2,35.00190476190476
Kohl's,1185732,2021-06-12,West,Wyoming,Cheyenne,Men's Apparel,49.0,135.0,662.0,291.0,Online,2021,6,2,43.957703927492446
Amazon,1185732,2021-04-21,West,Alaska,Anchorage,Men's Apparel,56.0,41.0,230.0,85.0,Online,2021,4,2,36.95652173913043
West Gear,1185732,2021-05-20,Northeast,Maryland,Baltimore,Men's Apparel,49.0,36.0,176.0,74.0,Online,2021,5,2,42.04545454545455
Amazon,1185732,2021-08-18,Northeast,New Hampshire,Manchester,Women's Apparel,70.0,425.0,29750.0,10413.0,Outlet,2021,8,3,35.00168067226891
Amazon,1185732,2021-07-10,Northeast,Vermont,Burlington,Men's Apparel,60.0,325.0,19500.0,6825.0,In-store,2021,7,3,35.0
Foot Locker,1185732,2021-11-06,Northeast,Pennsylvania,Philadelphia,Women's Athletic Footwear,43.0,8.0,34.0,18.0,Online,2021,11,4,52.94117647058824
Sports Direct,1197831,2021-08-29,South,Alabama,Birmingham,Men's Apparel,50.0,400.0,20000.0,8000.0,Outlet,2021,8,3,40.0
Amazon,1185732,2021-09-17,Northeast,Maine,Portland,Women's Apparel,60.0,225.0,13500.0,5400.0,Outlet,2021,9,3,40.0
Foot Locker,1185732,2021-11-11,Northeast,Pennsylvania,Philadelphia,Women's Street Footwear,27.0,51.0,138.0,58.0,Outlet,2021,11,4,42.028985507246375
Amazon,1185732,2021-06-12,Northeast,Vermont,Burlington,Women's Athletic Footwear,47.0,90.0,423.0,190.0,Online,2021,6,2,44.91725768321513
Kohl's,1185732,2021-01-14,Northeast,New York,Albany,Women's Apparel,38.0,156.0,593.0,237.0,Online,2021,1,1,39.96627318718381
Foot Locker,1128299,2021-09-24,West,Arizona,Phoenix,Women's Apparel,60.0,425.0,25500.0,6375.0,Online,2021,9,3,25.0
Amazon,1185732,2021-06-11,Midwest,Ohio,Columbus,Women's Apparel,70.0,675.0,47250.0,23625.0,Online,2021,6,2,50.0
Kohl's,1189833,2021-05-05,West,California,Los Angeles,Men's Apparel,60.0,675.0,40500.0,22275.0,Outlet,2021,5,2,55.00000000000001
Foot Locker,1185732,2021-11-21,Northeast,Maryland,Baltimore,Women's Street Footwear,50.0,170.0,8500.0,2975.0,In-store,2021,11,4,35.0
Sports Direct,1185732,2021-01-17,Northeast,Rhode Island,Providence,Men's Street Footwear,40.0,450.0,18000.0,5400.0,In-store,2021,1,1,30.0
Sports Direct,1197831,2021-10-21,South,Texas,Dallas,Women's Apparel,70.0,775.0,54250.0,29838.0,Outlet,2021,10,4,55.00092165898618
Sports Direct,1185732,2021-07-20,Northeast,Maryland,Baltimore,Men's Athletic Footwear,42.0,72.0,302.0,145.0,Online,2021,7,3,48.01324503311258
West Gear,1197831,2021-05-19,South,Oklahoma,Oklahoma City,Men's Street Footwear,28.0,179.0,501.0,216.0,Outlet,2021,5,2,43.11377245508982
Sports Direct,1185732,2021-06-05,Northeast,Connecticut,Hartford,Men's Street Footwear,40.0,206.0,824.0,387.0,Outlet,2021,6,2,46.96601941747573
Foot Locker,1128299,2021-10-24,Southeast,Virginia,Richmond,Women's Street Footwear,39.0,119.0,464.0,195.0,Outlet,2021,10,4,42.025862068965516
Kohl's,1128299,2021-01-26,West,Arizona,Phoenix,Men's Apparel,50.0,275.0,13750.0,4125.0,Online,2021,1,1,30.0
Sports Direct,1197831,2021-10-11,South,Alabama,Birmingham,Women's Apparel,70.0,750.0,52500.0,34125.0,Outlet,2021,10,4,65.0
Amazon,1185732,2021-02-12,Northeast,Vermont,Burlington,Women's Athletic Footwear,36.0,45.0,162.0,75.0,Online,2021,2,1,46.2962962962963
Foot Locker,1185732,2021-04-06,Midwest,Iowa,Des Moines,Men's Apparel,60.0,125.0,7500.0,3750.0,In-store,2021,4,2,50.0
Sports Direct,1197831,2021-10-15,South,Texas,Dallas,Women's Apparel,67.0,176.0,1179.0,766.0,Online,2021,10,4,64.97031382527567
West Gear,1128299,2021-02-24,West,Utah,Salt Lake City,Men's Street Footwear,29.0,117.0,339.0,153.0,Online,2021,2,1,45.13274336283185
Foot Locker,1185732,2021-04-14,Northeast,Delaware,Wilmington,Men's Street Footwear,36.0,131.0,472.0,236.0,Online,2021,4,2,50.0
Foot Locker,1185732,2021-09-06,Northeast,Rhode Island,Providence,Women's Street Footwear,36.0,38.0,137.0,70.0,Online,2021,9,3,51.09489051094891
Foot Locker,1185732,2021-06-09,Midwest,Nebraska,Omaha,Men's Athletic Footwear,35.0,75.0,2625.0,919.0,Outlet,2021,6,2,35.009523809523806
Sports Direct,1197831,2021-04-15,South,Tennessee,Knoxville,Men's Street Footwear,29.0,272.0,789.0,394.0,Outlet,2021,4,2,49.93662864385298
Sports Direct,1185732,2021-10-17,Midwest,Michigan,Detroit,Women's Apparel,52.0,137.0,712.0,499.0,Online,2021,10,4,70.08426966292134
Sports Direct,1185732,2021-08-21,Northeast,Maryland,Baltimore,Women's Apparel,53.0,81.0,429.0,185.0,Online,2021,8,3,43.12354312354312
Sports Direct,1197831,2021-08-12,Midwest,Illinois,Chicago,Men's Athletic Footwear,30.0,725.0,21750.0,6525.0,Outlet,2021,8,3,30.0
Amazon,1185732,2021-03-20,West,Alaska,Anchorage,Women's Apparel,53.0,72.0,382.0,153.0,Online,2021,3,1,40.05235602094241
Kohl's,1197831,2021-12-19,South,Oklahoma,Oklahoma City,Women's Street Footwear,60.0,375.0,22500.0,9000.0,Online,2021,12,4,40.0
Foot Locker,1128299,2021-10-23,West,Arizona,Phoenix,Women's Athletic Footwear,45.0,300.0,13500.0,4725.0,Online,2021,10,4,35.0
West Gear,1185732,2021-03-02,Midwest,Wisconsin,Milwaukee,Women's Street Footwear,10.0,225.0,2250.0,675.0,In-store,2021,3,1,30.0
Walmart,1128299,2021-10-17,Southeast,Florida,Orlando,Men's Street Footwear,47.0,100.0,470.0,207.0,Online,2021,10,4,44.04255319148936
Foot Locker,1128299,2021-04-23,West,Arizona,Phoenix,Women's Athletic Footwear,40.0,78.0,312.0,125.0,Outlet,2021,4,2,40.06410256410257
Kohl's,1185732,2021-07-10,West,Wyoming,Cheyenne,Women's Athletic Footwear,39.0,150.0,585.0,275.0,Online,2021,7,3,47.008547008547005
Sports Direct,1197831,2021-09-10,South,Texas,Dallas,Men's Street Footwear,45.0,800.0,36000.0,12600.0,Outlet,2021,9,3,35.0
Foot Locker,1128299,2021-01-10,West,Alaska,Anchorage,Men's Street Footwear,33.0,109.0,360.0,137.0,Online,2021,1,1,38.05555555555556
West Gear,1185732,2021-07-16,Northeast,West Virginia,Charleston,Women's Athletic Footwear,50.0,275.0,13750.0,5500.0,In-store,2021,7,3,40.0
Foot Locker,1185732,2021-10-07,Southeast,South Carolina,Charleston,Men's Athletic Footwear,45.0,800.0,36000.0,12600.0,Online,2021,10,4,35.0
Foot Locker,1185732,2021-12-28,Northeast,Pennsylvania,Philadelphia,Men's Athletic Footwear,47.0,85.0,400.0,164.0,Outlet,2021,12,4,41.0
Sports Direct,1185732,2021-10-05,Northeast,Connecticut,Hartford,Men's Street Footwear,59.0,113.0,667.0,367.0,Online,2021,10,4,55.02248875562219
Foot Locker,1128299,2021-07-22,West,Arizona,Phoenix,Men's Apparel,52.0,128.0,666.0,286.0,Online,2021,7,3,42.94294294294294
Amazon,1185732,2021-11-02,Northeast,Maine,Portland,Women's Athletic Footwear,33.0,21.0,69.0,28.0,Online,2021,11,4,40.57971014492754
Sports Direct,1197831,2021-04-24,South,Tennessee,Knoxville,Women's Athletic Footwear,42.0,133.0,559.0,385.0,Online,2021,4,2,68.87298747763863
Amazon,1185732,2021-10-15,Northeast,Massachusetts,Boston,Women's Apparel,51.0,68.0,347.0,121.0,Outlet,2021,10,4,34.87031700288185
Sports Direct,1185732,2021-08-03,Southeast,North Carolina,Charlotte,Men's Apparel,53.0,176.0,933.0,448.0,Online,2021,8,3,48.01714898177921
Foot Locker,1185732,2021-06-12,Midwest,South Dakota,Sioux Falls,Women's Athletic Footwear,35.0,175.0,6125.0,1838.0,Online,2021,6,2,30.00816326530612
Foot Locker,1128299,2021-02-10,West,Hawaii,Honolulu,Women's Apparel,44.0,102.0,449.0,247.0,Online,2021,2,1,55.01113585746103
Foot Locker,1185732,2021-05-13,Northeast,Delaware,Wilmington,Women's Apparel,60.0,400.0,24000.0,9600.0,In-store,2021,5,2,40.0
Sports Direct,1185732,2021-09-20,Northeast,Maryland,Baltimore,Men's Athletic Footwear,44.0,63.0,277.0,125.0,Online,2021,9,3,45.12635379061371
West Gear,1197831,2021-07-19,South,Oklahoma,Oklahoma City,Women's Street Footwear,45.0,375.0,16875.0,6750.0,Online,2021,7,3,40.0
Amazon,1185732,2021-10-12,South,Alabama,Birmingham,Men's Street Footwear,40.0,450.0,18000.0,6300.0,Outlet,2021,10,4,35.0
West Gear,1128299,2021-05-25,West,Oregon,Portland,Women's Street Footwear,50.0,95.0,475.0,238.0,Online,2021,5,2,50.10526315789474
Amazon,1185732,2021-02-19,Northeast,New Hampshire,Manchester,Women's Apparel,46.0,98.0,451.0,216.0,Online,2021,2,1,47.893569844789354
Foot Locker,1128299,2021-09-25,Southeast,Virginia,Richmond,Men's Apparel,39.0,74.0,289.0,136.0,Outlet,2021,9,3,47.05882352941176
Kohl's,1185732,2021-04-11,West,Wyoming,Cheyenne,Women's Apparel,36.0,149.0,536.0,188.0,Online,2021,4,2,35.07462686567165
West Gear,1128299,2021-01-13,West,California,San Francisco,Men's Athletic Footwear,59.0,245.0,1446.0,491.0,Online,2021,1,1,33.95573997233748
West Gear,1185732,2021-08-17,Northeast,West Virginia,Charleston,Men's Athletic Footwear,42.0,90.0,378.0,208.0,Online,2021,8,3,55.026455026455025
Foot Locker,1185732,2021-12-08,Northeast,Pennsylvania,Philadelphia,Women's Apparel,70.0,350.0,24500.0,7350.0,Outlet,2021,12,4,30.0
West Gear,1185732,2021-12-10,West,Utah,Salt Lake City,Women's Athletic Footwear,30.0,400.0,12000.0,4800.0,In-store,2021,12,4,40.0
Sports Direct,1197831,2021-09-16,South,Alabama,Birmingham,Men's Apparel,50.0,123.0,615.0,363.0,Online,2021,9,3,59.02439024390244
Sports Direct,1197831,2021-03-21,South,Tennessee,Knoxville,Women's Apparel,28.0,143.0,400.0,224.0,Outlet,2021,3,1,56.00000000000001
Walmart,1197831,2021-05-19,South,Arkansas,Little Rock,Men's Street Footwear,40.0,670.0,26800.0,10720.0,Online,2021,5,2,40.0
Amazon,1185732,2021-10-22,West,Alaska,Anchorage,Women's Street Footwear,65.0,175.0,11375.0,2844.0,Outlet,2021,10,4,25.002197802197802
Sports Direct,1197831,2021-04-16,South,Tennessee,Knoxville,Men's Athletic Footwear,30.0,264.0,792.0,396.0,Outlet,2021,4,2,50.0
Sports Direct,1185732,2021-01-09,Midwest,South Dakota,Sioux Falls,Women's Street Footwear,25.0,74.0,185.0,74.0,Online,2021,1,1,40.0
West Gear,1128299,2021-07-16,South,Louisiana,New Orleans,Men's Apparel,95.0,650.0,61750.0,27788.0,Online,2021,7,3,45.000809716599186
Foot Locker,1128299,2021-02-10,West,Hawaii,Honolulu,Women's Athletic Footwear,41.0,56.0,230.0,90.0,Online,2021,2,1,39.130434782608695
Sports Direct,1197831,2021-08-27,South,Alabama,Birmingham,Women's Street Footwear,15.0,575.0,8625.0,3881.0,Outlet,2021,8,3,44.99710144927536
West Gear,1128299,2021-06-17,South,Louisiana,New Orleans,Women's Athletic Footwear,59.0,184.0,1086.0,510.0,Outlet,2021,6,2,46.96132596685083
Foot Locker,1128299,2021-08-10,West,Hawaii,Honolulu,Women's Athletic Footwear,67.0,142.0,951.0,362.0,Online,2021,8,3,38.06519453207151
West Gear,1128299,2021-05-18,South,Louisiana,New Orleans,Women's Apparel,46.0,178.0,819.0,328.0,Outlet,2021,5,2,40.04884004884005
Foot Locker,1185732,2021-09-13,Midwest,South Dakota,Sioux Falls,Women's Apparel,50.0,225.0,11250.0,4500.0,Online,2021,9,3,40.0
Walmart,1128299,2021-05-18,Southeast,Florida,Orlando,Men's Apparel,52.0,68.0,354.0,113.0,Online,2021,5,2,31.92090395480226
Sports Direct,1185732,2021-11-17,South,Mississippi,Jackson,Men's Street Footwear,28.0,163.0,456.0,246.0,Online,2021,11,4,53.94736842105263
Sports Direct,1197831,2021-05-13,South,Tennessee,Knoxville,Men's Apparel,51.0,113.0,576.0,305.0,Online,2021,5,2,52.951388888888886
Foot Locker,1185732,2021-07-11,Midwest,South Dakota,Sioux Falls,Men's Street Footwear,50.0,550.0,27500.0,9625.0,Online,2021,7,3,35.0
Sports Direct,1197831,2021-08-25,South,Texas,Dallas,Women's Street Footwear,28.0,145.0,406.0,191.0,Online,2021,8,3,47.04433497536946
Kohl's,1189833,2021-04-07,West,California,Los Angeles,Men's Street Footwear,43.0,240.0,1032.0,516.0,Online,2021,4,2,50.0
Kohl's,1197831,2021-04-13,Midwest,Kansas,Wichita,Women's Street Footwear,14.0,60.0,84.0,42.0,Online,2021,4,2,50.0
West Gear,1197831,2021-04-05,West,Idaho,Boise,Men's Street Footwear,20.0,650.0,13000.0,4550.0,Online,2021,4,2,35.0
Kohl's,1189833,2021-04-16,West,California,Los Angeles,Women's Athletic Footwear,45.0,550.0,24750.0,8663.0,Outlet,2021,4,2,35.0020202020202
Sports Direct,1185732,2021-04-04,Northeast,Connecticut,Hartford,Women's Street Footwear,29.0,56.0,162.0,70.0,Online,2021,4,2,43.20987654320987
Amazon,1185732,2021-10-11,Midwest,Ohio,Columbus,Women's Apparel,40.0,525.0,21000.0,10500.0,Online,2021,10,4,50.0
Sports Direct,1197831,2021-09-09,South,Alabama,Birmingham,Women's Athletic Footwear,36.0,196.0,706.0,473.0,Outlet,2021,9,3,66.9971671388102
Foot Locker,1185732,2021-01-17,Northeast,Maryland,Baltimore,Men's Athletic Footwear,38.0,81.0,308.0,154.0,Online,2021,1,1,50.0
West Gear,1128299,2021-07-23,West,Oregon,Portland,Men's Apparel,90.0,600.0,54000.0,21600.0,In-store,2021,7,3,40.0
Foot Locker,1185732,2021-04-18,Midwest,Missouri,St. Louis,Men's Apparel,40.0,225.0,9000.0,3150.0,In-store,2021,4,2,35.0
Amazon,1185732,2021-08-22,Southeast,Kentucky,Louisville,Men's Street Footwear,46.0,167.0,768.0,415.0,Online,2021,8,3,54.036458333333336
West Gear,1185732,2021-01-12,Southeast,Florida,Orlando,Women's Apparel,35.0,221.0,774.0,425.0,Outlet,2021,1,1,54.90956072351422
Foot Locker,1197831,2021-02-04,West,Idaho,Boise,Women's Athletic Footwear,35.0,375.0,13125.0,5250.0,Online,2021,2,1,40.0
Foot Locker,1185732,2021-01-06,Midwest,North Dakota,Fargo,Men's Apparel,38.0,42.0,160.0,101.0,Online,2021,1,1,63.125
Sports Direct,1185732,2021-02-09,Midwest,North Dakota,Fargo,Women's Apparel,23.0,69.0,159.0,81.0,Online,2021,2,1,50.943396226415096
West Gear,1128299,2021-01-10,Northeast,Maine,Portland,Women's Street Footwear,43.0,101.0,434.0,174.0,Online,2021,1,1,40.09216589861751
Foot Locker,1185732,2021-10-30,Northeast,Pennsylvania,Philadelphia,Women's Street Footwear,25.0,54.0,135.0,61.0,Outlet,2021,10,4,45.18518518518518
Sports Direct,1197831,2021-08-26,South,Alabama,Birmingham,Men's Athletic Footwear,20.0,725.0,14500.0,6525.0,Outlet,2021,8,3,45.0
Foot Locker,1185732,2021-06-26,Midwest,Nebraska,Omaha,Men's Street Footwear,45.0,550.0,24750.0,9900.0,Outlet,2021,6,2,40.0
Foot Locker,1128299,2021-04-23,West,Arizona,Phoenix,Men's Apparel,43.0,47.0,202.0,69.0,Outlet,2021,4,2,34.15841584158416
West Gear,1185732,2021-12-09,Midwest,Ohio,Columbus,Men's Apparel,75.0,525.0,39375.0,13781.0,Online,2021,12,4,34.99936507936508
Foot Locker,1185732,2021-11-16,Northeast,Pennsylvania,Philadelphia,Men's Athletic Footwear,60.0,175.0,10500.0,3150.0,Outlet,2021,11,4,30.0
Sports Direct,1185732,2021-07-08,Midwest,North Dakota,Fargo,Men's Apparel,49.0,60.0,294.0,135.0,Online,2021,7,3,45.91836734693878
Kohl's,1185732,2021-12-13,Northeast,Delaware,Wilmington,Women's Apparel,65.0,123.0,800.0,400.0,Online,2021,12,4,50.0
Sports Direct,1185732,2021-11-07,Northeast,New Jersey,Newark,Men's Athletic Footwear,46.0,80.0,368.0,180.0,Online,2021,11,4,48.91304347826087
West Gear,1197831,2021-05-05,West,Idaho,Boise,Men's Athletic Footwear,30.0,725.0,21750.0,7613.0,Online,2021,5,2,35.00229885057472
Kohl's,1189833,2021-03-12,West,California,Los Angeles,Women's Apparel,29.0,210.0,609.0,140.0,Outlet,2021,3,1,22.988505747126435
Foot Locker,1185732,2021-02-07,Southeast,Georgia,Atlanta,Women's Street Footwear,29.0,217.0,629.0,233.0,Online,2021,2,1,37.0429252782194
Foot Locker,1128299,2021-10-24,Southeast,Virginia,Richmond,Men's Street Footwear,38.0,102.0,388.0,174.0,Online,2021,10,4,44.84536082474227
Foot Locker,1185732,2021-09-07,Midwest,Iowa,Des Moines,Men's Street Footwear,35.0,475.0,16625.0,4988.0,In-store,2021,9,3,30.00300751879699
Amazon,1185732,2021-01-22,Midwest,Ohio,Columbus,Women's Street Footwear,28.0,75.0,210.0,109.0,Online,2021,1,1,51.90476190476191
Foot Locker,1185732,2021-03-06,Northeast,Rhode Island,Providence,Women's Street Footwear,25.0,175.0,4375.0,1750.0,In-store,2021,3,1,40.0
Foot Locker,1128299,2021-06-24,Southeast,Virginia,Richmond,Men's Street Footwear,37.0,233.0,862.0,319.0,Outlet,2021,6,2,37.00696055684455
Sports Direct,1185732,2021-05-13,Northeast,Massachusetts,Boston,Men's Athletic Footwear,50.0,200.0,10000.0,3000.0,In-store,2021,5,2,30.0
Foot Locker,1128299,2021-10-24,Southeast,Virginia,Richmond,Men's Apparel,55.0,300.0,16500.0,6600.0,In-store,2021,10,4,40.0
Foot Locker,1128299,2021-07-23,Southeast,Virginia,Richmond,Men's Street Footwear,60.0,272.0,1632.0,604.0,Outlet,2021,7,3,37.00980392156863
West Gear,1185732,2021-11-10,Midwest,Indiana,Indianapolis,Women's Street Footwear,32.0,81.0,259.0,124.0,Online,2021,11,4,47.87644787644788
West Gear,1185732,2021-05-12,West,Utah,Salt Lake City,Men's Athletic Footwear,29.0,101.0,293.0,144.0,Online,2021,5,2,49.14675767918089
Foot Locker,1128299,2021-10-24,Southeast,Virginia,Richmond,Men's Athletic Footwear,51.0,142.0,724.0,355.0,Online,2021,10,4,49.033149171270715
Foot Locker,1185732,2021-02-18,Midwest,Missouri,St. Louis,Women's Apparel,28.0,120.0,336.0,212.0,Online,2021,2,1,63.095238095238095
Foot Locker,1185732,2021-01-10,Northeast,Connecticut,Hartford,Men's Apparel,34.0,44.0,150.0,54.0,Outlet,2021,1,1,36.0
Walmart,1128299,2021-04-17,Southeast,Florida,Orlando,Women's Athletic Footwear,41.0,90.0,369.0,129.0,Outlet,2021,4,2,34.959349593495936
West Gear,1185732,2021-03-09,Midwest,Indiana,Indianapolis,Women's Athletic Footwear,19.0,31.0,59.0,27.0,Online,2021,3,1,45.76271186440678
Foot Locker,1185732,2021-06-22,Northeast,Maryland,Baltimore,Women's Apparel,53.0,84.0,445.0,200.0,Online,2021,6,2,44.9438202247191
Amazon,1185732,2021-11-11,Northeast,Vermont,Burlington,Men's Apparel,70.0,275.0,19250.0,6738.0,In-store,2021,11,4,35.0025974025974
Foot Locker,1185732,2021-10-19,Northeast,New Hampshire,Manchester,Men's Street Footwear,64.0,119.0,762.0,404.0,Online,2021,10,4,53.018372703412076
Walmart,1197831,2021-04-20,South,Arkansas,Little Rock,Women's Street Footwear,14.0,75.0,105.0,55.0,Online,2021,4,2,52.38095238095239
Kohl's,1185732,2021-10-12,West,Wyoming,Cheyenne,Men's Street Footwear,50.0,202.0,1010.0,646.0,Online,2021,10,4,63.960396039603964
Sports Direct,1185732,2021-05-02,Southeast,North Carolina,Charlotte,Men's Street Footwear,41.0,246.0,1009.0,555.0,Online,2021,5,2,55.00495540138751
Sports Direct,1197831,2021-09-16,South,Texas,Dallas,Men's Street Footwear,34.0,256.0,870.0,366.0,Outlet,2021,9,3,42.06896551724138
Foot Locker,1185732,2021-11-09,Northeast,Pennsylvania,Philadelphia,Men's Street Footwear,50.0,450.0,22500.0,11250.0,Outlet,2021,11,4,50.0
Walmart,1197831,2021-03-19,South,Arkansas,Little Rock,Men's Street Footwear,20.0,645.0,12900.0,5160.0,Online,2021,3,1,40.0
Sports Direct,1197831,2021-09-19,South,Alabama,Birmingham,Men's Athletic Footwear,55.0,575.0,31625.0,15813.0,Outlet,2021,9,3,50.00158102766798
West Gear,1185732,2021-04-21,Northeast,Maryland,Baltimore,Women's Street Footwear,24.0,33.0,79.0,39.0,Online,2021,4,2,49.36708860759494
West Gear,1128299,2021-01-14,West,California,San Francisco,Women's Street Footwear,65.0,825.0,53625.0,18769.0,Outlet,2021,1,1,35.0004662004662
West Gear,1128299,2021-01-02,West,California,San Francisco,Women's Street Footwear,46.0,225.0,1035.0,455.0,Outlet,2021,1,1,43.96135265700483
West Gear,1128299,2021-01-24,West,California,San Francisco,Men's Street Footwear,55.0,925.0,50875.0,15263.0,Outlet,2021,1,1,30.0009828009828
West Gear,1197831,2021-11-20,South,Arkansas,Little Rock,Men's Athletic Footwear,14.0,94.0,132.0,66.0,Online,2021,11,4,50.0
West Gear,1128299,2021-06-17,South,Louisiana,New Orleans,Women's Street Footwear,55.0,210.0,1155.0,508.0,Outlet,2021,6,2,43.98268398268399
Sports Direct,1197831,2021-03-11,Midwest,Montana,Billings,Men's Athletic Footwear,29.0,182.0,528.0,243.0,Online,2021,3,1,46.02272727272727
Foot Locker,1185732,2021-03-13,Northeast,Delaware,Wilmington,Men's Street Footwear,36.0,158.0,569.0,262.0,Online,2021,3,1,46.04569420035149
Foot Locker,1185732,2021-02-07,Southeast,Georgia,Atlanta,Women's Street Footwear,30.0,775.0,23250.0,5813.0,Online,2021,2,1,25.00215053763441
Foot Locker,1185732,2021-03-05,Midwest,Iowa,Des Moines,Women's Athletic Footwear,15.0,100.0,1500.0,450.0,In-store,2021,3,1,30.0
Amazon,1185732,2021-12-26,Northeast,Maine,Portland,Women's Apparel,54.0,91.0,491.0,265.0,Online,2021,12,4,53.97148676171079
Foot Locker,1185732,2021-03-11,Midwest,South Dakota,Sioux Falls,Women's Apparel,40.0,225.0,9000.0,3600.0,Online,2021,3,1,40.0
Amazon,1185732,2021-06-22,West,Alaska,Anchorage,Women's Street Footwear,55.0,325.0,17875.0,4469.0,Outlet,2021,6,2,25.0013986013986
Sports Direct,1128299,2021-10-13,Southeast,Georgia,Atlanta,Women's Apparel,46.0,109.0,501.0,155.0,Outlet,2021,10,4,30.938123752495013
Amazon,1185732,2021-08-11,Northeast,Vermont,Burlington,Men's Apparel,60.0,225.0,13500.0,4725.0,In-store,2021,8,3,35.0
Sports Direct,1185732,2021-08-03,Southeast,North Carolina,Charlotte,Men's Athletic Footwear,58.0,200.0,1160.0,522.0,Online,2021,8,3,45.0
Amazon,1185732,2021-09-20,West,Alaska,Anchorage,Women's Street Footwear,50.0,59.0,295.0,112.0,Online,2021,9,3,37.96610169491525
Amazon,1185732,2021-04-18,Northeast,New Hampshire,Manchester,Men's Apparel,40.0,61.0,244.0,81.0,Outlet,2021,4,2,33.19672131147541
Foot Locker,1185732,2021-08-12,Midwest,South Dakota,Sioux Falls,Women's Street Footwear,36.0,65.0,234.0,94.0,Online,2021,8,3,40.17094017094017
Sports Direct,1197831,2021-09-30,South,Alabama,Birmingham,Men's Street Footwear,18.0,169.0,304.0,195.0,Online,2021,9,3,64.14473684210526
West Gear,1128299,2021-02-17,South,Louisiana,New Orleans,Women's Apparel,44.0,105.0,462.0,222.0,Online,2021,2,1,48.05194805194805
Amazon,1185732,2021-03-17,Northeast,New Hampshire,Manchester,Women's Street Footwear,40.0,300.0,12000.0,3600.0,In-store,2021,3,1,30.0
Kohl's,1185732,2021-03-10,West,Wyoming,Cheyenne,Men's Apparel,50.0,450.0,22500.0,6750.0,In-store,2021,3,1,30.0
Amazon,1185732,2021-02-22,West,Alaska,Anchorage,Men's Athletic Footwear,55.0,225.0,12375.0,4331.0,Outlet,2021,2,1,34.9979797979798
Foot Locker,1185732,2021-12-16,Northeast,Pennsylvania,Philadelphia,Men's Athletic Footwear,47.0,63.0,296.0,124.0,Online,2021,12,4,41.891891891891895
Sports Direct,1197831,2021-09-05,West,Idaho,Boise,Men's Athletic Footwear,50.0,188.0,940.0,489.0,Online,2021,9,3,52.02127659574468
West Gear,1197831,2021-06-21,South,Oklahoma,Oklahoma City,Men's Apparel,51.0,87.0,444.0,209.0,Online,2021,6,2,47.072072072072075
Amazon,1185732,2021-04-21,West,Alaska,Anchorage,Women's Street Footwear,44.0,61.0,268.0,107.0,Online,2021,4,2,39.92537313432835
Foot Locker,1185732,2021-05-21,South,Tennessee,Knoxville,Men's Street Footwear,35.0,425.0,14875.0,5950.0,Outlet,2021,5,2,40.0
Foot Locker,1185732,2021-03-13,Northeast,Delaware,Wilmington,Women's Athletic Footwear,35.0,125.0,4375.0,1750.0,In-store,2021,3,1,40.0
Kohl's,1189833,2021-01-04,Midwest,Montana,Billings,Men's Athletic Footwear,45.0,425.0,19125.0,5738.0,Outlet,2021,1,1,30.002614379084967
West Gear,1128299,2021-04-24,West,Oregon,Portland,Women's Street Footwear,47.0,114.0,536.0,220.0,Outlet,2021,4,2,41.04477611940299
Sports Direct,1185732,2021-12-16,South,Mississippi,Jackson,Women's Apparel,53.0,178.0,943.0,519.0,Outlet,2021,12,4,55.037115588547195
Sports Direct,1185732,2021-08-09,Midwest,North Dakota,Fargo,Women's Street Footwear,40.0,225.0,9000.0,2700.0,In-store,2021,8,3,30.0
Foot Locker,1128299,2021-03-23,Southeast,Virginia,Richmond,Men's Athletic Footwear,35.0,98.0,343.0,141.0,Outlet,2021,3,1,41.10787172011662
Foot Locker,1185732,2021-12-08,Midwest,North Dakota,Fargo,Men's Athletic Footwear,50.0,300.0,15000.0,4500.0,In-store,2021,12,4,30.0
Kohl's,1128299,2021-07-25,West,New Mexico,Albuquerque,Women's Apparel,49.0,160.0,784.0,251.0,Outlet,2021,7,3,32.015306122448976
Foot Locker,1185732,2021-11-18,Midwest,Missouri,St. Louis,Women's Apparel,48.0,108.0,518.0,327.0,Online,2021,11,4,63.12741312741312
Amazon,1185732,2021-10-12,Northeast,Vermont,Burlington,Men's Apparel,55.0,58.0,319.0,118.0,Outlet,2021,10,4,36.990595611285265
Foot Locker,1128299,2021-04-10,West,Hawaii,Honolulu,Women's Apparel,66.0,94.0,620.0,310.0,Online,2021,4,2,50.0
West Gear,1185732,2021-05-20,Northeast,Maryland,Baltimore,Men's Street Footwear,50.0,470.0,23500.0,9400.0,In-store,2021,5,2,40.0
Foot Locker,1185732,2021-03-16,South,Mississippi,Jackson,Women's Street Footwear,15.0,425.0,6375.0,2550.0,Online,2021,3,1,40.0
Kohl's,1197831,2021-09-12,Midwest,Kansas,Wichita,Women's Street Footwear,15.0,250.0,3750.0,1313.0,Online,2021,9,3,35.013333333333335
Foot Locker,1185732,2021-02-06,Midwest,Iowa,Des Moines,Men's Apparel,40.0,150.0,6000.0,3000.0,In-store,2021,2,1,50.0
Kohl's,1189833,2021-02-18,Midwest,Montana,Billings,Men's Apparel,50.0,100.0,500.0,365.0,Online,2021,2,1,73.0
Amazon,1185732,2021-10-13,South,Alabama,Birmingham,Men's Athletic Footwear,40.0,250.0,10000.0,3500.0,Outlet,2021,10,4,35.0
West Gear,1128299,2021-01-28,West,California,San Francisco,Men's Apparel,65.0,725.0,47125.0,21206.0,Outlet,2021,1,1,44.99946949602122
Amazon,1185732,2021-07-09,Midwest,Ohio,Columbus,Men's Apparel,59.0,154.0,909.0,418.0,Online,2021,7,3,45.984598459845984
Foot Locker,1185732,2021-05-24,South,Tennessee,Knoxville,Women's Athletic Footwear,22.0,23.0,51.0,22.0,Outlet,2021,5,2,43.13725490196079
Foot Locker,1185732,2021-04-17,South,Mississippi,Jackson,Women's Apparel,30.0,475.0,14250.0,7125.0,Online,2021,4,2,50.0
Sports Direct,1197831,2021-08-31,South,Alabama,Birmingham,Men's Street Footwear,43.0,203.0,873.0,480.0,Online,2021,8,3,54.98281786941581
Sports Direct,1128299,2021-06-13,Southeast,Georgia,Atlanta,Men's Street Footwear,50.0,675.0,33750.0,13500.0,Online,2021,6,2,40.0
Kohl's,1128299,2021-09-27,West,New Mexico,Albuquerque,Women's Street Footwear,50.0,475.0,23750.0,8313.0,Online,2021,9,3,35.002105263157894
Sports Direct,1197831,2021-08-22,South,Alabama,Birmingham,Women's Athletic Footwear,18.0,113.0,203.0,134.0,Online,2021,8,3,66.00985221674877
Kohl's,1185732,2021-07-10,West,Wyoming,Cheyenne,Men's Street Footwear,50.0,875.0,43750.0,21875.0,In-store,2021,7,3,50.0
West Gear,1185732,2021-07-10,West,Utah,Salt Lake City,Men's Athletic Footwear,30.0,550.0,16500.0,5775.0,In-store,2021,7,3,35.0
West Gear,1128299,2021-09-18,South,Louisiana,New Orleans,Women's Apparel,40.0,300.0,12000.0,4200.0,Online,2021,9,3,35.0
Sports Direct,1197831,2021-09-15,South,Alabama,Birmingham,Women's Athletic Footwear,50.0,425.0,21250.0,12750.0,Outlet,2021,9,3,60.0
Foot Locker,1185732,2021-06-15,Northeast,Delaware,Wilmington,Women's Apparel,60.0,450.0,27000.0,10800.0,In-store,2021,6,2,40.0
Kohl's,1128299,2021-03-25,West,New Mexico,Albuquerque,Men's Street Footwear,30.0,187.0,561.0,230.0,Outlet,2021,3,1,40.998217468805706
Sports Direct,1128299,2021-06-13,Southeast,Georgia,Atlanta,Women's Apparel,70.0,575.0,40250.0,10063.0,Online,2021,6,2,25.001242236024844
Foot Locker,1185732,2021-05-13,Northeast,Delaware,Wilmington,Men's Apparel,50.0,74.0,370.0,155.0,Online,2021,5,2,41.891891891891895
Foot Locker,1197831,2021-02-04,West,Idaho,Boise,Men's Apparel,39.0,70.0,273.0,96.0,Online,2021,2,1,35.16483516483517
Foot Locker,1185732,2021-02-18,South,Mississippi,Jackson,Women's Athletic Footwear,25.0,91.0,228.0,114.0,Online,2021,2,1,50.0
Foot Locker,1185732,2021-02-18,Midwest,Michigan,Detroit,Men's Athletic Footwear,28.0,94.0,263.0,129.0,Online,2021,2,1,49.049429657794676
Foot Locker,1185732,2021-09-06,Northeast,Rhode Island,Providence,Men's Apparel,50.0,100.0,5000.0,1500.0,In-store,2021,9,3,30.0
Sports Direct,1185732,2021-02-17,Southeast,Virginia,Richmond,Men's Athletic Footwear,27.0,153.0,413.0,186.0,Outlet,2021,2,1,45.036319612590795
Foot Locker,1185732,2021-10-06,Midwest,Iowa,Des Moines,Women's Street Footwear,34.0,39.0,133.0,54.0,Online,2021,10,4,40.6015037593985
Foot Locker,1185732,2021-07-21,Midwest,Illinois,Chicago,Women's Athletic Footwear,36.0,44.0,158.0,84.0,Online,2021,7,3,53.16455696202531
Foot Locker,1128299,2021-12-12,Southeast,Georgia,Atlanta,Women's Athletic Footwear,40.0,143.0,572.0,246.0,Outlet,2021,12,4,43.00699300699301
Foot Locker,1185732,2021-07-16,Midwest,Illinois,Chicago,Men's Apparel,50.0,200.0,10000.0,3500.0,Outlet,2021,7,3,35.0
Sports Direct,1197831,2021-04-12,South,Tennessee,Knoxville,Women's Athletic Footwear,40.0,600.0,24000.0,12000.0,Outlet,2021,4,2,50.0
Foot Locker,1185732,2021-12-09,Northeast,Pennsylvania,Philadelphia,Men's Street Footwear,62.0,143.0,887.0,532.0,Online,2021,12,4,59.97745208568207
Walmart,1128299,2021-11-10,West,Hawaii,Honolulu,Women's Apparel,82.0,140.0,1148.0,597.0,Online,2021,11,4,52.00348432055749
Amazon,1185732,2021-01-21,Northeast,Vermont,Burlington,Women's Apparel,49.0,88.0,431.0,194.0,Online,2021,1,1,45.011600928074245
West Gear,1185732,2021-10-10,Midwest,Indiana,Indianapolis,Women's Street Footwear,32.0,38.0,122.0,57.0,Online,2021,10,4,46.72131147540984
West Gear,1185732,2021-05-20,Northeast,Maryland,Baltimore,Men's Apparel,50.0,125.0,6250.0,1875.0,In-store,2021,5,2,30.0
Walmart,1128299,2021-11-17,Southeast,Florida,Orlando,Women's Apparel,90.0,600.0,54000.0,24300.0,In-store,2021,11,4,45.0
West Gear,1185732,2021-08-11,West,Utah,Salt Lake City,Men's Apparel,23.0,109.0,251.0,98.0,Outlet,2021,8,3,39.04382470119522
West Gear,1185732,2021-09-12,West,Utah,Salt Lake City,Women's Athletic Footwear,7.0,111.0,78.0,36.0,Outlet,2021,9,3,46.15384615384615
Amazon,1185732,2021-08-11,Northeast,Vermont,Burlington,Women's Street Footwear,48.0,105.0,504.0,232.0,Online,2021,8,3,46.03174603174603
Sports Direct,1197831,2021-03-30,South,Tennessee,Knoxville,Women's Street Footwear,20.0,500.0,10000.0,4000.0,Outlet,2021,3,1,40.0
Foot Locker,1185732,2021-09-07,Midwest,Iowa,Des Moines,Women's Apparel,40.0,225.0,9000.0,3600.0,In-store,2021,9,3,40.0
Foot Locker,1128299,2021-09-24,West,Arizona,Phoenix,Women's Apparel,43.0,132.0,568.0,182.0,Outlet,2021,9,3,32.04225352112676
West Gear,1128299,2021-01-22,West,California,San Francisco,Men's Apparel,69.0,188.0,1297.0,791.0,Online,2021,1,1,60.98689282960679
Amazon,1185732,2021-01-13,Southeast,North Carolina,Charlotte,Women's Street Footwear,24.0,167.0,401.0,216.0,Online,2021,1,1,53.86533665835411
Amazon,1185732,2021-08-22,Southeast,Kentucky,Louisville,Men's Apparel,50.0,225.0,11250.0,3938.0,Online,2021,8,3,35.004444444444445
Sports Direct,1128299,2021-11-13,Southeast,Georgia,Atlanta,Women's Athletic Footwear,37.0,140.0,518.0,238.0,Outlet,2021,11,4,45.94594594594595
Sports Direct,1197831,2021-08-26,South,Texas,Dallas,Women's Athletic Footwear,32.0,116.0,371.0,212.0,Online,2021,8,3,57.14285714285714
Kohl's,1197831,2021-07-12,Midwest,Kansas,Wichita,Men's Street Footwear,51.0,182.0,928.0,464.0,Online,2021,7,3,50.0
Walmart,1128299,2021-06-17,Southeast,Florida,Orlando,Women's Apparel,103.0,218.0,2245.0,1257.0,Online,2021,6,2,55.99109131403118
Kohl's,1189833,2021-02-17,Midwest,Montana,Billings,Women's Athletic Footwear,41.0,116.0,476.0,262.0,Online,2021,2,1,55.04201680672269
Foot Locker,1185732,2021-10-18,Midwest,Missouri,St. Louis,Men's Apparel,35.0,225.0,7875.0,2756.0,In-store,2021,10,4,34.9968253968254
Amazon,1185732,2021-11-08,Northeast,Maine,Portland,Women's Athletic Footwear,45.0,125.0,5625.0,1688.0,Outlet,2021,11,4,30.00888888888889
Foot Locker,1185732,2021-06-18,South,Mississippi,Jackson,Women's Apparel,65.0,625.0,40625.0,20313.0,Online,2021,6,2,50.001230769230766
Foot Locker,1185732,2021-12-06,Northeast,Pennsylvania,Philadelphia,Women's Athletic Footwear,53.0,58.0,307.0,166.0,Online,2021,12,4,54.071661237785015
West Gear,1197831,2021-04-20,South,Oklahoma,Oklahoma City,Men's Street Footwear,25.0,525.0,13125.0,5250.0,Online,2021,4,2,40.0
Sports Direct,1197831,2021-01-23,South,Mississippi,Jackson,Women's Athletic Footwear,13.0,102.0,133.0,62.0,Outlet,2021,1,1,46.616541353383454
Foot Locker,1185732,2021-06-15,Northeast,Delaware,Wilmington,Men's Athletic Footwear,50.0,400.0,20000.0,7000.0,In-store,2021,6,2,35.0
West Gear,1185732,2021-04-21,Northeast,Maryland,Baltimore,Women's Athletic Footwear,30.0,50.0,1500.0,525.0,In-store,2021,4,2,35.0
West Gear,1185732,2021-10-17,Northeast,West Virginia,Charleston,Men's Athletic Footwear,32.0,80.0,256.0,133.0,Online,2021,10,4,51.953125
Foot Locker,1185732,2021-04-06,Southeast,South Carolina,Charleston,Women's Street Footwear,24.0,182.0,437.0,166.0,Online,2021,4,2,37.986270022883296
Sports Direct,1185732,2021-07-13,Northeast,Massachusetts,Boston,Men's Apparel,53.0,68.0,360.0,141.0,Online,2021,7,3,39.166666666666664
Sports Direct,1197831,2021-04-25,South,Tennessee,Knoxville,Men's Apparel,50.0,475.0,23750.0,9500.0,Outlet,2021,4,2,40.0
West Gear,1185732,2021-05-12,West,Utah,Salt Lake City,Men's Apparel,29.0,90.0,261.0,110.0,Outlet,2021,5,2,42.1455938697318
Sports Direct,1197831,2021-08-14,Midwest,Illinois,Chicago,Women's Athletic Footwear,35.0,525.0,18375.0,7350.0,Outlet,2021,8,3,40.0
Foot Locker,1185732,2021-10-26,Northeast,Pennsylvania,Philadelphia,Men's Apparel,54.0,36.0,194.0,87.0,Online,2021,10,4,44.84536082474227
Sports Direct,1197831,2021-10-02,South,Texas,Dallas,Men's Apparel,37.0,149.0,551.0,221.0,Outlet,2021,10,4,40.10889292196007
Amazon,1185732,2021-11-13,Northeast,Maine,Portland,Women's Street Footwear,42.0,58.0,244.0,124.0,Online,2021,11,4,50.81967213114754
Foot Locker,1185732,2021-04-12,Midwest,South Dakota,Sioux Falls,Men's Athletic Footwear,40.0,150.0,6000.0,1800.0,Online,2021,4,2,30.0
Kohl's,1197831,2021-07-12,Midwest,Kansas,Wichita,Men's Street Footwear,55.0,675.0,37125.0,12994.0,Online,2021,7,3,35.0006734006734
Sports Direct,1197831,2021-03-29,South,Tennessee,Knoxville,Men's Athletic Footwear,17.0,203.0,345.0,145.0,Outlet,2021,3,1,42.028985507246375
West Gear,1128299,2021-01-17,West,Oregon,Portland,Women's Athletic Footwear,41.0,68.0,279.0,153.0,Online,2021,1,1,54.83870967741935
Amazon,1185732,2021-12-10,Northeast,Vermont,Burlington,Women's Athletic Footwear,60.0,325.0,19500.0,6825.0,In-store,2021,12,4,35.0
Foot Locker,1128299,2021-06-10,West,Hawaii,Honolulu,Men's Apparel,83.0,88.0,730.0,219.0,Online,2021,6,2,30.0
West Gear,1197831,2021-12-19,South,Arkansas,Little Rock,Men's Street Footwear,55.0,238.0,1309.0,602.0,Outlet,2021,12,4,45.98930481283423
West Gear,1197831,2021-02-21,South,Arkansas,Little Rock,Women's Street Footwear,12.0,98.0,118.0,55.0,Outlet,2021,2,1,46.61016949152542
West Gear,1185732,2021-03-16,Northeast,West Virginia,Charleston,Men's Street Footwear,28.0,165.0,462.0,236.0,Online,2021,3,1,51.082251082251084
Kohl's,1185732,2021-11-14,Northeast,Delaware,Wilmington,Women's Athletic Footwear,51.0,84.0,428.0,227.0,Online,2021,11,4,53.0373831775701
Kohl's,1128299,2021-10-26,West,New Mexico,Albuquerque,Women's Apparel,75.0,375.0,28125.0,7031.0,Online,2021,10,4,24.999111111111112
Kohl's,1128299,2021-05-27,West,New Mexico,Albuquerque,Men's Apparel,60.0,250.0,15000.0,4500.0,Online,2021,5,2,30.0
Foot Locker,1185732,2021-05-25,Midwest,Nebraska,Omaha,Men's Apparel,45.0,125.0,5625.0,1969.0,Outlet,2021,5,2,35.004444444444445
Amazon,1185732,2021-05-23,Southeast,Kentucky,Louisville,Women's Athletic Footwear,38.0,38.0,144.0,78.0,Online,2021,5,2,54.166666666666664
Kohl's,1189833,2021-04-24,West,California,Los Angeles,Women's Apparel,48.0,264.0,1267.0,279.0,Outlet,2021,4,2,22.020520915548538
Walmart,1128299,2021-09-18,Southeast,Florida,Orlando,Women's Apparel,51.0,75.0,383.0,210.0,Online,2021,9,3,54.83028720626631
West Gear,1185732,2021-05-08,Northeast,New York,Albany,Men's Apparel,56.0,137.0,767.0,376.0,Online,2021,5,2,49.02216427640156
Amazon,1185732,2021-11-17,Northeast,Maine,Portland,Men's Street Footwear,51.0,143.0,729.0,357.0,Online,2021,11,4,48.971193415637856
Foot Locker,1185732,2021-05-21,South,Tennessee,Knoxville,Men's Street Footwear,32.0,119.0,381.0,190.0,Online,2021,5,2,49.86876640419948
West Gear,1197831,2021-08-20,South,Oklahoma,Oklahoma City,Men's Athletic Footwear,37.0,140.0,518.0,218.0,Outlet,2021,8,3,42.084942084942085
West Gear,1185732,2021-01-12,Southeast,Florida,Orlando,Women's Apparel,44.0,176.0,774.0,503.0,Online,2021,1,1,64.98708010335918
Foot Locker,1128299,2021-03-23,Southeast,Virginia,Richmond,Men's Apparel,55.0,100.0,5500.0,2200.0,In-store,2021,3,1,40.0
West Gear,1128299,2021-01-06,West,California,San Francisco,Men's Street Footwear,56.0,273.0,1529.0,764.0,Online,2021,1,1,49.9672988881622
West Gear,1197831,2021-10-21,South,Oklahoma,Oklahoma City,Men's Apparel,30.0,200.0,6000.0,2100.0,Online,2021,10,4,35.0
Kohl's,1185732,2021-11-11,West,Wyoming,Cheyenne,Men's Street Footwear,53.0,218.0,1155.0,705.0,Online,2021,11,4,61.038961038961034
Foot Locker,1197831,2021-12-04,West,Idaho,Boise,Men's Apparel,50.0,133.0,665.0,326.0,Online,2021,12,4,49.02255639097744
Amazon,1185732,2021-09-20,West,Alaska,Anchorage,Men's Street Footwear,65.0,525.0,34125.0,11944.0,Outlet,2021,9,3,35.0007326007326
Foot Locker,1185732,2021-12-09,Northeast,Pennsylvania,Philadelphia,Men's Street Footwear,46.0,162.0,745.0,388.0,Outlet,2021,12,4,52.080536912751676
West Gear,1185732,2021-03-10,West,Utah,Salt Lake City,Men's Apparel,40.0,300.0,12000.0,4200.0,In-store,2021,3,1,35.0
West Gear,1185732,2021-08-10,Midwest,Indiana,Indianapolis,Women's Apparel,55.0,350.0,19250.0,7700.0,In-store,2021,8,3,40.0
Sports Direct,1185732,2021-06-05,Northeast,Connecticut,Hartford,Women's Street Footwear,42.0,87.0,365.0,164.0,Online,2021,6,2,44.93150684931507
Sports Direct,1185732,2021-11-12,Midwest,South Dakota,Sioux Falls,Men's Apparel,59.0,45.0,266.0,122.0,Online,2021,11,4,45.86466165413533
Amazon,1185732,2021-08-11,Northeast,Vermont,Burlington,Women's Athletic Footwear,50.0,250.0,12500.0,4375.0,In-store,2021,8,3,35.0
West Gear,1185732,2021-07-10,West,Utah,Salt Lake City,Women's Apparel,32.0,204.0,653.0,359.0,Outlet,2021,7,3,54.97702909647779
Sports Direct,1197831,2021-10-04,West,Idaho,Boise,Women's Apparel,45.0,525.0,23625.0,12994.0,Online,2021,10,4,55.00105820105821
Kohl's,1185732,2021-12-13,Northeast,Delaware,Wilmington,Women's Athletic Footwear,55.0,325.0,17875.0,7150.0,In-store,2021,12,4,40.0
Sports Direct,1185732,2021-12-06,Northeast,Rhode Island,Providence,Men's Apparel,60.0,225.0,13500.0,4050.0,In-store,2021,12,4,30.0
Sports Direct,1185732,2021-12-16,South,Mississippi,Jackson,Men's Athletic Footwear,44.0,201.0,884.0,327.0,Outlet,2021,12,4,36.990950226244344
Walmart,1185732,2021-09-16,South,Mississippi,Jackson,Women's Apparel,35.0,500.0,17500.0,8750.0,Online,2021,9,3,50.0
West Gear,1128299,2021-01-24,West,Utah,Salt Lake City,Women's Apparel,39.0,108.0,421.0,181.0,Online,2021,1,1,42.99287410926366
Foot Locker,1185732,2021-08-01,Midwest,Illinois,Chicago,Women's Street Footwear,50.0,195.0,9750.0,3413.0,Outlet,2021,8,3,35.00512820512821
Foot Locker,1128299,2021-11-23,West,Arizona,Phoenix,Men's Apparel,44.0,99.0,436.0,157.0,Outlet,2021,11,4,36.00917431192661
Foot Locker,1185732,2021-07-28,Midwest,Illinois,Chicago,Men's Apparel,60.0,125.0,7500.0,2625.0,Outlet,2021,7,3,35.0
West Gear,1128299,2021-05-18,South,Louisiana,New Orleans,Women's Athletic Footwear,44.0,85.0,374.0,191.0,Online,2021,5,2,51.06951871657755
Foot Locker,1185732,2021-12-17,Northeast,Pennsylvania,Philadelphia,Women's Street Footwear,50.0,125.0,6250.0,2188.0,Outlet,2021,12,4,35.008
West Gear,1128299,2021-10-17,South,Louisiana,New Orleans,Men's Street Footwear,35.0,400.0,14000.0,5600.0,Online,2021,10,4,40.0
Kohl's,1189833,2021-02-11,Midwest,Montana,Billings,Women's Athletic Footwear,45.0,425.0,19125.0,7650.0,Outlet,2021,2,1,40.0
Kohl's,1185732,2021-10-12,West,Wyoming,Cheyenne,Women's Apparel,60.0,600.0,36000.0,9000.0,In-store,2021,10,4,25.0
Kohl's,1197831,2021-12-19,South,Oklahoma,Oklahoma City,Women's Street Footwear,44.0,131.0,576.0,259.0,Outlet,2021,12,4,44.96527777777778
West Gear,1185732,2021-03-09,Midwest,Indiana,Indianapolis,Women's Street Footwear,14.0,72.0,101.0,50.0,Online,2021,3,1,49.504950495049506
Foot Locker,1185732,2021-08-06,Southeast,South Carolina,Charleston,Men's Street Footwear,62.0,326.0,2021.0,1152.0,Online,2021,8,3,57.0014844136566
Sports Direct,1128299,2021-01-17,West,Hawaii,Honolulu,Women's Street Footwear,50.0,425.0,21250.0,6375.0,Outlet,2021,1,1,30.0
Kohl's,1185732,2021-12-08,Northeast,New York,Albany,Men's Apparel,60.0,155.0,930.0,428.0,Online,2021,12,4,46.02150537634409
West Gear,1128299,2021-05-25,West,Oregon,Portland,Men's Street Footwear,48.0,145.0,696.0,313.0,Online,2021,5,2,44.9712643678161
Amazon,1185732,2021-05-10,Northeast,Vermont,Burlington,Men's Apparel,55.0,72.0,396.0,186.0,Online,2021,5,2,46.96969696969697
West Gear,1185732,2021-03-16,Northeast,West Virginia,Charleston,Women's Athletic Footwear,25.0,175.0,4375.0,1750.0,In-store,2021,3,1,40.0
Sports Direct,1185732,2021-05-02,Southeast,North Carolina,Charlotte,Women's Street Footwear,40.0,625.0,25000.0,10000.0,Online,2021,5,2,40.0
Kohl's,1185732,2021-08-11,West,Wyoming,Cheyenne,Women's Street Footwear,40.0,550.0,22000.0,7700.0,In-store,2021,8,3,35.0
Kohl's,1185732,2021-12-08,Northeast,New York,Albany,Women's Apparel,69.0,182.0,1256.0,804.0,Online,2021,12,4,64.01273885350318
Foot Locker,1128299,2021-02-10,West,Alaska,Anchorage,Men's Athletic Footwear,42.0,98.0,412.0,132.0,Online,2021,2,1,32.038834951456316
West Gear,1197831,2021-07-06,West,Idaho,Boise,Women's Athletic Footwear,50.0,525.0,26250.0,13125.0,Online,2021,7,3,50.0
West Gear,1185732,2021-10-12,Northeast,Vermont,Burlington,Women's Apparel,71.0,81.0,575.0,305.0,Online,2021,10,4,53.04347826086957
Sports Direct,1197831,2021-03-29,South,Tennessee,Knoxville,Men's Athletic Footwear,25.0,675.0,16875.0,6750.0,Outlet,2021,3,1,40.0
Foot Locker,1185732,2021-07-19,Midwest,Illinois,Chicago,Men's Athletic Footwear,41.0,84.0,344.0,169.0,Online,2021,7,3,49.127906976744185
Foot Locker,1185732,2021-05-19,Midwest,Missouri,St. Louis,Men's Apparel,44.0,70.0,308.0,148.0,Online,2021,5,2,48.05194805194805
Amazon,1185732,2021-03-09,Midwest,Ohio,Columbus,Women's Street Footwear,20.0,475.0,9500.0,3800.0,Online,2021,3,1,40.0
West Gear,1128299,2021-02-07,West,California,San Francisco,Women's Street Footwear,50.0,210.0,1050.0,420.0,Online,2021,2,1,40.0
Foot Locker,1185732,2021-06-22,Northeast,Maryland,Baltimore,Women's Athletic Footwear,37.0,44.0,163.0,81.0,Online,2021,6,2,49.693251533742334
Foot Locker,1185732,2021-04-17,South,Mississippi,Jackson,Women's Street Footwear,15.0,375.0,5625.0,2250.0,Online,2021,4,2,40.0
West Gear,1185732,2021-01-11,Midwest,Missouri,St. Louis,Men's Street Footwear,25.0,675.0,16875.0,6750.0,In-store,2021,1,1,40.0
Amazon,1185732,2021-08-11,Northeast,Vermont,Burlington,Women's Athletic Footwear,40.0,85.0,340.0,143.0,Outlet,2021,8,3,42.05882352941177
Foot Locker,1185732,2021-04-06,Southeast,South Carolina,Charleston,Men's Street Footwear,35.0,975.0,34125.0,15356.0,Online,2021,4,2,44.9992673992674
Kohl's,1189833,2021-05-25,West,California,Los Angeles,Men's Street Footwear,50.0,900.0,45000.0,18000.0,Outlet,2021,5,2,40.0
West Gear,1128299,2021-10-24,West,Oregon,Portland,Women's Street Footwear,50.0,350.0,17500.0,6125.0,In-store,2021,10,4,35.0
Amazon,1185732,2021-06-12,Northeast,Vermont,Burlington,Women's Apparel,62.0,117.0,725.0,377.0,Online,2021,6,2,52.0
Sports Direct,1185732,2021-11-12,Midwest,South Dakota,Sioux Falls,Men's Apparel,60.0,150.0,9000.0,3150.0,Online,2021,11,4,35.0
Amazon,1185732,2021-06-19,Northeast,New Hampshire,Manchester,Women's Apparel,50.0,162.0,810.0,340.0,Outlet,2021,6,2,41.9753086419753
Sports Direct,1128299,2021-09-14,Southeast,Georgia,Atlanta,Men's Athletic Footwear,38.0,198.0,752.0,331.0,Outlet,2021,9,3,44.015957446808514
West Gear,1128299,2021-01-20,West,California,San Francisco,Women's Street Footwear,60.0,200.0,1200.0,564.0,Online,2021,1,1,47.0
Amazon,1185732,2021-05-20,West,Alaska,Anchorage,Women's Apparel,70.0,400.0,28000.0,8400.0,Outlet,2021,5,2,30.0
Foot Locker,1185732,2021-08-14,Northeast,Delaware,Wilmington,Men's Apparel,55.0,225.0,12375.0,3713.0,In-store,2021,8,3,30.004040404040406
West Gear,1197831,2021-08-20,South,Oklahoma,Oklahoma City,Women's Athletic Footwear,37.0,88.0,326.0,169.0,Online,2021,8,3,51.84049079754601
Kohl's,1128299,2021-07-25,West,New Mexico,Albuquerque,Men's Street Footwear,41.0,248.0,1017.0,397.0,Outlet,2021,7,3,39.03638151425762
Sports Direct,1185732,2021-01-19,Southeast,Virginia,Richmond,Men's Street Footwear,34.0,203.0,690.0,421.0,Online,2021,1,1,61.01449275362319
West Gear,1185732,2021-11-11,West,Utah,Salt Lake City,Women's Apparel,43.0,113.0,486.0,316.0,Online,2021,11,4,65.02057613168725
Foot Locker,1185732,2021-07-22,Midwest,Nebraska,Omaha,Women's Street Footwear,29.0,25.0,73.0,34.0,Online,2021,7,3,46.57534246575342
West Gear,1185732,2021-01-10,Midwest,Wisconsin,Milwaukee,Women's Street Footwear,24.0,87.0,209.0,94.0,Online,2021,1,1,44.97607655502392
Sports Direct,1185732,2021-01-07,Northeast,New Jersey,Newark,Men's Apparel,50.0,200.0,10000.0,3000.0,In-store,2021,1,1,30.0
Sports Direct,1185732,2021-11-17,South,Mississippi,Jackson,Women's Athletic Footwear,54.0,117.0,632.0,335.0,Online,2021,11,4,53.00632911392405
Foot Locker,1128299,2021-11-23,West,Arizona,Phoenix,Men's Apparel,53.0,87.0,461.0,189.0,Online,2021,11,4,40.99783080260303
West Gear,1185732,2021-06-10,Midwest,Indiana,Indianapolis,Men's Athletic Footwear,32.0,94.0,301.0,159.0,Online,2021,6,2,52.823920265780735
West Gear,1197831,2021-11-20,South,Arkansas,Little Rock,Women's Street Footwear,23.0,90.0,207.0,106.0,Online,2021,11,4,51.20772946859904
Sports Direct,1128299,2021-03-12,Southeast,Georgia,Atlanta,Women's Apparel,40.0,112.0,448.0,130.0,Outlet,2021,3,1,29.017857142857146
Foot Locker,1185732,2021-11-25,Northeast,Pennsylvania,Philadelphia,Men's Apparel,65.0,150.0,9750.0,3413.0,Outlet,2021,11,4,35.00512820512821
Walmart,1128299,2021-09-18,Southeast,Florida,Orlando,Women's Street Footwear,54.0,75.0,405.0,182.0,Online,2021,9,3,44.93827160493827
Foot Locker,1185732,2021-11-20,Northeast,Pennsylvania,Philadelphia,Women's Apparel,51.0,78.0,398.0,147.0,Outlet,2021,11,4,36.93467336683417
West Gear,1185732,2021-05-12,West,Utah,Salt Lake City,Men's Street Footwear,32.0,174.0,557.0,284.0,Online,2021,5,2,50.987432675044886
Foot Locker,1185732,2021-10-19,Northeast,New Hampshire,Manchester,Men's Athletic Footwear,44.0,99.0,436.0,192.0,Outlet,2021,10,4,44.03669724770643
Walmart,1128299,2021-10-17,Southeast,Florida,Orlando,Men's Street Footwear,39.0,140.0,546.0,202.0,Outlet,2021,10,4,36.996336996337
Sports Direct,1185732,2021-09-10,Midwest,North Dakota,Fargo,Men's Street Footwear,36.0,133.0,479.0,239.0,Online,2021,9,3,49.89561586638831
West Gear,1128299,2021-08-17,South,Louisiana,New Orleans,Women's Apparel,46.0,102.0,469.0,178.0,Outlet,2021,8,3,37.953091684434966
West Gear,1185732,2021-07-16,Northeast,West Virginia,Charleston,Men's Apparel,60.0,300.0,18000.0,7200.0,In-store,2021,7,3,40.0
Kohl's,1197831,2021-03-12,Midwest,Kansas,Wichita,Men's Street Footwear,20.0,545.0,10900.0,3815.0,Online,2021,3,1,35.0
Kohl's,1197831,2021-05-12,Midwest,Kansas,Wichita,Women's Apparel,42.0,94.0,395.0,178.0,Online,2021,5,2,45.063291139240505
Foot Locker,1128299,2021-10-24,Southeast,Virginia,Richmond,Women's Athletic Footwear,45.0,325.0,14625.0,5119.0,In-store,2021,10,4,35.001709401709405
West Gear,1185732,2021-09-12,West,Utah,Salt Lake City,Women's Street Footwear,7.0,105.0,74.0,31.0,Outlet,2021,9,3,41.891891891891895
West Gear,1128299,2021-11-17,South,Louisiana,New Orleans,Women's Street Footwear,30.0,158.0,474.0,218.0,Outlet,2021,11,4,45.9915611814346
Amazon,1185732,2021-11-13,Northeast,Maine,Portland,Women's Street Footwear,45.0,200.0,9000.0,3600.0,Outlet,2021,11,4,40.0
Foot Locker,1185732,2021-04-14,Northeast,Delaware,Wilmington,Women's Apparel,38.0,78.0,296.0,160.0,Online,2021,4,2,54.054054054054056
Amazon,1185732,2021-11-21,Northeast,Maine,Portland,Men's Apparel,53.0,60.0,318.0,121.0,Online,2021,11,4,38.05031446540881
West Gear,1128299,2021-04-24,West,Oregon,Portland,Men's Street Footwear,51.0,124.0,632.0,291.0,Online,2021,4,2,46.04430379746836
Sports Direct,1197831,2021-09-27,South,Alabama,Birmingham,Women's Athletic Footwear,26.0,98.0,255.0,171.0,Outlet,2021,9,3,67.05882352941175
Sports Direct,1197831,2021-08-24,South,Texas,Dallas,Men's Athletic Footwear,39.0,169.0,659.0,330.0,Online,2021,8,3,50.07587253414264
West Gear,1185732,2021-03-10,West,Utah,Salt Lake City,Women's Athletic Footwear,20.0,75.0,150.0,63.0,Outlet,2021,3,1,42.0
Foot Locker,1185732,2021-04-07,Northeast,Rhode Island,Providence,Men's Street Footwear,32.0,111.0,355.0,174.0,Online,2021,4,2,49.014084507042256
Sports Direct,1128299,2021-02-17,Southeast,Florida,Orlando,Women's Athletic Footwear,36.0,94.0,338.0,125.0,Outlet,2021,2,1,36.98224852071006
Foot Locker,1128299,2021-01-10,West,Alaska,Anchorage,Men's Apparel,50.0,175.0,8750.0,1313.0,Outlet,2021,1,1,15.005714285714285
West Gear,1185732,2021-10-10,Northeast,New York,Albany,Men's Apparel,60.0,500.0,30000.0,10500.0,In-store,2021,10,4,35.0
Sports Direct,1185732,2021-01-19,Southeast,Virginia,Richmond,Men's Athletic Footwear,35.0,550.0,19250.0,7700.0,In-store,2021,1,1,40.0
Foot Locker,1185732,2021-12-26,Northeast,Pennsylvania,Philadelphia,Women's Apparel,71.0,65.0,462.0,203.0,Online,2021,12,4,43.93939393939394
West Gear,1128299,2021-01-19,West,California,San Francisco,Men's Athletic Footwear,70.0,925.0,64750.0,12950.0,Outlet,2021,1,1,20.0
West Gear,1185732,2021-03-08,Northeast,New York,Albany,Women's Athletic Footwear,39.0,106.0,413.0,169.0,Online,2021,3,1,40.92009685230024
Amazon,1185732,2021-12-10,Northeast,Vermont,Burlington,Men's Athletic Footwear,41.0,132.0,541.0,276.0,Outlet,2021,12,4,51.01663585951941
Sports Direct,1185732,2021-05-15,Midwest,Michigan,Detroit,Women's Street Footwear,45.0,475.0,21375.0,6413.0,In-store,2021,5,2,30.002339181286548
Foot Locker,1185732,2021-10-15,Northeast,Delaware,Wilmington,Men's Athletic Footwear,51.0,90.0,459.0,211.0,Online,2021,10,4,45.969498910675384
Amazon,1185732,2021-10-25,Northeast,Maine,Portland,Men's Athletic Footwear,39.0,46.0,179.0,88.0,Online,2021,10,4,49.162011173184354
Foot Locker,1185732,2021-03-16,South,Mississippi,Jackson,Women's Apparel,17.0,136.0,231.0,125.0,Outlet,2021,3,1,54.112554112554115
Walmart,1197831,2021-07-19,South,Arkansas,Little Rock,Men's Apparel,60.0,425.0,25500.0,8925.0,Online,2021,7,3,35.0
Foot Locker,1185732,2021-09-05,Southeast,South Carolina,Charleston,Women's Athletic Footwear,39.0,210.0,819.0,328.0,Online,2021,9,3,40.04884004884005
Foot Locker,1185732,2021-07-11,Midwest,South Dakota,Sioux Falls,Women's Apparel,55.0,375.0,20625.0,8250.0,Online,2021,7,3,40.0
West Gear,1185732,2021-01-11,Midwest,Missouri,St. Louis,Women's Street Footwear,14.0,143.0,200.0,94.0,Online,2021,1,1,47.0
Walmart,1128299,2021-07-16,Southeast,Florida,Orlando,Women's Athletic Footwear,82.0,180.0,1476.0,635.0,Online,2021,7,3,43.02168021680217
Sports Direct,1197831,2021-09-21,South,Alabama,Birmingham,Women's Athletic Footwear,44.0,105.0,462.0,305.0,Outlet,2021,9,3,66.01731601731602
West Gear,1185732,2021-10-11,West,Utah,Salt Lake City,Men's Athletic Footwear,20.0,400.0,8000.0,2800.0,In-store,2021,10,4,35.0
West Gear,1197831,2021-06-21,South,Oklahoma,Oklahoma City,Men's Athletic Footwear,35.0,350.0,12250.0,4288.0,Online,2021,6,2,35.00408163265306
Kohl's,1185732,2021-05-10,West,Wyoming,Cheyenne,Women's Athletic Footwear,40.0,450.0,18000.0,6300.0,In-store,2021,5,2,35.0
Foot Locker,1185732,2021-04-06,Southeast,South Carolina,Charleston,Women's Apparel,39.0,209.0,815.0,514.0,Online,2021,4,2,63.06748466257669
Walmart,1197831,2021-07-19,South,Arkansas,Little Rock,Women's Athletic Footwear,41.0,116.0,476.0,257.0,Online,2021,7,3,53.99159663865546
Amazon,1185732,2021-08-18,Northeast,New Hampshire,Manchester,Men's Street Footwear,48.0,203.0,974.0,448.0,Outlet,2021,8,3,45.9958932238193
West Gear,1128299,2021-11-17,South,Louisiana,New Orleans,Women's Athletic Footwear,40.0,155.0,620.0,285.0,Outlet,2021,11,4,45.96774193548387
West Gear,1185732,2021-01-17,Midwest,Indiana,Indianapolis,Women's Apparel,34.0,75.0,255.0,128.0,Online,2021,1,1,50.19607843137255
Kohl's,1197831,2021-02-14,South,Oklahoma,Oklahoma City,Men's Athletic Footwear,25.0,250.0,6250.0,2188.0,Online,2021,2,1,35.008
Foot Locker,1185732,2021-05-13,Midwest,South Dakota,Sioux Falls,Men's Athletic Footwear,45.0,60.0,270.0,122.0,Online,2021,5,2,45.18518518518518
Sports Direct,1197831,2021-10-15,South,Texas,Dallas,Women's Apparel,51.0,236.0,1204.0,734.0,Outlet,2021,10,4,60.96345514950167
Sports Direct,1185732,2021-09-10,Midwest,North Dakota,Fargo,Men's Apparel,36.0,42.0,151.0,74.0,Online,2021,9,3,49.00662251655629
Foot Locker,1185732,2021-10-18,Midwest,Missouri,St. Louis,Men's Street Footwear,35.0,525.0,18375.0,7350.0,In-store,2021,10,4,40.0
West Gear,1185732,2021-03-02,Midwest,Wisconsin,Milwaukee,Men's Street Footwear,19.0,141.0,268.0,110.0,Online,2021,3,1,41.04477611940299
Kohl's,1128299,2021-03-25,West,New Mexico,Albuquerque,Women's Street Footwear,44.0,124.0,546.0,207.0,Outlet,2021,3,1,37.91208791208791
Foot Locker,1185732,2021-12-03,Northeast,Connecticut,Hartford,Women's Street Footwear,50.0,88.0,440.0,198.0,Online,2021,12,4,45.0
West Gear,1128299,2021-03-23,West,Oregon,Portland,Women's Athletic Footwear,49.0,65.0,319.0,153.0,Online,2021,3,1,47.96238244514107
Sports Direct,1128299,2021-01-17,West,Hawaii,Honolulu,Men's Street Footwear,40.0,425.0,17000.0,5100.0,Outlet,2021,1,1,30.0
Sports Direct,1197831,2021-04-05,South,Tennessee,Knoxville,Women's Street Footwear,19.0,180.0,342.0,185.0,Online,2021,4,2,54.09356725146199
Kohl's,1185732,2021-03-10,West,Wyoming,Cheyenne,Men's Street Footwear,40.0,820.0,32800.0,16400.0,In-store,2021,3,1,50.0
Foot Locker,1185732,2021-06-07,Southeast,South Carolina,Charleston,Men's Apparel,62.0,195.0,1209.0,544.0,Online,2021,6,2,44.995864350703066
Sports Direct,1128299,2021-01-13,West,New Mexico,Albuquerque,Men's Apparel,45.0,250.0,11250.0,3938.0,Online,2021,1,1,35.004444444444445
Amazon,1185732,2021-03-17,Northeast,New Hampshire,Manchester,Men's Apparel,58.0,60.0,348.0,157.0,Online,2021,3,1,45.11494252873563
West Gear,1185732,2021-09-04,Midwest,Wisconsin,Milwaukee,Women's Street Footwear,25.0,150.0,3750.0,1125.0,In-store,2021,9,3,30.0
Foot Locker,1185732,2021-07-03,Midwest,Illinois,Chicago,Women's Athletic Footwear,40.0,175.0,7000.0,2800.0,Outlet,2021,7,3,40.0
Amazon,1185732,2021-08-22,Southeast,Kentucky,Louisville,Women's Street Footwear,40.0,275.0,11000.0,4400.0,Online,2021,8,3,40.0
Sports Direct,1128299,2021-12-25,West,New Mexico,Albuquerque,Women's Apparel,75.0,525.0,39375.0,9844.0,Online,2021,12,4,25.000634920634923
Walmart,1185732,2021-10-18,South,Mississippi,Jackson,Women's Street Footwear,24.0,98.0,235.0,127.0,Online,2021,10,4,54.04255319148936
Sports Direct,1128299,2021-12-09,West,Hawaii,Honolulu,Women's Athletic Footwear,73.0,145.0,1059.0,370.0,Online,2021,12,4,34.938621340887636
West Gear,1197831,2021-10-21,South,Arkansas,Little Rock,Women's Apparel,20.0,132.0,264.0,119.0,Outlet,2021,10,4,45.07575757575758
Foot Locker,1185732,2021-01-10,Northeast,Connecticut,Hartford,Women's Athletic Footwear,24.0,24.0,58.0,26.0,Outlet,2021,1,1,44.827586206896555
Sports Direct,1197831,2021-08-27,South,Texas,Dallas,Men's Apparel,40.0,300.0,12000.0,3600.0,Outlet,2021,8,3,30.0
Sports Direct,1197831,2021-09-17,South,Alabama,Birmingham,Women's Apparel,59.0,182.0,1074.0,827.0,Online,2021,9,3,77.00186219739292
Sports Direct,1185732,2021-11-17,South,Mississippi,Jackson,Men's Street Footwear,22.0,206.0,453.0,199.0,Outlet,2021,11,4,43.92935982339956
Amazon,1185732,2021-02-22,West,Alaska,Anchorage,Men's Apparel,65.0,250.0,16250.0,4063.0,Outlet,2021,2,1,25.00307692307692
Sports Direct,1185732,2021-10-17,Midwest,Michigan,Detroit,Men's Street Footwear,50.0,750.0,37500.0,18750.0,In-store,2021,10,4,50.0
Sports Direct,1197831,2021-02-21,South,Mississippi,Jackson,Women's Street Footwear,11.0,136.0,150.0,63.0,Outlet,2021,2,1,42.0
Foot Locker,1128299,2021-10-23,West,Arizona,Phoenix,Women's Street Footwear,31.0,111.0,344.0,127.0,Outlet,2021,10,4,36.91860465116279
Kohl's,1185732,2021-02-12,Northeast,New York,Albany,Women's Street Footwear,29.0,143.0,415.0,203.0,Online,2021,2,1,48.91566265060241
Foot Locker,1185732,2021-07-05,Southeast,South Carolina,Charleston,Women's Apparel,70.0,975.0,68250.0,34125.0,Online,2021,7,3,50.0
Amazon,1185732,2021-10-12,Northeast,Vermont,Burlington,Men's Apparel,70.0,175.0,12250.0,4288.0,In-store,2021,10,4,35.00408163265306
Sports Direct,1197831,2021-10-04,West,Idaho,Boise,Men's Athletic Footwear,27.0,190.0,513.0,221.0,Outlet,2021,10,4,43.07992202729044
Foot Locker,1128299,2021-03-23,Southeast,Virginia,Richmond,Women's Athletic Footwear,50.0,250.0,12500.0,4375.0,In-store,2021,3,1,35.0
Foot Locker,1185732,2021-02-12,Midwest,Kansas,Wichita,Men's Athletic Footwear,39.0,47.0,183.0,81.0,Online,2021,2,1,44.26229508196721
Amazon,1185732,2021-06-19,Northeast,New Hampshire,Manchester,Women's Street Footwear,55.0,350.0,19250.0,5775.0,In-store,2021,6,2,30.0
Sports Direct,1185732,2021-09-02,Southeast,North Carolina,Charlotte,Men's Street Footwear,55.0,925.0,50875.0,20350.0,Online,2021,9,3,40.0
West Gear,1185732,2021-12-02,Midwest,Wisconsin,Milwaukee,Women's Apparel,59.0,88.0,519.0,270.0,Online,2021,12,4,52.02312138728323
Amazon,1185732,2021-03-10,Northeast,Vermont,Burlington,Women's Apparel,41.0,80.0,328.0,180.0,Online,2021,3,1,54.87804878048781
Sports Direct,1185732,2021-05-15,Midwest,Michigan,Detroit,Women's Apparel,55.0,150.0,825.0,578.0,Online,2021,5,2,70.06060606060606
Kohl's,1185732,2021-04-11,West,Wyoming,Cheyenne,Men's Street Footwear,40.0,800.0,32000.0,16000.0,In-store,2021,4,2,50.0
West Gear,1128299,2021-01-23,West,California,San Francisco,Women's Apparel,80.0,725.0,58000.0,8700.0,Outlet,2021,1,1,15.0
Foot Locker,1128299,2021-01-23,West,Idaho,Boise,Women's Apparel,27.0,140.0,378.0,102.0,Outlet,2021,1,1,26.984126984126984
West Gear,1128299,2021-05-18,South,Louisiana,New Orleans,Men's Apparel,40.0,225.0,9000.0,4050.0,In-store,2021,5,2,45.0
Foot Locker,1185732,2021-09-06,Northeast,Rhode Island,Providence,Women's Street Footwear,40.0,125.0,5000.0,2000.0,In-store,2021,9,3,40.0
Foot Locker,1185732,2021-11-06,Southeast,South Carolina,Charleston,Men's Street Footwear,50.0,278.0,1390.0,792.0,Online,2021,11,4,56.97841726618705
West Gear,1185732,2021-02-03,Midwest,Iowa,Des Moines,Men's Athletic Footwear,29.0,39.0,113.0,55.0,Online,2021,2,1,48.67256637168141
West Gear,1197831,2021-02-21,South,Arkansas,Little Rock,Men's Athletic Footwear,25.0,275.0,6875.0,2406.0,Online,2021,2,1,34.99636363636364
Foot Locker,1185732,2021-07-14,Midwest,Illinois,Chicago,Women's Street Footwear,38.0,75.0,285.0,140.0,Online,2021,7,3,49.122807017543856
Walmart,1197831,2021-10-21,South,Arkansas,Little Rock,Men's Apparel,27.0,83.0,224.0,105.0,Online,2021,10,4,46.875
Kohl's,1189833,2021-02-05,Midwest,Montana,Billings,Women's Athletic Footwear,40.0,450.0,18000.0,7200.0,Outlet,2021,2,1,40.0
West Gear,1185732,2021-10-10,Northeast,New York,Albany,Men's Street Footwear,60.0,800.0,48000.0,21600.0,In-store,2021,10,4,45.0
Amazon,1185732,2021-05-09,Midwest,Ohio,Columbus,Women's Street Footwear,40.0,475.0,19000.0,7600.0,Online,2021,5,2,40.0
Kohl's,1185732,2021-04-11,West,Wyoming,Cheyenne,Women's Apparel,40.0,550.0,22000.0,5500.0,In-store,2021,4,2,25.0
Foot Locker,1185732,2021-09-19,Midwest,Missouri,St. Louis,Women's Street Footwear,15.0,300.0,4500.0,1575.0,In-store,2021,9,3,35.0
West Gear,1128299,2021-01-19,West,California,San Francisco,Men's Athletic Footwear,47.0,278.0,1307.0,287.0,Outlet,2021,1,1,21.958684009181333
Kohl's,1185732,2021-09-10,West,Wyoming,Cheyenne,Women's Street Footwear,40.0,525.0,21000.0,7350.0,In-store,2021,9,3,35.0
Sports Direct,1197831,2021-09-21,South,Texas,Dallas,Women's Apparel,47.0,272.0,1278.0,729.0,Outlet,2021,9,3,57.04225352112676
Sports Direct,1128299,2021-12-23,Southeast,Virginia,Richmond,Women's Athletic Footwear,51.0,176.0,898.0,350.0,Outlet,2021,12,4,38.97550111358575
West Gear,1197831,2021-01-23,South,Arkansas,Little Rock,Men's Street Footwear,17.0,178.0,303.0,142.0,Outlet,2021,1,1,46.864686468646866
Sports Direct,1128299,2021-10-13,Southeast,Georgia,Atlanta,Women's Athletic Footwear,45.0,325.0,14625.0,5850.0,Online,2021,10,4,40.0
Amazon,1185732,2021-09-20,West,Alaska,Anchorage,Women's Street Footwear,55.0,225.0,12375.0,3094.0,Outlet,2021,9,3,25.002020202020205
Foot Locker,1185732,2021-06-18,Midwest,Missouri,St. Louis,Women's Athletic Footwear,25.0,350.0,8750.0,3500.0,In-store,2021,6,2,40.0
Walmart,1128299,2021-08-17,Southeast,Florida,Orlando,Women's Apparel,81.0,87.0,705.0,409.0,Online,2021,8,3,58.01418439716311
Foot Locker,1128299,2021-01-24,West,Wyoming,Cheyenne,Women's Street Footwear,40.0,350.0,14000.0,4900.0,In-store,2021,1,1,35.0
Sports Direct,1185732,2021-01-17,Northeast,Rhode Island,Providence,Women's Street Footwear,27.0,73.0,197.0,71.0,Online,2021,1,1,36.04060913705584
Sports Direct,1197831,2021-09-26,South,Texas,Dallas,Men's Apparel,43.0,158.0,679.0,279.0,Outlet,2021,9,3,41.08983799705449
West Gear,1185732,2021-08-09,Northeast,New York,Albany,Women's Athletic Footwear,45.0,575.0,25875.0,7763.0,In-store,2021,8,3,30.00193236714976
Foot Locker,1128299,2021-10-23,West,Arizona,Phoenix,Men's Street Footwear,41.0,135.0,554.0,266.0,Online,2021,10,4,48.014440433213
West Gear,1128299,2021-03-16,South,Louisiana,New Orleans,Men's Street Footwear,44.0,147.0,647.0,330.0,Online,2021,3,1,51.00463678516228
West Gear,1185732,2021-05-18,Northeast,West Virginia,Charleston,Women's Athletic Footwear,35.0,200.0,7000.0,2800.0,In-store,2021,5,2,40.0
Amazon,1185732,2021-08-21,West,Alaska,Anchorage,Men's Street Footwear,65.0,650.0,42250.0,14788.0,Outlet,2021,8,3,35.00118343195267
West Gear,1185732,2021-03-16,Northeast,West Virginia,Charleston,Women's Apparel,29.0,81.0,235.0,127.0,Online,2021,3,1,54.04255319148936
Foot Locker,1185732,2021-01-24,Northeast,New Hampshire,Manchester,Men's Street Footwear,55.0,500.0,27500.0,9625.0,Outlet,2021,1,1,35.0
West Gear,1128299,2021-01-10,Northeast,Maine,Portland,Women's Athletic Footwear,45.0,225.0,10125.0,2531.0,Outlet,2021,1,1,24.997530864197532
Foot Locker,1197831,2021-08-08,West,Idaho,Boise,Men's Athletic Footwear,37.0,255.0,944.0,406.0,Outlet,2021,8,3,43.00847457627119
Foot Locker,1185732,2021-06-18,Midwest,Illinois,Chicago,Men's Street Footwear,50.0,450.0,22500.0,9000.0,Outlet,2021,6,2,40.0
Foot Locker,1185732,2021-05-27,Midwest,Nebraska,Omaha,Men's Street Footwear,35.0,475.0,16625.0,6650.0,Outlet,2021,5,2,40.0
Foot Locker,1185732,2021-06-07,Midwest,Nebraska,Omaha,Women's Apparel,40.0,150.0,6000.0,3000.0,Outlet,2021,6,2,50.0
Foot Locker,1128299,2021-05-11,West,Hawaii,Honolulu,Women's Athletic Footwear,55.0,275.0,15125.0,3781.0,Outlet,2021,5,2,24.998347107438015
West Gear,1128299,2021-02-17,South,Louisiana,New Orleans,Women's Apparel,32.0,131.0,419.0,155.0,Outlet,2021,2,1,36.9928400954654
Sports Direct,1185732,2021-06-09,Midwest,North Dakota,Fargo,Women's Apparel,55.0,325.0,17875.0,7150.0,In-store,2021,6,2,40.0
Amazon,1185732,2021-04-11,Northeast,Vermont,Burlington,Women's Street Footwear,32.0,65.0,208.0,104.0,Online,2021,4,2,50.0
Foot Locker,1128299,2021-03-23,Southeast,Virginia,Richmond,Men's Apparel,51.0,30.0,153.0,80.0,Online,2021,3,1,52.28758169934641
West Gear,1197831,2021-03-19,South,Oklahoma,Oklahoma City,Men's Street Footwear,20.0,570.0,11400.0,4560.0,Online,2021,3,1,40.0
Walmart,1128299,2021-06-17,Southeast,Florida,Orlando,Men's Street Footwear,50.0,272.0,1360.0,435.0,Outlet,2021,6,2,31.985294117647058
Sports Direct,1128299,2021-06-13,Southeast,Georgia,Atlanta,Women's Athletic Footwear,50.0,400.0,20000.0,8000.0,Online,2021,6,2,40.0
West Gear,1128299,2021-02-07,West,California,San Francisco,Women's Street Footwear,55.0,725.0,39875.0,11963.0,Outlet,2021,2,1,30.001253918495298
West Gear,1185732,2021-06-03,Midwest,Wisconsin,Milwaukee,Women's Street Footwear,25.0,200.0,5000.0,1500.0,In-store,2021,6,2,30.0
Sports Direct,1185732,2021-08-21,Northeast,Maryland,Baltimore,Men's Athletic Footwear,45.0,275.0,12375.0,4331.0,In-store,2021,8,3,34.9979797979798
Sports Direct,1185732,2021-07-03,Northeast,Connecticut,Hartford,Women's Athletic Footwear,42.0,80.0,336.0,148.0,Online,2021,7,3,44.047619047619044
Kohl's,1189833,2021-03-10,West,California,San Francisco,Women's Athletic Footwear,41.0,160.0,656.0,321.0,Online,2021,3,1,48.93292682926829
West Gear,1185732,2021-05-08,Northeast,New York,Albany,Men's Athletic Footwear,55.0,575.0,31625.0,11069.0,In-store,2021,5,2,35.00079051383399
Foot Locker,1128299,2021-12-22,West,Arizona,Phoenix,Men's Street Footwear,35.0,194.0,679.0,272.0,Outlet,2021,12,4,40.058910162002945
Kohl's,1189833,2021-03-04,Midwest,Montana,Billings,Men's Street Footwear,45.0,675.0,30375.0,13669.0,Outlet,2021,3,1,45.00082304526749
Foot Locker,1185732,2021-07-13,Midwest,Nebraska,Omaha,Women's Apparel,35.0,150.0,5250.0,2625.0,Outlet,2021,7,3,50.0
Sports Direct,1197831,2021-08-23,South,Alabama,Birmingham,Men's Apparel,25.0,275.0,6875.0,2750.0,Outlet,2021,8,3,40.0
Foot Locker,1185732,2021-06-07,Southeast,South Carolina,Charleston,Women's Street Footwear,50.0,775.0,38750.0,9688.0,Online,2021,6,2,25.001290322580644
Foot Locker,1185732,2021-11-21,Northeast,Maryland,Baltimore,Men's Apparel,56.0,31.0,174.0,76.0,Online,2021,11,4,43.67816091954023
Kohl's,1185732,2021-02-08,Northeast,Delaware,Wilmington,Women's Street Footwear,24.0,63.0,151.0,77.0,Online,2021,2,1,50.993377483443716
Foot Locker,1128299,2021-03-22,West,Arizona,Phoenix,Women's Street Footwear,50.0,350.0,17500.0,6125.0,Online,2021,3,1,35.0
Walmart,1197831,2021-05-19,South,Arkansas,Little Rock,Men's Apparel,32.0,111.0,355.0,139.0,Outlet,2021,5,2,39.154929577464785
Kohl's,1189833,2021-05-06,West,California,Los Angeles,Women's Apparel,46.0,208.0,957.0,220.0,Outlet,2021,5,2,22.988505747126435
Sports Direct,1185732,2021-04-09,Midwest,North Dakota,Fargo,Men's Street Footwear,28.0,113.0,316.0,155.0,Online,2021,4,2,49.050632911392405
Kohl's,1128299,2021-05-27,West,New Mexico,Albuquerque,Men's Street Footwear,43.0,184.0,791.0,324.0,Outlet,2021,5,2,40.960809102402024
Foot Locker,1185732,2021-05-05,Southeast,South Carolina,Charleston,Men's Athletic Footwear,50.0,750.0,37500.0,13125.0,Online,2021,5,2,35.0
Amazon,1185732,2021-01-13,Southeast,North Carolina,Charlotte,Men's Street Footwear,32.0,194.0,621.0,323.0,Online,2021,1,1,52.012882447665056
Sports Direct,1185732,2021-12-11,Midwest,South Dakota,Sioux Falls,Men's Street Footwear,58.0,140.0,812.0,374.0,Online,2021,12,4,46.05911330049261
Foot Locker,1185732,2021-10-19,Northeast,New Hampshire,Manchester,Men's Apparel,71.0,46.0,327.0,140.0,Online,2021,10,4,42.813455657492355
Foot Locker,1185732,2021-12-17,Northeast,New Hampshire,Manchester,Women's Street Footwear,62.0,108.0,670.0,281.0,Online,2021,12,4,41.940298507462686
Kohl's,1185732,2021-03-06,Northeast,New Jersey,Newark,Men's Athletic Footwear,35.0,200.0,7000.0,2450.0,In-store,2021,3,1,35.0
Amazon,1185732,2021-06-22,Southeast,Kentucky,Louisville,Men's Athletic Footwear,33.0,77.0,254.0,125.0,Online,2021,6,2,49.21259842519685
Amazon,1185732,2021-10-22,West,Alaska,Anchorage,Men's Athletic Footwear,60.0,77.0,462.0,222.0,Online,2021,10,4,48.05194805194805
Foot Locker,1185732,2021-01-24,Northeast,New Hampshire,Manchester,Women's Athletic Footwear,33.0,51.0,168.0,47.0,Outlet,2021,1,1,27.976190476190478
Foot Locker,1197831,2021-12-04,West,Idaho,Boise,Women's Apparel,65.0,725.0,47125.0,25919.0,Online,2021,12,4,55.00053050397879
West Gear,1128299,2021-04-24,West,Oregon,Portland,Men's Street Footwear,44.0,166.0,730.0,285.0,Outlet,2021,4,2,39.04109589041096
Foot Locker,1128299,2021-07-09,West,Hawaii,Honolulu,Women's Apparel,100.0,550.0,55000.0,22000.0,Outlet,2021,7,3,40.0
Foot Locker,1185732,2021-07-21,Midwest,Nebraska,Omaha,Men's Athletic Footwear,29.0,41.0,119.0,55.0,Online,2021,7,3,46.21848739495798
Sports Direct,1197831,2021-11-05,West,Idaho,Boise,Women's Apparel,63.0,163.0,1027.0,688.0,Online,2021,11,4,66.99123661148978
Amazon,1185732,2021-02-22,Midwest,Ohio,Columbus,Women's Street Footwear,30.0,250.0,7500.0,3000.0,Online,2021,2,1,40.0
Foot Locker,1185732,2021-05-07,Midwest,Iowa,Des Moines,Women's Apparel,46.0,69.0,317.0,165.0,Online,2021,5,2,52.05047318611987
Walmart,1197831,2021-03-19,South,Arkansas,Little Rock,Men's Apparel,24.0,88.0,211.0,84.0,Outlet,2021,3,1,39.81042654028436
Foot Locker,1185732,2021-03-16,South,Mississippi,Jackson,Women's Street Footwear,11.0,136.0,150.0,70.0,Outlet,2021,3,1,46.666666666666664
Sports Direct,1128299,2021-05-14,Southeast,Georgia,Atlanta,Women's Apparel,64.0,120.0,768.0,307.0,Online,2021,5,2,39.97395833333333
Kohl's,1189833,2021-05-14,West,California,Los Angeles,Men's Athletic Footwear,55.0,800.0,44000.0,11000.0,Outlet,2021,5,2,25.0
Walmart,1128299,2021-11-17,Southeast,Florida,Orlando,Men's Street Footwear,55.0,625.0,34375.0,10313.0,In-store,2021,11,4,30.001454545454546
Walmart,1185732,2021-08-17,South,Mississippi,Jackson,Men's Apparel,35.0,158.0,553.0,232.0,Outlet,2021,8,3,41.952983725135624
Walmart,1128299,2021-05-18,Southeast,Florida,Orlando,Women's Street Footwear,65.0,425.0,27625.0,8288.0,Outlet,2021,5,2,30.00180995475113
Sports Direct,1185732,2021-09-20,Northeast,Maryland,Baltimore,Women's Street Footwear,40.0,125.0,5000.0,1750.0,In-store,2021,9,3,35.0
Walmart,1128299,2021-09-18,Southeast,Florida,Orlando,Women's Athletic Footwear,44.0,78.0,343.0,127.0,Outlet,2021,9,3,37.02623906705539
Foot Locker,1185732,2021-06-08,Northeast,Rhode Island,Providence,Women's Athletic Footwear,26.0,70.0,182.0,84.0,Outlet,2021,6,2,46.15384615384615
Foot Locker,1185732,2021-01-12,Midwest,Kansas,Wichita,Men's Athletic Footwear,40.0,275.0,11000.0,3300.0,Online,2021,1,1,30.0
Walmart,1128299,2021-10-17,Southeast,Florida,Orlando,Men's Apparel,47.0,116.0,545.0,120.0,Outlet,2021,10,4,22.018348623853214
Foot Locker,1185732,2021-12-16,Northeast,West Virginia,Charleston,Women's Athletic Footwear,53.0,102.0,541.0,276.0,Online,2021,12,4,51.01663585951941
West Gear,1185732,2021-07-10,West,Utah,Salt Lake City,Men's Apparel,35.0,425.0,14875.0,5206.0,In-store,2021,7,3,34.99831932773109
Foot Locker,1185732,2021-12-05,Southeast,South Carolina,Charleston,Men's Street Footwear,70.0,1075.0,75250.0,33863.0,Online,2021,12,4,45.00066445182724
Amazon,1185732,2021-12-13,Northeast,Massachusetts,Boston,Women's Apparel,65.0,112.0,728.0,320.0,Online,2021,12,4,43.956043956043956
Foot Locker,1185732,2021-12-08,Northeast,Pennsylvania,Philadelphia,Women's Apparel,64.0,95.0,608.0,261.0,Online,2021,12,4,42.92763157894737
Kohl's,1185732,2021-05-10,West,Wyoming,Cheyenne,Men's Apparel,50.0,475.0,23750.0,7125.0,In-store,2021,5,2,30.0
Foot Locker,1185732,2021-07-26,Midwest,Nebraska,Omaha,Men's Street Footwear,50.0,450.0,22500.0,9000.0,Outlet,2021,7,3,40.0
Walmart,1197831,2021-05-19,South,Arkansas,Little Rock,Men's Athletic Footwear,28.0,116.0,325.0,136.0,Outlet,2021,5,2,41.84615384615385
West Gear,1185732,2021-04-17,Northeast,West Virginia,Charleston,Women's Apparel,47.0,94.0,442.0,225.0,Online,2021,4,2,50.90497737556561
Sports Direct,1185732,2021-08-16,Midwest,Michigan,Detroit,Men's Street Footwear,60.0,875.0,52500.0,26250.0,In-store,2021,8,3,50.0
Kohl's,1185732,2021-08-07,Northeast,New Jersey,Newark,Women's Street Footwear,40.0,300.0,12000.0,4800.0,In-store,2021,8,3,40.0
Kohl's,1197831,2021-10-14,Midwest,Kansas,Wichita,Men's Street Footwear,30.0,500.0,15000.0,5250.0,Online,2021,10,4,35.0
Kohl's,1189833,2021-02-09,Midwest,Montana,Billings,Men's Athletic Footwear,54.0,188.0,1015.0,437.0,Online,2021,2,1,43.05418719211823
Sports Direct,1197831,2021-05-16,South,Tennessee,Knoxville,Men's Athletic Footwear,51.0,240.0,1224.0,673.0,Online,2021,5,2,54.98366013071896
Amazon,1185732,2021-07-10,Northeast,Vermont,Burlington,Women's Street Footwear,33.0,109.0,360.0,133.0,Outlet,2021,7,3,36.94444444444444
Foot Locker,1128299,2021-03-09,West,Hawaii,Honolulu,Men's Street Footwear,45.0,500.0,22500.0,5625.0,Outlet,2021,3,1,25.0
Amazon,1185732,2021-01-13,Southeast,North Carolina,Charlotte,Men's Apparel,45.0,475.0,21375.0,7481.0,Online,2021,1,1,34.99883040935672
Foot Locker,1185732,2021-01-24,Northeast,West Virginia,Charleston,Women's Athletic Footwear,30.0,75.0,2250.0,788.0,In-store,2021,1,1,35.02222222222222
Sports Direct,1128299,2021-08-13,Southeast,Georgia,Atlanta,Men's Apparel,60.0,126.0,756.0,363.0,Online,2021,8,3,48.01587301587302
West Gear,1128299,2021-08-17,South,Louisiana,New Orleans,Women's Apparel,70.0,300.0,21000.0,7350.0,Online,2021,8,3,35.0
Walmart,1128299,2021-11-17,Southeast,Florida,Orlando,Men's Street Footwear,41.0,188.0,771.0,262.0,Outlet,2021,11,4,33.98184176394293
Sports Direct,1185732,2021-08-04,Northeast,Connecticut,Hartford,Men's Athletic Footwear,48.0,108.0,518.0,285.0,Online,2021,8,3,55.01930501930502
Amazon,1185732,2021-04-11,Northeast,Vermont,Burlington,Women's Athletic Footwear,36.0,44.0,158.0,79.0,Online,2021,4,2,50.0
Foot Locker,1128299,2021-08-10,West,Hawaii,Honolulu,Women's Street Footwear,70.0,600.0,42000.0,10500.0,Outlet,2021,8,3,25.0
Amazon,1185732,2021-03-09,Midwest,Ohio,Columbus,Men's Street Footwear,27.0,231.0,624.0,324.0,Online,2021,3,1,51.92307692307693
West Gear,1128299,2021-09-18,South,Louisiana,New Orleans,Men's Street Footwear,43.0,145.0,624.0,343.0,Online,2021,9,3,54.96794871794872
Sports Direct,1185732,2021-12-06,Northeast,Rhode Island,Providence,Women's Street Footwear,40.0,88.0,352.0,165.0,Outlet,2021,12,4,46.875
Sports Direct,1197831,2021-08-08,West,Idaho,Boise,Men's Apparel,55.0,475.0,26125.0,9144.0,Online,2021,8,3,35.000956937799046
Sports Direct,1197831,2021-10-11,South,Texas,Dallas,Men's Athletic Footwear,27.0,218.0,589.0,265.0,Outlet,2021,10,4,44.99151103565365
West Gear,1185732,2021-08-09,Northeast,New York,Albany,Women's Apparel,60.0,725.0,43500.0,21750.0,In-store,2021,8,3,50.0
Sports Direct,1185732,2021-08-14,Northeast,Massachusetts,Boston,Men's Athletic Footwear,47.0,88.0,414.0,170.0,Online,2021,8,3,41.06280193236715
West Gear,1185732,2021-01-11,Midwest,Missouri,St. Louis,Women's Apparel,24.0,138.0,331.0,212.0,Online,2021,1,1,64.04833836858006
West Gear,1197831,2021-10-21,South,Oklahoma,Oklahoma City,Men's Street Footwear,29.0,137.0,397.0,215.0,Online,2021,10,4,54.15617128463476
West Gear,1128299,2021-09-25,West,Oregon,Portland,Women's Athletic Footwear,50.0,200.0,10000.0,3500.0,In-store,2021,9,3,35.0
Sports Direct,1185732,2021-12-06,Northeast,New Jersey,Newark,Men's Athletic Footwear,50.0,350.0,17500.0,6125.0,In-store,2021,12,4,35.0
West Gear,1185732,2021-03-10,West,Utah,Salt Lake City,Women's Street Footwear,18.0,112.0,202.0,101.0,Online,2021,3,1,50.0
Foot Locker,1128299,2021-07-23,Southeast,Virginia,Richmond,Women's Street Footwear,90.0,650.0,58500.0,20475.0,In-store,2021,7,3,35.0
Sports Direct,1197831,2021-03-30,South,Tennessee,Knoxville,Women's Street Footwear,15.0,170.0,255.0,112.0,Outlet,2021,3,1,43.92156862745098
Amazon,1185732,2021-08-18,Northeast,New Hampshire,Manchester,Women's Street Footwear,52.0,105.0,546.0,246.0,Online,2021,8,3,45.05494505494506
Sports Direct,1185732,2021-02-15,Northeast,Massachusetts,Boston,Men's Apparel,48.0,41.0,197.0,75.0,Online,2021,2,1,38.07106598984771
Kohl's,1128299,2021-08-26,West,New Mexico,Albuquerque,Women's Street Footwear,60.0,525.0,31500.0,11025.0,Online,2021,8,3,35.0
Kohl's,1185732,2021-01-10,Northeast,Delaware,Wilmington,Men's Street Footwear,32.0,138.0,442.0,221.0,Online,2021,1,1,50.0
Foot Locker,1128299,2021-03-09,West,Hawaii,Honolulu,Women's Street Footwear,57.0,101.0,576.0,225.0,Online,2021,3,1,39.0625
Walmart,1128299,2021-10-10,West,Hawaii,Honolulu,Women's Street Footwear,56.0,87.0,487.0,171.0,Online,2021,10,4,35.1129363449692
West Gear,1185732,2021-04-11,West,Utah,Salt Lake City,Women's Street Footwear,15.0,325.0,4875.0,1706.0,In-store,2021,4,2,34.9948717948718
Sports Direct,1185732,2021-05-10,Midwest,North Dakota,Fargo,Men's Apparel,50.0,125.0,6250.0,2188.0,In-store,2021,5,2,35.008
West Gear,1128299,2021-02-12,West,California,San Francisco,Men's Athletic Footwear,60.0,975.0,58500.0,8775.0,Outlet,2021,2,1,15.0
West Gear,1128299,2021-02-04,West,California,San Francisco,Women's Apparel,70.0,700.0,49000.0,4900.0,Outlet,2021,2,1,10.0
West Gear,1185732,2021-09-11,Midwest,Indiana,Indianapolis,Women's Street Footwear,25.0,175.0,4375.0,1531.0,In-store,2021,9,3,34.994285714285716
Sports Direct,1185732,2021-03-13,Northeast,Massachusetts,Boston,Women's Athletic Footwear,34.0,87.0,296.0,106.0,Online,2021,3,1,35.810810810810814
West Gear,1185732,2021-10-03,Midwest,Wisconsin,Milwaukee,Men's Apparel,44.0,33.0,145.0,91.0,Online,2021,10,4,62.758620689655174
Amazon,1185732,2021-12-13,Northeast,Massachusetts,Boston,Women's Street Footwear,55.0,350.0,19250.0,4813.0,In-store,2021,12,4,25.002597402597402
West Gear,1128299,2021-04-24,West,Oregon,Portland,Men's Street Footwear,55.0,475.0,26125.0,9144.0,In-store,2021,4,2,35.000956937799046
Sports Direct,1185732,2021-10-15,Northeast,Massachusetts,Boston,Men's Apparel,65.0,100.0,6500.0,1625.0,In-store,2021,10,4,25.0
Amazon,1185732,2021-08-10,Midwest,Ohio,Columbus,Men's Athletic Footwear,58.0,195.0,1131.0,520.0,Online,2021,8,3,45.97701149425287
Amazon,1185732,2021-08-11,Northeast,Vermont,Burlington,Women's Street Footwear,50.0,350.0,17500.0,6125.0,In-store,2021,8,3,35.0
Foot Locker,1197831,2021-02-04,West,Idaho,Boise,Women's Athletic Footwear,32.0,109.0,349.0,188.0,Online,2021,2,1,53.86819484240688
Sports Direct,1197831,2021-09-23,South,Alabama,Birmingham,Women's Apparel,26.0,190.0,494.0,356.0,Outlet,2021,9,3,72.06477732793523
West Gear,1128299,2021-03-16,South,Louisiana,New Orleans,Women's Apparel,41.0,95.0,390.0,175.0,Online,2021,3,1,44.871794871794876
Foot Locker,1185732,2021-04-12,Midwest,South Dakota,Sioux Falls,Women's Apparel,50.0,225.0,11250.0,4500.0,Online,2021,4,2,40.0
Foot Locker,1185732,2021-07-18,Midwest,Illinois,Chicago,Men's Street Footwear,50.0,500.0,25000.0,10000.0,Outlet,2021,7,3,40.0
Amazon,1185732,2021-10-22,West,Alaska,Anchorage,Men's Street Footwear,70.0,450.0,31500.0,11025.0,Outlet,2021,10,4,35.0
Kohl's,1185732,2021-03-10,West,Wyoming,Cheyenne,Men's Athletic Footwear,40.0,525.0,21000.0,6300.0,In-store,2021,3,1,30.0
Sports Direct,1185732,2021-11-16,Midwest,Michigan,Detroit,Women's Athletic Footwear,41.0,138.0,566.0,277.0,Online,2021,11,4,48.93992932862191
Amazon,1185732,2021-10-26,Northeast,Maine,Portland,Women's Street Footwear,30.0,200.0,6000.0,2400.0,Outlet,2021,10,4,40.0
Kohl's,1189833,2021-02-07,Midwest,Montana,Billings,Women's Apparel,60.0,475.0,28500.0,7125.0,Outlet,2021,2,1,25.0
Sports Direct,1197831,2021-08-27,South,Alabama,Birmingham,Women's Street Footwear,11.0,190.0,209.0,109.0,Outlet,2021,8,3,52.15311004784689
Amazon,1185732,2021-12-09,Midwest,Ohio,Columbus,Men's Athletic Footwear,60.0,181.0,1086.0,510.0,Online,2021,12,4,46.96132596685083
Sports Direct,1185732,2021-05-03,Northeast,Connecticut,Hartford,Men's Street Footwear,54.0,142.0,767.0,391.0,Online,2021,5,2,50.97783572359843
Kohl's,1189833,2021-01-15,Midwest,Montana,Billings,Men's Street Footwear,44.0,161.0,708.0,418.0,Online,2021,1,1,59.03954802259888
Kohl's,1185732,2021-01-14,Northeast,New York,Albany,Men's Athletic Footwear,40.0,600.0,24000.0,7200.0,In-store,2021,1,1,30.0
Sports Direct,1185732,2021-10-09,Midwest,North Dakota,Fargo,Men's Athletic Footwear,40.0,250.0,10000.0,3000.0,In-store,2021,10,4,30.0
Foot Locker,1128299,2021-08-24,Southeast,Virginia,Richmond,Women's Street Footwear,70.0,650.0,45500.0,15925.0,In-store,2021,8,3,35.0
Kohl's,1197831,2021-01-16,South,Oklahoma,Oklahoma City,Women's Athletic Footwear,19.0,56.0,106.0,52.0,Online,2021,1,1,49.056603773584904
Sports Direct,1185732,2021-10-08,Northeast,Rhode Island,Providence,Women's Apparel,64.0,58.0,371.0,189.0,Online,2021,10,4,50.943396226415096
West Gear,1197831,2021-06-21,South,Oklahoma,Oklahoma City,Men's Athletic Footwear,25.0,123.0,308.0,120.0,Outlet,2021,6,2,38.961038961038966
Sports Direct,1128299,2021-02-13,Southeast,Georgia,Atlanta,Women's Athletic Footwear,40.0,250.0,10000.0,4000.0,Online,2021,2,1,40.0
Walmart,1197831,2021-08-20,South,Arkansas,Little Rock,Women's Street Footwear,47.0,126.0,592.0,308.0,Online,2021,8,3,52.02702702702703
Amazon,1185732,2021-02-22,West,Alaska,Anchorage,Men's Street Footwear,51.0,173.0,882.0,415.0,Online,2021,2,1,47.05215419501133
Sports Direct,1128299,2021-12-12,Southeast,Georgia,Atlanta,Men's Athletic Footwear,58.0,189.0,1096.0,581.0,Online,2021,12,4,53.01094890510949
Sports Direct,1185732,2021-01-17,Northeast,Rhode Island,Providence,Men's Athletic Footwear,38.0,68.0,258.0,114.0,Online,2021,1,1,44.18604651162791
Amazon,1185732,2021-12-30,Northeast,Maine,Portland,Women's Athletic Footwear,42.0,36.0,151.0,68.0,Online,2021,12,4,45.033112582781456
Kohl's,1185732,2021-11-11,West,Wyoming,Cheyenne,Men's Street Footwear,55.0,750.0,41250.0,20625.0,In-store,2021,11,4,50.0
Foot Locker,1185732,2021-10-15,Northeast,Delaware,Wilmington,Women's Street Footwear,50.0,52.0,260.0,143.0,Online,2021,10,4,55.00000000000001
Sports Direct,1128299,2021-05-14,Southeast,Georgia,Atlanta,Men's Street Footwear,37.0,187.0,692.0,318.0,Outlet,2021,5,2,45.95375722543353
Amazon,1185732,2021-05-17,Northeast,New Hampshire,Manchester,Women's Street Footwear,55.0,325.0,17875.0,5363.0,In-store,2021,5,2,30.002797202797204
Sports Direct,1185732,2021-07-20,Northeast,Maryland,Baltimore,Women's Athletic Footwear,36.0,45.0,162.0,76.0,Online,2021,7,3,46.913580246913575
Kohl's,1197831,2021-03-12,Midwest,Kansas,Wichita,Women's Apparel,23.0,65.0,150.0,75.0,Online,2021,3,1,50.0
Sports Direct,1185732,2021-03-13,Northeast,Massachusetts,Boston,Men's Apparel,36.0,31.0,112.0,33.0,Outlet,2021,3,1,29.464285714285715
Foot Locker,1128299,2021-11-24,Southeast,Virginia,Richmond,Men's Apparel,56.0,136.0,762.0,335.0,Outlet,2021,11,4,43.963254593175854
Foot Locker,1185732,2021-01-17,Northeast,Maryland,Baltimore,Women's Athletic Footwear,32.0,47.0,150.0,83.0,Online,2021,1,1,55.333333333333336
Foot Locker,1185732,2021-12-03,Northeast,Connecticut,Hartford,Men's Apparel,42.0,99.0,416.0,146.0,Outlet,2021,12,4,35.09615384615385
Foot Locker,1197831,2021-12-04,West,Idaho,Boise,Women's Apparel,47.0,232.0,1090.0,665.0,Outlet,2021,12,4,61.00917431192661
Foot Locker,1185732,2021-03-16,South,Mississippi,Jackson,Men's Street Footwear,20.0,223.0,446.0,205.0,Outlet,2021,3,1,45.964125560538115
Kohl's,1197831,2021-07-12,Midwest,Kansas,Wichita,Women's Apparel,60.0,140.0,840.0,412.0,Online,2021,7,3,49.047619047619044
Foot Locker,1185732,2021-07-06,Northeast,Rhode Island,Providence,Men's Street Footwear,50.0,575.0,28750.0,10063.0,In-store,2021,7,3,35.001739130434785
Foot Locker,1185732,2021-10-15,Northeast,Delaware,Wilmington,Men's Street Footwear,56.0,128.0,717.0,323.0,Online,2021,10,4,45.04881450488145
Sports Direct,1185732,2021-02-05,Northeast,New Jersey,Newark,Men's Athletic Footwear,40.0,200.0,8000.0,3200.0,In-store,2021,2,1,40.0
Sports Direct,1197831,2021-09-29,South,Texas,Dallas,Men's Athletic Footwear,55.0,675.0,37125.0,14850.0,Outlet,2021,9,3,40.0
Foot Locker,1185732,2021-02-18,Midwest,Michigan,Detroit,Women's Street Footwear,20.0,375.0,7500.0,2625.0,In-store,2021,2,1,35.0
Sports Direct,1185732,2021-09-03,Northeast,Connecticut,Hartford,Women's Apparel,54.0,83.0,448.0,220.0,Online,2021,9,3,49.107142857142854
Kohl's,1189833,2021-05-23,West,California,Los Angeles,Men's Apparel,46.0,204.0,938.0,535.0,Outlet,2021,5,2,57.0362473347548
Amazon,1185732,2021-12-02,Southeast,North Carolina,Charlotte,Women's Street Footwear,55.0,218.0,1199.0,611.0,Online,2021,12,4,50.95913261050876
Walmart,1197831,2021-07-19,South,Arkansas,Little Rock,Men's Street Footwear,39.0,271.0,1057.0,444.0,Outlet,2021,7,3,42.005676442762535
Foot Locker,1185732,2021-11-16,Northeast,Pennsylvania,Philadelphia,Men's Athletic Footwear,40.0,54.0,216.0,71.0,Outlet,2021,11,4,32.870370370370374
Sports Direct,1185732,2021-01-09,Midwest,South Dakota,Sioux Falls,Women's Street Footwear,25.0,275.0,6875.0,2063.0,Online,2021,1,1,30.007272727272728
Kohl's,1128299,2021-07-25,West,New Mexico,Albuquerque,Women's Athletic Footwear,39.0,149.0,581.0,244.0,Outlet,2021,7,3,41.996557659208264
Sports Direct,1185732,2021-12-11,Midwest,South Dakota,Sioux Falls,Women's Apparel,64.0,75.0,480.0,250.0,Online,2021,12,4,52.083333333333336
West Gear,1128299,2021-01-24,West,Utah,Salt Lake City,Men's Apparel,35.0,53.0,186.0,85.0,Outlet,2021,1,1,45.69892473118279
Walmart,1128299,2021-11-10,West,Hawaii,Honolulu,Men's Apparel,85.0,375.0,31875.0,4781.0,Outlet,2021,11,4,14.999215686274509
Kohl's,1189833,2021-01-07,Midwest,Montana,Billings,Men's Apparel,48.0,59.0,283.0,204.0,Online,2021,1,1,72.08480565371025
West Gear,1185732,2021-09-18,Northeast,West Virginia,Charleston,Men's Apparel,32.0,61.0,195.0,102.0,Online,2021,9,3,52.307692307692314
Kohl's,1128299,2021-10-26,West,New Mexico,Albuquerque,Women's Street Footwear,50.0,375.0,18750.0,6563.0,Online,2021,10,4,35.00266666666666
West Gear,1197831,2021-01-23,South,Arkansas,Little Rock,Men's Street Footwear,24.0,167.0,401.0,212.0,Online,2021,1,1,52.867830423940156
West Gear,1185732,2021-02-03,Midwest,Iowa,Des Moines,Women's Street Footwear,20.0,200.0,4000.0,1200.0,In-store,2021,2,1,30.0
Amazon,1185732,2021-06-22,West,Alaska,Anchorage,Men's Street Footwear,65.0,650.0,42250.0,14788.0,Outlet,2021,6,2,35.00118343195267
Kohl's,1189833,2021-05-22,West,California,Los Angeles,Women's Athletic Footwear,50.0,650.0,32500.0,11375.0,Outlet,2021,5,2,35.0
Sports Direct,1197831,2021-09-27,South,Texas,Dallas,Women's Apparel,43.0,240.0,1032.0,619.0,Outlet,2021,9,3,59.98062015503876
West Gear,1185732,2021-02-10,Midwest,Wisconsin,Milwaukee,Women's Street Footwear,25.0,250.0,6250.0,2188.0,In-store,2021,2,1,35.008
Foot Locker,1185732,2021-01-17,Northeast,Maryland,Baltimore,Men's Apparel,50.0,225.0,11250.0,3375.0,In-store,2021,1,1,30.0
Kohl's,1185732,2021-01-10,Northeast,Delaware,Wilmington,Men's Apparel,41.0,47.0,193.0,77.0,Online,2021,1,1,39.89637305699482
Sports Direct,1197831,2021-10-01,South,Texas,Dallas,Women's Athletic Footwear,41.0,135.0,554.0,304.0,Outlet,2021,10,4,54.87364620938629
Foot Locker,1185732,2021-04-06,Midwest,Iowa,Des Moines,Women's Athletic Footwear,15.0,28.0,42.0,19.0,Online,2021,4,2,45.23809523809524
Sports Direct,1197831,2021-11-05,West,Idaho,Boise,Women's Street Footwear,58.0,150.0,870.0,470.0,Online,2021,11,4,54.02298850574713
West Gear,1185732,2021-09-12,West,Utah,Salt Lake City,Men's Apparel,20.0,325.0,6500.0,2275.0,In-store,2021,9,3,35.0
Amazon,1185732,2021-08-10,Midwest,Ohio,Columbus,Men's Apparel,55.0,500.0,27500.0,9625.0,Online,2021,8,3,35.0
West Gear,1185732,2021-11-09,Northeast,New York,Albany,Women's Athletic Footwear,50.0,575.0,28750.0,8625.0,In-store,2021,11,4,30.0
Sports Direct,1185732,2021-12-11,Midwest,South Dakota,Sioux Falls,Women's Athletic Footwear,45.0,50.0,225.0,101.0,Online,2021,12,4,44.888888888888886
West Gear,1128299,2021-01-08,West,California,San Francisco,Women's Street Footwear,42.0,281.0,1180.0,531.0,Outlet,2021,1,1,45.0
Foot Locker,1185732,2021-01-09,Southeast,Georgia,Atlanta,Men's Street Footwear,40.0,1025.0,41000.0,18450.0,Online,2021,1,1,45.0
Sports Direct,1185732,2021-09-02,Southeast,North Carolina,Charlotte,Men's Apparel,38.0,156.0,593.0,273.0,Online,2021,9,3,46.0370994940978
Sports Direct,1185732,2021-08-21,Northeast,Maryland,Baltimore,Women's Street Footwear,40.0,200.0,8000.0,2800.0,In-store,2021,8,3,35.0
Amazon,1185732,2021-11-10,Midwest,Ohio,Columbus,Men's Street Footwear,34.0,169.0,575.0,299.0,Online,2021,11,4,52.0
Sports Direct,1185732,2021-07-08,Midwest,North Dakota,Fargo,Women's Apparel,54.0,98.0,529.0,286.0,Online,2021,7,3,54.06427221172023
Foot Locker,1185732,2021-06-05,Midwest,Illinois,Chicago,Women's Apparel,41.0,69.0,283.0,170.0,Online,2021,6,2,60.07067137809188
West Gear,1128299,2021-09-25,West,Oregon,Portland,Men's Street Footwear,34.0,149.0,507.0,187.0,Outlet,2021,9,3,36.883629191321496
Sports Direct,1185732,2021-03-03,Northeast,Connecticut,Hartford,Women's Apparel,38.0,73.0,277.0,136.0,Online,2021,3,1,49.09747292418773
Foot Locker,1185732,2021-12-31,Northeast,Pennsylvania,Philadelphia,Men's Apparel,46.0,56.0,258.0,100.0,Outlet,2021,12,4,38.759689922480625
Sports Direct,1185732,2021-08-14,Northeast,Massachusetts,Boston,Women's Apparel,58.0,91.0,528.0,238.0,Online,2021,8,3,45.07575757575758
Foot Locker,1185732,2021-08-01,Midwest,Illinois,Chicago,Women's Street Footwear,48.0,49.0,235.0,111.0,Online,2021,8,3,47.23404255319149
West Gear,1197831,2021-07-19,South,Oklahoma,Oklahoma City,Women's Apparel,61.0,142.0,866.0,468.0,Online,2021,7,3,54.04157043879908
Kohl's,1128299,2021-08-26,West,New Mexico,Albuquerque,Men's Street Footwear,60.0,700.0,42000.0,14700.0,Online,2021,8,3,35.0
Foot Locker,1185732,2021-10-12,Midwest,South Dakota,Sioux Falls,Women's Street Footwear,43.0,42.0,181.0,72.0,Online,2021,10,4,39.77900552486188
West Gear,1128299,2021-01-10,Northeast,Maine,Portland,Men's Street Footwear,33.0,98.0,323.0,113.0,Online,2021,1,1,34.984520123839005
Foot Locker,1128299,2021-08-23,West,Arizona,Phoenix,Men's Street Footwear,55.0,625.0,34375.0,12031.0,Online,2021,8,3,34.99927272727273
West Gear,1185732,2021-02-11,Midwest,Missouri,St. Louis,Men's Street Footwear,25.0,725.0,18125.0,7250.0,In-store,2021,2,1,40.0
Sports Direct,1197831,2021-09-19,South,Texas,Dallas,Women's Athletic Footwear,45.0,575.0,25875.0,12938.0,Outlet,2021,9,3,50.00193236714976
Kohl's,1197831,2021-04-13,Midwest,Kansas,Wichita,Women's Apparel,29.0,81.0,235.0,115.0,Online,2021,4,2,48.93617021276596
Sports Direct,1185732,2021-06-15,Northeast,Massachusetts,Boston,Women's Athletic Footwear,45.0,225.0,10125.0,2531.0,In-store,2021,6,2,24.997530864197532
Kohl's,1189833,2021-02-28,Midwest,Montana,Billings,Women's Street Footwear,37.0,123.0,455.0,259.0,Online,2021,2,1,56.92307692307692
Foot Locker,1185732,2021-10-24,South,Texas,Dallas,Women's Street Footwear,28.0,72.0,202.0,85.0,Outlet,2021,10,4,42.07920792079208
Walmart,1128299,2021-06-17,Southeast,Florida,Orlando,Women's Athletic Footwear,66.0,196.0,1294.0,479.0,Outlet,2021,6,2,37.01700154559505
Sports Direct,1128299,2021-05-14,Southeast,Georgia,Atlanta,Men's Athletic Footwear,52.0,108.0,562.0,292.0,Online,2021,5,2,51.95729537366548
Foot Locker,1185732,2021-10-08,Northeast,Rhode Island,Providence,Women's Street Footwear,45.0,29.0,131.0,68.0,Online,2021,10,4,51.908396946564885
Foot Locker,1185732,2021-07-13,Northeast,Delaware,Wilmington,Men's Athletic Footwear,47.0,119.0,559.0,252.0,Online,2021,7,3,45.08050089445438
Sports Direct,1185732,2021-08-03,Southeast,North Carolina,Charlotte,Men's Street Footwear,61.0,308.0,1879.0,996.0,Online,2021,8,3,53.00691857370941
Foot Locker,1185732,2021-11-21,Northeast,Maryland,Baltimore,Women's Apparel,65.0,225.0,14625.0,4388.0,In-store,2021,11,4,30.003418803418803
Foot Locker,1185732,2021-07-31,Midwest,Illinois,Chicago,Men's Athletic Footwear,46.0,65.0,299.0,141.0,Online,2021,7,3,47.15719063545151
Kohl's,1189833,2021-04-06,West,California,Los Angeles,Women's Apparel,41.0,188.0,771.0,270.0,Online,2021,4,2,35.019455252918284
Foot Locker,1185732,2021-02-12,Midwest,South Dakota,Sioux Falls,Men's Apparel,48.0,46.0,221.0,99.0,Online,2021,2,1,44.79638009049774
Sports Direct,1185732,2021-01-07,Northeast,New Jersey,Newark,Women's Apparel,37.0,81.0,300.0,150.0,Online,2021,1,1,50.0
West Gear,1185732,2021-10-03,Midwest,Wisconsin,Milwaukee,Women's Apparel,50.0,250.0,12500.0,5000.0,In-store,2021,10,4,40.0
Sports Direct,1128299,2021-02-17,Southeast,Florida,Orlando,Men's Apparel,44.0,62.0,273.0,65.0,Outlet,2021,2,1,23.809523809523807
Amazon,1185732,2021-06-22,Southeast,Kentucky,Louisville,Men's Athletic Footwear,35.0,275.0,9625.0,3369.0,Online,2021,6,2,35.0025974025974
Foot Locker,1185732,2021-12-04,Northeast,Pennsylvania,Philadelphia,Men's Athletic Footwear,44.0,102.0,449.0,188.0,Outlet,2021,12,4,41.87082405345212
West Gear,1197831,2021-07-06,West,Idaho,Boise,Men's Street Footwear,48.0,217.0,1042.0,521.0,Online,2021,7,3,50.0
Foot Locker,1185732,2021-07-05,Southeast,South Carolina,Charleston,Men's Apparel,65.0,800.0,52000.0,18200.0,Online,2021,7,3,35.0
Kohl's,1189833,2021-01-29,Midwest,Montana,Billings,Women's Street Footwear,44.0,165.0,726.0,399.0,Online,2021,1,1,54.958677685950406
Kohl's,1189833,2021-04-09,West,California,Los Angeles,Women's Street Footwear,50.0,625.0,31250.0,12500.0,Outlet,2021,4,2,40.0
Foot Locker,1185732,2021-04-12,Midwest,South Dakota,Sioux Falls,Men's Apparel,56.0,29.0,162.0,75.0,Online,2021,4,2,46.2962962962963
West Gear,1197831,2021-08-20,South,Oklahoma,Oklahoma City,Men's Street Footwear,60.0,675.0,40500.0,16200.0,Online,2021,8,3,40.0
West Gear,1197831,2021-11-20,South,Arkansas,Little Rock,Men's Street Footwear,18.0,176.0,317.0,146.0,Outlet,2021,11,4,46.05678233438486
Amazon,1185732,2021-07-20,West,Alaska,Anchorage,Men's Apparel,61.0,91.0,555.0,216.0,Online,2021,7,3,38.91891891891892
Foot Locker,1185732,2021-12-03,Northeast,Connecticut,Hartford,Men's Street Footwear,59.0,150.0,885.0,451.0,Online,2021,12,4,50.960451977401135
Amazon,1185732,2021-01-13,Southeast,North Carolina,Charlotte,Men's Apparel,44.0,128.0,563.0,282.0,Online,2021,1,1,50.08880994671403
Foot Locker,1185732,2021-07-27,Midwest,Illinois,Chicago,Women's Athletic Footwear,50.0,125.0,6250.0,2500.0,Outlet,2021,7,3,40.0
Foot Locker,1185732,2021-12-05,Southeast,South Carolina,Charleston,Men's Athletic Footwear,58.0,219.0,1270.0,572.0,Online,2021,12,4,45.03937007874016
Sports Direct,1185732,2021-07-02,Southeast,North Carolina,Charlotte,Women's Apparel,64.0,263.0,1683.0,1060.0,Online,2021,7,3,62.982768865121805
Sports Direct,1197831,2021-05-15,South,Tennessee,Knoxville,Men's Street Footwear,55.0,800.0,44000.0,19800.0,Outlet,2021,5,2,45.0
Foot Locker,1185732,2021-10-23,South,Texas,Dallas,Men's Athletic Footwear,34.0,68.0,231.0,90.0,Outlet,2021,10,4,38.961038961038966
Foot Locker,1185732,2021-06-02,Midwest,Nebraska,Omaha,Men's Street Footwear,38.0,122.0,464.0,250.0,Online,2021,6,2,53.879310344827594
Amazon,1185732,2021-02-22,West,Alaska,Anchorage,Men's Apparel,60.0,75.0,450.0,171.0,Online,2021,2,1,38.0
Sports Direct,1197831,2021-08-15,South,Alabama,Birmingham,Women's Street Footwear,30.0,450.0,13500.0,6075.0,Outlet,2021,8,3,45.0
Amazon,1185732,2021-01-13,Southeast,North Carolina,Charlotte,Men's Street Footwear,35.0,775.0,27125.0,10850.0,Online,2021,1,1,40.0
Amazon,1185732,2021-10-14,South,Alabama,Birmingham,Women's Street Footwear,23.0,83.0,191.0,80.0,Outlet,2021,10,4,41.8848167539267
Amazon,1185732,2021-01-21,Northeast,Vermont,Burlington,Women's Apparel,50.0,325.0,16250.0,5688.0,In-store,2021,1,1,35.003076923076925
Foot Locker,1185732,2021-06-15,Northeast,Delaware,Wilmington,Men's Street Footwear,55.0,650.0,35750.0,12513.0,In-store,2021,6,2,35.001398601398606
Kohl's,1189833,2021-03-18,West,California,Los Angeles,Women's Apparel,32.0,208.0,666.0,173.0,Outlet,2021,3,1,25.975975975975974
Foot Locker,1185732,2021-09-06,Northeast,Rhode Island,Providence,Women's Athletic Footwear,40.0,100.0,4000.0,1600.0,In-store,2021,9,3,40.0
Foot Locker,1185732,2021-12-17,Northeast,New Hampshire,Manchester,Men's Athletic Footwear,65.0,425.0,27625.0,11050.0,Outlet,2021,12,4,40.0
Kohl's,1185732,2021-12-13,Northeast,Delaware,Wilmington,Men's Athletic Footwear,50.0,100.0,500.0,240.0,Online,2021,12,4,48.0
Walmart,1128299,2021-07-16,Southeast,Florida,Orlando,Men's Athletic Footwear,74.0,263.0,1946.0,545.0,Outlet,2021,7,3,28.00616649537513
West Gear,1185732,2021-08-03,Midwest,Wisconsin,Milwaukee,Women's Apparel,55.0,350.0,19250.0,7700.0,In-store,2021,8,3,40.0
Sports Direct,1197831,2021-09-27,South,Alabama,Birmingham,Women's Athletic Footwear,32.0,91.0,291.0,213.0,Online,2021,9,3,73.19587628865979
Amazon,1185732,2021-12-17,Northeast,Maine,Portland,Women's Apparel,70.0,300.0,21000.0,8400.0,Outlet,2021,12,4,40.0
Kohl's,1128299,2021-09-27,West,New Mexico,Albuquerque,Women's Apparel,59.0,133.0,785.0,282.0,Online,2021,9,3,35.92356687898089
Kohl's,1189833,2021-02-17,West,California,San Francisco,Men's Street Footwear,35.0,700.0,24500.0,9800.0,Outlet,2021,2,1,40.0
Foot Locker,1128299,2021-07-09,West,Hawaii,Honolulu,Men's Athletic Footwear,85.0,650.0,55250.0,11050.0,Outlet,2021,7,3,20.0
Sports Direct,1197831,2021-04-30,South,Tennessee,Knoxville,Women's Athletic Footwear,55.0,400.0,22000.0,12100.0,Outlet,2021,4,2,55.00000000000001
Foot Locker,1128299,2021-11-23,West,Arizona,Phoenix,Men's Athletic Footwear,50.0,525.0,26250.0,10500.0,Online,2021,11,4,40.0
Amazon,1185732,2021-12-20,West,Alaska,Anchorage,Men's Athletic Footwear,65.0,400.0,26000.0,9100.0,Outlet,2021,12,4,35.0
Kohl's,1197831,2021-08-13,Midwest,Kansas,Wichita,Women's Athletic Footwear,40.0,300.0,12000.0,4200.0,Online,2021,8,3,35.0
Sports Direct,1197831,2021-10-19,South,Texas,Dallas,Women's Athletic Footwear,65.0,575.0,37375.0,18688.0,Outlet,2021,10,4,50.00133779264214
Kohl's,1197831,2021-06-14,Midwest,Kansas,Wichita,Men's Athletic Footwear,32.0,94.0,301.0,144.0,Online,2021,6,2,47.840531561461795
Foot Locker,1185732,2021-11-21,Northeast,Maryland,Baltimore,Men's Street Footwear,58.0,88.0,510.0,281.0,Online,2021,11,4,55.09803921568628
West Gear,1185732,2021-07-10,West,Utah,Salt Lake City,Women's Athletic Footwear,25.0,425.0,10625.0,4250.0,In-store,2021,7,3,40.0
Kohl's,1189833,2021-01-27,Midwest,Montana,Billings,Men's Street Footwear,40.0,675.0,27000.0,12150.0,Outlet,2021,1,1,45.0
Walmart,1185732,2021-07-16,South,Mississippi,Jackson,Women's Athletic Footwear,48.0,124.0,595.0,315.0,Online,2021,7,3,52.94117647058824
Sports Direct,1197831,2021-10-12,South,Texas,Dallas,Women's Street Footwear,51.0,228.0,1163.0,512.0,Outlet,2021,10,4,44.02407566638005
Foot Locker,1185732,2021-05-16,South,Mississippi,Jackson,Women's Street Footwear,26.0,136.0,354.0,152.0,Outlet,2021,5,2,42.93785310734463
Sports Direct,1185732,2021-08-14,Northeast,Massachusetts,Boston,Women's Athletic Footwear,42.0,51.0,214.0,77.0,Online,2021,8,3,35.981308411214954
Sports Direct,1185732,2021-11-16,Midwest,Michigan,Detroit,Women's Apparel,59.0,169.0,997.0,688.0,Online,2021,11,4,69.00702106318957
Sports Direct,1197831,2021-10-01,South,Alabama,Birmingham,Men's Athletic Footwear,20.0,625.0,12500.0,6250.0,Outlet,2021,10,4,50.0
Foot Locker,1185732,2021-04-06,Southeast,South Carolina,Charleston,Women's Athletic Footwear,30.0,600.0,18000.0,5400.0,Online,2021,4,2,30.0
Amazon,1185732,2021-07-21,Southeast,Kentucky,Louisville,Men's Apparel,50.0,250.0,12500.0,4375.0,Online,2021,7,3,35.0
Kohl's,1128299,2021-04-26,West,New Mexico,Albuquerque,Men's Street Footwear,41.0,165.0,677.0,284.0,Outlet,2021,4,2,41.94977843426883
Foot Locker,1185732,2021-06-12,Midwest,South Dakota,Sioux Falls,Women's Apparel,50.0,94.0,470.0,249.0,Online,2021,6,2,52.97872340425533
Sports Direct,1197831,2021-09-30,South,Texas,Dallas,Women's Street Footwear,60.0,725.0,43500.0,17400.0,Outlet,2021,9,3,40.0
Kohl's,1189833,2021-05-10,West,California,Los Angeles,Women's Athletic Footwear,46.0,176.0,810.0,405.0,Online,2021,5,2,50.0
Foot Locker,1185732,2021-06-15,Northeast,Delaware,Wilmington,Men's Apparel,55.0,300.0,16500.0,4950.0,In-store,2021,6,2,30.0
Sports Direct,1185732,2021-08-04,Northeast,Connecticut,Hartford,Men's Street Footwear,51.0,163.0,831.0,457.0,Online,2021,8,3,54.993983152827916
Kohl's,1128299,2021-11-26,West,New Mexico,Albuquerque,Women's Street Footwear,54.0,117.0,632.0,303.0,Online,2021,11,4,47.94303797468354
West Gear,1185732,2021-07-02,Midwest,Wisconsin,Milwaukee,Men's Apparel,50.0,200.0,10000.0,5000.0,In-store,2021,7,3,50.0
Sports Direct,1128299,2021-12-25,West,New Mexico,Albuquerque,Women's Street Footwear,60.0,500.0,30000.0,10500.0,Online,2021,12,4,35.0
Sports Direct,1197831,2021-04-23,South,Tennessee,Knoxville,Women's Street Footwear,46.0,285.0,1311.0,787.0,Online,2021,4,2,60.03051106025934
Foot Locker,1185732,2021-11-18,Northeast,New Hampshire,Manchester,Women's Apparel,61.0,120.0,732.0,300.0,Outlet,2021,11,4,40.98360655737705
Amazon,1185732,2021-12-09,Midwest,Ohio,Columbus,Men's Street Footwear,75.0,825.0,61875.0,24750.0,Online,2021,12,4,40.0
West Gear,1185732,2021-07-08,Northeast,New York,Albany,Men's Athletic Footwear,56.0,196.0,1098.0,494.0,Online,2021,7,3,44.990892531876135
Foot Locker,1185732,2021-11-07,Northeast,Pennsylvania,Philadelphia,Men's Apparel,58.0,20.0,116.0,46.0,Online,2021,11,4,39.6551724137931
Sports Direct,1197831,2021-08-30,South,Texas,Dallas,Men's Athletic Footwear,30.0,700.0,21000.0,7350.0,Outlet,2021,8,3,35.0
Foot Locker,1185732,2021-09-19,Midwest,Missouri,St. Louis,Women's Apparel,30.0,350.0,10500.0,5250.0,In-store,2021,9,3,50.0
Sports Direct,1185732,2021-05-15,Midwest,Michigan,Detroit,Men's Street Footwear,48.0,207.0,994.0,606.0,Online,2021,5,2,60.96579476861167
Foot Locker,1185732,2021-05-07,Midwest,Iowa,Des Moines,Men's Apparel,45.0,150.0,6750.0,3375.0,In-store,2021,5,2,50.0
Kohl's,1185732,2021-03-10,West,Wyoming,Cheyenne,Women's Street Footwear,27.0,149.0,402.0,181.0,Online,2021,3,1,45.024875621890544
West Gear,1185732,2021-04-11,West,Utah,Salt Lake City,Men's Athletic Footwear,25.0,325.0,8125.0,2844.0,In-store,2021,4,2,35.003076923076925
Kohl's,1189833,2021-03-08,Midwest,Montana,Billings,Men's Apparel,55.0,400.0,22000.0,13200.0,Outlet,2021,3,1,60.0
Foot Locker,1185732,2021-06-24,Midwest,Nebraska,Omaha,Men's Apparel,45.0,150.0,6750.0,2363.0,Outlet,2021,6,2,35.007407407407406
West Gear,1128299,2021-03-16,South,Louisiana,New Orleans,Women's Apparel,29.0,109.0,316.0,117.0,Outlet,2021,3,1,37.0253164556962
Foot Locker,1128299,2021-01-24,West,Wyoming,Cheyenne,Men's Athletic Footwear,36.0,105.0,378.0,174.0,Online,2021,1,1,46.03174603174603
Kohl's,1128299,2021-12-22,West,Arizona,Phoenix,Women's Athletic Footwear,32.0,128.0,410.0,168.0,Outlet,2021,12,4,40.97560975609756
Foot Locker,1185732,2021-10-22,Northeast,Maryland,Baltimore,Women's Apparel,65.0,200.0,13000.0,3900.0,In-store,2021,10,4,30.0
West Gear,1197831,2021-10-21,South,Oklahoma,Oklahoma City,Women's Street Footwear,20.0,56.0,112.0,57.0,Online,2021,10,4,50.89285714285714
Walmart,1185732,2021-09-16,South,Mississippi,Jackson,Women's Apparel,32.0,130.0,416.0,258.0,Online,2021,9,3,62.019230769230774
West Gear,1185732,2021-07-10,West,Utah,Salt Lake City,Women's Apparel,40.0,600.0,24000.0,12000.0,In-store,2021,7,3,50.0
Sports Direct,1185732,2021-02-05,Northeast,Connecticut,Hartford,Women's Athletic Footwear,35.0,125.0,4375.0,1313.0,In-store,2021,2,1,30.01142857142857
Kohl's,1185732,2021-01-14,Northeast,New York,Albany,Women's Street Footwear,30.0,600.0,18000.0,6300.0,In-store,2021,1,1,35.0
Foot Locker,1197831,2021-07-06,West,Idaho,Boise,Women's Apparel,65.0,800.0,52000.0,28600.0,Online,2021,7,3,55.00000000000001
West Gear,1185732,2021-06-22,Northeast,Maryland,Baltimore,Men's Street Footwear,47.0,125.0,588.0,294.0,Online,2021,6,2,50.0
West Gear,1185732,2021-12-02,Midwest,Wisconsin,Milwaukee,Men's Athletic Footwear,49.0,102.0,500.0,235.0,Online,2021,12,4,47.0
West Gear,1185732,2021-03-20,Northeast,Maryland,Baltimore,Men's Athletic Footwear,34.0,39.0,133.0,62.0,Online,2021,3,1,46.616541353383454
Foot Locker,1185732,2021-08-07,Northeast,Rhode Island,Providence,Women's Apparel,55.0,300.0,16500.0,6600.0,In-store,2021,8,3,40.0
Foot Locker,1128299,2021-05-24,West,Arizona,Phoenix,Women's Apparel,70.0,375.0,26250.0,6563.0,Online,2021,5,2,25.001904761904765
West Gear,1128299,2021-01-03,West,California,San Francisco,Women's Athletic Footwear,56.0,182.0,1019.0,459.0,Online,2021,1,1,45.0441609421001
West Gear,1128299,2021-06-24,West,Oregon,Portland,Men's Apparel,67.0,140.0,938.0,431.0,Outlet,2021,6,2,45.94882729211087
West Gear,1197831,2021-08-20,South,Oklahoma,Oklahoma City,Men's Apparel,47.0,81.0,381.0,171.0,Online,2021,8,3,44.881889763779526
Foot Locker,1185732,2021-12-15,Midwest,Michigan,Detroit,Men's Apparel,55.0,143.0,787.0,409.0,Online,2021,12,4,51.96950444726811
Amazon,1185732,2021-06-19,Northeast,New Hampshire,Manchester,Men's Apparel,65.0,325.0,21125.0,6338.0,In-store,2021,6,2,30.002366863905326
Sports Direct,1197831,2021-08-10,South,Alabama,Birmingham,Women's Athletic Footwear,32.0,98.0,314.0,194.0,Online,2021,8,3,61.78343949044586
Kohl's,1128299,2021-04-26,West,New Mexico,Albuquerque,Women's Athletic Footwear,55.0,300.0,16500.0,5775.0,Online,2021,4,2,35.0
Foot Locker,1185732,2021-12-03,Northeast,Pennsylvania,Philadelphia,Men's Street Footwear,65.0,525.0,34125.0,18769.0,Outlet,2021,12,4,55.000732600732604
Kohl's,1189833,2021-05-12,West,California,Los Angeles,Women's Apparel,49.0,210.0,1029.0,226.0,Outlet,2021,5,2,21.963070942662778
Foot Locker,1185732,2021-10-15,Northeast,Delaware,Wilmington,Women's Athletic Footwear,52.0,44.0,229.0,114.0,Online,2021,10,4,49.78165938864629
Kohl's,1128299,2021-01-26,West,Arizona,Phoenix,Women's Athletic Footwear,30.0,101.0,303.0,115.0,Outlet,2021,1,1,37.95379537953795
West Gear,1185732,2021-06-22,Northeast,Maryland,Baltimore,Men's Street Footwear,50.0,500.0,25000.0,10000.0,In-store,2021,6,2,40.0
Kohl's,1197831,2021-01-16,South,Oklahoma,Oklahoma City,Men's Apparel,28.0,88.0,246.0,101.0,Outlet,2021,1,1,41.05691056910569
Foot Locker,1185732,2021-01-18,Midwest,Michigan,Detroit,Women's Street Footwear,20.0,425.0,8500.0,2975.0,In-store,2021,1,1,35.0
Foot Locker,1185732,2021-12-17,Midwest,Missouri,St. Louis,Men's Athletic Footwear,35.0,450.0,15750.0,5513.0,In-store,2021,12,4,35.0031746031746
Kohl's,1185732,2021-02-12,West,Wyoming,Cheyenne,Women's Apparel,40.0,600.0,24000.0,6000.0,In-store,2021,2,1,25.0
Foot Locker,1128299,2021-01-24,West,Wyoming,Cheyenne,Men's Street Footwear,29.0,91.0,264.0,121.0,Online,2021,1,1,45.83333333333333
Sports Direct,1197831,2021-04-10,South,Tennessee,Knoxville,Men's Athletic Footwear,45.0,775.0,34875.0,13950.0,Outlet,2021,4,2,40.0
Foot Locker,1128299,2021-08-24,Southeast,Virginia,Richmond,Men's Apparel,64.0,106.0,678.0,346.0,Online,2021,8,3,51.03244837758112
Foot Locker,1197831,2021-12-04,West,Idaho,Boise,Women's Street Footwear,47.0,223.0,1048.0,461.0,Outlet,2021,12,4,43.98854961832061
Amazon,1185732,2021-07-17,Northeast,New Hampshire,Manchester,Women's Street Footwear,54.0,109.0,589.0,241.0,Online,2021,7,3,40.91680814940577
West Gear,1185732,2021-06-17,Northeast,West Virginia,Charleston,Women's Athletic Footwear,33.0,69.0,228.0,118.0,Online,2021,6,2,51.75438596491229
Sports Direct,1185732,2021-01-17,Northeast,Rhode Island,Providence,Women's Street Footwear,22.0,75.0,165.0,48.0,Outlet,2021,1,1,29.09090909090909
Sports Direct,1185732,2021-03-15,Midwest,Michigan,Detroit,Women's Street Footwear,25.0,475.0,11875.0,3563.0,In-store,2021,3,1,30.004210526315788
Foot Locker,1185732,2021-01-10,Northeast,Connecticut,Hartford,Men's Apparel,45.0,125.0,5625.0,1688.0,In-store,2021,1,1,30.00888888888889
Foot Locker,1185732,2021-10-12,Midwest,South Dakota,Sioux Falls,Men's Street Footwear,54.0,104.0,562.0,258.0,Online,2021,10,4,45.90747330960854
Kohl's,1128299,2021-04-26,West,New Mexico,Albuquerque,Women's Apparel,75.0,375.0,28125.0,7031.0,Online,2021,4,2,24.999111111111112
Amazon,1185732,2021-04-18,Northeast,New Hampshire,Manchester,Women's Athletic Footwear,45.0,175.0,7875.0,2363.0,In-store,2021,4,2,30.00634920634921
Sports Direct,1185732,2021-06-04,Southeast,North Carolina,Charlotte,Men's Street Footwear,50.0,950.0,47500.0,19000.0,Online,2021,6,2,40.0
Kohl's,1185732,2021-07-06,Northeast,New Jersey,Newark,Men's Apparel,50.0,275.0,13750.0,4125.0,In-store,2021,7,3,30.0
Kohl's,1189833,2021-01-26,Midwest,Montana,Billings,Women's Apparel,60.0,400.0,24000.0,6000.0,Outlet,2021,1,1,25.0
Foot Locker,1185732,2021-10-31,Northeast,Pennsylvania,Philadelphia,Women's Athletic Footwear,39.0,13.0,51.0,26.0,Online,2021,10,4,50.98039215686274
Sports Direct,1128299,2021-03-12,Southeast,Georgia,Atlanta,Women's Apparel,50.0,350.0,17500.0,4375.0,Online,2021,3,1,25.0
Sports Direct,1185732,2021-01-06,Southeast,South Carolina,Charleston,Women's Street Footwear,25.0,725.0,18125.0,7250.0,Online,2021,1,1,40.0
Foot Locker,1185732,2021-03-06,Northeast,Rhode Island,Providence,Women's Apparel,32.0,51.0,163.0,88.0,Online,2021,3,1,53.987730061349694
Sports Direct,1185732,2021-11-07,Northeast,Rhode Island,Providence,Women's Apparel,46.0,83.0,382.0,168.0,Outlet,2021,11,4,43.97905759162304
Sports Direct,1185732,2021-02-04,Southeast,South Carolina,Charleston,Men's Athletic Footwear,34.0,188.0,639.0,307.0,Online,2021,2,1,48.04381846635368
Foot Locker,1185732,2021-06-18,South,Mississippi,Jackson,Men's Athletic Footwear,29.0,150.0,435.0,170.0,Outlet,2021,6,2,39.08045977011494
Foot Locker,1185732,2021-08-12,Midwest,South Dakota,Sioux Falls,Men's Athletic Footwear,42.0,78.0,328.0,147.0,Online,2021,8,3,44.81707317073171
West Gear,1185732,2021-01-03,Midwest,Iowa,Des Moines,Men's Athletic Footwear,29.0,70.0,203.0,93.0,Online,2021,1,1,45.812807881773395
Kohl's,1197831,2021-12-19,South,Oklahoma,Oklahoma City,Women's Apparel,51.0,128.0,653.0,281.0,Outlet,2021,12,4,43.03215926493109
Sports Direct,1197831,2021-03-17,South,Tennessee,Knoxville,Men's Athletic Footwear,33.0,181.0,597.0,287.0,Online,2021,3,1,48.073701842546065
Sports Direct,1128299,2021-03-12,Southeast,Georgia,Atlanta,Women's Athletic Footwear,47.0,73.0,343.0,178.0,Online,2021,3,1,51.89504373177842
Amazon,1185732,2021-06-11,Midwest,Ohio,Columbus,Women's Athletic Footwear,49.0,140.0,686.0,350.0,Online,2021,6,2,51.02040816326531
Sports Direct,1185732,2021-09-13,Northeast,Massachusetts,Boston,Men's Apparel,52.0,34.0,177.0,64.0,Online,2021,9,3,36.15819209039548
Sports Direct,1128299,2021-07-12,Southeast,Georgia,Atlanta,Men's Apparel,55.0,475.0,26125.0,9144.0,Online,2021,7,3,35.000956937799046
West Gear,1185732,2021-10-10,Northeast,New York,Albany,Women's Street Footwear,46.0,137.0,630.0,252.0,Online,2021,10,4,40.0
West Gear,1185732,2021-09-12,West,Utah,Salt Lake City,Men's Street Footwear,23.0,228.0,524.0,236.0,Outlet,2021,9,3,45.038167938931295
Amazon,1185732,2021-04-10,Midwest,Ohio,Columbus,Women's Apparel,34.0,137.0,466.0,303.0,Online,2021,4,2,65.02145922746782
Amazon,1185732,2021-09-10,Northeast,Vermont,Burlington,Women's Street Footwear,50.0,225.0,11250.0,3938.0,In-store,2021,9,3,35.004444444444445
Sports Direct,1185732,2021-01-17,Northeast,Rhode Island,Providence,Men's Athletic Footwear,28.0,88.0,246.0,84.0,Outlet,2021,1,1,34.146341463414636
Kohl's,1197831,2021-12-19,South,Oklahoma,Oklahoma City,Men's Apparel,70.0,325.0,22750.0,7963.0,Online,2021,12,4,35.002197802197806
Amazon,1185732,2021-09-17,Northeast,Maine,Portland,Women's Apparel,57.0,59.0,336.0,175.0,Online,2021,9,3,52.083333333333336
Sports Direct,1197831,2021-04-23,South,Tennessee,Knoxville,Women's Street Footwear,39.0,314.0,1225.0,576.0,Outlet,2021,4,2,47.0204081632653
Sports Direct,1185732,2021-06-17,Midwest,Michigan,Detroit,Women's Athletic Footwear,45.0,525.0,23625.0,8269.0,In-store,2021,6,2,35.0010582010582
West Gear,1197831,2021-03-19,South,Oklahoma,Oklahoma City,Men's Apparel,35.0,175.0,6125.0,2144.0,Online,2021,3,1,35.00408163265306
Kohl's,1128299,2021-05-27,West,New Mexico,Albuquerque,Women's Street Footwear,46.0,135.0,621.0,255.0,Outlet,2021,5,2,41.06280193236715
Kohl's,1185732,2021-12-13,Northeast,Delaware,Wilmington,Men's Street Footwear,62.0,168.0,1042.0,490.0,Online,2021,12,4,47.02495201535509
Amazon,1185732,2021-08-11,Northeast,Vermont,Burlington,Women's Apparel,61.0,104.0,634.0,324.0,Online,2021,8,3,51.10410094637224
Foot Locker,1128299,2021-09-24,West,Arizona,Phoenix,Women's Street Footwear,45.0,425.0,19125.0,6694.0,Online,2021,9,3,35.00130718954249
Sports Direct,1185732,2021-07-02,Southeast,North Carolina,Charlotte,Men's Athletic Footwear,60.0,800.0,48000.0,16800.0,Online,2021,7,3,35.0
West Gear,1185732,2021-08-09,Northeast,New York,Albany,Women's Street Footwear,55.0,625.0,34375.0,8594.0,In-store,2021,8,3,25.000727272727275
Foot Locker,1128299,2021-10-24,Southeast,Virginia,Richmond,Women's Street Footwear,46.0,95.0,437.0,201.0,Online,2021,10,4,45.9954233409611
Amazon,1185732,2021-11-10,Midwest,Ohio,Columbus,Women's Apparel,74.0,167.0,1236.0,791.0,Online,2021,11,4,63.996763754045304
West Gear,1197831,2021-03-19,South,Oklahoma,Oklahoma City,Women's Apparel,23.0,69.0,159.0,86.0,Online,2021,3,1,54.088050314465406
Kohl's,1189833,2021-02-16,Midwest,Montana,Billings,Women's Street Footwear,45.0,450.0,20250.0,9113.0,Outlet,2021,2,1,45.00246913580247
Kohl's,1185732,2021-11-11,West,Wyoming,Cheyenne,Women's Apparel,55.0,161.0,886.0,345.0,Online,2021,11,4,38.93905191873589
Kohl's,1128299,2021-04-26,West,New Mexico,Albuquerque,Women's Street Footwear,44.0,140.0,616.0,259.0,Outlet,2021,4,2,42.04545454545455
West Gear,1185732,2021-02-11,West,Utah,Salt Lake City,Women's Apparel,25.0,450.0,11250.0,5625.0,In-store,2021,2,1,50.0
Foot Locker,1185732,2021-10-18,Midwest,Missouri,St. Louis,Women's Athletic Footwear,25.0,225.0,5625.0,2250.0,In-store,2021,10,4,40.0
Kohl's,1189833,2021-04-07,West,California,Los Angeles,Men's Street Footwear,45.0,800.0,36000.0,14400.0,Outlet,2021,4,2,40.0
Amazon,1185732,2021-12-13,Northeast,Massachusetts,Boston,Men's Street Footwear,65.0,575.0,37375.0,11213.0,In-store,2021,12,4,30.00133779264214
Amazon,1185732,2021-05-09,Midwest,Ohio,Columbus,Men's Street Footwear,45.0,795.0,35775.0,14310.0,Online,2021,5,2,40.0
Foot Locker,1185732,2021-07-09,Midwest,Illinois,Chicago,Women's Athletic Footwear,40.0,200.0,8000.0,3200.0,Outlet,2021,7,3,40.0
Foot Locker,1197831,2021-02-04,South,Louisiana,New Orleans,Men's Street Footwear,25.0,625.0,15625.0,4688.0,Online,2021,2,1,30.003200000000003
West Gear,1128299,2021-07-16,South,Louisiana,New Orleans,Women's Apparel,110.0,650.0,71500.0,25025.0,Online,2021,7,3,35.0
Sports Direct,1185732,2021-02-09,Midwest,North Dakota,Fargo,Men's Apparel,45.0,175.0,7875.0,2756.0,Online,2021,2,1,34.9968253968254
Amazon,1185732,2021-09-23,Southeast,Kentucky,Louisville,Men's Street Footwear,48.0,137.0,658.0,349.0,Online,2021,9,3,53.03951367781154
West Gear,1197831,2021-08-20,South,Oklahoma,Oklahoma City,Women's Apparel,55.0,475.0,26125.0,10450.0,Online,2021,8,3,40.0
Sports Direct,1197831,2021-10-09,South,Texas,Dallas,Women's Apparel,45.0,161.0,725.0,507.0,Online,2021,10,4,69.93103448275862
Foot Locker,1128299,2021-05-24,West,Arizona,Phoenix,Men's Athletic Footwear,55.0,375.0,20625.0,8250.0,Online,2021,5,2,40.0
Foot Locker,1185732,2021-07-15,Midwest,Nebraska,Omaha,Men's Athletic Footwear,30.0,150.0,4500.0,1575.0,Outlet,2021,7,3,35.0
West Gear,1185732,2021-01-03,Midwest,Iowa,Des Moines,Women's Street Footwear,18.0,65.0,117.0,48.0,Online,2021,1,1,41.02564102564102
Sports Direct,1185732,2021-06-15,Northeast,Massachusetts,Boston,Men's Apparel,39.0,74.0,289.0,92.0,Outlet,2021,6,2,31.833910034602077
Sports Direct,1197831,2021-09-05,South,Alabama,Birmingham,Women's Apparel,50.0,245.0,1225.0,882.0,Online,2021,9,3,72.0
Sports Direct,1185732,2021-12-05,Southeast,South Carolina,Charleston,Women's Athletic Footwear,60.0,775.0,46500.0,13950.0,Online,2021,12,4,30.0
Foot Locker,1185732,2021-08-06,Southeast,South Carolina,Charleston,Women's Street Footwear,50.0,231.0,1155.0,462.0,Online,2021,8,3,40.0
Foot Locker,1185732,2021-10-22,South,Texas,Dallas,Men's Street Footwear,44.0,111.0,488.0,342.0,Online,2021,10,4,70.08196721311475
Kohl's,1128299,2021-05-27,West,New Mexico,Albuquerque,Women's Street Footwear,56.0,126.0,706.0,332.0,Online,2021,5,2,47.02549575070821
Sports Direct,1185732,2021-02-15,Northeast,Massachusetts,Boston,Women's Athletic Footwear,35.0,250.0,8750.0,2188.0,In-store,2021,2,1,25.005714285714287
Sports Direct,1197831,2021-08-30,South,Alabama,Birmingham,Women's Apparel,45.0,750.0,33750.0,20250.0,Outlet,2021,8,3,60.0
Foot Locker,1185732,2021-12-08,Midwest,North Dakota,Fargo,Women's Athletic Footwear,47.0,54.0,254.0,104.0,Online,2021,12,4,40.94488188976378
Foot Locker,1185732,2021-07-10,Midwest,Illinois,Chicago,Men's Apparel,47.0,56.0,263.0,121.0,Online,2021,7,3,46.00760456273764
Amazon,1185732,2021-12-20,West,Alaska,Anchorage,Men's Street Footwear,69.0,174.0,1201.0,564.0,Online,2021,12,4,46.960865945045796
Sports Direct,1185732,2021-10-04,Southeast,North Carolina,Charlotte,Men's Apparel,42.0,149.0,626.0,294.0,Online,2021,10,4,46.96485623003195
Sports Direct,1185732,2021-03-13,Northeast,Massachusetts,Boston,Women's Apparel,40.0,200.0,8000.0,2400.0,In-store,2021,3,1,30.0
Walmart,1128299,2021-04-17,Southeast,Florida,Orlando,Women's Street Footwear,70.0,400.0,28000.0,8400.0,Outlet,2021,4,2,30.0
Kohl's,1197831,2021-10-14,Midwest,Kansas,Wichita,Men's Athletic Footwear,20.0,325.0,6500.0,2275.0,Online,2021,10,4,35.0
Walmart,1128299,2021-06-17,Southeast,Florida,Orlando,Men's Athletic Footwear,70.0,700.0,49000.0,12250.0,In-store,2021,6,2,25.0
West Gear,1185732,2021-11-10,Midwest,Indiana,Indianapolis,Men's Apparel,60.0,250.0,15000.0,4500.0,In-store,2021,11,4,30.0
Sports Direct,1128299,2021-12-09,West,Hawaii,Honolulu,Men's Apparel,84.0,128.0,1075.0,280.0,Online,2021,12,4,26.046511627906977
Kohl's,1189833,2021-03-16,West,California,Los Angeles,Women's Athletic Footwear,45.0,525.0,23625.0,8269.0,Outlet,2021,3,1,35.0010582010582
West Gear,1185732,2021-04-17,Northeast,West Virginia,Charleston,Men's Apparel,65.0,200.0,13000.0,5200.0,In-store,2021,4,2,40.0
Sports Direct,1185732,2021-08-03,Southeast,North Carolina,Charlotte,Women's Apparel,54.0,231.0,1247.0,798.0,Online,2021,8,3,63.99358460304732
Sports Direct,1185732,2021-06-04,Southeast,North Carolina,Charlotte,Women's Street Footwear,50.0,675.0,33750.0,13500.0,Online,2021,6,2,40.0
Kohl's,1185732,2021-02-08,Northeast,Delaware,Wilmington,Men's Athletic Footwear,35.0,175.0,6125.0,2144.0,In-store,2021,2,1,35.00408163265306
Sports Direct,1197831,2021-09-03,South,Alabama,Birmingham,Women's Athletic Footwear,31.0,210.0,651.0,391.0,Outlet,2021,9,3,60.06144393241167
Foot Locker,1185732,2021-08-09,Midwest,Illinois,Chicago,Men's Apparel,60.0,200.0,12000.0,4200.0,Outlet,2021,8,3,35.0
Amazon,1185732,2021-02-11,Southeast,North Carolina,Charlotte,Men's Street Footwear,32.0,231.0,739.0,370.0,Online,2021,2,1,50.06765899864683
Kohl's,1185732,2021-10-08,Northeast,New Jersey,Newark,Women's Athletic Footwear,48.0,31.0,149.0,77.0,Online,2021,10,4,51.67785234899329
Sports Direct,1185732,2021-07-13,Northeast,Massachusetts,Boston,Women's Apparel,41.0,132.0,541.0,173.0,Outlet,2021,7,3,31.97781885397412
Amazon,1185732,2021-04-21,West,Alaska,Anchorage,Women's Athletic Footwear,47.0,44.0,207.0,77.0,Online,2021,4,2,37.19806763285024
West Gear,1185732,2021-01-03,Midwest,Iowa,Des Moines,Men's Street Footwear,30.0,450.0,13500.0,4050.0,In-store,2021,1,1,30.0
West Gear,1185732,2021-02-17,Midwest,Indiana,Indianapolis,Men's Athletic Footwear,38.0,50.0,190.0,105.0,Online,2021,2,1,55.26315789473685
West Gear,1185732,2021-10-11,West,Utah,Salt Lake City,Women's Apparel,25.0,140.0,350.0,189.0,Outlet,2021,10,4,54.0
West Gear,1128299,2021-06-17,South,Louisiana,New Orleans,Men's Athletic Footwear,70.0,700.0,49000.0,19600.0,Online,2021,6,2,40.0
Amazon,1185732,2021-10-15,South,Alabama,Birmingham,Women's Athletic Footwear,35.0,100.0,3500.0,1050.0,Outlet,2021,10,4,30.0
West Gear,1197831,2021-04-05,West,Idaho,Boise,Men's Street Footwear,15.0,215.0,323.0,135.0,Outlet,2021,4,2,41.795665634674926
West Gear,1128299,2021-12-16,South,Louisiana,New Orleans,Men's Street Footwear,46.0,272.0,1251.0,576.0,Outlet,2021,12,4,46.043165467625904
Sports Direct,1197831,2021-08-09,South,Alabama,Birmingham,Women's Street Footwear,26.0,136.0,354.0,156.0,Outlet,2021,8,3,44.06779661016949
Amazon,1185732,2021-10-30,Northeast,Maine,Portland,Men's Street Footwear,37.0,122.0,451.0,217.0,Online,2021,10,4,48.11529933481153
Foot Locker,1128299,2021-08-10,West,Hawaii,Honolulu,Men's Street Footwear,79.0,210.0,1659.0,614.0,Online,2021,8,3,37.01024713682941
Sports Direct,1185732,2021-04-09,Midwest,North Dakota,Fargo,Men's Athletic Footwear,30.0,150.0,4500.0,1350.0,Online,2021,4,2,30.0
West Gear,1185732,2021-12-09,Midwest,Ohio,Columbus,Women's Apparel,80.0,625.0,50000.0,25000.0,Online,2021,12,4,50.0
Sports Direct,1185732,2021-04-14,Northeast,Massachusetts,Boston,Men's Apparel,33.0,44.0,145.0,39.0,Outlet,2021,4,2,26.89655172413793
Sports Direct,1128299,2021-10-13,Southeast,Georgia,Atlanta,Men's Apparel,41.0,102.0,418.0,167.0,Outlet,2021,10,4,39.952153110047846
Sports Direct,1185732,2021-06-17,Midwest,Michigan,Detroit,Women's Athletic Footwear,43.0,158.0,679.0,326.0,Online,2021,6,2,48.01178203240059
Amazon,1185732,2021-06-12,Northeast,Vermont,Burlington,Women's Athletic Footwear,50.0,300.0,15000.0,5250.0,In-store,2021,6,2,35.0
Foot Locker,1185732,2021-06-15,Northeast,Delaware,Wilmington,Women's Apparel,56.0,135.0,756.0,401.0,Online,2021,6,2,53.042328042328045
Amazon,1185732,2021-05-20,West,Alaska,Anchorage,Men's Apparel,62.0,69.0,428.0,163.0,Online,2021,5,2,38.084112149532714
Amazon,1185732,2021-11-21,West,Alaska,Anchorage,Women's Street Footwear,59.0,93.0,549.0,214.0,Online,2021,11,4,38.97996357012751
Foot Locker,1197831,2021-11-13,Midwest,Kansas,Wichita,Men's Apparel,68.0,70.0,476.0,219.0,Online,2021,11,4,46.008403361344534
West Gear,1197831,2021-05-19,South,Oklahoma,Oklahoma City,Women's Athletic Footwear,35.0,225.0,7875.0,3150.0,Online,2021,5,2,40.0
Sports Direct,1197831,2021-04-27,South,Tennessee,Knoxville,Men's Street Footwear,40.0,209.0,836.0,418.0,Outlet,2021,4,2,50.0
Kohl's,1185732,2021-12-10,West,Wyoming,Cheyenne,Men's Street Footwear,52.0,224.0,1165.0,711.0,Online,2021,12,4,61.03004291845494
Sports Direct,1128299,2021-10-13,Southeast,Georgia,Atlanta,Men's Street Footwear,45.0,525.0,23625.0,9450.0,Online,2021,10,4,40.0
Kohl's,1128299,2021-02-26,West,New Mexico,Albuquerque,Women's Athletic Footwear,45.0,275.0,12375.0,4331.0,Online,2021,2,1,34.9979797979798
Foot Locker,1185732,2021-10-30,Northeast,Pennsylvania,Philadelphia,Women's Street Footwear,35.0,175.0,6125.0,2450.0,Outlet,2021,10,4,40.0
Walmart,1128299,2021-12-09,West,Hawaii,Honolulu,Men's Street Footwear,68.0,189.0,1285.0,514.0,Online,2021,12,4,40.0
Foot Locker,1128299,2021-02-23,West,Idaho,Boise,Women's Street Footwear,38.0,105.0,399.0,188.0,Online,2021,2,1,47.11779448621554
Foot Locker,1185732,2021-02-06,Midwest,North Dakota,Fargo,Men's Athletic Footwear,28.0,45.0,126.0,58.0,Online,2021,2,1,46.03174603174603
Kohl's,1185732,2021-05-06,Northeast,New Jersey,Newark,Women's Athletic Footwear,38.0,56.0,213.0,106.0,Online,2021,5,2,49.76525821596244
Sports Direct,1197831,2021-09-13,South,Texas,Dallas,Women's Athletic Footwear,43.0,174.0,748.0,412.0,Online,2021,9,3,55.080213903743314
Foot Locker,1185732,2021-01-12,Midwest,Kansas,Wichita,Women's Street Footwear,27.0,83.0,224.0,99.0,Online,2021,1,1,44.19642857142857
Kohl's,1189833,2021-01-23,Midwest,Montana,Billings,Women's Street Footwear,44.0,111.0,488.0,269.0,Online,2021,1,1,55.122950819672134
Foot Locker,1185732,2021-02-15,Northeast,Maryland,Baltimore,Men's Street Footwear,39.0,144.0,562.0,281.0,Online,2021,2,1,50.0
Kohl's,1189833,2021-05-22,West,California,Los Angeles,Women's Athletic Footwear,47.0,176.0,827.0,372.0,Online,2021,5,2,44.98186215235792
West Gear,1185732,2021-01-10,Midwest,Wisconsin,Milwaukee,Women's Athletic Footwear,28.0,44.0,123.0,59.0,Online,2021,1,1,47.96747967479675
Foot Locker,1185732,2021-06-22,Northeast,Maryland,Baltimore,Men's Apparel,50.0,150.0,7500.0,2250.0,In-store,2021,6,2,30.0
Foot Locker,1185732,2021-03-17,Midwest,Missouri,St. Louis,Men's Apparel,41.0,75.0,308.0,151.0,Online,2021,3,1,49.02597402597403
Foot Locker,1185732,2021-03-05,Southeast,South Carolina,Charleston,Women's Apparel,32.0,189.0,605.0,381.0,Online,2021,3,1,62.97520661157024
West Gear,1197831,2021-06-04,West,Idaho,Boise,Women's Athletic Footwear,33.0,187.0,617.0,302.0,Outlet,2021,6,2,48.946515397082656
Foot Locker,1185732,2021-07-06,Northeast,Rhode Island,Providence,Women's Apparel,50.0,116.0,580.0,290.0,Online,2021,7,3,50.0
Sports Direct,1197831,2021-08-01,Midwest,Nebraska,Omaha,Men's Street Footwear,19.0,203.0,386.0,204.0,Online,2021,8,3,52.84974093264248
West Gear,1185732,2021-02-10,Southeast,Florida,Orlando,Women's Street Footwear,23.0,204.0,469.0,150.0,Outlet,2021,2,1,31.982942430703627
West Gear,1185732,2021-07-09,Midwest,Indiana,Indianapolis,Men's Athletic Footwear,49.0,84.0,412.0,206.0,Online,2021,7,3,50.0
Amazon,1185732,2021-02-22,Midwest,Ohio,Columbus,Men's Street Footwear,38.0,138.0,524.0,278.0,Online,2021,2,1,53.05343511450382
Foot Locker,1128299,2021-03-09,West,Hawaii,Honolulu,Women's Apparel,50.0,85.0,425.0,234.0,Online,2021,3,1,55.05882352941176
Sports Direct,1128299,2021-07-12,Southeast,Georgia,Atlanta,Women's Apparel,51.0,157.0,801.0,232.0,Outlet,2021,7,3,28.963795255930087
Sports Direct,1197831,2021-04-30,South,Tennessee,Knoxville,Women's Athletic Footwear,53.0,100.0,530.0,371.0,Online,2021,4,2,70.0
Foot Locker,1197831,2021-02-04,West,Idaho,Boise,Women's Apparel,26.0,135.0,351.0,183.0,Outlet,2021,2,1,52.13675213675214
Foot Locker,1185732,2021-06-23,Midwest,Illinois,Chicago,Women's Apparel,50.0,225.0,11250.0,5625.0,Outlet,2021,6,2,50.0
West Gear,1185732,2021-03-10,West,Utah,Salt Lake City,Men's Street Footwear,20.0,228.0,456.0,196.0,Outlet,2021,3,1,42.98245614035088
Sports Direct,1185732,2021-06-04,Southeast,North Carolina,Charlotte,Women's Apparel,67.0,231.0,1548.0,929.0,Online,2021,6,2,60.012919896640824
Sports Direct,1185732,2021-02-04,Southeast,South Carolina,Charleston,Men's Street Footwear,34.0,263.0,894.0,447.0,Online,2021,2,1,50.0
Kohl's,1185732,2021-05-06,Northeast,New Jersey,Newark,Women's Apparel,55.0,350.0,19250.0,7700.0,In-store,2021,5,2,40.0
Amazon,1185732,2021-04-21,West,Alaska,Anchorage,Women's Athletic Footwear,50.0,150.0,7500.0,1875.0,Outlet,2021,4,2,25.0
West Gear,1128299,2021-04-17,South,Louisiana,New Orleans,Women's Street Footwear,40.0,120.0,480.0,202.0,Outlet,2021,4,2,42.083333333333336
Amazon,1185732,2021-06-11,Midwest,Ohio,Columbus,Women's Athletic Footwear,50.0,500.0,25000.0,10000.0,Online,2021,6,2,40.0
Foot Locker,1185732,2021-08-14,Northeast,Delaware,Wilmington,Men's Athletic Footwear,47.0,128.0,602.0,277.0,Online,2021,8,3,46.013289036544855
Foot Locker,1185732,2021-01-09,Southeast,Georgia,Atlanta,Women's Athletic Footwear,34.0,203.0,690.0,304.0,Online,2021,1,1,44.05797101449275
Sports Direct,1128299,2021-05-14,Southeast,Georgia,Atlanta,Men's Street Footwear,47.0,160.0,752.0,406.0,Online,2021,5,2,53.98936170212766
Foot Locker,1185732,2021-12-26,Northeast,Pennsylvania,Philadelphia,Women's Apparel,53.0,75.0,398.0,143.0,Outlet,2021,12,4,35.92964824120603
Sports Direct,1185732,2021-10-18,South,Mississippi,Jackson,Women's Apparel,27.0,162.0,437.0,236.0,Outlet,2021,10,4,54.004576659038904
Sports Direct,1128299,2021-12-23,Southeast,Virginia,Richmond,Women's Street Footwear,70.0,550.0,38500.0,13475.0,In-store,2021,12,4,35.0
Foot Locker,1197831,2021-02-04,South,Louisiana,New Orleans,Women's Street Footwear,35.0,425.0,14875.0,4463.0,Online,2021,2,1,30.003361344537815
West Gear,1185732,2021-08-10,Midwest,Indiana,Indianapolis,Men's Street Footwear,47.0,152.0,714.0,393.0,Online,2021,8,3,55.04201680672269
Kohl's,1128299,2021-10-26,West,New Mexico,Albuquerque,Men's Street Footwear,50.0,550.0,27500.0,9625.0,Online,2021,10,4,35.0
Sports Direct,1197831,2021-05-18,South,Tennessee,Knoxville,Women's Athletic Footwear,44.0,176.0,774.0,465.0,Outlet,2021,5,2,60.07751937984496
Foot Locker,1185732,2021-01-20,Southeast,Kentucky,Louisville,Women's Athletic Footwear,23.0,101.0,232.0,123.0,Online,2021,1,1,53.01724137931034
Amazon,1185732,2021-10-19,Northeast,Maine,Portland,Women's Street Footwear,52.0,31.0,161.0,89.0,Online,2021,10,4,55.27950310559007
Foot Locker,1185732,2021-01-09,Southeast,Georgia,Atlanta,Men's Athletic Footwear,30.0,256.0,768.0,307.0,Outlet,2021,1,1,39.97395833333333
Foot Locker,1185732,2021-08-04,Midwest,Illinois,Chicago,Women's Apparel,65.0,250.0,16250.0,8125.0,Outlet,2021,8,3,50.0
West Gear,1185732,2021-04-21,Northeast,Maryland,Baltimore,Men's Street Footwear,35.0,425.0,14875.0,5950.0,In-store,2021,4,2,40.0
West Gear,1185732,2021-02-17,Midwest,Indiana,Indianapolis,Women's Street Footwear,27.0,75.0,203.0,103.0,Online,2021,2,1,50.73891625615764
Sports Direct,1128299,2021-05-14,Southeast,Georgia,Atlanta,Men's Athletic Footwear,55.0,400.0,22000.0,8800.0,Online,2021,5,2,40.0
Kohl's,1128299,2021-04-26,West,New Mexico,Albuquerque,Men's Athletic Footwear,59.0,98.0,578.0,289.0,Online,2021,4,2,50.0
Foot Locker,1197831,2021-12-04,West,Idaho,Boise,Men's Athletic Footwear,41.0,240.0,984.0,453.0,Outlet,2021,12,4,46.03658536585366
Foot Locker,1185732,2021-08-06,Midwest,Iowa,Des Moines,Men's Athletic Footwear,42.0,78.0,328.0,151.0,Online,2021,8,3,46.03658536585366
West Gear,1185732,2021-05-04,Midwest,Wisconsin,Milwaukee,Men's Apparel,45.0,175.0,7875.0,3938.0,In-store,2021,5,2,50.00634920634921
Sports Direct,1128299,2021-12-25,West,New Mexico,Albuquerque,Men's Apparel,70.0,425.0,29750.0,8925.0,Online,2021,12,4,30.0
Foot Locker,1185732,2021-02-12,Midwest,Kansas,Wichita,Men's Street Footwear,37.0,158.0,585.0,292.0,Online,2021,2,1,49.914529914529915
West Gear,1128299,2021-01-15,West,California,San Francisco,Women's Athletic Footwear,46.0,247.0,1136.0,409.0,Outlet,2021,1,1,36.00352112676056
Sports Direct,1185732,2021-05-13,Northeast,Massachusetts,Boston,Women's Street Footwear,41.0,56.0,230.0,92.0,Online,2021,5,2,40.0
Sports Direct,1185732,2021-04-03,Southeast,North Carolina,Charlotte,Men's Athletic Footwear,30.0,575.0,17250.0,6038.0,Online,2021,4,2,35.00289855072464
Amazon,1185732,2021-11-14,Northeast,Maine,Portland,Women's Athletic Footwear,45.0,175.0,7875.0,2363.0,Outlet,2021,11,4,30.00634920634921
West Gear,1185732,2021-04-03,Midwest,Wisconsin,Milwaukee,Men's Athletic Footwear,20.0,150.0,3000.0,1050.0,In-store,2021,4,2,35.0
Kohl's,1128299,2021-08-26,West,New Mexico,Albuquerque,Men's Street Footwear,56.0,175.0,980.0,490.0,Online,2021,8,3,50.0
Sports Direct,1185732,2021-05-10,Midwest,North Dakota,Fargo,Men's Street Footwear,55.0,129.0,710.0,341.0,Online,2021,5,2,48.02816901408451
Foot Locker,1185732,2021-09-07,Midwest,Iowa,Des Moines,Women's Athletic Footwear,25.0,150.0,3750.0,1125.0,In-store,2021,9,3,30.0
West Gear,1197831,2021-10-21,South,Oklahoma,Oklahoma City,Women's Street Footwear,14.0,74.0,104.0,44.0,Outlet,2021,10,4,42.30769230769231
Sports Direct,1197831,2021-09-14,South,Texas,Dallas,Men's Apparel,50.0,500.0,25000.0,7500.0,Outlet,2021,9,3,30.0
Walmart,1197831,2021-05-19,South,Arkansas,Little Rock,Men's Athletic Footwear,38.0,113.0,429.0,215.0,Online,2021,5,2,50.116550116550115
Sports Direct,1197831,2021-08-17,South,Alabama,Birmingham,Men's Apparel,37.0,73.0,270.0,135.0,Online,2021,8,3,50.0
Foot Locker,1185732,2021-06-01,West,California,Los Angeles,Men's Athletic Footwear,31.0,91.0,282.0,116.0,Outlet,2021,6,2,41.13475177304964
Foot Locker,1128299,2021-06-23,West,Arizona,Phoenix,Men's Athletic Footwear,51.0,138.0,704.0,366.0,Online,2021,6,2,51.98863636363637
Foot Locker,1128299,2021-05-25,Southeast,Virginia,Richmond,Men's Street Footwear,50.0,500.0,25000.0,8750.0,In-store,2021,5,2,35.0
Sports Direct,1197831,2021-03-25,South,Tennessee,Knoxville,Women's Athletic Footwear,35.0,375.0,13125.0,6563.0,Outlet,2021,3,1,50.00380952380953
Kohl's,1189833,2021-05-11,West,California,Los Angeles,Men's Apparel,58.0,163.0,945.0,633.0,Online,2021,5,2,66.98412698412697
Kohl's,1189833,2021-05-29,West,California,Los Angeles,Men's Apparel,43.0,219.0,942.0,584.0,Outlet,2021,5,2,61.995753715498935
Amazon,1185732,2021-01-21,Northeast,Vermont,Burlington,Women's Apparel,35.0,101.0,354.0,141.0,Outlet,2021,1,1,39.83050847457627
Foot Locker,1185732,2021-11-04,Northeast,Connecticut,Hartford,Men's Street Footwear,60.0,111.0,666.0,333.0,Online,2021,11,4,50.0
West Gear,1185732,2021-06-11,West,Utah,Salt Lake City,Women's Street Footwear,19.0,115.0,219.0,107.0,Online,2021,6,2,48.858447488584474
Amazon,1185732,2021-05-09,Midwest,Ohio,Columbus,Men's Athletic Footwear,44.0,135.0,594.0,291.0,Online,2021,5,2,48.98989898989899
Sports Direct,1185732,2021-10-08,Northeast,Rhode Island,Providence,Women's Apparel,65.0,200.0,13000.0,5200.0,In-store,2021,10,4,40.0
Sports Direct,1197831,2021-04-25,South,Tennessee,Knoxville,Men's Apparel,49.0,133.0,652.0,345.0,Online,2021,4,2,52.91411042944786
Sports Direct,1197831,2021-05-03,South,Tennessee,Knoxville,Men's Street Footwear,33.0,173.0,571.0,325.0,Online,2021,5,2,56.91768826619965
Amazon,1185732,2021-02-22,West,Alaska,Anchorage,Women's Street Footwear,45.0,275.0,12375.0,3094.0,Outlet,2021,2,1,25.002020202020205
Amazon,1185732,2021-04-18,Northeast,New Hampshire,Manchester,Women's Apparel,50.0,325.0,16250.0,5688.0,In-store,2021,4,2,35.003076923076925
Kohl's,1185732,2021-01-10,Northeast,Delaware,Wilmington,Women's Apparel,35.0,275.0,9625.0,3850.0,In-store,2021,1,1,40.0
Walmart,1197831,2021-03-19,South,Arkansas,Little Rock,Women's Street Footwear,10.0,350.0,3500.0,1400.0,Online,2021,3,1,40.0
Foot Locker,1128299,2021-07-22,West,Arizona,Phoenix,Women's Street Footwear,55.0,475.0,26125.0,9144.0,Online,2021,7,3,35.000956937799046
Foot Locker,1185732,2021-08-12,Midwest,South Dakota,Sioux Falls,Women's Athletic Footwear,40.0,200.0,8000.0,2400.0,Online,2021,8,3,30.0
Sports Direct,1128299,2021-09-14,Southeast,Georgia,Atlanta,Women's Apparel,60.0,450.0,27000.0,6750.0,Online,2021,9,3,25.0
Sports Direct,1197831,2021-04-23,South,Tennessee,Knoxville,Women's Street Footwear,50.0,950.0,47500.0,21375.0,Outlet,2021,4,2,45.0
Sports Direct,1197831,2021-08-27,South,Alabama,Birmingham,Women's Street Footwear,15.0,173.0,260.0,145.0,Online,2021,8,3,55.769230769230774
Kohl's,1128299,2021-05-27,West,New Mexico,Albuquerque,Men's Street Footwear,55.0,575.0,31625.0,11069.0,Online,2021,5,2,35.00079051383399
Foot Locker,1185732,2021-01-06,Midwest,North Dakota,Fargo,Women's Apparel,28.0,75.0,210.0,109.0,Online,2021,1,1,51.90476190476191
Amazon,1185732,2021-11-21,West,Alaska,Anchorage,Women's Athletic Footwear,62.0,90.0,558.0,212.0,Online,2021,11,4,37.992831541218635
Kohl's,1189833,2021-04-21,West,California,Los Angeles,Women's Street Footwear,35.0,233.0,816.0,343.0,Outlet,2021,4,2,42.03431372549019
Foot Locker,1185732,2021-07-23,Midwest,Illinois,Chicago,Women's Apparel,55.0,250.0,13750.0,6875.0,Outlet,2021,7,3,50.0
Amazon,1185732,2021-08-18,Northeast,New Hampshire,Manchester,Men's Athletic Footwear,58.0,135.0,783.0,423.0,Online,2021,8,3,54.02298850574713
Sports Direct,1185732,2021-03-13,Northeast,Massachusetts,Boston,Women's Athletic Footwear,35.0,300.0,10500.0,2625.0,In-store,2021,3,1,25.0
Sports Direct,1197831,2021-03-19,South,Tennessee,Knoxville,Women's Athletic Footwear,33.0,108.0,356.0,214.0,Online,2021,3,1,60.1123595505618
Sports Direct,1197831,2021-08-20,South,Texas,Dallas,Women's Athletic Footwear,28.0,136.0,381.0,171.0,Outlet,2021,8,3,44.881889763779526
Sports Direct,1185732,2021-11-07,Northeast,New Jersey,Newark,Men's Street Footwear,59.0,108.0,637.0,306.0,Online,2021,11,4,48.037676609105176
Foot Locker,1128299,2021-08-24,Southeast,Virginia,Richmond,Women's Athletic Footwear,52.0,136.0,707.0,276.0,Outlet,2021,8,3,39.038189533239034
West Gear,1197831,2021-09-19,South,Oklahoma,Oklahoma City,Women's Street Footwear,14.0,69.0,97.0,49.0,Online,2021,9,3,50.51546391752577
Kohl's,1189833,2021-05-13,West,California,Los Angeles,Men's Street Footwear,49.0,224.0,1098.0,549.0,Online,2021,5,2,50.0
West Gear,1185732,2021-12-05,Midwest,Iowa,Des Moines,Men's Street Footwear,54.0,147.0,794.0,333.0,Online,2021,12,4,41.93954659949622
Kohl's,1197831,2021-10-21,South,Oklahoma,Oklahoma City,Women's Apparel,29.0,91.0,264.0,145.0,Online,2021,10,4,54.92424242424242
Amazon,1185732,2021-08-18,Northeast,New Hampshire,Manchester,Men's Apparel,65.0,250.0,16250.0,4875.0,Outlet,2021,8,3,30.0
West Gear,1185732,2021-04-17,Northeast,West Virginia,Charleston,Women's Athletic Footwear,25.0,47.0,118.0,61.0,Online,2021,4,2,51.69491525423729
Foot Locker,1185732,2021-03-13,Northeast,Delaware,Wilmington,Men's Street Footwear,40.0,545.0,21800.0,7630.0,In-store,2021,3,1,35.0
West Gear,1197831,2021-11-20,South,Arkansas,Little Rock,Women's Athletic Footwear,41.0,128.0,525.0,231.0,Outlet,2021,11,4,44.0
Foot Locker,1128299,2021-11-24,Southeast,Virginia,Richmond,Women's Athletic Footwear,52.0,113.0,588.0,282.0,Online,2021,11,4,47.95918367346938
Foot Locker,1185732,2021-03-17,Midwest,Missouri,St. Louis,Men's Apparel,45.0,250.0,11250.0,3938.0,In-store,2021,3,1,35.004444444444445
Walmart,1197831,2021-05-19,South,Arkansas,Little Rock,Men's Athletic Footwear,40.0,375.0,15000.0,5250.0,Online,2021,5,2,35.0
Foot Locker,1185732,2021-08-06,Midwest,Illinois,Chicago,Men's Athletic Footwear,50.0,300.0,15000.0,5250.0,Outlet,2021,8,3,35.0
Foot Locker,1185732,2021-07-11,Midwest,Nebraska,Omaha,Women's Athletic Footwear,19.0,23.0,44.0,23.0,Online,2021,7,3,52.27272727272727
West Gear,1197831,2021-04-05,West,Idaho,Boise,Women's Athletic Footwear,30.0,375.0,11250.0,5063.0,Online,2021,4,2,45.004444444444445
Kohl's,1185732,2021-04-07,Northeast,New Jersey,Newark,Men's Athletic Footwear,33.0,51.0,168.0,77.0,Online,2021,4,2,45.83333333333333
Sports Direct,1197831,2021-10-12,South,Texas,Dallas,Women's Street Footwear,65.0,650.0,42250.0,16900.0,Outlet,2021,10,4,40.0
Foot Locker,1185732,2021-02-12,Midwest,South Dakota,Sioux Falls,Women's Athletic Footwear,35.0,100.0,3500.0,1050.0,Online,2021,2,1,30.0
Foot Locker,1185732,2021-11-18,Midwest,Missouri,St. Louis,Women's Apparel,50.0,400.0,20000.0,10000.0,In-store,2021,11,4,50.0
Sports Direct,1197831,2021-09-14,South,Texas,Dallas,Men's Apparel,45.0,145.0,653.0,281.0,Online,2021,9,3,43.03215926493109
Sports Direct,1197831,2021-10-18,South,Texas,Dallas,Women's Street Footwear,46.0,239.0,1099.0,484.0,Outlet,2021,10,4,44.0400363967243
Kohl's,1189833,2021-04-17,West,California,Los Angeles,Men's Apparel,50.0,450.0,22500.0,12375.0,Outlet,2021,4,2,55.00000000000001
Amazon,1185732,2021-03-10,Northeast,Vermont,Burlington,Men's Street Footwear,44.0,142.0,625.0,375.0,Online,2021,3,1,60.0
Foot Locker,1128299,2021-02-23,West,Arizona,Phoenix,Women's Athletic Footwear,40.0,225.0,9000.0,3150.0,Online,2021,2,1,35.0
Sports Direct,1185732,2021-01-07,Northeast,New Jersey,Newark,Women's Athletic Footwear,33.0,42.0,139.0,61.0,Online,2021,1,1,43.884892086330936
West Gear,1128299,2021-09-25,West,Oregon,Portland,Women's Apparel,36.0,85.0,306.0,98.0,Outlet,2021,9,3,32.02614379084967
West Gear,1128299,2021-11-17,South,Louisiana,New Orleans,Men's Athletic Footwear,45.0,700.0,31500.0,12600.0,Online,2021,11,4,40.0
West Gear,1197831,2021-02-21,South,Arkansas,Little Rock,Men's Street Footwear,18.0,206.0,371.0,163.0,Outlet,2021,2,1,43.93530997304582
Sports Direct,1197831,2021-03-23,South,Tennessee,Knoxville,Men's Athletic Footwear,40.0,650.0,26000.0,10400.0,Outlet,2021,3,1,40.0
West Gear,1128299,2021-06-24,West,Oregon,Portland,Women's Athletic Footwear,74.0,158.0,1169.0,585.0,Online,2021,6,2,50.04277159965783
Kohl's,1189833,2021-05-01,West,California,Los Angeles,Men's Street Footwear,47.0,252.0,1184.0,616.0,Online,2021,5,2,52.02702702702703
Amazon,1185732,2021-11-18,Northeast,Maine,Portland,Women's Athletic Footwear,55.0,175.0,9625.0,2888.0,Outlet,2021,11,4,30.005194805194808
Foot Locker,1185732,2021-06-05,Midwest,Nebraska,Omaha,Women's Athletic Footwear,33.0,0.0,0.0,0.0,Online,2021,6,2,0.0
Amazon,1185732,2021-03-09,Midwest,Ohio,Columbus,Men's Athletic Footwear,27.0,126.0,340.0,153.0,Online,2021,3,1,45.0
Sports Direct,1185732,2021-06-15,Northeast,Massachusetts,Boston,Women's Apparel,47.0,120.0,564.0,197.0,Outlet,2021,6,2,34.9290780141844
Foot Locker,1185732,2021-02-08,Northeast,Connecticut,Hartford,Men's Athletic Footwear,24.0,41.0,98.0,38.0,Outlet,2021,2,1,38.775510204081634
Foot Locker,1197831,2021-08-08,West,Idaho,Boise,Women's Athletic Footwear,33.0,162.0,535.0,294.0,Outlet,2021,8,3,54.953271028037385
Sports Direct,1185732,2021-01-09,Midwest,South Dakota,Sioux Falls,Men's Street Footwear,33.0,128.0,422.0,190.0,Online,2021,1,1,45.023696682464454
Foot Locker,1185732,2021-12-21,Southeast,Kentucky,Louisville,Men's Street Footwear,65.0,525.0,34125.0,13650.0,Online,2021,12,4,40.0
Sports Direct,1128299,2021-03-16,Southeast,Florida,Orlando,Men's Apparel,61.0,44.0,268.0,89.0,Online,2021,3,1,33.2089552238806
Foot Locker,1185732,2021-02-22,Northeast,New Hampshire,Manchester,Men's Street Footwear,55.0,575.0,31625.0,11069.0,Outlet,2021,2,1,35.00079051383399
Sports Direct,1185732,2021-07-08,Midwest,North Dakota,Fargo,Women's Street Footwear,37.0,59.0,218.0,87.0,Online,2021,7,3,39.908256880733944
Sports Direct,1128299,2021-01-13,West,New Mexico,Albuquerque,Men's Athletic Footwear,40.0,450.0,18000.0,7200.0,Online,2021,1,1,40.0
Foot Locker,1185732,2021-02-22,Northeast,West Virginia,Charleston,Men's Street Footwear,32.0,138.0,442.0,234.0,Online,2021,2,1,52.94117647058824
Foot Locker,1185732,2021-04-17,South,Mississippi,Jackson,Women's Apparel,28.0,124.0,347.0,212.0,Online,2021,4,2,61.09510086455331
West Gear,1185732,2021-04-11,West,Utah,Salt Lake City,Men's Street Footwear,20.0,194.0,388.0,178.0,Outlet,2021,4,2,45.876288659793815
Sports Direct,1197831,2021-08-26,South,Alabama,Birmingham,Men's Athletic Footwear,19.0,189.0,359.0,212.0,Online,2021,8,3,59.05292479108635
West Gear,1185732,2021-06-11,West,Utah,Salt Lake City,Women's Athletic Footwear,13.0,132.0,172.0,74.0,Outlet,2021,6,2,43.02325581395349
Sports Direct,1197831,2021-08-16,South,Alabama,Birmingham,Women's Athletic Footwear,35.0,350.0,12250.0,6738.0,Outlet,2021,8,3,55.004081632653055
Walmart,1197831,2021-08-20,South,Arkansas,Little Rock,Women's Athletic Footwear,29.0,132.0,383.0,172.0,Outlet,2021,8,3,44.90861618798956
Sports Direct,1128299,2021-01-13,West,New Mexico,Albuquerque,Women's Athletic Footwear,39.0,75.0,293.0,146.0,Online,2021,1,1,49.829351535836174
West Gear,1185732,2021-05-11,Midwest,Indiana,Indianapolis,Men's Apparel,44.0,58.0,255.0,115.0,Online,2021,5,2,45.09803921568628
West Gear,1128299,2021-01-28,West,California,San Francisco,Men's Apparel,43.0,225.0,968.0,464.0,Outlet,2021,1,1,47.93388429752066
Foot Locker,1185732,2021-12-07,Northeast,Pennsylvania,Philadelphia,Men's Apparel,65.0,175.0,11375.0,3981.0,Outlet,2021,12,4,34.997802197802194
Foot Locker,1185732,2021-07-17,Midwest,Missouri,St. Louis,Women's Athletic Footwear,29.0,101.0,293.0,155.0,Online,2021,7,3,52.901023890784984
Foot Locker,1185732,2021-11-26,Northeast,Pennsylvania,Philadelphia,Women's Apparel,52.0,105.0,546.0,191.0,Outlet,2021,11,4,34.98168498168498
Foot Locker,1185732,2021-05-13,Midwest,South Dakota,Sioux Falls,Women's Apparel,60.0,250.0,15000.0,6000.0,Online,2021,5,2,40.0
Walmart,1128299,2021-04-17,Southeast,Florida,Orlando,Men's Street Footwear,47.0,171.0,804.0,289.0,Outlet,2021,4,2,35.9452736318408
Foot Locker,1185732,2021-05-06,Northeast,Rhode Island,Providence,Women's Apparel,55.0,300.0,16500.0,6600.0,In-store,2021,5,2,40.0
Sports Direct,1197831,2021-09-15,South,Texas,Dallas,Women's Apparel,55.0,875.0,48125.0,24063.0,Outlet,2021,9,3,50.00103896103896
Sports Direct,1197831,2021-09-17,South,Texas,Dallas,Men's Athletic Footwear,48.0,215.0,1032.0,557.0,Online,2021,9,3,53.97286821705426
Kohl's,1189833,2021-04-15,West,California,Los Angeles,Women's Street Footwear,45.0,163.0,734.0,381.0,Online,2021,4,2,51.90735694822888
Sports Direct,1197831,2021-08-17,South,Texas,Dallas,Men's Street Footwear,19.0,230.0,437.0,140.0,Outlet,2021,8,3,32.036613272311214
Amazon,1185732,2021-08-21,West,Alaska,Anchorage,Women's Apparel,67.0,104.0,697.0,293.0,Online,2021,8,3,42.03730272596843
Sports Direct,1185732,2021-04-09,Midwest,North Dakota,Fargo,Women's Apparel,50.0,225.0,11250.0,4500.0,In-store,2021,4,2,40.0
Sports Direct,1185732,2021-09-15,Midwest,Michigan,Detroit,Women's Athletic Footwear,35.0,475.0,16625.0,5819.0,In-store,2021,9,3,35.001503759398496
Foot Locker,1185732,2021-05-16,South,Mississippi,Jackson,Women's Street Footwear,35.0,425.0,14875.0,5950.0,Online,2021,5,2,40.0
Kohl's,1128299,2021-01-26,West,Arizona,Phoenix,Women's Apparel,45.0,475.0,21375.0,5344.0,Online,2021,1,1,25.001169590643276
Amazon,1185732,2021-07-09,Midwest,Ohio,Columbus,Men's Street Footwear,63.0,252.0,1588.0,826.0,Online,2021,7,3,52.015113350125944
Foot Locker,1128299,2021-05-24,West,Arizona,Phoenix,Men's Athletic Footwear,36.0,116.0,418.0,175.0,Outlet,2021,5,2,41.866028708133975
Sports Direct,1197831,2021-04-14,South,Tennessee,Knoxville,Women's Apparel,37.0,306.0,1132.0,668.0,Outlet,2021,4,2,59.01060070671378
Sports Direct,1185732,2021-09-02,Southeast,North Carolina,Charlotte,Women's Street Footwear,28.0,175.0,490.0,250.0,Online,2021,9,3,51.02040816326531
Walmart,1128299,2021-11-17,Southeast,Florida,Orlando,Men's Athletic Footwear,54.0,175.0,945.0,359.0,Online,2021,11,4,37.98941798941799
Amazon,1185732,2021-03-10,Northeast,Vermont,Burlington,Men's Athletic Footwear,42.0,70.0,294.0,168.0,Online,2021,3,1,57.14285714285714
West Gear,1185732,2021-01-17,Midwest,Indiana,Indianapolis,Women's Street Footwear,25.0,300.0,7500.0,3000.0,In-store,2021,1,1,40.0
Sports Direct,1197831,2021-09-26,South,Texas,Dallas,Men's Apparel,53.0,142.0,753.0,361.0,Online,2021,9,3,47.941567065073045
Foot Locker,1185732,2021-06-30,Midwest,Nebraska,Omaha,Men's Apparel,41.0,44.0,180.0,88.0,Online,2021,6,2,48.888888888888886
Walmart,1128299,2021-09-11,West,Hawaii,Honolulu,Women's Athletic Footwear,65.0,325.0,21125.0,5281.0,Outlet,2021,9,3,24.99881656804734
Walmart,1197831,2021-07-19,South,Arkansas,Little Rock,Men's Apparel,40.0,149.0,596.0,238.0,Outlet,2021,7,3,39.93288590604027
Kohl's,1185732,2021-12-08,Northeast,New York,Albany,Women's Athletic Footwear,55.0,575.0,31625.0,9488.0,In-store,2021,12,4,30.001581027667985
Amazon,1185732,2021-02-11,Midwest,Ohio,Columbus,Women's Athletic Footwear,29.0,101.0,293.0,146.0,Online,2021,2,1,49.829351535836174
Kohl's,1185732,2021-04-11,West,Wyoming,Cheyenne,Men's Apparel,50.0,425.0,21250.0,6375.0,In-store,2021,4,2,30.0
Foot Locker,1197831,2021-12-04,West,Idaho,Boise,Women's Apparel,60.0,196.0,1176.0,811.0,Online,2021,12,4,68.9625850340136
Sports Direct,1185732,2021-01-07,Northeast,New Jersey,Newark,Men's Athletic Footwear,37.0,87.0,322.0,167.0,Online,2021,1,1,51.86335403726709
Walmart,1197831,2021-03-19,South,Arkansas,Little Rock,Women's Apparel,25.0,350.0,8750.0,3500.0,Online,2021,3,1,40.0
Foot Locker,1185732,2021-06-20,Midwest,Nebraska,Omaha,Men's Street Footwear,40.0,400.0,16000.0,6400.0,Outlet,2021,6,2,40.0
Foot Locker,1185732,2021-10-27,Northeast,Pennsylvania,Philadelphia,Women's Apparel,32.0,70.0,224.0,76.0,Outlet,2021,10,4,33.92857142857143
Kohl's,1128299,2021-03-25,West,New Mexico,Albuquerque,Men's Street Footwear,45.0,550.0,24750.0,8663.0,Online,2021,3,1,35.0020202020202
Foot Locker,1185732,2021-04-07,Northeast,Rhode Island,Providence,Men's Apparel,44.0,15.0,66.0,26.0,Online,2021,4,2,39.39393939393939
Kohl's,1189833,2021-04-10,West,California,Los Angeles,Women's Athletic Footwear,31.0,173.0,536.0,204.0,Outlet,2021,4,2,38.059701492537314
Sports Direct,1197831,2021-05-14,South,Tennessee,Knoxville,Women's Apparel,65.0,650.0,42250.0,25350.0,Outlet,2021,5,2,60.0
West Gear,1197831,2021-11-20,South,Arkansas,Little Rock,Men's Street Footwear,24.0,143.0,343.0,172.0,Online,2021,11,4,50.14577259475219
West Gear,1197831,2021-05-05,West,Idaho,Boise,Men's Apparel,50.0,400.0,20000.0,6000.0,Online,2021,5,2,30.0
Foot Locker,1185732,2021-07-16,South,Mississippi,Jackson,Men's Street Footwear,60.0,850.0,51000.0,20400.0,Online,2021,7,3,40.0
West Gear,1128299,2021-08-24,West,Oregon,Portland,Women's Street Footwear,50.0,215.0,1075.0,430.0,Outlet,2021,8,3,40.0
Amazon,1185732,2021-06-11,Midwest,Ohio,Columbus,Men's Athletic Footwear,45.0,550.0,24750.0,8663.0,Online,2021,6,2,35.0020202020202
Walmart,1128299,2021-05-18,Southeast,Florida,Orlando,Women's Athletic Footwear,39.0,107.0,417.0,142.0,Outlet,2021,5,2,34.05275779376499
Sports Direct,1128299,2021-01-13,West,New Mexico,Albuquerque,Men's Apparel,41.0,63.0,258.0,116.0,Online,2021,1,1,44.96124031007752
West Gear,1197831,2021-05-05,West,Idaho,Boise,Women's Street Footwear,18.0,184.0,331.0,129.0,Outlet,2021,5,2,38.972809667673715
Foot Locker,1185732,2021-11-30,Northeast,Pennsylvania,Philadelphia,Women's Athletic Footwear,55.0,175.0,9625.0,3850.0,Outlet,2021,11,4,40.0
West Gear,1185732,2021-08-11,West,Utah,Salt Lake City,Men's Athletic Footwear,28.0,179.0,501.0,211.0,Outlet,2021,8,3,42.115768463073856
West Gear,1197831,2021-08-20,South,Oklahoma,Oklahoma City,Women's Street Footwear,50.0,375.0,18750.0,7500.0,Online,2021,8,3,40.0
Kohl's,1189833,2021-02-17,West,California,San Francisco,Men's Street Footwear,26.0,224.0,582.0,250.0,Outlet,2021,2,1,42.955326460481096
Foot Locker,1185732,2021-06-18,South,Mississippi,Jackson,Men's Apparel,57.0,135.0,770.0,346.0,Online,2021,6,2,44.935064935064936
Sports Direct,1197831,2021-08-28,South,Alabama,Birmingham,Women's Athletic Footwear,26.0,165.0,429.0,262.0,Outlet,2021,8,3,61.07226107226107
Kohl's,1189833,2021-03-17,West,California,Los Angeles,Men's Apparel,46.0,113.0,520.0,353.0,Online,2021,3,1,67.88461538461539
Foot Locker,1185732,2021-07-18,Midwest,Nebraska,Omaha,Men's Apparel,40.0,25.0,1000.0,350.0,Outlet,2021,7,3,35.0
Kohl's,1189833,2021-04-28,West,California,Los Angeles,Women's Athletic Footwear,44.0,189.0,832.0,399.0,Online,2021,4,2,47.956730769230774
Foot Locker,1185732,2021-03-11,Midwest,South Dakota,Sioux Falls,Men's Street Footwear,39.0,124.0,484.0,237.0,Online,2021,3,1,48.96694214876033
Amazon,1185732,2021-01-22,Midwest,Ohio,Columbus,Women's Athletic Footwear,34.0,42.0,143.0,71.0,Online,2021,1,1,49.65034965034965
Kohl's,1189833,2021-05-28,West,California,Los Angeles,Women's Athletic Footwear,35.0,224.0,784.0,314.0,Outlet,2021,5,2,40.05102040816326
Amazon,1185732,2021-12-24,Northeast,Maine,Portland,Women's Athletic Footwear,45.0,175.0,7875.0,2363.0,Outlet,2021,12,4,30.00634920634921
Foot Locker,1185732,2021-11-22,Northeast,Pennsylvania,Philadelphia,Men's Athletic Footwear,60.0,250.0,15000.0,5250.0,Outlet,2021,11,4,35.0
Sports Direct,1128299,2021-12-25,West,New Mexico,Albuquerque,Men's Apparel,64.0,119.0,762.0,343.0,Online,2021,12,4,45.01312335958006
Foot Locker,1128299,2021-10-24,Southeast,Virginia,Richmond,Women's Athletic Footwear,41.0,98.0,402.0,197.0,Online,2021,10,4,49.004975124378106
Sports Direct,1185732,2021-09-10,Midwest,North Dakota,Fargo,Men's Apparel,40.0,150.0,6000.0,2100.0,In-store,2021,9,3,35.0
Foot Locker,1185732,2021-11-21,Northeast,Maryland,Baltimore,Men's Apparel,60.0,125.0,7500.0,2250.0,In-store,2021,11,4,30.0
Foot Locker,1185732,2021-04-06,Midwest,Iowa,Des Moines,Men's Street Footwear,20.0,124.0,248.0,112.0,Online,2021,4,2,45.16129032258064
Amazon,1185732,2021-04-18,Northeast,New Hampshire,Manchester,Women's Street Footwear,38.0,73.0,277.0,122.0,Online,2021,4,2,44.04332129963899
Foot Locker,1185732,2021-12-18,Northeast,Pennsylvania,Philadelphia,Women's Athletic Footwear,50.0,100.0,5000.0,1750.0,Outlet,2021,12,4,35.0
Sports Direct,1185732,2021-12-11,Midwest,South Dakota,Sioux Falls,Women's Street Footwear,45.0,73.0,329.0,138.0,Online,2021,12,4,41.94528875379939
Sports Direct,1185732,2021-04-09,Midwest,North Dakota,Fargo,Men's Street Footwear,30.0,450.0,13500.0,4725.0,Online,2021,4,2,35.0
Kohl's,1128299,2021-03-25,West,New Mexico,Albuquerque,Women's Athletic Footwear,50.0,83.0,415.0,191.0,Online,2021,3,1,46.024096385542165
Foot Locker,1128299,2021-02-23,West,Arizona,Phoenix,Men's Apparel,36.0,51.0,184.0,68.0,Outlet,2021,2,1,36.95652173913043
West Gear,1128299,2021-10-24,West,Oregon,Portland,Women's Apparel,60.0,350.0,21000.0,6300.0,In-store,2021,10,4,30.0
Kohl's,1189833,2021-02-25,Midwest,Montana,Billings,Women's Apparel,58.0,108.0,626.0,244.0,Online,2021,2,1,38.977635782747605
Foot Locker,1185732,2021-11-27,Northeast,Pennsylvania,Philadelphia,Men's Street Footwear,60.0,145.0,870.0,583.0,Online,2021,11,4,67.01149425287356
Amazon,1185732,2021-05-23,Southeast,Kentucky,Louisville,Men's Apparel,50.0,150.0,7500.0,2625.0,Online,2021,5,2,35.0
Walmart,1128299,2021-04-17,Southeast,Florida,Orlando,Women's Apparel,72.0,109.0,785.0,471.0,Online,2021,4,2,60.0
Walmart,1128299,2021-11-10,West,Hawaii,Honolulu,Men's Street Footwear,51.0,158.0,806.0,298.0,Online,2021,11,4,36.972704714640194
West Gear,1185732,2021-06-11,West,Utah,Salt Lake City,Women's Street Footwear,20.0,425.0,8500.0,2975.0,In-store,2021,6,2,35.0
Foot Locker,1185732,2021-11-04,Northeast,Connecticut,Hartford,Men's Athletic Footwear,51.0,84.0,428.0,223.0,Online,2021,11,4,52.10280373831776
Amazon,1185732,2021-08-21,West,Alaska,Anchorage,Men's Athletic Footwear,60.0,425.0,25500.0,8925.0,Outlet,2021,8,3,35.0
Amazon,1185732,2021-08-10,Midwest,Ohio,Columbus,Men's Street Footwear,61.0,228.0,1391.0,695.0,Online,2021,8,3,49.96405463695183
West Gear,1128299,2021-07-23,West,Oregon,Portland,Women's Apparel,105.0,600.0,63000.0,18900.0,In-store,2021,7,3,30.0
Foot Locker,1197831,2021-11-13,Midwest,Kansas,Wichita,Women's Street Footwear,25.0,220.0,5500.0,1925.0,Online,2021,11,4,35.0
West Gear,1197831,2021-11-20,South,Arkansas,Little Rock,Men's Athletic Footwear,15.0,375.0,5625.0,1969.0,Online,2021,11,4,35.004444444444445
Foot Locker,1185732,2021-09-06,Northeast,Rhode Island,Providence,Women's Apparel,52.0,58.0,302.0,154.0,Online,2021,9,3,50.993377483443716
Sports Direct,1197831,2021-08-28,South,Texas,Dallas,Women's Apparel,35.0,450.0,15750.0,7875.0,Outlet,2021,8,3,50.0
West Gear,1185732,2021-04-10,Midwest,Indiana,Indianapolis,Men's Apparel,65.0,150.0,9750.0,2925.0,In-store,2021,4,2,30.0
Sports Direct,1197831,2021-05-08,South,Tennessee,Knoxville,Women's Apparel,45.0,525.0,23625.0,14175.0,Outlet,2021,5,2,60.0
Foot Locker,1185732,2021-06-18,South,Mississippi,Jackson,Women's Apparel,51.0,219.0,1117.0,592.0,Outlet,2021,6,2,52.99910474485229
Foot Locker,1128299,2021-01-23,West,Idaho,Boise,Women's Street Footwear,37.0,106.0,392.0,192.0,Online,2021,1,1,48.97959183673469
Foot Locker,1185732,2021-01-17,Northeast,Maryland,Baltimore,Women's Apparel,40.0,325.0,13000.0,5200.0,In-store,2021,1,1,40.0
Foot Locker,1185732,2021-12-20,Northeast,Maryland,Baltimore,Men's Street Footwear,60.0,450.0,27000.0,10800.0,In-store,2021,12,4,40.0
West Gear,1185732,2021-08-11,West,Utah,Salt Lake City,Men's Street Footwear,27.0,248.0,670.0,315.0,Outlet,2021,8,3,47.01492537313433
Foot Locker,1185732,2021-10-07,Southeast,South Carolina,Charleston,Women's Apparel,60.0,775.0,46500.0,23250.0,Online,2021,10,4,50.0
West Gear,1185732,2021-11-11,West,Utah,Salt Lake City,Men's Athletic Footwear,14.0,136.0,190.0,74.0,Outlet,2021,11,4,38.94736842105263
Walmart,1128299,2021-09-11,West,Hawaii,Honolulu,Women's Apparel,60.0,375.0,22500.0,9000.0,Outlet,2021,9,3,40.0
Kohl's,1189833,2021-03-13,West,California,Los Angeles,Men's Street Footwear,35.0,750.0,26250.0,10500.0,Outlet,2021,3,1,40.0
Foot Locker,1185732,2021-12-21,Southeast,Kentucky,Louisville,Women's Street Footwear,51.0,74.0,377.0,208.0,Online,2021,12,4,55.172413793103445
Sports Direct,1197831,2021-08-19,South,Alabama,Birmingham,Men's Street Footwear,19.0,195.0,371.0,215.0,Online,2021,8,3,57.95148247978437
West Gear,1128299,2021-02-17,South,Louisiana,New Orleans,Women's Athletic Footwear,33.0,75.0,248.0,116.0,Outlet,2021,2,1,46.774193548387096
Kohl's,1185732,2021-03-10,West,Wyoming,Cheyenne,Women's Apparel,37.0,165.0,611.0,226.0,Online,2021,3,1,36.98854337152209
Foot Locker,1185732,2021-10-28,Northeast,Pennsylvania,Philadelphia,Men's Street Footwear,32.0,166.0,531.0,319.0,Outlet,2021,10,4,60.075329566855
Sports Direct,1197831,2021-08-02,Midwest,Nebraska,Omaha,Men's Athletic Footwear,29.0,196.0,568.0,307.0,Online,2021,8,3,54.04929577464789
Foot Locker,1185732,2021-11-11,Northeast,Pennsylvania,Philadelphia,Women's Street Footwear,40.0,150.0,6000.0,2100.0,Outlet,2021,11,4,35.0
Sports Direct,1128299,2021-11-13,Southeast,Georgia,Atlanta,Men's Apparel,60.0,102.0,612.0,288.0,Online,2021,11,4,47.05882352941176
Amazon,1185732,2021-05-23,Southeast,Kentucky,Louisville,Men's Street Footwear,50.0,520.0,26000.0,10400.0,Online,2021,5,2,40.0
Foot Locker,1185732,2021-11-17,Northeast,West Virginia,Charleston,Women's Street Footwear,35.0,295.0,10325.0,4130.0,In-store,2021,11,4,40.0
Walmart,1185732,2021-07-16,South,Mississippi,Jackson,Men's Apparel,59.0,150.0,885.0,425.0,Online,2021,7,3,48.0225988700565
Amazon,1185732,2021-02-19,Northeast,Vermont,Burlington,Men's Athletic Footwear,50.0,250.0,12500.0,5000.0,In-store,2021,2,1,40.0
Foot Locker,1185732,2021-07-05,Midwest,Iowa,Des Moines,Women's Athletic Footwear,37.0,47.0,174.0,71.0,Online,2021,7,3,40.804597701149426
Foot Locker,1185732,2021-11-05,Northeast,Pennsylvania,Philadelphia,Women's Street Footwear,36.0,51.0,184.0,99.0,Online,2021,11,4,53.80434782608695
Sports Direct,1197831,2021-09-08,South,Texas,Dallas,Men's Apparel,38.0,153.0,581.0,209.0,Outlet,2021,9,3,35.9724612736661
Sports Direct,1185732,2021-12-06,Northeast,Rhode Island,Providence,Men's Athletic Footwear,37.0,102.0,377.0,140.0,Outlet,2021,12,4,37.13527851458886
Amazon,1185732,2021-12-10,Northeast,Vermont,Burlington,Men's Apparel,70.0,325.0,22750.0,7963.0,In-store,2021,12,4,35.002197802197806
Sports Direct,1185732,2021-05-15,Midwest,Michigan,Detroit,Men's Apparel,52.0,124.0,645.0,342.0,Online,2021,5,2,53.02325581395348
Foot Locker,1185732,2021-06-22,Midwest,Illinois,Chicago,Men's Apparel,60.0,100.0,6000.0,2100.0,Outlet,2021,6,2,35.0
West Gear,1185732,2021-09-08,Northeast,New York,Albany,Women's Apparel,59.0,156.0,920.0,552.0,Online,2021,9,3,60.0
West Gear,1128299,2021-11-24,West,Oregon,Portland,Women's Athletic Footwear,39.0,149.0,581.0,238.0,Outlet,2021,11,4,40.963855421686745
West Gear,1185732,2021-12-10,West,Utah,Salt Lake City,Men's Athletic Footwear,28.0,145.0,406.0,199.0,Online,2021,12,4,49.01477832512315
Foot Locker,1128299,2021-07-22,West,Arizona,Phoenix,Men's Athletic Footwear,55.0,525.0,28875.0,11550.0,Online,2021,7,3,40.0
West Gear,1185732,2021-04-11,West,Utah,Salt Lake City,Women's Apparel,25.0,400.0,10000.0,5000.0,In-store,2021,4,2,50.0
Sports Direct,1185732,2021-02-09,Midwest,South Dakota,Sioux Falls,Women's Street Footwear,24.0,68.0,163.0,69.0,Online,2021,2,1,42.331288343558285
Foot Locker,1128299,2021-09-25,Southeast,Virginia,Richmond,Men's Street Footwear,46.0,113.0,520.0,260.0,Online,2021,9,3,50.0
West Gear,1185732,2021-10-10,Northeast,New York,Albany,Men's Apparel,59.0,150.0,885.0,416.0,Online,2021,10,4,47.005649717514125
Foot Locker,1185732,2021-11-04,Northeast,Pennsylvania,Philadelphia,Men's Athletic Footwear,33.0,53.0,175.0,65.0,Outlet,2021,11,4,37.142857142857146
West Gear,1185732,2021-01-10,Midwest,Wisconsin,Milwaukee,Women's Apparel,35.0,300.0,10500.0,4200.0,In-store,2021,1,1,40.0
West Gear,1185732,2021-04-10,Midwest,Indiana,Indianapolis,Women's Street Footwear,14.0,52.0,73.0,36.0,Online,2021,4,2,49.31506849315068
West Gear,1185732,2021-12-09,Midwest,Indiana,Indianapolis,Men's Apparel,60.0,300.0,18000.0,5400.0,In-store,2021,12,4,30.0
Sports Direct,1185732,2021-02-15,Northeast,Massachusetts,Boston,Women's Apparel,40.0,250.0,10000.0,3000.0,In-store,2021,2,1,30.0
Kohl's,1197831,2021-04-13,Midwest,Kansas,Wichita,Women's Athletic Footwear,19.0,35.0,67.0,30.0,Online,2021,4,2,44.776119402985074
Sports Direct,1128299,2021-03-16,Southeast,Florida,Orlando,Women's Street Footwear,59.0,115.0,679.0,292.0,Online,2021,3,1,43.004418262150224
Foot Locker,1185732,2021-05-06,Northeast,Rhode Island,Providence,Women's Apparel,36.0,93.0,335.0,147.0,Outlet,2021,5,2,43.88059701492537
Foot Locker,1185732,2021-05-16,South,Mississippi,Jackson,Women's Apparel,35.0,150.0,525.0,294.0,Outlet,2021,5,2,56.00000000000001
West Gear,1185732,2021-04-17,Northeast,West Virginia,Charleston,Men's Street Footwear,27.0,143.0,386.0,197.0,Online,2021,4,2,51.03626943005182
Walmart,1185732,2021-08-17,South,Mississippi,Jackson,Men's Athletic Footwear,55.0,600.0,33000.0,11550.0,Online,2021,8,3,35.0
Sports Direct,1197831,2021-09-05,West,Idaho,Boise,Women's Apparel,36.0,200.0,720.0,418.0,Outlet,2021,9,3,58.05555555555556
Amazon,1185732,2021-12-10,Northeast,Vermont,Burlington,Men's Athletic Footwear,60.0,400.0,24000.0,10800.0,In-store,2021,12,4,45.0
Kohl's,1185732,2021-05-06,Northeast,New Jersey,Newark,Women's Street Footwear,38.0,75.0,285.0,143.0,Online,2021,5,2,50.175438596491226
Foot Locker,1197831,2021-02-04,South,Louisiana,New Orleans,Men's Athletic Footwear,35.0,600.0,21000.0,6300.0,Online,2021,2,1,30.0
Foot Locker,1185732,2021-10-08,Northeast,Rhode Island,Providence,Women's Street Footwear,50.0,100.0,5000.0,2000.0,In-store,2021,10,4,40.0
Amazon,1185732,2021-07-09,Midwest,Ohio,Columbus,Women's Apparel,69.0,181.0,1249.0,787.0,Online,2021,7,3,63.01040832666133
Kohl's,1189833,2021-02-13,Midwest,Montana,Billings,Women's Apparel,60.0,400.0,24000.0,6000.0,Outlet,2021,2,1,25.0
Kohl's,1189833,2021-01-07,Midwest,Montana,Billings,Men's Apparel,50.0,225.0,11250.0,6750.0,Outlet,2021,1,1,60.0
Foot Locker,1185732,2021-09-19,Midwest,Missouri,St. Louis,Men's Athletic Footwear,28.0,100.0,280.0,132.0,Online,2021,9,3,47.14285714285714
Kohl's,1185732,2021-08-07,Northeast,New Jersey,Newark,Men's Apparel,46.0,46.0,212.0,91.0,Online,2021,8,3,42.924528301886795
Foot Locker,1185732,2021-07-22,Midwest,Illinois,Chicago,Men's Apparel,50.0,175.0,8750.0,3063.0,Outlet,2021,7,3,35.005714285714284
Kohl's,1189833,2021-04-23,West,California,Los Angeles,Men's Apparel,50.0,500.0,25000.0,13750.0,Outlet,2021,4,2,55.00000000000001
Kohl's,1128299,2021-02-26,West,Arizona,Phoenix,Men's Athletic Footwear,36.0,136.0,490.0,230.0,Outlet,2021,2,1,46.93877551020408
Foot Locker,1185732,2021-08-06,Southeast,South Carolina,Charleston,Women's Street Footwear,55.0,825.0,45375.0,11344.0,Online,2021,8,3,25.00055096418733
West Gear,1185732,2021-03-20,Northeast,Maryland,Baltimore,Men's Apparel,43.0,22.0,95.0,41.0,Online,2021,3,1,43.15789473684211
Foot Locker,1128299,2021-07-22,West,Arizona,Phoenix,Women's Athletic Footwear,48.0,101.0,485.0,218.0,Online,2021,7,3,44.948453608247426
Walmart,1197831,2021-06-21,South,Arkansas,Little Rock,Women's Athletic Footwear,40.0,375.0,15000.0,6000.0,Online,2021,6,2,40.0
Foot Locker,1128299,2021-03-09,West,Hawaii,Honolulu,Women's Athletic Footwear,55.0,275.0,15125.0,3781.0,Outlet,2021,3,1,24.998347107438015
Sports Direct,1197831,2021-04-30,South,Tennessee,Knoxville,Women's Athletic Footwear,40.0,136.0,544.0,310.0,Outlet,2021,4,2,56.98529411764706
Sports Direct,1185732,2021-12-06,Northeast,Rhode Island,Providence,Men's Apparel,56.0,68.0,381.0,164.0,Online,2021,12,4,43.044619422572175
Foot Locker,1185732,2021-12-05,Southeast,South Carolina,Charleston,Men's Athletic Footwear,60.0,875.0,52500.0,18375.0,Online,2021,12,4,35.0
Foot Locker,1197831,2021-03-06,West,Idaho,Boise,Men's Athletic Footwear,40.0,625.0,25000.0,8750.0,Online,2021,3,1,35.0
Sports Direct,1185732,2021-02-09,Midwest,North Dakota,Fargo,Women's Athletic Footwear,30.0,100.0,3000.0,900.0,Online,2021,2,1,30.0
West Gear,1197831,2021-08-20,South,Oklahoma,Oklahoma City,Women's Apparel,50.0,124.0,620.0,322.0,Online,2021,8,3,51.935483870967744
Foot Locker,1185732,2021-08-06,Midwest,Iowa,Des Moines,Women's Athletic Footwear,37.0,54.0,200.0,82.0,Online,2021,8,3,41.0
Kohl's,1185732,2021-11-14,Northeast,Delaware,Wilmington,Men's Street Footwear,60.0,135.0,810.0,381.0,Online,2021,11,4,47.03703703703704
Foot Locker,1128299,2021-12-16,South,Louisiana,New Orleans,Women's Street Footwear,53.0,192.0,1018.0,438.0,Outlet,2021,12,4,43.02554027504912
Kohl's,1128299,2021-03-25,West,New Mexico,Albuquerque,Men's Apparel,41.0,53.0,217.0,70.0,Outlet,2021,3,1,32.25806451612903
West Gear,1128299,2021-12-16,Southeast,Florida,Orlando,Women's Street Footwear,64.0,204.0,1306.0,431.0,Outlet,2021,12,4,33.00153139356814
West Gear,1197831,2021-03-06,West,Idaho,Boise,Men's Apparel,40.0,250.0,10000.0,3000.0,Online,2021,3,1,30.0
Walmart,1185732,2021-07-16,South,Mississippi,Jackson,Men's Athletic Footwear,53.0,156.0,827.0,372.0,Online,2021,7,3,44.98186215235792
Foot Locker,1185732,2021-02-15,Northeast,Maryland,Baltimore,Men's Athletic Footwear,37.0,61.0,226.0,104.0,Online,2021,2,1,46.017699115044245
Sports Direct,1185732,2021-04-14,Northeast,Massachusetts,Boston,Men's Apparel,49.0,33.0,162.0,61.0,Online,2021,4,2,37.65432098765432
Sports Direct,1197831,2021-09-22,South,Texas,Dallas,Men's Street Footwear,50.0,800.0,40000.0,16000.0,Outlet,2021,9,3,40.0
Foot Locker,1185732,2021-02-22,Northeast,New Hampshire,Manchester,Women's Street Footwear,43.0,83.0,357.0,143.0,Online,2021,2,1,40.056022408963585
Sports Direct,1197831,2021-08-14,South,Alabama,Birmingham,Men's Athletic Footwear,40.0,625.0,25000.0,11250.0,Outlet,2021,8,3,45.0
Sports Direct,1197831,2021-04-10,South,Tennessee,Knoxville,Men's Athletic Footwear,32.0,240.0,768.0,361.0,Outlet,2021,4,2,47.00520833333333
Sports Direct,1197831,2021-08-21,South,Texas,Dallas,Men's Apparel,38.0,75.0,285.0,100.0,Online,2021,8,3,35.08771929824561
Foot Locker,1128299,2021-02-24,West,Wyoming,Cheyenne,Men's Athletic Footwear,40.0,350.0,14000.0,4900.0,In-store,2021,2,1,35.0
Sports Direct,1197831,2021-08-29,South,Alabama,Birmingham,Men's Apparel,39.0,132.0,515.0,216.0,Outlet,2021,8,3,41.94174757281554
Kohl's,1197831,2021-04-13,Midwest,Kansas,Wichita,Men's Apparel,40.0,150.0,6000.0,2100.0,Online,2021,4,2,35.0
West Gear,1128299,2021-01-24,West,Utah,Salt Lake City,Women's Street Footwear,39.0,105.0,410.0,197.0,Online,2021,1,1,48.048780487804876
Sports Direct,1128299,2021-03-16,Southeast,Florida,Orlando,Men's Street Footwear,46.0,160.0,736.0,302.0,Online,2021,3,1,41.03260869565217
Foot Locker,1185732,2021-02-18,Southeast,Kentucky,Louisville,Women's Street Footwear,18.0,124.0,223.0,123.0,Online,2021,2,1,55.15695067264574
West Gear,1197831,2021-04-05,West,Idaho,Boise,Men's Athletic Footwear,29.0,195.0,566.0,271.0,Online,2021,4,2,47.879858657243815
West Gear,1185732,2021-01-03,Midwest,Iowa,Des Moines,Women's Street Footwear,20.0,250.0,5000.0,1500.0,In-store,2021,1,1,30.0
West Gear,1185732,2021-12-02,Midwest,Wisconsin,Milwaukee,Women's Apparel,65.0,350.0,22750.0,9100.0,In-store,2021,12,4,40.0
Foot Locker,1185732,2021-05-26,Midwest,Nebraska,Omaha,Women's Apparel,35.0,225.0,7875.0,3938.0,Outlet,2021,5,2,50.00634920634921
West Gear,1197831,2021-03-19,South,Oklahoma,Oklahoma City,Men's Street Footwear,14.0,182.0,255.0,117.0,Outlet,2021,3,1,45.88235294117647
Kohl's,1189833,2021-05-16,West,California,Los Angeles,Women's Athletic Footwear,33.0,213.0,703.0,295.0,Outlet,2021,5,2,41.96301564722618
West Gear,1185732,2021-08-17,Northeast,West Virginia,Charleston,Women's Apparel,55.0,425.0,23375.0,9350.0,In-store,2021,8,3,40.0
Kohl's,1197831,2021-06-14,Midwest,Kansas,Wichita,Women's Apparel,58.0,117.0,679.0,333.0,Online,2021,6,2,49.04270986745213
Amazon,1185732,2021-10-12,Northeast,Vermont,Burlington,Women's Street Footwear,59.0,54.0,319.0,159.0,Online,2021,10,4,49.843260188087775
Sports Direct,1185732,2021-08-03,Southeast,North Carolina,Charlotte,Women's Street Footwear,54.0,210.0,1134.0,601.0,Online,2021,8,3,52.99823633156967
Sports Direct,1197831,2021-10-06,South,Texas,Dallas,Women's Street Footwear,32.0,190.0,608.0,268.0,Outlet,2021,10,4,44.07894736842105
Kohl's,1128299,2021-01-26,West,Arizona,Phoenix,Men's Athletic Footwear,45.0,475.0,21375.0,8550.0,Online,2021,1,1,40.0
Sports Direct,1185732,2021-11-07,Northeast,Rhode Island,Providence,Men's Apparel,43.0,61.0,262.0,87.0,Outlet,2021,11,4,33.20610687022901
Foot Locker,1185732,2021-05-05,Southeast,South Carolina,Charleston,Women's Athletic Footwear,45.0,675.0,30375.0,9113.0,Online,2021,5,2,30.00164609053498
Foot Locker,1185732,2021-07-23,Midwest,Nebraska,Omaha,Women's Athletic Footwear,30.0,125.0,3750.0,1500.0,Outlet,2021,7,3,40.0
Sports Direct,1185732,2021-10-05,Northeast,Connecticut,Hartford,Women's Athletic Footwear,50.0,38.0,190.0,76.0,Online,2021,10,4,40.0
Sports Direct,1197831,2021-03-30,South,Tennessee,Knoxville,Women's Street Footwear,19.0,135.0,257.0,141.0,Online,2021,3,1,54.86381322957199
Amazon,1185732,2021-10-14,South,Alabama,Birmingham,Women's Street Footwear,28.0,63.0,176.0,92.0,Online,2021,10,4,52.27272727272727
Amazon,1185732,2021-07-10,Northeast,Vermont,Burlington,Men's Street Footwear,60.0,675.0,40500.0,18225.0,In-store,2021,7,3,45.0
West Gear,1128299,2021-01-24,West,Utah,Salt Lake City,Women's Athletic Footwear,39.0,58.0,226.0,104.0,Online,2021,1,1,46.017699115044245
Sports Direct,1185732,2021-04-04,Northeast,Connecticut,Hartford,Men's Athletic Footwear,38.0,58.0,220.0,121.0,Online,2021,4,2,55.00000000000001
West Gear,1128299,2021-10-17,South,Louisiana,New Orleans,Men's Apparel,39.0,112.0,437.0,210.0,Outlet,2021,10,4,48.05491990846682
Kohl's,1185732,2021-10-15,Northeast,Delaware,Wilmington,Women's Apparel,63.0,78.0,491.0,270.0,Online,2021,10,4,54.989816700610994
West Gear,1128299,2021-01-08,West,California,San Francisco,Women's Street Footwear,64.0,206.0,1318.0,725.0,Online,2021,1,1,55.00758725341427
West Gear,1185732,2021-07-09,Midwest,Indiana,Indianapolis,Men's Apparel,55.0,200.0,11000.0,3300.0,In-store,2021,7,3,30.0
Walmart,1197831,2021-09-19,South,Arkansas,Little Rock,Women's Street Footwear,14.0,88.0,123.0,64.0,Online,2021,9,3,52.03252032520326
Foot Locker,1128299,2021-11-24,Southeast,Virginia,Richmond,Men's Athletic Footwear,50.0,650.0,32500.0,11375.0,In-store,2021,11,4,35.0
Amazon,1185732,2021-11-10,Midwest,Ohio,Columbus,Men's Apparel,76.0,138.0,1049.0,514.0,Online,2021,11,4,48.99904671115348
Sports Direct,1185732,2021-03-02,Southeast,North Carolina,Charlotte,Men's Athletic Footwear,29.0,150.0,435.0,196.0,Online,2021,3,1,45.05747126436781
West Gear,1185732,2021-04-21,Northeast,Maryland,Baltimore,Women's Street Footwear,25.0,125.0,3125.0,1094.0,In-store,2021,4,2,35.008
Amazon,1185732,2021-01-14,Northeast,Massachusetts,Boston,Men's Street Footwear,45.0,525.0,23625.0,10631.0,In-store,2021,1,1,44.9989417989418
Kohl's,1128299,2021-07-25,West,New Mexico,Albuquerque,Women's Athletic Footwear,55.0,450.0,24750.0,8663.0,Online,2021,7,3,35.0020202020202
West Gear,1197831,2021-08-20,South,Oklahoma,Oklahoma City,Men's Athletic Footwear,51.0,113.0,576.0,271.0,Online,2021,8,3,47.04861111111111
Foot Locker,1185732,2021-01-17,Northeast,Maryland,Baltimore,Women's Athletic Footwear,35.0,175.0,6125.0,2450.0,In-store,2021,1,1,40.0
Sports Direct,1197831,2021-08-20,South,Alabama,Birmingham,Men's Athletic Footwear,19.0,189.0,359.0,208.0,Online,2021,8,3,57.938718662952645
Sports Direct,1185732,2021-04-16,Midwest,Michigan,Detroit,Women's Athletic Footwear,32.0,109.0,349.0,160.0,Online,2021,4,2,45.845272206303726
Sports Direct,1185732,2021-01-17,Northeast,Rhode Island,Providence,Women's Athletic Footwear,25.0,33.0,83.0,26.0,Outlet,2021,1,1,31.32530120481928
Sports Direct,1185732,2021-05-03,Northeast,Connecticut,Hartford,Women's Street Footwear,43.0,74.0,318.0,127.0,Online,2021,5,2,39.937106918238996
West Gear,1197831,2021-08-20,South,Oklahoma,Oklahoma City,Men's Street Footwear,56.0,189.0,1058.0,540.0,Online,2021,8,3,51.03969754253308
Foot Locker,1185732,2021-05-06,Northeast,Rhode Island,Providence,Men's Apparel,50.0,175.0,8750.0,2625.0,In-store,2021,5,2,30.0
Foot Locker,1185732,2021-11-08,Northeast,Pennsylvania,Philadelphia,Women's Apparel,47.0,44.0,207.0,72.0,Online,2021,11,4,34.78260869565217
Foot Locker,1128299,2021-01-23,West,Idaho,Boise,Women's Athletic Footwear,38.0,77.0,293.0,135.0,Online,2021,1,1,46.075085324232084
West Gear,1197831,2021-01-23,South,Arkansas,Little Rock,Men's Apparel,35.0,275.0,9625.0,3369.0,Online,2021,1,1,35.0025974025974
Amazon,1185732,2021-11-18,Northeast,Maine,Portland,Men's Athletic Footwear,55.0,200.0,11000.0,3850.0,Outlet,2021,11,4,35.0
Foot Locker,1128299,2021-04-10,West,Hawaii,Honolulu,Women's Athletic Footwear,50.0,250.0,12500.0,3125.0,Outlet,2021,4,2,25.0
Foot Locker,1197831,2021-01-05,South,Louisiana,New Orleans,Men's Street Footwear,20.0,675.0,13500.0,4050.0,Online,2021,1,1,30.0
Foot Locker,1185732,2021-05-06,Northeast,Rhode Island,Providence,Men's Athletic Footwear,43.0,49.0,211.0,95.0,Online,2021,5,2,45.023696682464454
Kohl's,1189833,2021-02-11,Midwest,Montana,Billings,Women's Athletic Footwear,41.0,106.0,435.0,235.0,Online,2021,2,1,54.02298850574713
Walmart,1197831,2021-10-21,South,Arkansas,Little Rock,Men's Athletic Footwear,20.0,425.0,8500.0,2975.0,Online,2021,10,4,35.0
Foot Locker,1185732,2021-04-18,Midwest,Missouri,St. Louis,Women's Street Footwear,18.0,83.0,149.0,73.0,Online,2021,4,2,48.99328859060403
Sports Direct,1197831,2021-01-23,South,Mississippi,Jackson,Women's Street Footwear,14.0,117.0,164.0,84.0,Online,2021,1,1,51.21951219512195
Amazon,1185732,2021-09-10,Northeast,Vermont,Burlington,Men's Athletic Footwear,42.0,111.0,466.0,238.0,Outlet,2021,9,3,51.072961373390555
Sports Direct,1128299,2021-02-17,Southeast,Florida,Orlando,Women's Apparel,50.0,400.0,20000.0,9000.0,Outlet,2021,2,1,45.0
West Gear,1197831,2021-07-19,South,Oklahoma,Oklahoma City,Men's Apparel,59.0,98.0,578.0,266.0,Online,2021,7,3,46.02076124567474
Sports Direct,1197831,2021-05-15,South,Tennessee,Knoxville,Men's Street Footwear,39.0,248.0,967.0,464.0,Outlet,2021,5,2,47.98345398138573
Kohl's,1189833,2021-05-25,West,California,Los Angeles,Men's Street Footwear,39.0,315.0,1229.0,565.0,Outlet,2021,5,2,45.97233523189585
West Gear,1185732,2021-10-10,Northeast,New York,Albany,Men's Athletic Footwear,50.0,625.0,31250.0,10938.0,In-store,2021,10,4,35.001599999999996
Sports Direct,1185732,2021-02-17,Midwest,Michigan,Detroit,Women's Athletic Footwear,28.0,109.0,305.0,150.0,Online,2021,2,1,49.18032786885246
Kohl's,1197831,2021-12-19,South,Oklahoma,Oklahoma City,Women's Street Footwear,55.0,101.0,556.0,278.0,Online,2021,12,4,50.0
Sports Direct,1197831,2021-08-16,South,Texas,Dallas,Women's Apparel,35.0,525.0,18375.0,8269.0,Outlet,2021,8,3,45.00136054421769
Walmart,1185732,2021-07-16,South,Mississippi,Jackson,Women's Apparel,49.0,209.0,1024.0,543.0,Outlet,2021,7,3,53.02734375
Sports Direct,1128299,2021-02-13,Southeast,Georgia,Atlanta,Women's Athletic Footwear,30.0,80.0,240.0,106.0,Outlet,2021,2,1,44.166666666666664
West Gear,1197831,2021-05-05,West,Idaho,Boise,Men's Apparel,47.0,120.0,564.0,226.0,Online,2021,5,2,40.0709219858156
Foot Locker,1128299,2021-04-24,Southeast,Virginia,Richmond,Men's Athletic Footwear,44.0,85.0,374.0,153.0,Outlet,2021,4,2,40.909090909090914
Kohl's,1189833,2021-02-10,Midwest,Montana,Billings,Women's Street Footwear,50.0,500.0,25000.0,11250.0,Outlet,2021,2,1,45.0
Foot Locker,1185732,2021-09-19,Midwest,Missouri,St. Louis,Men's Athletic Footwear,30.0,400.0,12000.0,4200.0,In-store,2021,9,3,35.0
Foot Locker,1185732,2021-05-19,Midwest,Missouri,St. Louis,Women's Street Footwear,30.0,300.0,9000.0,3150.0,In-store,2021,5,2,35.0
Sports Direct,1185732,2021-08-04,Northeast,Connecticut,Hartford,Men's Street Footwear,55.0,625.0,34375.0,13750.0,In-store,2021,8,3,40.0
Foot Locker,1185732,2021-06-11,Midwest,Illinois,Chicago,Women's Apparel,45.0,275.0,12375.0,6188.0,Outlet,2021,6,2,50.00404040404041
West Gear,1185732,2021-09-18,Northeast,West Virginia,Charleston,Women's Street Footwear,24.0,68.0,163.0,88.0,Online,2021,9,3,53.987730061349694
Sports Direct,1185732,2021-06-05,Northeast,Connecticut,Hartford,Men's Athletic Footwear,50.0,375.0,18750.0,7500.0,In-store,2021,6,2,40.0
Kohl's,1185732,2021-02-08,Northeast,New Jersey,Newark,Men's Apparel,41.0,47.0,193.0,77.0,Online,2021,2,1,39.89637305699482
Amazon,1185732,2021-01-14,Northeast,Massachusetts,Boston,Women's Street Footwear,32.0,91.0,291.0,131.0,Online,2021,1,1,45.017182130584196
Foot Locker,1197831,2021-03-06,West,Idaho,Boise,Men's Athletic Footwear,27.0,188.0,508.0,198.0,Outlet,2021,3,1,38.976377952755904
West Gear,1185732,2021-03-02,Midwest,Wisconsin,Milwaukee,Women's Apparel,18.0,63.0,113.0,61.0,Online,2021,3,1,53.98230088495575
Foot Locker,1185732,2021-06-17,Midwest,Illinois,Chicago,Women's Apparel,45.0,63.0,284.0,179.0,Online,2021,6,2,63.02816901408451
Foot Locker,1185732,2021-09-13,Midwest,South Dakota,Sioux Falls,Men's Athletic Footwear,39.0,80.0,312.0,125.0,Online,2021,9,3,40.06410256410257
Kohl's,1128299,2021-12-22,West,Arizona,Phoenix,Women's Athletic Footwear,45.0,425.0,19125.0,6694.0,Online,2021,12,4,35.00130718954249
Kohl's,1197831,2021-12-19,South,Oklahoma,Oklahoma City,Women's Athletic Footwear,45.0,114.0,513.0,231.0,Outlet,2021,12,4,45.02923976608187
Sports Direct,1197831,2021-08-29,South,Texas,Dallas,Men's Street Footwear,13.0,231.0,300.0,120.0,Outlet,2021,8,3,40.0
Walmart,1197831,2021-04-20,South,Arkansas,Little Rock,Men's Apparel,37.0,73.0,270.0,130.0,Online,2021,4,2,48.148148148148145
Kohl's,1189833,2021-05-06,West,California,Los Angeles,Women's Apparel,65.0,650.0,42250.0,8450.0,Outlet,2021,5,2,20.0
West Gear,1185732,2021-08-03,Midwest,Wisconsin,Milwaukee,Women's Athletic Footwear,40.0,200.0,8000.0,2400.0,In-store,2021,8,3,30.0
Kohl's,1189833,2021-02-24,Midwest,Montana,Billings,Men's Apparel,54.0,98.0,529.0,397.0,Online,2021,2,1,75.04725897920605
Foot Locker,1185732,2021-11-15,Northeast,Pennsylvania,Philadelphia,Men's Street Footwear,58.0,136.0,789.0,497.0,Online,2021,11,4,62.99112801013942
Kohl's,1128299,2021-11-26,West,New Mexico,Albuquerque,Women's Street Footwear,46.0,149.0,685.0,254.0,Outlet,2021,11,4,37.08029197080292
Sports Direct,1185732,2021-08-03,Southeast,North Carolina,Charlotte,Men's Street Footwear,65.0,1025.0,66625.0,26650.0,Online,2021,8,3,40.0
Foot Locker,1185732,2021-03-16,South,Mississippi,Jackson,Women's Street Footwear,14.0,128.0,179.0,95.0,Online,2021,3,1,53.072625698324025
Foot Locker,1185732,2021-12-08,Midwest,North Dakota,Fargo,Men's Apparel,60.0,200.0,12000.0,4200.0,In-store,2021,12,4,35.0
Kohl's,1197831,2021-07-12,Midwest,Kansas,Wichita,Women's Street Footwear,45.0,350.0,15750.0,5513.0,Online,2021,7,3,35.0031746031746
Sports Direct,1185732,2021-05-10,Midwest,North Dakota,Fargo,Men's Athletic Footwear,45.0,200.0,9000.0,2700.0,In-store,2021,5,2,30.0
Amazon,1185732,2021-09-09,Midwest,Ohio,Columbus,Women's Street Footwear,23.0,138.0,317.0,175.0,Online,2021,9,3,55.20504731861199
Foot Locker,1185732,2021-11-09,Midwest,North Dakota,Fargo,Women's Street Footwear,39.0,53.0,207.0,91.0,Online,2021,11,4,43.96135265700483
Walmart,1185732,2021-08-17,South,Mississippi,Jackson,Women's Athletic Footwear,39.0,128.0,499.0,260.0,Online,2021,8,3,52.104208416833664
West Gear,1128299,2021-01-06,West,California,San Francisco,Men's Street Footwear,60.0,975.0,58500.0,23400.0,Outlet,2021,1,1,40.0
West Gear,1197831,2021-11-20,South,Arkansas,Little Rock,Women's Apparel,75.0,450.0,33750.0,13500.0,Online,2021,11,4,40.0
Kohl's,1189833,2021-04-11,West,California,Los Angeles,Men's Apparel,38.0,149.0,566.0,345.0,Outlet,2021,4,2,60.95406360424028
Sports Direct,1197831,2021-08-16,South,Texas,Dallas,Women's Apparel,33.0,147.0,485.0,267.0,Online,2021,8,3,55.05154639175258
West Gear,1128299,2021-04-24,West,Oregon,Portland,Men's Apparel,36.0,39.0,140.0,59.0,Outlet,2021,4,2,42.142857142857146
Kohl's,1128299,2021-01-26,West,Arizona,Phoenix,Men's Street Footwear,27.0,152.0,410.0,168.0,Outlet,2021,1,1,40.97560975609756
Sports Direct,1197831,2021-08-11,South,Alabama,Birmingham,Men's Apparel,29.0,85.0,247.0,96.0,Outlet,2021,8,3,38.8663967611336
West Gear,1185732,2021-12-10,West,Utah,Salt Lake City,Women's Athletic Footwear,22.0,136.0,299.0,126.0,Outlet,2021,12,4,42.14046822742475
Amazon,1185732,2021-04-18,Northeast,New Hampshire,Manchester,Men's Street Footwear,48.0,154.0,739.0,392.0,Online,2021,4,2,53.044654939106906
Sports Direct,1185732,2021-12-16,South,Mississippi,Jackson,Women's Apparel,71.0,144.0,1022.0,624.0,Online,2021,12,4,61.05675146771037
Amazon,1185732,2021-02-22,Southeast,Kentucky,Louisville,Women's Athletic Footwear,34.0,34.0,116.0,62.0,Online,2021,2,1,53.44827586206896
Foot Locker,1185732,2021-03-17,Midwest,Missouri,St. Louis,Women's Athletic Footwear,28.0,54.0,151.0,77.0,Online,2021,3,1,50.993377483443716
Sports Direct,1185732,2021-05-03,Northeast,Connecticut,Hartford,Men's Apparel,50.0,70.0,350.0,154.0,Online,2021,5,2,44.0
Sports Direct,1197831,2021-10-01,South,Texas,Dallas,Women's Athletic Footwear,60.0,450.0,27000.0,13500.0,Outlet,2021,10,4,50.0
Foot Locker,1185732,2021-01-24,Northeast,West Virginia,Charleston,Women's Street Footwear,25.0,225.0,5625.0,1969.0,In-store,2021,1,1,35.004444444444445
Foot Locker,1185732,2021-09-07,Midwest,Iowa,Des Moines,Women's Street Footwear,24.0,49.0,118.0,47.0,Online,2021,9,3,39.83050847457627
Foot Locker,1185732,2021-01-24,Northeast,West Virginia,Charleston,Women's Apparel,35.0,225.0,7875.0,2363.0,In-store,2021,1,1,30.00634920634921
Foot Locker,1185732,2021-11-01,Northeast,Pennsylvania,Philadelphia,Men's Apparel,51.0,36.0,184.0,84.0,Online,2021,11,4,45.65217391304348
Sports Direct,1197831,2021-09-14,South,Alabama,Birmingham,Women's Street Footwear,55.0,925.0,50875.0,25438.0,Outlet,2021,9,3,50.0009828009828
Amazon,1185732,2021-01-21,Northeast,Vermont,Burlington,Men's Street Footwear,34.0,173.0,588.0,253.0,Outlet,2021,1,1,43.02721088435374
Foot Locker,1185732,2021-07-10,Midwest,Nebraska,Omaha,Women's Street Footwear,18.0,25.0,45.0,22.0,Online,2021,7,3,48.888888888888886
West Gear,1128299,2021-10-24,West,Oregon,Portland,Men's Street Footwear,40.0,350.0,14000.0,4900.0,In-store,2021,10,4,35.0
Sports Direct,1197831,2021-01-23,South,Mississippi,Jackson,Women's Apparel,18.0,158.0,284.0,122.0,Outlet,2021,1,1,42.95774647887324
Foot Locker,1128299,2021-07-23,Southeast,Virginia,Richmond,Men's Apparel,85.0,162.0,1377.0,757.0,Online,2021,7,3,54.974582425562815
Amazon,1185732,2021-05-17,Northeast,New Hampshire,Manchester,Men's Street Footwear,47.0,196.0,921.0,396.0,Outlet,2021,5,2,42.99674267100978
Sports Direct,1197831,2021-09-13,South,Alabama,Birmingham,Men's Athletic Footwear,39.0,233.0,909.0,491.0,Outlet,2021,9,3,54.015401540154016
West Gear,1185732,2021-06-17,Northeast,West Virginia,Charleston,Men's Street Footwear,45.0,600.0,27000.0,10800.0,In-store,2021,6,2,40.0
Amazon,1185732,2021-10-19,Northeast,Maine,Portland,Women's Athletic Footwear,55.0,100.0,5500.0,1650.0,Outlet,2021,10,4,30.0
Amazon,1185732,2021-10-23,Northeast,Maine,Portland,Women's Apparel,40.0,250.0,10000.0,4000.0,Outlet,2021,10,4,40.0
Sports Direct,1128299,2021-09-14,Southeast,Georgia,Atlanta,Women's Street Footwear,45.0,450.0,20250.0,7088.0,Online,2021,9,3,35.002469135802464
Kohl's,1189833,2021-03-17,West,California,Los Angeles,Men's Apparel,50.0,450.0,22500.0,12375.0,Outlet,2021,3,1,55.00000000000001
Amazon,1185732,2021-10-22,Southeast,Kentucky,Louisville,Men's Street Footwear,53.0,126.0,668.0,367.0,Online,2021,10,4,54.94011976047904
Foot Locker,1185732,2021-12-17,Northeast,New Hampshire,Manchester,Women's Apparel,80.0,450.0,36000.0,12600.0,Outlet,2021,12,4,35.0
Foot Locker,1128299,2021-12-22,West,Arizona,Phoenix,Men's Athletic Footwear,49.0,175.0,858.0,463.0,Online,2021,12,4,53.96270396270396
West Gear,1128299,2021-03-16,South,Louisiana,New Orleans,Men's Apparel,56.0,39.0,218.0,131.0,Online,2021,3,1,60.09174311926605
Kohl's,1189833,2021-03-06,Midwest,Montana,Billings,Women's Street Footwear,42.0,133.0,559.0,335.0,Online,2021,3,1,59.92844364937389
Foot Locker,1185732,2021-01-18,Midwest,Michigan,Detroit,Men's Apparel,39.0,98.0,382.0,187.0,Online,2021,1,1,48.952879581151834
Amazon,1185732,2021-09-17,Northeast,New Hampshire,Manchester,Men's Street Footwear,51.0,193.0,984.0,433.0,Outlet,2021,9,3,44.00406504065041
West Gear,1128299,2021-06-24,West,Oregon,Portland,Men's Athletic Footwear,62.0,169.0,1048.0,513.0,Online,2021,6,2,48.95038167938932
Foot Locker,1185732,2021-12-23,Northeast,Pennsylvania,Philadelphia,Women's Street Footwear,55.0,55.0,303.0,160.0,Online,2021,12,4,52.8052805280528
Amazon,1185732,2021-06-19,Northeast,New Hampshire,Manchester,Men's Street Footwear,59.0,169.0,997.0,528.0,Online,2021,6,2,52.95887662988967
Kohl's,1189833,2021-04-28,West,California,Los Angeles,Women's Athletic Footwear,29.0,228.0,661.0,264.0,Outlet,2021,4,2,39.93948562783661
West Gear,1197831,2021-12-19,South,Arkansas,Little Rock,Women's Street Footwear,43.0,149.0,641.0,282.0,Outlet,2021,12,4,43.99375975039001
Amazon,1185732,2021-11-03,Northeast,Maine,Portland,Men's Apparel,50.0,75.0,3750.0,938.0,Outlet,2021,11,4,25.013333333333332
Amazon,1185732,2021-07-10,Northeast,Vermont,Burlington,Men's Apparel,54.0,94.0,508.0,239.0,Online,2021,7,3,47.047244094488185
Sports Direct,1185732,2021-12-16,South,Mississippi,Jackson,Men's Street Footwear,48.0,256.0,1229.0,578.0,Outlet,2021,12,4,47.030105777054516
Foot Locker,1185732,2021-06-25,Midwest,Nebraska,Omaha,Women's Apparel,49.0,85.0,417.0,258.0,Online,2021,6,2,61.87050359712231
Foot Locker,1185732,2021-05-13,Northeast,Delaware,Wilmington,Women's Athletic Footwear,45.0,250.0,11250.0,4500.0,In-store,2021,5,2,40.0
West Gear,1128299,2021-01-22,West,California,San Francisco,Men's Apparel,59.0,263.0,1552.0,884.0,Outlet,2021,1,1,56.95876288659794
Sports Direct,1185732,2021-10-09,Midwest,North Dakota,Fargo,Men's Street Footwear,50.0,400.0,20000.0,7000.0,In-store,2021,10,4,35.0
Sports Direct,1185732,2021-01-06,Southeast,South Carolina,Charleston,Women's Apparel,35.0,725.0,25375.0,12688.0,Online,2021,1,1,50.001970443349755
West Gear,1185732,2021-04-11,West,Utah,Salt Lake City,Women's Athletic Footwear,20.0,250.0,5000.0,2000.0,In-store,2021,4,2,40.0
Foot Locker,1185732,2021-07-22,Midwest,Nebraska,Omaha,Women's Street Footwear,30.0,95.0,2850.0,998.0,Outlet,2021,7,3,35.01754385964912
Walmart,1197831,2021-03-19,South,Arkansas,Little Rock,Women's Apparel,20.0,112.0,224.0,103.0,Outlet,2021,3,1,45.982142857142854
Sports Direct,1128299,2021-12-09,West,Hawaii,Honolulu,Women's Street Footwear,80.0,500.0,40000.0,10000.0,Outlet,2021,12,4,25.0
West Gear,1185732,2021-08-10,Midwest,Indiana,Indianapolis,Men's Athletic Footwear,45.0,300.0,13500.0,5400.0,In-store,2021,8,3,40.0
Sports Direct,1185732,2021-06-09,Midwest,North Dakota,Fargo,Men's Apparel,38.0,47.0,179.0,82.0,Online,2021,6,2,45.81005586592179
Foot Locker,1185732,2021-06-09,Midwest,Nebraska,Omaha,Men's Athletic Footwear,32.0,23.0,74.0,33.0,Online,2021,6,2,44.5945945945946
Foot Locker,1185732,2021-12-17,Northeast,New Hampshire,Manchester,Men's Apparel,74.0,105.0,777.0,334.0,Online,2021,12,4,42.985842985842986
Foot Locker,1185732,2021-05-05,Southeast,South Carolina,Charleston,Women's Street Footwear,41.0,210.0,861.0,319.0,Online,2021,5,2,37.04994192799071
West Gear,1197831,2021-07-19,South,Oklahoma,Oklahoma City,Women's Apparel,65.0,525.0,34125.0,13650.0,Online,2021,7,3,40.0
Sports Direct,1185732,2021-07-03,Northeast,Connecticut,Hartford,Men's Athletic Footwear,48.0,112.0,538.0,285.0,Online,2021,7,3,52.973977695167285
West Gear,1185732,2021-01-17,Midwest,Indiana,Indianapolis,Women's Athletic Footwear,29.0,45.0,131.0,70.0,Online,2021,1,1,53.43511450381679
Amazon,1185732,2021-02-12,Northeast,Massachusetts,Boston,Men's Street Footwear,41.0,167.0,685.0,383.0,Online,2021,2,1,55.91240875912409
Amazon,1185732,2021-03-20,West,Alaska,Anchorage,Men's Apparel,64.0,53.0,339.0,132.0,Online,2021,3,1,38.93805309734513
West Gear,1128299,2021-02-17,South,Louisiana,New Orleans,Men's Apparel,33.0,53.0,175.0,82.0,Outlet,2021,2,1,46.85714285714286
Amazon,1185732,2021-08-22,Southeast,Kentucky,Louisville,Men's Apparel,49.0,65.0,319.0,156.0,Online,2021,8,3,48.90282131661442
West Gear,1185732,2021-02-22,Northeast,Maryland,Baltimore,Women's Apparel,35.0,225.0,7875.0,2363.0,In-store,2021,2,1,30.00634920634921
Amazon,1185732,2021-10-19,Northeast,Maine,Portland,Women's Apparel,70.0,225.0,15750.0,6300.0,Outlet,2021,10,4,40.0
Kohl's,1189833,2021-01-01,Midwest,Montana,Billings,Men's Apparel,50.0,275.0,13750.0,8250.0,Outlet,2021,1,1,60.0
Foot Locker,1185732,2021-08-18,Midwest,Missouri,St. Louis,Women's Street Footwear,32.0,120.0,384.0,177.0,Online,2021,8,3,46.09375
Sports Direct,1128299,2021-03-16,Southeast,Florida,Orlando,Men's Athletic Footwear,44.0,124.0,546.0,169.0,Outlet,2021,3,1,30.952380952380953
Foot Locker,1185732,2021-08-09,Midwest,Illinois,Chicago,Men's Apparel,59.0,58.0,342.0,154.0,Online,2021,8,3,45.02923976608187
Foot Locker,1185732,2021-01-09,Southeast,Georgia,Atlanta,Women's Street Footwear,30.0,825.0,24750.0,6188.0,Online,2021,1,1,25.002020202020205
West Gear,1185732,2021-01-12,Southeast,Florida,Orlando,Women's Athletic Footwear,40.0,500.0,20000.0,6000.0,In-store,2021,1,1,30.0
Sports Direct,1197831,2021-05-13,South,Tennessee,Knoxville,Men's Apparel,43.0,140.0,602.0,277.0,Outlet,2021,5,2,46.013289036544855
Amazon,1185732,2021-08-18,Northeast,New Hampshire,Manchester,Women's Athletic Footwear,51.0,72.0,367.0,154.0,Online,2021,8,3,41.96185286103542
Walmart,1197831,2021-04-20,South,Arkansas,Little Rock,Women's Apparel,30.0,400.0,12000.0,4800.0,Online,2021,4,2,40.0
Foot Locker,1185732,2021-12-20,Northeast,Pennsylvania,Philadelphia,Women's Apparel,42.0,74.0,311.0,99.0,Outlet,2021,12,4,31.832797427652732
Foot Locker,1185732,2021-09-13,Midwest,South Dakota,Sioux Falls,Women's Athletic Footwear,35.0,150.0,5250.0,1575.0,Online,2021,9,3,30.0
West Gear,1185732,2021-10-11,West,Utah,Salt Lake City,Women's Athletic Footwear,13.0,94.0,122.0,56.0,Outlet,2021,10,4,45.90163934426229
Sports Direct,1197831,2021-08-14,South,Alabama,Birmingham,Men's Athletic Footwear,32.0,194.0,621.0,292.0,Outlet,2021,8,3,47.02093397745571
West Gear,1197831,2021-02-21,South,Arkansas,Little Rock,Women's Street Footwear,15.0,325.0,4875.0,1950.0,Online,2021,2,1,40.0
Walmart,1128299,2021-08-17,Southeast,Florida,Orlando,Men's Athletic Footwear,60.0,272.0,1632.0,441.0,Outlet,2021,8,3,27.02205882352941
West Gear,1128299,2021-11-24,West,Oregon,Portland,Women's Street Footwear,32.0,152.0,486.0,204.0,Outlet,2021,11,4,41.9753086419753
Kohl's,1185732,2021-09-10,West,Wyoming,Cheyenne,Men's Street Footwear,50.0,800.0,40000.0,20000.0,In-store,2021,9,3,50.0
West Gear,1128299,2021-11-17,South,Louisiana,New Orleans,Women's Apparel,85.0,600.0,51000.0,17850.0,Online,2021,11,4,35.0
Walmart,1128299,2021-07-16,Southeast,Florida,Orlando,Men's Athletic Footwear,95.0,750.0,71250.0,17813.0,In-store,2021,7,3,25.00070175438596
West Gear,1128299,2021-01-24,West,Utah,Salt Lake City,Women's Athletic Footwear,30.0,68.0,204.0,78.0,Outlet,2021,1,1,38.23529411764706
West Gear,1197831,2021-05-05,West,Idaho,Boise,Men's Street Footwear,18.0,203.0,365.0,183.0,Online,2021,5,2,50.136986301369866
West Gear,1185732,2021-08-11,West,Utah,Salt Lake City,Women's Athletic Footwear,14.0,124.0,174.0,82.0,Outlet,2021,8,3,47.12643678160919
Walmart,1128299,2021-06-17,Southeast,Florida,Orlando,Women's Athletic Footwear,77.0,155.0,1194.0,501.0,Online,2021,6,2,41.959798994974875
West Gear,1128299,2021-12-23,West,Oregon,Portland,Men's Apparel,80.0,475.0,38000.0,15200.0,In-store,2021,12,4,40.0
Kohl's,1189833,2021-01-10,Midwest,Montana,Billings,Men's Athletic Footwear,41.0,115.0,472.0,193.0,Online,2021,1,1,40.88983050847458
Kohl's,1189833,2021-04-19,West,California,Los Angeles,Men's Street Footwear,44.0,270.0,1188.0,653.0,Online,2021,4,2,54.966329966329965
Foot Locker,1185732,2021-06-10,Midwest,Nebraska,Omaha,Women's Street Footwear,23.0,21.0,48.0,22.0,Online,2021,6,2,45.83333333333333
West Gear,1185732,2021-05-18,Northeast,West Virginia,Charleston,Women's Apparel,55.0,350.0,19250.0,7700.0,In-store,2021,5,2,40.0
Foot Locker,1128299,2021-06-24,Southeast,Virginia,Richmond,Women's Apparel,105.0,700.0,73500.0,22050.0,In-store,2021,6,2,30.0
Sports Direct,1197831,2021-08-28,South,Texas,Dallas,Women's Apparel,32.0,135.0,432.0,272.0,Online,2021,8,3,62.96296296296296
Sports Direct,1185732,2021-01-09,Midwest,South Dakota,Sioux Falls,Women's Apparel,33.0,72.0,238.0,121.0,Online,2021,1,1,50.84033613445378
Foot Locker,1197831,2021-08-08,West,Idaho,Boise,Men's Street Footwear,46.0,210.0,966.0,531.0,Online,2021,8,3,54.96894409937888
Kohl's,1189833,2021-05-03,West,California,Los Angeles,Women's Street Footwear,34.0,232.0,789.0,347.0,Outlet,2021,5,2,43.97972116603295
Foot Locker,1128299,2021-05-24,West,Arizona,Phoenix,Men's Street Footwear,38.0,184.0,699.0,266.0,Outlet,2021,5,2,38.054363376251786
West Gear,1185732,2021-04-03,Midwest,Wisconsin,Milwaukee,Men's Street Footwear,20.0,450.0,9000.0,2700.0,In-store,2021,4,2,30.0
Walmart,1197831,2021-09-19,South,Arkansas,Little Rock,Women's Athletic Footwear,15.0,325.0,4875.0,1950.0,Online,2021,9,3,40.0
Foot Locker,1128299,2021-06-23,West,Arizona,Phoenix,Men's Street Footwear,37.0,194.0,718.0,280.0,Outlet,2021,6,2,38.99721448467967
Sports Direct,1197831,2021-04-26,South,Tennessee,Knoxville,Women's Apparel,53.0,181.0,959.0,681.0,Online,2021,4,2,71.01147028154328
Walmart,1128299,2021-06-17,Southeast,Florida,Orlando,Women's Street Footwear,85.0,700.0,59500.0,17850.0,In-store,2021,6,2,30.0
Foot Locker,1128299,2021-03-09,West,Hawaii,Honolulu,Men's Apparel,55.0,36.0,198.0,51.0,Online,2021,3,1,25.757575757575758
West Gear,1128299,2021-07-16,South,Louisiana,New Orleans,Men's Athletic Footwear,92.0,203.0,1868.0,1027.0,Online,2021,7,3,54.97858672376874
Amazon,1185732,2021-03-21,Southeast,Kentucky,Louisville,Men's Apparel,52.0,44.0,229.0,105.0,Online,2021,3,1,45.851528384279476
Foot Locker,1185732,2021-02-07,Southeast,Georgia,Atlanta,Men's Street Footwear,31.0,376.0,1166.0,559.0,Outlet,2021,2,1,47.94168096054888
Foot Locker,1185732,2021-05-16,South,Mississippi,Jackson,Men's Athletic Footwear,37.0,131.0,485.0,218.0,Online,2021,5,2,44.948453608247426
Amazon,1185732,2021-09-17,Northeast,New Hampshire,Manchester,Women's Street Footwear,55.0,250.0,13750.0,4125.0,Outlet,2021,9,3,30.0
West Gear,1197831,2021-04-20,South,Oklahoma,Oklahoma City,Women's Apparel,22.0,111.0,244.0,105.0,Outlet,2021,4,2,43.0327868852459
Kohl's,1197831,2021-11-20,South,Oklahoma,Oklahoma City,Men's Street Footwear,16.0,166.0,266.0,117.0,Outlet,2021,11,4,43.984962406015036
West Gear,1185732,2021-09-18,Northeast,West Virginia,Charleston,Men's Athletic Footwear,29.0,91.0,264.0,140.0,Online,2021,9,3,53.03030303030303
West Gear,1128299,2021-07-16,South,Louisiana,New Orleans,Men's Athletic Footwear,67.0,248.0,1662.0,764.0,Outlet,2021,7,3,45.96871239470517
Walmart,1197831,2021-02-21,South,Arkansas,Little Rock,Women's Athletic Footwear,18.0,70.0,126.0,63.0,Online,2021,2,1,50.0
West Gear,1128299,2021-08-17,South,Louisiana,New Orleans,Women's Athletic Footwear,74.0,128.0,947.0,502.0,Online,2021,8,3,53.00950369588173
Amazon,1185732,2021-11-21,Northeast,Maine,Portland,Men's Apparel,55.0,200.0,11000.0,2750.0,Outlet,2021,11,4,25.0
Foot Locker,1185732,2021-01-17,Northeast,Maryland,Baltimore,Women's Street Footwear,29.0,91.0,264.0,140.0,Online,2021,1,1,53.03030303030303
Kohl's,1189833,2021-03-03,Midwest,Montana,Billings,Women's Apparel,56.0,133.0,745.0,283.0,Online,2021,3,1,37.986577181208055
Foot Locker,1128299,2021-02-24,West,Wyoming,Cheyenne,Men's Street Footwear,27.0,113.0,305.0,140.0,Online,2021,2,1,45.90163934426229
Kohl's,1128299,2021-01-26,West,Arizona,Phoenix,Men's Street Footwear,35.0,475.0,16625.0,5819.0,Online,2021,1,1,35.001503759398496
West Gear,1185732,2021-12-09,Midwest,Ohio,Columbus,Women's Athletic Footwear,63.0,147.0,926.0,463.0,Online,2021,12,4,50.0
Foot Locker,1185732,2021-08-06,Midwest,Iowa,Des Moines,Women's Apparel,55.0,350.0,19250.0,7700.0,In-store,2021,8,3,40.0
Kohl's,1189833,2021-02-28,Midwest,Montana,Billings,Women's Street Footwear,40.0,425.0,17000.0,7650.0,Outlet,2021,2,1,45.0
Amazon,1185732,2021-01-21,Northeast,Vermont,Burlington,Men's Apparel,60.0,225.0,13500.0,4050.0,In-store,2021,1,1,30.0
Foot Locker,1185732,2021-11-18,Northeast,New Hampshire,Manchester,Men's Apparel,75.0,300.0,22500.0,6750.0,Outlet,2021,11,4,30.0
Sports Direct,1185732,2021-12-16,South,Mississippi,Jackson,Men's Apparel,70.0,475.0,33250.0,11638.0,Online,2021,12,4,35.001503759398496
West Gear,1185732,2021-11-06,Midwest,Iowa,Des Moines,Men's Apparel,55.0,49.0,270.0,162.0,Online,2021,11,4,60.0
Sports Direct,1197831,2021-10-04,South,Alabama,Birmingham,Men's Apparel,37.0,149.0,551.0,265.0,Outlet,2021,10,4,48.09437386569873
Sports Direct,1185732,2021-05-10,Midwest,North Dakota,Fargo,Women's Apparel,52.0,75.0,390.0,199.0,Online,2021,5,2,51.02564102564102
Foot Locker,1197831,2021-08-08,West,Idaho,Boise,Women's Street Footwear,46.0,250.0,1150.0,610.0,Online,2021,8,3,53.04347826086957
Foot Locker,1128299,2021-05-25,Southeast,Virginia,Richmond,Women's Apparel,56.0,152.0,851.0,366.0,Online,2021,5,2,43.00822561692127
Amazon,1185732,2021-09-17,Northeast,New Hampshire,Manchester,Women's Apparel,68.0,98.0,666.0,307.0,Online,2021,9,3,46.0960960960961
Sports Direct,1128299,2021-04-13,Southeast,Georgia,Atlanta,Men's Street Footwear,45.0,142.0,639.0,326.0,Online,2021,4,2,51.01721439749609
Sports Direct,1185732,2021-12-16,South,Mississippi,Jackson,Women's Athletic Footwear,60.0,475.0,28500.0,11400.0,Online,2021,12,4,40.0
Foot Locker,1185732,2021-06-12,Midwest,South Dakota,Sioux Falls,Women's Athletic Footwear,32.0,49.0,157.0,71.0,Online,2021,6,2,45.22292993630573
Walmart,1185732,2021-07-16,South,Mississippi,Jackson,Women's Apparel,61.0,176.0,1074.0,655.0,Online,2021,7,3,60.98696461824954
Walmart,1185732,2021-09-16,South,Mississippi,Jackson,Men's Athletic Footwear,42.0,147.0,617.0,278.0,Online,2021,9,3,45.05672609400324
Sports Direct,1197831,2021-03-27,South,Tennessee,Knoxville,Women's Apparel,33.0,111.0,366.0,242.0,Online,2021,3,1,66.12021857923497
Amazon,1185732,2021-09-17,Northeast,New Hampshire,Manchester,Women's Apparel,53.0,104.0,551.0,204.0,Outlet,2021,9,3,37.02359346642468
Kohl's,1189833,2021-04-13,West,California,Los Angeles,Men's Street Footwear,32.0,240.0,768.0,361.0,Outlet,2021,4,2,47.00520833333333
Kohl's,1185732,2021-07-10,West,Wyoming,Cheyenne,Women's Street Footwear,40.0,550.0,22000.0,7700.0,In-store,2021,7,3,35.0
Foot Locker,1185732,2021-10-12,Midwest,South Dakota,Sioux Falls,Men's Street Footwear,55.0,400.0,22000.0,7700.0,Online,2021,10,4,35.0
Foot Locker,1185732,2021-06-25,Midwest,Illinois,Chicago,Men's Athletic Footwear,53.0,54.0,286.0,129.0,Online,2021,6,2,45.10489510489511
Kohl's,1185732,2021-07-06,Northeast,New Jersey,Newark,Men's Athletic Footwear,45.0,375.0,16875.0,5906.0,In-store,2021,7,3,34.998518518518516
Sports Direct,1197831,2021-09-13,South,Alabama,Birmingham,Men's Athletic Footwear,52.0,210.0,1092.0,710.0,Online,2021,9,3,65.01831501831502
Foot Locker,1185732,2021-07-06,Northeast,Rhode Island,Providence,Women's Street Footwear,40.0,250.0,10000.0,4000.0,In-store,2021,7,3,40.0
Sports Direct,1197831,2021-03-29,South,Tennessee,Knoxville,Men's Athletic Footwear,24.0,176.0,422.0,215.0,Online,2021,3,1,50.947867298578196
Foot Locker,1185732,2021-12-25,Northeast,Pennsylvania,Philadelphia,Men's Apparel,51.0,48.0,245.0,95.0,Outlet,2021,12,4,38.775510204081634
Foot Locker,1185732,2021-10-12,Midwest,South Dakota,Sioux Falls,Men's Athletic Footwear,45.0,250.0,11250.0,3375.0,Online,2021,10,4,30.0
Foot Locker,1185732,2021-07-05,Midwest,Iowa,Des Moines,Men's Street Footwear,49.0,138.0,676.0,298.0,Online,2021,7,3,44.08284023668639
West Gear,1128299,2021-08-17,South,Louisiana,New Orleans,Women's Athletic Footwear,55.0,143.0,787.0,370.0,Outlet,2021,8,3,47.01397712833545
West Gear,1128299,2021-05-25,West,Oregon,Portland,Men's Street Footwear,39.0,155.0,605.0,254.0,Outlet,2021,5,2,41.98347107438016
Sports Direct,1197831,2021-08-17,South,Texas,Dallas,Men's Street Footwear,23.0,176.0,405.0,174.0,Online,2021,8,3,42.96296296296296
Foot Locker,1185732,2021-05-13,Northeast,Delaware,Wilmington,Men's Athletic Footwear,47.0,69.0,324.0,146.0,Online,2021,5,2,45.06172839506173
Foot Locker,1185732,2021-01-12,Midwest,Kansas,Wichita,Women's Street Footwear,30.0,275.0,8250.0,2475.0,Online,2021,1,1,30.0
Foot Locker,1128299,2021-03-23,Southeast,Virginia,Richmond,Women's Apparel,50.0,300.0,15000.0,4500.0,In-store,2021,3,1,30.0
Kohl's,1185732,2021-08-07,Northeast,New Jersey,Newark,Men's Street Footwear,47.0,180.0,846.0,406.0,Online,2021,8,3,47.99054373522459
Foot Locker,1185732,2021-09-13,Midwest,South Dakota,Sioux Falls,Women's Street Footwear,32.0,53.0,170.0,68.0,Online,2021,9,3,40.0
Kohl's,1197831,2021-04-13,Midwest,Kansas,Wichita,Women's Apparel,30.0,300.0,9000.0,3150.0,Online,2021,4,2,35.0
Sports Direct,1185732,2021-08-04,Northeast,Connecticut,Hartford,Men's Apparel,51.0,52.0,265.0,117.0,Online,2021,8,3,44.15094339622642
Foot Locker,1185732,2021-09-06,Northeast,Rhode Island,Providence,Women's Apparel,41.0,64.0,262.0,118.0,Outlet,2021,9,3,45.038167938931295
Sports Direct,1197831,2021-08-08,West,Idaho,Boise,Women's Apparel,44.0,239.0,1052.0,641.0,Outlet,2021,8,3,60.93155893536122
West Gear,1197831,2021-06-04,West,Idaho,Boise,Men's Athletic Footwear,46.0,188.0,865.0,415.0,Online,2021,6,2,47.97687861271676
Amazon,1185732,2021-05-20,West,Alaska,Anchorage,Men's Street Footwear,59.0,160.0,944.0,472.0,Online,2021,5,2,50.0
Sports Direct,1185732,2021-11-07,Northeast,New Jersey,Newark,Men's Apparel,60.0,225.0,13500.0,4050.0,In-store,2021,11,4,30.0
Sports Direct,1197831,2021-09-28,South,Alabama,Birmingham,Men's Apparel,29.0,78.0,226.0,136.0,Online,2021,9,3,60.17699115044248
Sports Direct,1185732,2021-06-15,Northeast,Massachusetts,Boston,Men's Athletic Footwear,36.0,114.0,410.0,131.0,Outlet,2021,6,2,31.951219512195124
Foot Locker,1128299,2021-08-24,Southeast,Virginia,Richmond,Men's Street Footwear,83.0,240.0,1992.0,896.0,Online,2021,8,3,44.97991967871486
West Gear,1185732,2021-10-10,Northeast,New York,Albany,Women's Athletic Footwear,45.0,135.0,608.0,249.0,Online,2021,10,4,40.95394736842105
Foot Locker,1185732,2021-01-24,Northeast,West Virginia,Charleston,Men's Apparel,42.0,33.0,139.0,60.0,Online,2021,1,1,43.16546762589928
Foot Locker,1185732,2021-01-18,Midwest,Michigan,Detroit,Men's Athletic Footwear,29.0,123.0,357.0,168.0,Online,2021,1,1,47.05882352941176
Foot Locker,1185732,2021-03-06,Northeast,Rhode Island,Providence,Men's Street Footwear,34.0,111.0,377.0,189.0,Online,2021,3,1,50.132625994694955
Foot Locker,1185732,2021-07-11,Midwest,Illinois,Chicago,Women's Apparel,55.0,400.0,22000.0,11000.0,Outlet,2021,7,3,50.0
Amazon,1185732,2021-05-10,Northeast,Vermont,Burlington,Women's Apparel,47.0,120.0,564.0,259.0,Outlet,2021,5,2,45.92198581560284
Sports Direct,1197831,2021-09-29,South,Alabama,Birmingham,Women's Apparel,36.0,143.0,515.0,386.0,Online,2021,9,3,74.9514563106796
Sports Direct,1197831,2021-08-24,South,Alabama,Birmingham,Women's Apparel,14.0,165.0,231.0,155.0,Outlet,2021,8,3,67.09956709956711
Foot Locker,1185732,2021-07-13,Northeast,Delaware,Wilmington,Men's Athletic Footwear,50.0,425.0,21250.0,7438.0,In-store,2021,7,3,35.002352941176476
Amazon,1185732,2021-12-17,Northeast,Maine,Portland,Men's Apparel,60.0,54.0,324.0,117.0,Online,2021,12,4,36.11111111111111
Kohl's,1128299,2021-09-27,West,New Mexico,Albuquerque,Men's Street Footwear,50.0,625.0,31250.0,10938.0,Online,2021,9,3,35.001599999999996
Sports Direct,1185732,2021-06-17,Midwest,Michigan,Detroit,Men's Apparel,57.0,152.0,866.0,477.0,Online,2021,6,2,55.08083140877598
Sports Direct,1197831,2021-02-21,South,Mississippi,Jackson,Men's Athletic Footwear,17.0,112.0,190.0,74.0,Outlet,2021,2,1,38.94736842105263
West Gear,1128299,2021-01-24,West,Utah,Salt Lake City,Men's Street Footwear,30.0,350.0,10500.0,3675.0,In-store,2021,1,1,35.0
Sports Direct,1197831,2021-08-15,South,Texas,Dallas,Men's Apparel,26.0,113.0,294.0,79.0,Outlet,2021,8,3,26.87074829931973
Walmart,1185732,2021-09-16,South,Mississippi,Jackson,Men's Athletic Footwear,45.0,525.0,23625.0,8269.0,Online,2021,9,3,35.0010582010582
Amazon,1185732,2021-05-10,Northeast,Vermont,Burlington,Men's Athletic Footwear,54.0,80.0,432.0,242.0,Online,2021,5,2,56.018518518518526
Amazon,1185732,2021-09-23,Southeast,Kentucky,Louisville,Men's Street Footwear,50.0,525.0,26250.0,10500.0,Online,2021,9,3,40.0
West Gear,1185732,2021-03-10,West,Utah,Salt Lake City,Men's Athletic Footwear,22.0,105.0,231.0,92.0,Outlet,2021,3,1,39.82683982683983
Amazon,1185732,2021-02-12,Northeast,Massachusetts,Boston,Women's Street Footwear,33.0,74.0,244.0,122.0,Online,2021,2,1,50.0
Walmart,1128299,2021-04-17,Southeast,Florida,Orlando,Women's Athletic Footwear,52.0,84.0,437.0,197.0,Online,2021,4,2,45.08009153318078
Foot Locker,1185732,2021-11-06,Southeast,South Carolina,Charleston,Men's Athletic Footwear,44.0,188.0,827.0,372.0,Online,2021,11,4,44.98186215235792
Foot Locker,1185732,2021-06-06,Midwest,Iowa,Des Moines,Men's Apparel,34.0,44.0,150.0,96.0,Online,2021,6,2,64.0
Foot Locker,1185732,2021-09-06,Northeast,Rhode Island,Providence,Women's Street Footwear,29.0,39.0,113.0,49.0,Outlet,2021,9,3,43.36283185840708
Kohl's,1189833,2021-05-18,West,California,Los Angeles,Women's Apparel,62.0,176.0,1091.0,382.0,Online,2021,5,2,35.01374885426215
West Gear,1197831,2021-06-04,West,Idaho,Boise,Women's Street Footwear,47.0,174.0,818.0,393.0,Online,2021,6,2,48.044009779951104
Foot Locker,1128299,2021-02-23,West,Arizona,Phoenix,Men's Apparel,42.0,44.0,185.0,81.0,Online,2021,2,1,43.78378378378379
Kohl's,1197831,2021-08-13,Midwest,Kansas,Wichita,Women's Athletic Footwear,37.0,90.0,333.0,163.0,Online,2021,8,3,48.94894894894895
Amazon,1185732,2021-09-10,Northeast,Vermont,Burlington,Men's Apparel,60.0,200.0,12000.0,4200.0,In-store,2021,9,3,35.0
Sports Direct,1197831,2021-04-20,South,Tennessee,Knoxville,Women's Apparel,55.0,825.0,45375.0,27225.0,Outlet,2021,4,2,60.0
Foot Locker,1185732,2021-07-14,Midwest,Nebraska,Omaha,Men's Street Footwear,40.0,325.0,13000.0,5200.0,Outlet,2021,7,3,40.0
Sports Direct,1185732,2021-01-17,Northeast,Rhode Island,Providence,Men's Street Footwear,38.0,126.0,479.0,206.0,Online,2021,1,1,43.0062630480167
Sports Direct,1185732,2021-06-09,Midwest,North Dakota,Fargo,Women's Athletic Footwear,30.0,175.0,5250.0,1575.0,In-store,2021,6,2,30.0
Amazon,1185732,2021-02-12,Northeast,Vermont,Burlington,Women's Apparel,43.0,85.0,366.0,197.0,Online,2021,2,1,53.825136612021865
Foot Locker,1185732,2021-11-09,Midwest,North Dakota,Fargo,Men's Street Footwear,50.0,400.0,20000.0,7000.0,In-store,2021,11,4,35.0
Foot Locker,1128299,2021-08-24,Southeast,Virginia,Richmond,Men's Apparel,51.0,132.0,673.0,303.0,Outlet,2021,8,3,45.022288261515605
Foot Locker,1128299,2021-04-24,Southeast,Virginia,Richmond,Men's Athletic Footwear,60.0,275.0,16500.0,5775.0,In-store,2021,4,2,35.0
Foot Locker,1185732,2021-04-07,Northeast,Rhode Island,Providence,Women's Apparel,35.0,200.0,7000.0,2800.0,In-store,2021,4,2,40.0
Amazon,1185732,2021-02-12,Northeast,Massachusetts,Boston,Men's Street Footwear,33.0,184.0,607.0,285.0,Outlet,2021,2,1,46.952224052718286
Amazon,1185732,2021-08-11,Northeast,Vermont,Burlington,Women's Apparel,65.0,400.0,26000.0,10400.0,In-store,2021,8,3,40.0
Sports Direct,1185732,2021-12-06,Northeast,Rhode Island,Providence,Women's Athletic Footwear,48.0,65.0,312.0,156.0,Online,2021,12,4,50.0
Kohl's,1128299,2021-10-26,West,New Mexico,Albuquerque,Men's Apparel,60.0,325.0,19500.0,5850.0,Online,2021,10,4,30.0
Sports Direct,1197831,2021-08-19,South,Texas,Dallas,Women's Street Footwear,27.0,143.0,386.0,135.0,Outlet,2021,8,3,34.97409326424871
Sports Direct,1197831,2021-03-10,Midwest,Montana,Billings,Men's Street Footwear,20.0,700.0,14000.0,4900.0,Outlet,2021,3,1,35.0
Foot Locker,1185732,2021-06-06,Midwest,Iowa,Des Moines,Men's Street Footwear,35.0,525.0,18375.0,5513.0,In-store,2021,6,2,30.002721088435376
Sports Direct,1185732,2021-05-03,Northeast,Connecticut,Hartford,Women's Apparel,55.0,113.0,622.0,305.0,Online,2021,5,2,49.035369774919616
Kohl's,1189833,2021-04-19,West,California,Los Angeles,Men's Street Footwear,45.0,900.0,40500.0,16200.0,Outlet,2021,4,2,40.0
West Gear,1197831,2021-12-19,South,Arkansas,Little Rock,Women's Street Footwear,60.0,450.0,27000.0,10800.0,Online,2021,12,4,40.0
Amazon,1185732,2021-12-10,Northeast,Vermont,Burlington,Women's Street Footwear,55.0,113.0,622.0,292.0,Online,2021,12,4,46.94533762057878
Foot Locker,1128299,2021-04-24,Southeast,Virginia,Richmond,Women's Athletic Footwear,45.0,225.0,10125.0,3544.0,In-store,2021,4,2,35.002469135802464
Foot Locker,1185732,2021-04-06,Southeast,South Carolina,Charleston,Men's Apparel,47.0,188.0,884.0,442.0,Online,2021,4,2,50.0
Walmart,1128299,2021-09-18,Southeast,Florida,Orlando,Women's Apparel,55.0,300.0,16500.0,7425.0,In-store,2021,9,3,45.0
Foot Locker,1128299,2021-10-24,Southeast,Virginia,Richmond,Women's Athletic Footwear,31.0,101.0,313.0,116.0,Outlet,2021,10,4,37.06070287539936
Foot Locker,1128299,2021-06-23,West,Arizona,Phoenix,Women's Street Footwear,55.0,475.0,26125.0,9144.0,Online,2021,6,2,35.000956937799046
Sports Direct,1197831,2021-05-20,South,Tennessee,Knoxville,Women's Apparel,65.0,750.0,48750.0,29250.0,Outlet,2021,5,2,60.0
Sports Direct,1185732,2021-12-06,Northeast,Rhode Island,Providence,Men's Athletic Footwear,45.0,78.0,351.0,168.0,Online,2021,12,4,47.863247863247864
Sports Direct,1185732,2021-09-20,Northeast,Maryland,Baltimore,Men's Street Footwear,50.0,425.0,21250.0,8500.0,In-store,2021,9,3,40.0
Kohl's,1128299,2021-08-26,West,New Mexico,Albuquerque,Men's Apparel,67.0,124.0,831.0,332.0,Online,2021,8,3,39.95186522262335
Sports Direct,1185732,2021-04-14,Northeast,Massachusetts,Boston,Women's Athletic Footwear,23.0,39.0,90.0,25.0,Outlet,2021,4,2,27.77777777777778
Kohl's,1185732,2021-06-12,West,Wyoming,Cheyenne,Women's Athletic Footwear,40.0,500.0,20000.0,7000.0,In-store,2021,6,2,35.0
West Gear,1128299,2021-07-16,South,Louisiana,New Orleans,Women's Athletic Footwear,62.0,198.0,1228.0,552.0,Outlet,2021,7,3,44.951140065146575
Foot Locker,1185732,2021-06-15,Northeast,Delaware,Wilmington,Women's Athletic Footwear,45.0,300.0,13500.0,5400.0,In-store,2021,6,2,40.0
Amazon,1185732,2021-10-19,Northeast,Maine,Portland,Women's Apparel,68.0,56.0,381.0,202.0,Online,2021,10,4,53.018372703412076
Sports Direct,1185732,2021-05-03,Northeast,Connecticut,Hartford,Women's Street Footwear,45.0,275.0,12375.0,3713.0,In-store,2021,5,2,30.004040404040406
Sports Direct,1197831,2021-08-11,Midwest,Illinois,Chicago,Men's Street Footwear,20.0,189.0,378.0,151.0,Online,2021,8,3,39.94708994708995
Walmart,1197831,2021-05-19,South,Arkansas,Little Rock,Men's Street Footwear,26.0,228.0,593.0,273.0,Outlet,2021,5,2,46.0370994940978
Amazon,1185732,2021-01-13,Southeast,North Carolina,Charlotte,Women's Apparel,35.0,575.0,20125.0,10063.0,Online,2021,1,1,50.00248447204969
Sports Direct,1128299,2021-05-14,Southeast,Georgia,Atlanta,Women's Street Footwear,40.0,145.0,580.0,226.0,Outlet,2021,5,2,38.96551724137931
Foot Locker,1128299,2021-02-24,West,Wyoming,Cheyenne,Women's Street Footwear,39.0,88.0,343.0,154.0,Online,2021,2,1,44.89795918367347
Walmart,1185732,2021-09-16,South,Mississippi,Jackson,Women's Athletic Footwear,19.0,100.0,190.0,105.0,Online,2021,9,3,55.26315789473685
Sports Direct,1128299,2021-03-16,Southeast,Florida,Orlando,Women's Apparel,54.0,101.0,545.0,327.0,Online,2021,3,1,60.0
Walmart,1128299,2021-08-17,Southeast,Florida,Orlando,Women's Apparel,60.0,96.0,576.0,282.0,Outlet,2021,8,3,48.95833333333333
Amazon,1185732,2021-06-19,Northeast,New Hampshire,Manchester,Women's Street Footwear,53.0,88.0,466.0,205.0,Online,2021,6,2,43.99141630901288
Foot Locker,1185732,2021-06-21,Midwest,Illinois,Chicago,Women's Athletic Footwear,45.0,75.0,3375.0,1350.0,Outlet,2021,6,2,40.0
Kohl's,1128299,2021-05-27,West,New Mexico,Albuquerque,Women's Street Footwear,60.0,450.0,27000.0,9450.0,Online,2021,5,2,35.0
Kohl's,1128299,2021-05-27,West,New Mexico,Albuquerque,Men's Street Footwear,51.0,150.0,765.0,344.0,Online,2021,5,2,44.96732026143791
West Gear,1185732,2021-09-08,Northeast,New York,Albany,Women's Street Footwear,41.0,138.0,566.0,198.0,Online,2021,9,3,34.98233215547703
Sports Direct,1197831,2021-10-14,South,Texas,Dallas,Men's Apparel,46.0,162.0,745.0,291.0,Outlet,2021,10,4,39.06040268456376
West Gear,1128299,2021-02-17,West,Oregon,Portland,Men's Athletic Footwear,41.0,116.0,476.0,243.0,Online,2021,2,1,51.05042016806722
West Gear,1185732,2021-08-17,Northeast,West Virginia,Charleston,Women's Street Footwear,40.0,300.0,12000.0,4800.0,In-store,2021,8,3,40.0
Kohl's,1185732,2021-01-10,Northeast,Delaware,Wilmington,Men's Athletic Footwear,33.0,77.0,254.0,119.0,Online,2021,1,1,46.8503937007874
Foot Locker,1185732,2021-12-17,Northeast,New Hampshire,Manchester,Men's Street Footwear,49.0,200.0,980.0,461.0,Outlet,2021,12,4,47.04081632653061
Sports Direct,1185732,2021-05-03,Northeast,Connecticut,Hartford,Men's Apparel,55.0,250.0,13750.0,4125.0,In-store,2021,5,2,30.0
Sports Direct,1197831,2021-01-23,South,Mississippi,Jackson,Men's Apparel,35.0,350.0,12250.0,4288.0,Online,2021,1,1,35.00408163265306
Kohl's,1197831,2021-02-14,South,Oklahoma,Oklahoma City,Men's Street Footwear,25.0,600.0,15000.0,5250.0,Online,2021,2,1,35.0
Sports Direct,1185732,2021-07-03,Northeast,Connecticut,Hartford,Women's Athletic Footwear,45.0,275.0,12375.0,3713.0,In-store,2021,7,3,30.004040404040406
Walmart,1197831,2021-07-19,South,Arkansas,Little Rock,Women's Athletic Footwear,45.0,400.0,18000.0,7200.0,Online,2021,7,3,40.0
Kohl's,1189833,2021-04-17,West,California,Los Angeles,Men's Apparel,38.0,140.0,532.0,314.0,Outlet,2021,4,2,59.02255639097744
Foot Locker,1185732,2021-10-19,Northeast,New Hampshire,Manchester,Men's Athletic Footwear,62.0,84.0,521.0,276.0,Online,2021,10,4,52.97504798464492
Sports Direct,1197831,2021-09-12,South,Alabama,Birmingham,Men's Street Footwear,38.0,225.0,855.0,522.0,Online,2021,9,3,61.05263157894737
Foot Locker,1185732,2021-01-12,Midwest,Kansas,Wichita,Men's Street Footwear,38.0,138.0,524.0,257.0,Online,2021,1,1,49.04580152671756
Kohl's,1189833,2021-01-21,Midwest,Montana,Billings,Men's Street Footwear,39.0,150.0,585.0,333.0,Online,2021,1,1,56.92307692307692
West Gear,1128299,2021-02-01,West,California,San Francisco,Women's Street Footwear,55.0,700.0,38500.0,11550.0,Outlet,2021,2,1,30.0
Foot Locker,1128299,2021-04-10,West,Hawaii,Honolulu,Women's Street Footwear,65.0,350.0,22750.0,5688.0,Outlet,2021,4,2,25.002197802197802
West Gear,1128299,2021-03-16,South,Louisiana,New Orleans,Women's Athletic Footwear,43.0,96.0,413.0,178.0,Outlet,2021,3,1,43.09927360774818
Kohl's,1189833,2021-04-20,West,California,Los Angeles,Men's Athletic Footwear,47.0,225.0,1058.0,370.0,Online,2021,4,2,34.97164461247637
Amazon,1185732,2021-04-18,Northeast,New Hampshire,Manchester,Men's Athletic Footwear,38.0,85.0,323.0,136.0,Outlet,2021,4,2,42.10526315789473
Sports Direct,1197831,2021-04-17,South,Tennessee,Knoxville,Women's Street Footwear,40.0,975.0,39000.0,17550.0,Outlet,2021,4,2,45.0
Foot Locker,1185732,2021-11-17,Northeast,West Virginia,Charleston,Men's Apparel,65.0,300.0,19500.0,7800.0,In-store,2021,11,4,40.0
West Gear,1185732,2021-07-10,West,Utah,Salt Lake City,Men's Street Footwear,34.0,224.0,762.0,396.0,Online,2021,7,3,51.96850393700787
Sports Direct,1185732,2021-02-15,Northeast,Rhode Island,Providence,Men's Athletic Footwear,40.0,150.0,6000.0,1800.0,In-store,2021,2,1,30.0
Amazon,1185732,2021-08-10,Midwest,Ohio,Columbus,Women's Athletic Footwear,45.0,525.0,23625.0,9450.0,Online,2021,8,3,40.0
Amazon,1185732,2021-02-12,Northeast,Vermont,Burlington,Women's Apparel,35.0,107.0,375.0,176.0,Outlet,2021,2,1,46.93333333333333
Foot Locker,1185732,2021-06-08,Northeast,Rhode Island,Providence,Women's Apparel,55.0,350.0,19250.0,7700.0,In-store,2021,6,2,40.0
Foot Locker,1185732,2021-12-20,Northeast,Maryland,Baltimore,Men's Athletic Footwear,46.0,65.0,299.0,150.0,Online,2021,12,4,50.16722408026756
Amazon,1185732,2021-07-10,Northeast,Vermont,Burlington,Men's Apparel,39.0,114.0,445.0,169.0,Outlet,2021,7,3,37.97752808988764
Walmart,1185732,2021-09-16,South,Mississippi,Jackson,Women's Street Footwear,19.0,123.0,234.0,117.0,Online,2021,9,3,50.0
Foot Locker,1185732,2021-11-09,Midwest,North Dakota,Fargo,Women's Athletic Footwear,40.0,175.0,7000.0,2100.0,In-store,2021,11,4,30.0
Sports Direct,1197831,2021-08-11,South,Alabama,Birmingham,Men's Apparel,40.0,250.0,10000.0,3500.0,Outlet,2021,8,3,35.0
Foot Locker,1185732,2021-08-14,Northeast,Delaware,Wilmington,Men's Apparel,50.0,63.0,315.0,142.0,Online,2021,8,3,45.07936507936508
Sports Direct,1128299,2021-02-17,West,Hawaii,Honolulu,Men's Street Footwear,36.0,137.0,493.0,207.0,Online,2021,2,1,41.98782961460446
Kohl's,1128299,2021-11-26,West,New Mexico,Albuquerque,Women's Apparel,56.0,170.0,952.0,286.0,Outlet,2021,11,4,30.04201680672269
Foot Locker,1185732,2021-02-18,Midwest,Missouri,St. Louis,Men's Apparel,40.0,325.0,13000.0,4550.0,In-store,2021,2,1,35.0
West Gear,1128299,2021-10-24,West,Oregon,Portland,Women's Street Footwear,46.0,91.0,419.0,205.0,Online,2021,10,4,48.92601431980907
Foot Locker,1185732,2021-12-31,Northeast,Pennsylvania,Philadelphia,Men's Apparel,70.0,175.0,12250.0,4288.0,Outlet,2021,12,4,35.00408163265306
Sports Direct,1185732,2021-07-20,Northeast,Maryland,Baltimore,Women's Apparel,54.0,102.0,551.0,231.0,Online,2021,7,3,41.92377495462795
Kohl's,1189833,2021-02-20,Midwest,Montana,Billings,Men's Street Footwear,44.0,160.0,704.0,394.0,Online,2021,2,1,55.96590909090909
Foot Locker,1185732,2021-07-03,Midwest,Nebraska,Omaha,Men's Athletic Footwear,45.0,275.0,12375.0,4331.0,Outlet,2021,7,3,34.9979797979798
Sports Direct,1128299,2021-09-14,Southeast,Georgia,Atlanta,Men's Apparel,54.0,100.0,540.0,259.0,Online,2021,9,3,47.96296296296296
West Gear,1128299,2021-01-15,West,California,San Francisco,Women's Athletic Footwear,60.0,725.0,43500.0,13050.0,Outlet,2021,1,1,30.0
West Gear,1128299,2021-02-10,West,California,San Francisco,Women's Apparel,56.0,256.0,1434.0,215.0,Outlet,2021,2,1,14.99302649930265
Foot Locker,1185732,2021-04-07,Northeast,Rhode Island,Providence,Men's Street Footwear,35.0,425.0,14875.0,5206.0,In-store,2021,4,2,34.99831932773109
Foot Locker,1185732,2021-12-24,Northeast,Pennsylvania,Philadelphia,Women's Athletic Footwear,43.0,60.0,258.0,119.0,Outlet,2021,12,4,46.12403100775194
Amazon,1185732,2021-04-22,Southeast,Kentucky,Louisville,Men's Athletic Footwear,41.0,49.0,201.0,96.0,Online,2021,4,2,47.76119402985074
Foot Locker,1128299,2021-10-24,Southeast,Virginia,Richmond,Men's Apparel,53.0,87.0,461.0,249.0,Online,2021,10,4,54.01301518438177
Sports Direct,1185732,2021-11-03,Southeast,North Carolina,Charlotte,Men's Athletic Footwear,32.0,195.0,624.0,293.0,Online,2021,11,4,46.955128205128204
Foot Locker,1185732,2021-06-12,Midwest,South Dakota,Sioux Falls,Women's Street Footwear,32.0,54.0,173.0,74.0,Online,2021,6,2,42.77456647398844
Sports Direct,1185732,2021-07-08,Midwest,North Dakota,Fargo,Women's Apparel,55.0,375.0,20625.0,8250.0,In-store,2021,7,3,40.0
Amazon,1185732,2021-02-22,West,Alaska,Anchorage,Women's Apparel,55.0,350.0,19250.0,5775.0,Outlet,2021,2,1,30.0
Sports Direct,1185732,2021-05-13,Northeast,Massachusetts,Boston,Men's Apparel,39.0,60.0,234.0,66.0,Outlet,2021,5,2,28.205128205128204
Walmart,1197831,2021-03-19,South,Arkansas,Little Rock,Women's Apparel,24.0,102.0,245.0,125.0,Online,2021,3,1,51.02040816326531
Sports Direct,1185732,2021-03-13,Northeast,Massachusetts,Boston,Men's Street Footwear,40.0,470.0,18800.0,5640.0,In-store,2021,3,1,30.0
Kohl's,1189833,2021-01-15,Midwest,Montana,Billings,Men's Street Footwear,45.0,575.0,25875.0,11644.0,Outlet,2021,1,1,45.00096618357488
Sports Direct,1197831,2021-08-29,South,Texas,Dallas,Men's Street Footwear,18.0,182.0,328.0,147.0,Online,2021,8,3,44.81707317073171
Amazon,1185732,2021-05-23,Southeast,Kentucky,Louisville,Women's Apparel,51.0,83.0,423.0,216.0,Online,2021,5,2,51.06382978723404
Foot Locker,1185732,2021-10-27,Northeast,Pennsylvania,Philadelphia,Women's Apparel,43.0,61.0,262.0,115.0,Online,2021,10,4,43.89312977099237
Foot Locker,1185732,2021-12-03,Northeast,Connecticut,Hartford,Men's Street Footwear,65.0,575.0,37375.0,14950.0,In-store,2021,12,4,40.0
Sports Direct,1185732,2021-12-11,Midwest,South Dakota,Sioux Falls,Men's Apparel,56.0,50.0,280.0,126.0,Online,2021,12,4,45.0
Amazon,1185732,2021-10-28,Northeast,Maine,Portland,Men's Apparel,49.0,29.0,142.0,51.0,Online,2021,10,4,35.91549295774648
Sports Direct,1197831,2021-04-04,South,Tennessee,Knoxville,Men's Athletic Footwear,20.0,240.0,480.0,211.0,Outlet,2021,4,2,43.958333333333336
Sports Direct,1185732,2021-10-18,South,Mississippi,Jackson,Women's Apparel,33.0,124.0,409.0,262.0,Online,2021,10,4,64.05867970660147
Foot Locker,1185732,2021-04-17,South,Mississippi,Jackson,Men's Athletic Footwear,25.0,375.0,9375.0,3281.0,Online,2021,4,2,34.99733333333334
Sports Direct,1185732,2021-09-03,Northeast,Connecticut,Hartford,Men's Apparel,50.0,51.0,255.0,107.0,Online,2021,9,3,41.96078431372549
Foot Locker,1185732,2021-02-12,Midwest,South Dakota,Sioux Falls,Women's Apparel,35.0,275.0,9625.0,3850.0,Online,2021,2,1,40.0
Sports Direct,1197831,2021-05-01,South,Tennessee,Knoxville,Men's Apparel,47.0,120.0,564.0,288.0,Online,2021,5,2,51.06382978723404
Sports Direct,1185732,2021-02-15,Northeast,Massachusetts,Boston,Women's Apparel,30.0,80.0,240.0,77.0,Outlet,2021,2,1,32.083333333333336
Sports Direct,1185732,2021-12-05,Southeast,South Carolina,Charleston,Men's Apparel,66.0,225.0,1485.0,668.0,Online,2021,12,4,44.98316498316498
Foot Locker,1185732,2021-10-07,Southeast,South Carolina,Charleston,Women's Street Footwear,45.0,675.0,30375.0,7594.0,Online,2021,10,4,25.000823045267488
West Gear,1185732,2021-03-10,West,Utah,Salt Lake City,Women's Athletic Footwear,23.0,73.0,168.0,89.0,Online,2021,3,1,52.976190476190474
Walmart,1128299,2021-07-16,Southeast,Florida,Orlando,Men's Street Footwear,68.0,297.0,2020.0,747.0,Outlet,2021,7,3,36.98019801980198
Sports Direct,1197831,2021-10-17,South,Texas,Dallas,Men's Athletic Footwear,39.0,248.0,967.0,406.0,Outlet,2021,10,4,41.985522233712516
Kohl's,1197831,2021-03-12,Midwest,Kansas,Wichita,Women's Apparel,25.0,250.0,6250.0,2188.0,Online,2021,3,1,35.008
Sports Direct,1197831,2021-04-08,South,Tennessee,Knoxville,Women's Apparel,38.0,202.0,768.0,514.0,Online,2021,4,2,66.92708333333334
Foot Locker,1185732,2021-11-12,Northeast,Pennsylvania,Philadelphia,Women's Athletic Footwear,36.0,24.0,86.0,33.0,Outlet,2021,11,4,38.372093023255815
Amazon,1185732,2021-05-09,Midwest,Ohio,Columbus,Women's Street Footwear,39.0,143.0,558.0,284.0,Online,2021,5,2,50.89605734767025
West Gear,1197831,2021-11-20,South,Arkansas,Little Rock,Women's Athletic Footwear,55.0,375.0,20625.0,8250.0,Online,2021,11,4,40.0
Sports Direct,1197831,2021-09-30,South,Texas,Dallas,Women's Street Footwear,47.0,254.0,1194.0,537.0,Outlet,2021,9,3,44.9748743718593
Sports Direct,1197831,2021-03-31,South,Tennessee,Knoxville,Women's Athletic Footwear,25.0,400.0,10000.0,5000.0,Outlet,2021,3,1,50.0
Kohl's,1128299,2021-07-25,West,New Mexico,Albuquerque,Men's Street Footwear,54.0,203.0,1096.0,515.0,Online,2021,7,3,46.98905109489051
Sports Direct,1197831,2021-04-14,South,Tennessee,Knoxville,Women's Apparel,50.0,875.0,43750.0,24063.0,Outlet,2021,4,2,55.00114285714286
West Gear,1197831,2021-01-05,South,Louisiana,New Orleans,Women's Apparel,23.0,147.0,338.0,169.0,Outlet,2021,1,1,50.0
West Gear,1128299,2021-03-16,South,Louisiana,New Orleans,Men's Street Footwear,29.0,179.0,519.0,239.0,Outlet,2021,3,1,46.05009633911368
Amazon,1185732,2021-07-10,Northeast,Vermont,Burlington,Women's Athletic Footwear,46.0,90.0,414.0,203.0,Online,2021,7,3,49.033816425120776
Amazon,1185732,2021-06-19,Northeast,New Hampshire,Manchester,Women's Apparel,66.0,138.0,911.0,428.0,Online,2021,6,2,46.981339187705814
Amazon,1185732,2021-02-22,West,Alaska,Anchorage,Women's Athletic Footwear,49.0,46.0,225.0,88.0,Online,2021,2,1,39.111111111111114
Sports Direct,1185732,2021-02-05,Northeast,Connecticut,Hartford,Women's Apparel,40.0,300.0,12000.0,4200.0,In-store,2021,2,1,35.0
Walmart,1128299,2021-06-17,Southeast,Florida,Orlando,Women's Athletic Footwear,85.0,575.0,48875.0,14663.0,In-store,2021,6,2,30.00102301790281
West Gear,1185732,2021-02-11,West,Utah,Salt Lake City,Men's Apparel,28.0,120.0,336.0,141.0,Outlet,2021,2,1,41.964285714285715
West Gear,1185732,2021-01-11,Midwest,Missouri,St. Louis,Men's Apparel,35.0,375.0,13125.0,4594.0,In-store,2021,1,1,35.00190476190476
West Gear,1185732,2021-10-11,West,Utah,Salt Lake City,Women's Athletic Footwear,19.0,72.0,137.0,75.0,Online,2021,10,4,54.74452554744526
Walmart,1128299,2021-10-10,West,Hawaii,Honolulu,Men's Apparel,63.0,70.0,441.0,123.0,Online,2021,10,4,27.89115646258503
Walmart,1197831,2021-10-21,South,Arkansas,Little Rock,Men's Apparel,21.0,91.0,191.0,71.0,Outlet,2021,10,4,37.17277486910995
Sports Direct,1197831,2021-08-31,South,Alabama,Birmingham,Men's Street Footwear,30.0,225.0,675.0,324.0,Outlet,2021,8,3,48.0
West Gear,1185732,2021-09-18,Northeast,West Virginia,Charleston,Men's Athletic Footwear,30.0,350.0,10500.0,4200.0,In-store,2021,9,3,40.0
Amazon,1185732,2021-01-21,Northeast,Vermont,Burlington,Men's Athletic Footwear,50.0,325.0,16250.0,6500.0,In-store,2021,1,1,40.0
Foot Locker,1128299,2021-11-24,Southeast,Virginia,Richmond,Men's Street Footwear,45.0,575.0,25875.0,9056.0,In-store,2021,11,4,34.99903381642512
Foot Locker,1185732,2021-06-12,Midwest,South Dakota,Sioux Falls,Men's Street Footwear,45.0,500.0,22500.0,7875.0,Online,2021,6,2,35.0
West Gear,1185732,2021-02-10,Southeast,Florida,Orlando,Men's Street Footwear,44.0,234.0,1030.0,566.0,Online,2021,2,1,54.95145631067962
Sports Direct,1197831,2021-05-01,South,Tennessee,Knoxville,Men's Apparel,39.0,120.0,468.0,201.0,Outlet,2021,5,2,42.94871794871795
Foot Locker,1185732,2021-07-11,Midwest,South Dakota,Sioux Falls,Women's Athletic Footwear,38.0,44.0,167.0,72.0,Online,2021,7,3,43.11377245508982
Sports Direct,1185732,2021-10-05,Northeast,Connecticut,Hartford,Men's Apparel,65.0,150.0,9750.0,2925.0,In-store,2021,10,4,30.0
Sports Direct,1185732,2021-10-05,Northeast,Connecticut,Hartford,Men's Apparel,64.0,42.0,269.0,113.0,Online,2021,10,4,42.00743494423792
West Gear,1185732,2021-08-11,West,Utah,Salt Lake City,Women's Street Footwear,29.0,113.0,328.0,161.0,Online,2021,8,3,49.08536585365854
West Gear,1185732,2021-12-17,Midwest,Missouri,St. Louis,Women's Athletic Footwear,35.0,350.0,12250.0,4900.0,In-store,2021,12,4,40.0
Sports Direct,1185732,2021-01-07,Northeast,New Jersey,Newark,Men's Street Footwear,40.0,500.0,20000.0,8000.0,In-store,2021,1,1,40.0
Amazon,1185732,2021-05-17,Northeast,New Hampshire,Manchester,Women's Athletic Footwear,41.0,91.0,373.0,127.0,Outlet,2021,5,2,34.048257372654156
Foot Locker,1185732,2021-12-05,Southeast,South Carolina,Charleston,Men's Street Footwear,67.0,290.0,1943.0,1166.0,Online,2021,12,4,60.0102933607823
Sports Direct,1197831,2021-08-18,South,Texas,Dallas,Men's Athletic Footwear,23.0,215.0,495.0,178.0,Outlet,2021,8,3,35.95959595959596
Sports Direct,1197831,2021-10-04,West,Idaho,Boise,Men's Apparel,25.0,123.0,308.0,120.0,Outlet,2021,10,4,38.961038961038966
Sports Direct,1128299,2021-04-13,Southeast,Georgia,Atlanta,Men's Athletic Footwear,40.0,111.0,444.0,186.0,Outlet,2021,4,2,41.891891891891895
Sports Direct,1128299,2021-01-13,West,New Mexico,Albuquerque,Men's Athletic Footwear,39.0,135.0,527.0,269.0,Online,2021,1,1,51.04364326375711
Foot Locker,1185732,2021-11-12,Northeast,Pennsylvania,Philadelphia,Women's Athletic Footwear,42.0,20.0,84.0,39.0,Online,2021,11,4,46.42857142857143
Sports Direct,1185732,2021-05-03,Northeast,Connecticut,Hartford,Men's Apparel,37.0,83.0,307.0,107.0,Outlet,2021,5,2,34.85342019543974
Foot Locker,1185732,2021-06-18,Midwest,Missouri,St. Louis,Men's Street Footwear,32.0,168.0,538.0,290.0,Online,2021,6,2,53.90334572490706
Amazon,1185732,2021-10-12,South,Alabama,Birmingham,Men's Street Footwear,38.0,117.0,445.0,222.0,Online,2021,10,4,49.8876404494382
West Gear,1128299,2021-01-01,West,California,San Francisco,Men's Athletic Footwear,51.0,233.0,1188.0,321.0,Outlet,2021,1,1,27.02020202020202
Foot Locker,1185732,2021-10-19,Northeast,New Hampshire,Manchester,Men's Street Footwear,52.0,162.0,842.0,354.0,Outlet,2021,10,4,42.042755344418055
Kohl's,1185732,2021-09-10,West,Wyoming,Cheyenne,Women's Street Footwear,38.0,137.0,521.0,239.0,Online,2021,9,3,45.87332053742802
Kohl's,1128299,2021-10-26,West,New Mexico,Albuquerque,Men's Athletic Footwear,55.0,550.0,30250.0,12100.0,Online,2021,10,4,40.0
Sports Direct,1185732,2021-07-03,Northeast,Connecticut,Hartford,Men's Street Footwear,42.0,195.0,819.0,369.0,Outlet,2021,7,3,45.05494505494506
West Gear,1185732,2021-03-09,Midwest,Indiana,Indianapolis,Men's Street Footwear,23.0,151.0,347.0,177.0,Online,2021,3,1,51.008645533141205
Kohl's,1128299,2021-12-25,West,New Mexico,Albuquerque,Men's Street Footwear,60.0,700.0,42000.0,14700.0,Online,2021,12,4,35.0
West Gear,1128299,2021-08-17,South,Louisiana,New Orleans,Women's Apparel,63.0,90.0,567.0,278.0,Online,2021,8,3,49.029982363315696
West Gear,1185732,2021-05-18,Northeast,West Virginia,Charleston,Men's Apparel,45.0,225.0,10125.0,4050.0,In-store,2021,5,2,40.0
Sports Direct,1185732,2021-11-03,Southeast,North Carolina,Charlotte,Women's Street Footwear,38.0,167.0,635.0,343.0,Online,2021,11,4,54.01574803149606
Sports Direct,1128299,2021-06-13,Southeast,Georgia,Atlanta,Men's Athletic Footwear,41.0,163.0,668.0,294.0,Outlet,2021,6,2,44.01197604790419
Sports Direct,1128299,2021-03-16,Southeast,Florida,Orlando,Women's Street Footwear,47.0,149.0,700.0,224.0,Outlet,2021,3,1,32.0
Sports Direct,1185732,2021-12-15,Midwest,Michigan,Detroit,Men's Athletic Footwear,50.0,650.0,32500.0,13000.0,In-store,2021,12,4,40.0
Kohl's,1185732,2021-04-11,West,Wyoming,Cheyenne,Women's Street Footwear,30.0,500.0,15000.0,5250.0,In-store,2021,4,2,35.0
Foot Locker,1185732,2021-09-05,Southeast,South Carolina,Charleston,Men's Apparel,48.0,175.0,840.0,386.0,Online,2021,9,3,45.95238095238095
Kohl's,1189833,2021-02-17,Midwest,Montana,Billings,Women's Athletic Footwear,45.0,400.0,18000.0,7200.0,Outlet,2021,2,1,40.0
Sports Direct,1128299,2021-12-25,West,New Mexico,Albuquerque,Women's Athletic Footwear,45.0,160.0,720.0,288.0,Outlet,2021,12,4,40.0
Kohl's,1189833,2021-01-22,Midwest,Montana,Billings,Men's Athletic Footwear,45.0,425.0,19125.0,5738.0,Outlet,2021,1,1,30.002614379084967
Sports Direct,1185732,2021-08-03,Southeast,North Carolina,Charlotte,Men's Athletic Footwear,60.0,800.0,48000.0,16800.0,Online,2021,8,3,35.0
Sports Direct,1197831,2021-03-22,South,Tennessee,Knoxville,Men's Street Footwear,27.0,189.0,510.0,260.0,Online,2021,3,1,50.98039215686274
Kohl's,1189833,2021-05-20,West,California,Los Angeles,Men's Athletic Footwear,55.0,825.0,45375.0,11344.0,Outlet,2021,5,2,25.00055096418733
Foot Locker,1128299,2021-02-10,West,Hawaii,Honolulu,Women's Apparel,45.0,350.0,15750.0,6300.0,Outlet,2021,2,1,40.0
Sports Direct,1185732,2021-02-15,Northeast,Rhode Island,Providence,Women's Street Footwear,24.0,70.0,168.0,49.0,Outlet,2021,2,1,29.166666666666668
West Gear,1185732,2021-12-02,Midwest,Wisconsin,Milwaukee,Men's Apparel,60.0,250.0,15000.0,7500.0,In-store,2021,12,4,50.0
Foot Locker,1185732,2021-09-13,Northeast,Delaware,Wilmington,Women's Athletic Footwear,45.0,200.0,9000.0,3600.0,In-store,2021,9,3,40.0
Kohl's,1185732,2021-09-06,Northeast,New Jersey,Newark,Men's Athletic Footwear,41.0,72.0,295.0,148.0,Online,2021,9,3,50.16949152542372
Foot Locker,1185732,2021-01-24,Northeast,New Hampshire,Manchester,Men's Athletic Footwear,36.0,93.0,335.0,134.0,Outlet,2021,1,1,40.0
Amazon,1185732,2021-09-10,Northeast,Vermont,Burlington,Men's Street Footwear,44.0,179.0,788.0,386.0,Outlet,2021,9,3,48.984771573604064
Amazon,1185732,2021-02-12,Northeast,Massachusetts,Boston,Men's Athletic Footwear,45.0,225.0,10125.0,4556.0,In-store,2021,2,1,44.99753086419753
Foot Locker,1185732,2021-07-05,Southeast,South Carolina,Charleston,Men's Athletic Footwear,58.0,270.0,1566.0,767.0,Online,2021,7,3,48.97828863346105
West Gear,1197831,2021-07-19,South,Oklahoma,Oklahoma City,Women's Athletic Footwear,41.0,85.0,349.0,185.0,Online,2021,7,3,53.00859598853869
Amazon,1185732,2021-11-18,Northeast,Maine,Portland,Men's Apparel,65.0,150.0,9750.0,2438.0,Outlet,2021,11,4,25.00512820512821
Amazon,1185732,2021-10-22,Southeast,Kentucky,Louisville,Women's Apparel,53.0,83.0,440.0,220.0,Online,2021,10,4,50.0
Foot Locker,1185732,2021-12-08,Midwest,North Dakota,Fargo,Men's Athletic Footwear,46.0,75.0,345.0,155.0,Online,2021,12,4,44.927536231884055
Sports Direct,1197831,2021-08-08,West,Idaho,Boise,Men's Apparel,39.0,166.0,647.0,272.0,Outlet,2021,8,3,42.040185471406495
Sports Direct,1128299,2021-07-12,Southeast,Georgia,Atlanta,Men's Apparel,54.0,138.0,745.0,358.0,Online,2021,7,3,48.053691275167786
Kohl's,1189833,2021-05-26,West,California,Los Angeles,Men's Athletic Footwear,55.0,900.0,49500.0,12375.0,Outlet,2021,5,2,25.0
Foot Locker,1185732,2021-04-14,Northeast,Delaware,Wilmington,Women's Street Footwear,27.0,59.0,159.0,88.0,Online,2021,4,2,55.34591194968554
Foot Locker,1128299,2021-06-24,Southeast,Virginia,Richmond,Women's Athletic Footwear,72.0,142.0,1022.0,501.0,Online,2021,6,2,49.02152641878669
Sports Direct,1128299,2021-12-09,West,Hawaii,Honolulu,Women's Apparel,95.0,525.0,49875.0,19950.0,Outlet,2021,12,4,40.0
Foot Locker,1185732,2021-07-22,Midwest,Illinois,Chicago,Men's Apparel,49.0,49.0,240.0,110.0,Online,2021,7,3,45.83333333333333
Sports Direct,1197831,2021-01-23,South,Mississippi,Jackson,Women's Street Footwear,11.0,140.0,154.0,68.0,Outlet,2021,1,1,44.15584415584416
West Gear,1197831,2021-07-06,West,Idaho,Boise,Men's Athletic Footwear,52.0,202.0,1050.0,546.0,Online,2021,7,3,52.0
West Gear,1185732,2021-06-10,Midwest,Indiana,Indianapolis,Men's Street Footwear,40.0,575.0,23000.0,9200.0,In-store,2021,6,2,40.0
Amazon,1185732,2021-07-10,Northeast,Vermont,Burlington,Men's Athletic Footwear,51.0,115.0,587.0,328.0,Online,2021,7,3,55.877342419080065
Amazon,1185732,2021-03-09,Midwest,Ohio,Columbus,Women's Athletic Footwear,25.0,325.0,8125.0,3250.0,Online,2021,3,1,40.0
Foot Locker,1185732,2021-10-18,Midwest,Missouri,St. Louis,Women's Apparel,38.0,88.0,334.0,214.0,Online,2021,10,4,64.07185628742515
Foot Locker,1185732,2021-07-05,Midwest,Nebraska,Omaha,Women's Athletic Footwear,29.0,38.0,110.0,56.0,Online,2021,7,3,50.90909090909091
Foot Locker,1185732,2021-11-18,Midwest,Missouri,St. Louis,Men's Apparel,45.0,300.0,13500.0,4725.0,In-store,2021,11,4,35.0
Amazon,1185732,2021-08-22,Southeast,Kentucky,Louisville,Women's Athletic Footwear,40.0,250.0,10000.0,4000.0,Online,2021,8,3,40.0
Foot Locker,1128299,2021-09-25,Southeast,Virginia,Richmond,Women's Apparel,45.0,250.0,11250.0,3375.0,In-store,2021,9,3,30.0
West Gear,1128299,2021-05-25,West,Oregon,Portland,Women's Apparel,60.0,525.0,31500.0,9450.0,In-store,2021,5,2,30.0
Foot Locker,1185732,2021-10-18,Midwest,Missouri,St. Louis,Men's Street Footwear,34.0,131.0,445.0,227.0,Online,2021,10,4,51.01123595505618
Foot Locker,1185732,2021-10-09,Midwest,North Dakota,Fargo,Women's Apparel,55.0,250.0,13750.0,5500.0,In-store,2021,10,4,40.0
Sports Direct,1185732,2021-11-07,Northeast,Rhode Island,Providence,Men's Street Footwear,60.0,350.0,21000.0,7350.0,In-store,2021,11,4,35.0
Sports Direct,1185732,2021-02-15,Northeast,Rhode Island,Providence,Men's Street Footwear,36.0,140.0,504.0,207.0,Online,2021,2,1,41.07142857142857
Kohl's,1189833,2021-05-07,West,California,Los Angeles,Men's Street Footwear,47.0,213.0,1001.0,541.0,Online,2021,5,2,54.04595404595405
Foot Locker,1185732,2021-08-12,Midwest,South Dakota,Sioux Falls,Women's Apparel,53.0,88.0,466.0,233.0,Online,2021,8,3,50.0
Amazon,1185732,2021-08-22,Southeast,Kentucky,Louisville,Men's Street Footwear,50.0,575.0,28750.0,11500.0,Online,2021,8,3,40.0
West Gear,1185732,2021-09-12,West,Utah,Salt Lake City,Women's Street Footwear,9.0,91.0,82.0,41.0,Online,2021,9,3,50.0
West Gear,1128299,2021-09-18,South,Louisiana,New Orleans,Men's Athletic Footwear,40.0,175.0,700.0,301.0,Outlet,2021,9,3,43.0
Sports Direct,1197831,2021-09-14,South,Alabama,Birmingham,Women's Street Footwear,51.0,268.0,1367.0,820.0,Online,2021,9,3,59.98536942209217
Foot Locker,1185732,2021-10-05,Northeast,Connecticut,Hartford,Women's Apparel,63.0,74.0,466.0,233.0,Online,2021,10,4,50.0
Kohl's,1189833,2021-04-12,West,California,Los Angeles,Women's Apparel,62.0,174.0,1079.0,356.0,Online,2021,4,2,32.9935125115848
Walmart,1185732,2021-10-18,South,Mississippi,Jackson,Men's Apparel,32.0,98.0,314.0,157.0,Online,2021,10,4,50.0
Kohl's,1197831,2021-11-20,South,Oklahoma,Oklahoma City,Women's Street Footwear,25.0,245.0,6125.0,2450.0,Online,2021,11,4,40.0
Sports Direct,1185732,2021-01-06,Southeast,South Carolina,Charleston,Men's Athletic Footwear,35.0,725.0,25375.0,8881.0,Online,2021,1,1,34.99901477832512
Amazon,1185732,2021-04-11,Northeast,Vermont,Burlington,Men's Street Footwear,41.0,137.0,562.0,315.0,Online,2021,4,2,56.04982206405694
West Gear,1185732,2021-04-10,Midwest,Indiana,Indianapolis,Men's Apparel,61.0,45.0,275.0,121.0,Online,2021,4,2,44.0
Amazon,1185732,2021-02-22,Southeast,Kentucky,Louisville,Women's Athletic Footwear,35.0,125.0,4375.0,1750.0,Online,2021,2,1,40.0
Foot Locker,1185732,2021-08-07,Northeast,Rhode Island,Providence,Women's Athletic Footwear,29.0,47.0,136.0,59.0,Outlet,2021,8,3,43.38235294117647
West Gear,1197831,2021-08-20,South,Oklahoma,Oklahoma City,Women's Street Footwear,47.0,113.0,531.0,281.0,Online,2021,8,3,52.91902071563088
Sports Direct,1197831,2021-05-06,South,Tennessee,Knoxville,Women's Athletic Footwear,40.0,375.0,15000.0,8250.0,Outlet,2021,5,2,55.00000000000001
Amazon,1185732,2021-10-22,Northeast,Maine,Portland,Men's Apparel,50.0,150.0,7500.0,1875.0,Outlet,2021,10,4,25.0
Sports Direct,1185732,2021-12-06,Northeast,Rhode Island,Providence,Women's Athletic Footwear,34.0,77.0,262.0,113.0,Outlet,2021,12,4,43.12977099236641
Foot Locker,1185732,2021-05-06,Northeast,Rhode Island,Providence,Women's Street Footwear,40.0,200.0,8000.0,3200.0,In-store,2021,5,2,40.0
Foot Locker,1128299,2021-07-22,West,Arizona,Phoenix,Women's Athletic Footwear,36.0,113.0,407.0,155.0,Outlet,2021,7,3,38.08353808353808
Sports Direct,1197831,2021-08-23,South,Texas,Dallas,Men's Street Footwear,29.0,182.0,528.0,264.0,Online,2021,8,3,50.0
West Gear,1128299,2021-01-26,West,California,San Francisco,Women's Street Footwear,52.0,225.0,1170.0,468.0,Online,2021,1,1,40.0
West Gear,1185732,2021-02-03,Midwest,Iowa,Des Moines,Men's Street Footwear,30.0,500.0,15000.0,4500.0,In-store,2021,2,1,30.0
Foot Locker,1128299,2021-03-22,West,Arizona,Phoenix,Women's Apparel,47.0,88.0,414.0,165.0,Online,2021,3,1,39.85507246376812
Amazon,1185732,2021-03-09,Midwest,Ohio,Columbus,Men's Athletic Footwear,30.0,450.0,13500.0,4725.0,Online,2021,3,1,35.0
Sports Direct,1185732,2021-04-04,Northeast,Connecticut,Hartford,Men's Street Footwear,28.0,155.0,434.0,200.0,Outlet,2021,4,2,46.08294930875576
West Gear,1197831,2021-07-19,South,Oklahoma,Oklahoma City,Men's Street Footwear,50.0,182.0,910.0,473.0,Online,2021,7,3,51.978021978021985
West Gear,1197831,2021-03-19,South,Oklahoma,Oklahoma City,Women's Apparel,18.0,88.0,158.0,73.0,Outlet,2021,3,1,46.20253164556962
West Gear,1185732,2021-02-10,Southeast,Florida,Orlando,Men's Athletic Footwear,31.0,165.0,512.0,210.0,Outlet,2021,2,1,41.015625
West Gear,1185732,2021-08-09,Northeast,New York,Albany,Men's Apparel,55.0,550.0,30250.0,10588.0,In-store,2021,8,3,35.001652892561985
Kohl's,1197831,2021-02-14,South,Oklahoma,Oklahoma City,Men's Street Footwear,23.0,162.0,373.0,175.0,Online,2021,2,1,46.91689008042895
Sports Direct,1185732,2021-12-06,Northeast,New Jersey,Newark,Women's Apparel,65.0,375.0,24375.0,9750.0,In-store,2021,12,4,40.0
Walmart,1128299,2021-05-18,Southeast,Florida,Orlando,Women's Street Footwear,46.0,132.0,607.0,219.0,Outlet,2021,5,2,36.07907742998353
Walmart,1185732,2021-07-16,South,Mississippi,Jackson,Women's Street Footwear,37.0,168.0,622.0,261.0,Outlet,2021,7,3,41.961414790996784
Foot Locker,1185732,2021-06-18,South,Mississippi,Jackson,Women's Street Footwear,45.0,475.0,21375.0,8550.0,Online,2021,6,2,40.0
Foot Locker,1185732,2021-11-22,Northeast,Pennsylvania,Philadelphia,Men's Athletic Footwear,41.0,85.0,349.0,136.0,Outlet,2021,11,4,38.96848137535817
Foot Locker,1185732,2021-02-18,South,Mississippi,Jackson,Women's Apparel,20.0,160.0,320.0,182.0,Outlet,2021,2,1,56.875
Amazon,1185732,2021-10-22,West,Alaska,Anchorage,Women's Apparel,80.0,275.0,22000.0,6600.0,Outlet,2021,10,4,30.0
Amazon,1185732,2021-01-24,West,Alaska,Anchorage,Women's Apparel,52.0,84.0,437.0,179.0,Online,2021,1,1,40.96109839816934
Amazon,1185732,2021-11-22,Southeast,Kentucky,Louisville,Men's Street Footwear,50.0,425.0,21250.0,8500.0,Online,2021,11,4,40.0
Foot Locker,1128299,2021-04-24,Southeast,Virginia,Richmond,Women's Apparel,47.0,90.0,423.0,152.0,Outlet,2021,4,2,35.9338061465721
Sports Direct,1197831,2021-09-18,South,Alabama,Birmingham,Men's Street Footwear,38.0,206.0,783.0,431.0,Outlet,2021,9,3,55.044699872286074
Amazon,1185732,2021-10-11,Midwest,Ohio,Columbus,Men's Street Footwear,40.0,725.0,29000.0,11600.0,Online,2021,10,4,40.0
Sports Direct,1185732,2021-05-13,Northeast,Massachusetts,Boston,Women's Apparel,43.0,104.0,447.0,152.0,Outlet,2021,5,2,34.00447427293065
Foot Locker,1185732,2021-02-08,Northeast,Rhode Island,Providence,Women's Athletic Footwear,20.0,16.0,32.0,14.0,Outlet,2021,2,1,43.75
Sports Direct,1185732,2021-01-07,Northeast,New Jersey,Newark,Women's Street Footwear,28.0,90.0,252.0,101.0,Online,2021,1,1,40.07936507936508
Kohl's,1128299,2021-09-27,West,New Mexico,Albuquerque,Men's Athletic Footwear,39.0,188.0,733.0,337.0,Outlet,2021,9,3,45.975443383356065
Amazon,1185732,2021-01-22,Midwest,Ohio,Columbus,Women's Street Footwear,30.0,300.0,9000.0,3600.0,Online,2021,1,1,40.0
Sports Direct,1197831,2021-09-18,South,Texas,Dallas,Women's Street Footwear,45.0,975.0,43875.0,17550.0,Outlet,2021,9,3,40.0
Walmart,1185732,2021-08-17,South,Mississippi,Jackson,Men's Athletic Footwear,50.0,168.0,840.0,403.0,Online,2021,8,3,47.976190476190474
Foot Locker,1185732,2021-11-04,Northeast,Connecticut,Hartford,Men's Athletic Footwear,37.0,105.0,389.0,179.0,Outlet,2021,11,4,46.01542416452442
Foot Locker,1185732,2021-04-14,Northeast,Delaware,Wilmington,Women's Apparel,40.0,300.0,12000.0,4800.0,In-store,2021,4,2,40.0
Sports Direct,1185732,2021-05-10,Midwest,North Dakota,Fargo,Men's Athletic Footwear,41.0,54.0,221.0,97.0,Online,2021,5,2,43.89140271493213
Foot Locker,1128299,2021-05-11,West,Hawaii,Honolulu,Women's Athletic Footwear,52.0,80.0,416.0,166.0,Online,2021,5,2,39.90384615384615
Sports Direct,1128299,2021-10-13,Southeast,Georgia,Atlanta,Men's Apparel,50.0,90.0,450.0,207.0,Online,2021,10,4,46.0
Sports Direct,1185732,2021-02-09,Midwest,South Dakota,Sioux Falls,Men's Athletic Footwear,35.0,175.0,6125.0,1838.0,Online,2021,2,1,30.00816326530612
West Gear,1128299,2021-04-24,West,Oregon,Portland,Women's Apparel,49.0,90.0,441.0,150.0,Outlet,2021,4,2,34.01360544217687
West Gear,1185732,2021-12-17,Midwest,Missouri,St. Louis,Men's Apparel,45.0,350.0,15750.0,5513.0,In-store,2021,12,4,35.0031746031746
Foot Locker,1185732,2021-06-12,Midwest,Illinois,Chicago,Men's Street Footwear,47.0,144.0,677.0,372.0,Online,2021,6,2,54.94830132939439
West Gear,1128299,2021-02-03,West,California,San Francisco,Men's Apparel,65.0,650.0,42250.0,19013.0,Outlet,2021,2,1,45.00118343195266
Amazon,1185732,2021-07-21,Southeast,Kentucky,Louisville,Men's Apparel,46.0,75.0,345.0,159.0,Online,2021,7,3,46.08695652173913
Kohl's,1189833,2021-05-25,West,California,Los Angeles,Men's Street Footwear,49.0,225.0,1103.0,562.0,Online,2021,5,2,50.951949229374435
Foot Locker,1128299,2021-04-10,West,Hawaii,Honolulu,Men's Street Footwear,60.0,500.0,30000.0,7500.0,Outlet,2021,4,2,25.0
Foot Locker,1185732,2021-02-12,Midwest,Kansas,Wichita,Men's Street Footwear,40.0,525.0,21000.0,7350.0,Online,2021,2,1,35.0
Foot Locker,1197831,2021-03-06,West,Idaho,Boise,Women's Athletic Footwear,33.0,105.0,347.0,201.0,Online,2021,3,1,57.925072046109506
Amazon,1185732,2021-06-22,West,Alaska,Anchorage,Women's Athletic Footwear,55.0,300.0,16500.0,4125.0,Outlet,2021,6,2,25.0
Kohl's,1197831,2021-01-16,South,Oklahoma,Oklahoma City,Women's Apparel,25.0,350.0,8750.0,3063.0,Online,2021,1,1,35.005714285714284
Foot Locker,1128299,2021-02-24,Southeast,Virginia,Richmond,Women's Apparel,30.0,107.0,321.0,116.0,Outlet,2021,2,1,36.13707165109034
Amazon,1185732,2021-08-18,Northeast,New Hampshire,Manchester,Men's Athletic Footwear,39.0,135.0,527.0,247.0,Outlet,2021,8,3,46.86907020872865
Amazon,1185732,2021-01-22,Midwest,Ohio,Columbus,Men's Street Footwear,40.0,500.0,20000.0,8000.0,Online,2021,1,1,40.0
Kohl's,1189833,2021-03-07,Midwest,Montana,Billings,Women's Athletic Footwear,45.0,475.0,21375.0,8550.0,Outlet,2021,3,1,40.0
West Gear,1185732,2021-09-04,Midwest,Wisconsin,Milwaukee,Men's Apparel,35.0,125.0,4375.0,2188.0,In-store,2021,9,3,50.011428571428574
Foot Locker,1185732,2021-06-19,Midwest,Nebraska,Omaha,Women's Apparel,51.0,41.0,209.0,130.0,Online,2021,6,2,62.20095693779905
Sports Direct,1185732,2021-09-13,Northeast,Massachusetts,Boston,Men's Street Footwear,53.0,135.0,716.0,301.0,Online,2021,9,3,42.039106145251395
West Gear,1185732,2021-08-10,Midwest,Indiana,Indianapolis,Men's Apparel,47.0,53.0,249.0,112.0,Online,2021,8,3,44.97991967871486
Foot Locker,1128299,2021-03-22,West,Arizona,Phoenix,Women's Athletic Footwear,38.0,68.0,258.0,96.0,Outlet,2021,3,1,37.2093023255814
Amazon,1185732,2021-11-17,Northeast,Maine,Portland,Men's Street Footwear,55.0,550.0,30250.0,10588.0,Outlet,2021,11,4,35.001652892561985
West Gear,1185732,2021-05-11,Midwest,Indiana,Indianapolis,Men's Street Footwear,60.0,545.0,32700.0,13080.0,In-store,2021,5,2,40.0
West Gear,1185732,2021-03-10,West,Utah,Salt Lake City,Women's Athletic Footwear,25.0,250.0,6250.0,2500.0,In-store,2021,3,1,40.0
Kohl's,1185732,2021-12-08,Northeast,New York,Albany,Women's Street Footwear,52.0,163.0,848.0,331.0,Online,2021,12,4,39.03301886792453
Amazon,1185732,2021-04-11,Northeast,Vermont,Burlington,Men's Athletic Footwear,35.0,68.0,238.0,112.0,Outlet,2021,4,2,47.05882352941176
Foot Locker,1185732,2021-05-31,West,California,Los Angeles,Men's Street Footwear,45.0,475.0,21375.0,8550.0,Outlet,2021,5,2,40.0
Foot Locker,1185732,2021-05-06,Northeast,Rhode Island,Providence,Women's Apparel,52.0,81.0,421.0,223.0,Online,2021,5,2,52.96912114014252
Sports Direct,1197831,2021-09-10,South,Texas,Dallas,Men's Street Footwear,41.0,224.0,918.0,413.0,Online,2021,9,3,44.989106753812635
Foot Locker,1185732,2021-07-06,Northeast,Rhode Island,Providence,Women's Apparel,55.0,400.0,22000.0,8800.0,In-store,2021,7,3,40.0
Sports Direct,1197831,2021-09-11,South,Texas,Dallas,Men's Athletic Footwear,50.0,800.0,40000.0,14000.0,Outlet,2021,9,3,35.0
Foot Locker,1185732,2021-09-19,Midwest,Missouri,St. Louis,Men's Apparel,23.0,77.0,177.0,83.0,Online,2021,9,3,46.89265536723164
West Gear,1197831,2021-11-20,South,Arkansas,Little Rock,Men's Apparel,69.0,91.0,628.0,295.0,Online,2021,11,4,46.97452229299363
West Gear,1128299,2021-03-23,West,Oregon,Portland,Men's Apparel,54.0,26.0,140.0,74.0,Online,2021,3,1,52.85714285714286
Amazon,1185732,2021-01-14,Northeast,Massachusetts,Boston,Men's Athletic Footwear,45.0,325.0,14625.0,6581.0,In-store,2021,1,1,44.998290598290595
West Gear,1185732,2021-12-17,Midwest,Missouri,St. Louis,Men's Apparel,42.0,88.0,370.0,185.0,Online,2021,12,4,50.0
Foot Locker,1128299,2021-03-23,Southeast,Virginia,Richmond,Men's Athletic Footwear,45.0,85.0,383.0,180.0,Online,2021,3,1,46.99738903394256
Sports Direct,1197831,2021-05-17,South,Tennessee,Knoxville,Women's Street Footwear,44.0,210.0,924.0,471.0,Outlet,2021,5,2,50.97402597402597
Kohl's,1189833,2021-02-22,Midwest,Montana,Billings,Women's Street Footwear,41.0,116.0,476.0,271.0,Online,2021,2,1,56.9327731092437
Foot Locker,1185732,2021-02-08,Northeast,Rhode Island,Providence,Men's Apparel,34.0,40.0,136.0,49.0,Outlet,2021,2,1,36.029411764705884
Kohl's,1128299,2021-05-27,West,New Mexico,Albuquerque,Women's Apparel,69.0,115.0,794.0,309.0,Online,2021,5,2,38.91687657430731
West Gear,1185732,2021-03-10,West,Utah,Salt Lake City,Men's Apparel,28.0,90.0,252.0,101.0,Outlet,2021,3,1,40.07936507936508
West Gear,1185732,2021-03-10,West,Utah,Salt Lake City,Women's Apparel,29.0,100.0,290.0,186.0,Online,2021,3,1,64.13793103448275
Amazon,1185732,2021-10-15,Northeast,Massachusetts,Boston,Women's Apparel,66.0,65.0,429.0,189.0,Online,2021,10,4,44.05594405594406
Foot Locker,1185732,2021-01-24,Northeast,West Virginia,Charleston,Men's Athletic Footwear,34.0,68.0,231.0,109.0,Online,2021,1,1,47.18614718614719
West Gear,1185732,2021-03-10,West,Utah,Salt Lake City,Men's Street Footwear,30.0,670.0,20100.0,8040.0,In-store,2021,3,1,40.0
Foot Locker,1185732,2021-12-25,Northeast,Pennsylvania,Philadelphia,Men's Apparel,64.0,42.0,269.0,129.0,Online,2021,12,4,47.95539033457249
Kohl's,1189833,2021-01-08,Midwest,Montana,Billings,Women's Apparel,45.0,425.0,19125.0,4781.0,Outlet,2021,1,1,24.998692810457516
Amazon,1185732,2021-10-17,Northeast,Maine,Portland,Women's Apparel,40.0,250.0,10000.0,4000.0,Outlet,2021,10,4,40.0
Sports Direct,1185732,2021-12-06,Northeast,Rhode Island,Providence,Men's Street Footwear,60.0,500.0,30000.0,10500.0,In-store,2021,12,4,35.0
Foot Locker,1185732,2021-02-06,Midwest,Iowa,Des Moines,Women's Athletic Footwear,25.0,75.0,1875.0,563.0,In-store,2021,2,1,30.026666666666667
Foot Locker,1185732,2021-08-07,Northeast,Rhode Island,Providence,Men's Athletic Footwear,31.0,111.0,344.0,131.0,Outlet,2021,8,3,38.08139534883721
West Gear,1185732,2021-12-10,West,Utah,Salt Lake City,Men's Athletic Footwear,22.0,170.0,374.0,157.0,Outlet,2021,12,4,41.97860962566845
Foot Locker,1185732,2021-12-01,Northeast,Pennsylvania,Philadelphia,Men's Apparel,65.0,200.0,13000.0,4550.0,Outlet,2021,12,4,35.0
West Gear,1128299,2021-08-24,West,Oregon,Portland,Women's Apparel,75.0,250.0,18750.0,5625.0,In-store,2021,8,3,30.0
Kohl's,1189833,2021-05-04,West,California,Los Angeles,Women's Athletic Footwear,47.0,169.0,794.0,381.0,Online,2021,5,2,47.984886649874056
Foot Locker,1185732,2021-06-24,Midwest,Illinois,Chicago,Men's Street Footwear,58.0,134.0,777.0,420.0,Online,2021,6,2,54.054054054054056
Kohl's,1189833,2021-01-30,Midwest,Montana,Billings,Women's Athletic Footwear,40.0,425.0,17000.0,6800.0,Outlet,2021,1,1,40.0
Foot Locker,1185732,2021-09-13,Northeast,Delaware,Wilmington,Men's Apparel,55.0,200.0,11000.0,3300.0,In-store,2021,9,3,30.0
Sports Direct,1185732,2021-03-08,Midwest,North Dakota,Fargo,Women's Athletic Footwear,25.0,75.0,1875.0,563.0,Online,2021,3,1,30.026666666666667
Sports Direct,1185732,2021-02-05,Northeast,Connecticut,Hartford,Women's Athletic Footwear,32.0,34.0,109.0,48.0,Online,2021,2,1,44.03669724770643
West Gear,1128299,2021-03-23,West,Oregon,Portland,Women's Athletic Footwear,39.0,75.0,293.0,108.0,Outlet,2021,3,1,36.86006825938566
Amazon,1185732,2021-08-11,Northeast,Vermont,Burlington,Men's Athletic Footwear,53.0,106.0,562.0,331.0,Online,2021,8,3,58.89679715302491
Kohl's,1189833,2021-01-23,Midwest,Montana,Billings,Women's Street Footwear,45.0,425.0,19125.0,8606.0,Outlet,2021,1,1,44.99869281045752
Walmart,1197831,2021-10-21,South,Arkansas,Little Rock,Women's Street Footwear,20.0,300.0,6000.0,2400.0,Online,2021,10,4,40.0
Foot Locker,1185732,2021-05-05,Southeast,South Carolina,Charleston,Women's Athletic Footwear,43.0,182.0,783.0,329.0,Online,2021,5,2,42.017879948914434
Kohl's,1197831,2021-05-12,Midwest,Kansas,Wichita,Women's Apparel,45.0,325.0,14625.0,5119.0,Online,2021,5,2,35.001709401709405
Kohl's,1197831,2021-03-12,Midwest,Kansas,Wichita,Men's Apparel,35.0,150.0,5250.0,1838.0,Online,2021,3,1,35.009523809523806
Kohl's,1185732,2021-07-10,West,Wyoming,Cheyenne,Women's Apparel,51.0,196.0,1000.0,360.0,Online,2021,7,3,36.0
West Gear,1128299,2021-10-24,West,Oregon,Portland,Men's Athletic Footwear,37.0,179.0,662.0,252.0,Outlet,2021,10,4,38.066465256797585
Amazon,1185732,2021-12-31,Northeast,Maine,Portland,Men's Apparel,55.0,125.0,6875.0,1719.0,Outlet,2021,12,4,25.00363636363636
West Gear,1185732,2021-08-03,Midwest,Wisconsin,Milwaukee,Men's Athletic Footwear,45.0,300.0,13500.0,4725.0,In-store,2021,8,3,35.0
Kohl's,1128299,2021-08-26,West,New Mexico,Albuquerque,Women's Athletic Footwear,46.0,152.0,699.0,259.0,Outlet,2021,8,3,37.05293276108726
Sports Direct,1128299,2021-02-17,West,Hawaii,Honolulu,Women's Street Footwear,50.0,425.0,21250.0,6375.0,Outlet,2021,2,1,30.0
West Gear,1128299,2021-11-24,West,Oregon,Portland,Women's Street Footwear,45.0,475.0,21375.0,7481.0,In-store,2021,11,4,34.99883040935672
Amazon,1185732,2021-06-22,West,Alaska,Anchorage,Men's Athletic Footwear,60.0,400.0,24000.0,8400.0,Outlet,2021,6,2,35.0
Foot Locker,1185732,2021-01-24,Northeast,West Virginia,Charleston,Women's Athletic Footwear,28.0,20.0,56.0,28.0,Online,2021,1,1,50.0
West Gear,1128299,2021-10-17,South,Louisiana,New Orleans,Men's Athletic Footwear,45.0,155.0,698.0,384.0,Online,2021,10,4,55.014326647564474
Sports Direct,1185732,2021-08-16,Midwest,Michigan,Detroit,Men's Athletic Footwear,50.0,195.0,975.0,488.0,Online,2021,8,3,50.05128205128205
Walmart,1197831,2021-06-21,South,Arkansas,Little Rock,Men's Athletic Footwear,35.0,425.0,14875.0,5206.0,Online,2021,6,2,34.99831932773109
Kohl's,1197831,2021-01-16,South,Oklahoma,Oklahoma City,Women's Athletic Footwear,20.0,200.0,4000.0,1400.0,Online,2021,1,1,35.0
Foot Locker,1197831,2021-12-12,Midwest,Kansas,Wichita,Women's Street Footwear,58.0,95.0,551.0,253.0,Online,2021,12,4,45.91651542649728
Amazon,1185732,2021-09-09,Midwest,Ohio,Columbus,Men's Athletic Footwear,47.0,173.0,813.0,382.0,Online,2021,9,3,46.98646986469865
Walmart,1197831,2021-08-20,South,Arkansas,Little Rock,Men's Street Footwear,55.0,210.0,1155.0,624.0,Online,2021,8,3,54.02597402597402
Foot Locker,1185732,2021-10-15,Northeast,Delaware,Wilmington,Men's Apparel,62.0,49.0,304.0,122.0,Online,2021,10,4,40.131578947368425
Kohl's,1185732,2021-08-07,Northeast,New Jersey,Newark,Women's Apparel,52.0,105.0,546.0,289.0,Online,2021,8,3,52.930402930402934
Sports Direct,1185732,2021-10-22,Northeast,Maryland,Baltimore,Women's Street Footwear,49.0,25.0,123.0,56.0,Online,2021,10,4,45.52845528455284
Walmart,1128299,2021-10-17,Southeast,Florida,Orlando,Women's Apparel,65.0,104.0,676.0,392.0,Online,2021,10,4,57.98816568047337
Sports Direct,1197831,2021-10-18,South,Texas,Dallas,Women's Street Footwear,62.0,189.0,1172.0,633.0,Online,2021,10,4,54.010238907849825
Foot Locker,1128299,2021-08-23,West,Arizona,Phoenix,Women's Street Footwear,55.0,450.0,24750.0,8663.0,Online,2021,8,3,35.0020202020202
Walmart,1185732,2021-10-18,South,Mississippi,Jackson,Men's Athletic Footwear,25.0,145.0,363.0,163.0,Online,2021,10,4,44.90358126721763
Walmart,1197831,2021-06-21,South,Arkansas,Little Rock,Women's Street Footwear,40.0,400.0,16000.0,6400.0,Online,2021,6,2,40.0
Sports Direct,1197831,2021-08-15,South,Texas,Dallas,Men's Apparel,37.0,94.0,348.0,122.0,Online,2021,8,3,35.05747126436782
Sports Direct,1185732,2021-02-09,Midwest,South Dakota,Sioux Falls,Men's Street Footwear,34.0,152.0,517.0,233.0,Online,2021,2,1,45.06769825918762
Amazon,1185732,2021-11-06,Northeast,Maine,Portland,Men's Athletic Footwear,50.0,200.0,10000.0,3500.0,Outlet,2021,11,4,35.0
Kohl's,1197831,2021-02-14,Midwest,Kansas,Wichita,Women's Apparel,20.0,325.0,6500.0,2275.0,Online,2021,2,1,35.0
Foot Locker,1185732,2021-06-07,Southeast,South Carolina,Charleston,Women's Athletic Footwear,47.0,218.0,1025.0,461.0,Online,2021,6,2,44.97560975609756
Kohl's,1128299,2021-10-26,West,New Mexico,Albuquerque,Women's Athletic Footwear,46.0,95.0,437.0,214.0,Online,2021,10,4,48.970251716247134
West Gear,1185732,2021-05-20,Northeast,Maryland,Baltimore,Men's Athletic Footwear,42.0,47.0,197.0,91.0,Online,2021,5,2,46.192893401015226
Kohl's,1185732,2021-02-12,Northeast,New York,Albany,Women's Street Footwear,30.0,550.0,16500.0,5775.0,In-store,2021,2,1,35.0
Foot Locker,1128299,2021-05-11,West,Hawaii,Honolulu,Men's Street Footwear,51.0,158.0,806.0,298.0,Online,2021,5,2,36.972704714640194
West Gear,1197831,2021-04-20,South,Oklahoma,Oklahoma City,Women's Street Footwear,14.0,68.0,95.0,50.0,Online,2021,4,2,52.63157894736842
Amazon,1185732,2021-11-11,Northeast,Vermont,Burlington,Men's Apparel,50.0,91.0,455.0,177.0,Outlet,2021,11,4,38.901098901098905
Sports Direct,1185732,2021-07-15,Midwest,Michigan,Detroit,Men's Athletic Footwear,55.0,650.0,35750.0,14300.0,In-store,2021,7,3,40.0
Sports Direct,1185732,2021-11-12,Midwest,South Dakota,Sioux Falls,Men's Street Footwear,55.0,400.0,22000.0,7700.0,Online,2021,11,4,35.0
Foot Locker,1185732,2021-12-20,Northeast,Maryland,Baltimore,Women's Apparel,61.0,72.0,439.0,184.0,Online,2021,12,4,41.91343963553531
Sports Direct,1185732,2021-08-04,Northeast,Connecticut,Hartford,Women's Apparel,44.0,124.0,546.0,207.0,Outlet,2021,8,3,37.91208791208791
Foot Locker,1185732,2021-11-04,Northeast,Connecticut,Hartford,Women's Athletic Footwear,39.0,83.0,324.0,120.0,Outlet,2021,11,4,37.03703703703704
Sports Direct,1185732,2021-07-15,Midwest,Michigan,Detroit,Women's Athletic Footwear,50.0,525.0,26250.0,9188.0,In-store,2021,7,3,35.00190476190476
West Gear,1185732,2021-12-09,Midwest,Indiana,Indianapolis,Women's Street Footwear,49.0,105.0,515.0,237.0,Online,2021,12,4,46.019417475728154
Foot Locker,1197831,2021-12-12,Midwest,Kansas,Wichita,Women's Apparel,68.0,112.0,762.0,350.0,Online,2021,12,4,45.93175853018373
Kohl's,1189833,2021-04-23,West,California,Los Angeles,Men's Apparel,45.0,125.0,563.0,388.0,Online,2021,4,2,68.9165186500888
Foot Locker,1185732,2021-05-21,South,Tennessee,Knoxville,Men's Street Footwear,27.0,140.0,378.0,166.0,Outlet,2021,5,2,43.91534391534391
Kohl's,1197831,2021-08-13,Midwest,Kansas,Wichita,Women's Street Footwear,50.0,350.0,17500.0,6125.0,Online,2021,8,3,35.0
Sports Direct,1197831,2021-09-22,South,Alabama,Birmingham,Men's Apparel,35.0,116.0,406.0,195.0,Outlet,2021,9,3,48.029556650246306
West Gear,1128299,2021-01-26,West,California,San Francisco,Women's Street Footwear,39.0,248.0,967.0,329.0,Outlet,2021,1,1,34.02275077559462
Sports Direct,1197831,2021-08-20,South,Alabama,Birmingham,Men's Athletic Footwear,16.0,202.0,323.0,152.0,Outlet,2021,8,3,47.05882352941176
Amazon,1185732,2021-10-22,West,Alaska,Anchorage,Men's Street Footwear,68.0,113.0,768.0,361.0,Online,2021,10,4,47.00520833333333
Foot Locker,1185732,2021-04-18,Midwest,Missouri,St. Louis,Women's Athletic Footwear,23.0,52.0,120.0,62.0,Online,2021,4,2,51.66666666666667
Sports Direct,1197831,2021-09-25,South,Texas,Dallas,Women's Athletic Footwear,38.0,158.0,600.0,324.0,Outlet,2021,9,3,54.0
Sports Direct,1185732,2021-09-03,Northeast,Connecticut,Hartford,Women's Athletic Footwear,41.0,46.0,189.0,85.0,Online,2021,9,3,44.97354497354497
West Gear,1185732,2021-07-09,Midwest,Indiana,Indianapolis,Women's Athletic Footwear,45.0,175.0,7875.0,2756.0,In-store,2021,7,3,34.9968253968254
West Gear,1128299,2021-06-17,South,Louisiana,New Orleans,Men's Apparel,70.0,153.0,1071.0,503.0,Outlet,2021,6,2,46.965452847805786
Sports Direct,1128299,2021-12-23,Southeast,Virginia,Richmond,Women's Athletic Footwear,67.0,160.0,1072.0,536.0,Online,2021,12,4,50.0
Kohl's,1128299,2021-02-26,West,Arizona,Phoenix,Men's Street Footwear,27.0,173.0,467.0,187.0,Outlet,2021,2,1,40.04282655246253
West Gear,1128299,2021-05-25,West,Oregon,Portland,Women's Street Footwear,55.0,350.0,19250.0,6738.0,In-store,2021,5,2,35.0025974025974
West Gear,1128299,2021-04-24,West,Oregon,Portland,Women's Apparel,59.0,84.0,496.0,223.0,Online,2021,4,2,44.95967741935484
Foot Locker,1185732,2021-08-07,Northeast,Rhode Island,Providence,Women's Street Footwear,40.0,250.0,10000.0,4000.0,In-store,2021,8,3,40.0
Foot Locker,1185732,2021-06-08,Northeast,Rhode Island,Providence,Men's Apparel,39.0,66.0,257.0,90.0,Outlet,2021,6,2,35.019455252918284
Foot Locker,1185732,2021-07-10,Midwest,Nebraska,Omaha,Women's Street Footwear,20.0,100.0,2000.0,700.0,Outlet,2021,7,3,35.0
West Gear,1185732,2021-05-04,Midwest,Wisconsin,Milwaukee,Men's Street Footwear,58.0,134.0,777.0,319.0,Online,2021,5,2,41.05534105534105
West Gear,1128299,2021-01-10,West,California,San Francisco,Men's Apparel,44.0,196.0,862.0,526.0,Outlet,2021,1,1,61.02088167053365
Amazon,1185732,2021-05-17,Northeast,New Hampshire,Manchester,Women's Street Footwear,42.0,101.0,424.0,144.0,Outlet,2021,5,2,33.9622641509434
Kohl's,1185732,2021-08-07,Northeast,New Jersey,Newark,Men's Athletic Footwear,42.0,101.0,424.0,199.0,Online,2021,8,3,46.93396226415094
Kohl's,1197831,2021-11-20,South,Oklahoma,Oklahoma City,Men's Apparel,75.0,275.0,20625.0,7219.0,Online,2021,11,4,35.00121212121212
Sports Direct,1197831,2021-03-10,Midwest,Montana,Billings,Men's Street Footwear,18.0,210.0,378.0,189.0,Online,2021,3,1,50.0
Amazon,1185732,2021-07-09,Midwest,Ohio,Columbus,Men's Street Footwear,65.0,900.0,58500.0,23400.0,Online,2021,7,3,40.0
Sports Direct,1197831,2021-09-05,South,Alabama,Birmingham,Women's Apparel,36.0,280.0,1008.0,645.0,Outlet,2021,9,3,63.988095238095234
Sports Direct,1185732,2021-03-02,Southeast,North Carolina,Charlotte,Men's Athletic Footwear,30.0,600.0,18000.0,6300.0,Online,2021,3,1,35.0
Kohl's,1185732,2021-07-06,Northeast,New Jersey,Newark,Women's Apparel,55.0,450.0,24750.0,9900.0,In-store,2021,7,3,40.0
Amazon,1185732,2021-12-10,Northeast,Vermont,Burlington,Men's Street Footwear,64.0,168.0,1075.0,645.0,Online,2021,12,4,60.0
West Gear,1128299,2021-06-17,South,Louisiana,New Orleans,Women's Street Footwear,85.0,700.0,59500.0,23800.0,Online,2021,6,2,40.0
West Gear,1185732,2021-04-17,Northeast,West Virginia,Charleston,Women's Street Footwear,20.0,250.0,5000.0,2000.0,In-store,2021,4,2,40.0
Sports Direct,1185732,2021-08-16,Midwest,Michigan,Detroit,Women's Athletic Footwear,34.0,142.0,483.0,217.0,Online,2021,8,3,44.927536231884055
Foot Locker,1197831,2021-03-06,West,Idaho,Boise,Men's Street Footwear,21.0,200.0,420.0,155.0,Outlet,2021,3,1,36.904761904761905
Foot Locker,1128299,2021-01-24,West,Wyoming,Cheyenne,Women's Athletic Footwear,38.0,54.0,205.0,96.0,Online,2021,1,1,46.82926829268293
Walmart,1128299,2021-08-17,Southeast,Florida,Orlando,Women's Athletic Footwear,80.0,475.0,38000.0,11400.0,In-store,2021,8,3,30.0
Sports Direct,1185732,2021-10-09,Midwest,North Dakota,Fargo,Men's Apparel,45.0,34.0,153.0,72.0,Online,2021,10,4,47.05882352941176
Sports Direct,1197831,2021-03-25,South,Tennessee,Knoxville,Women's Athletic Footwear,33.0,101.0,333.0,213.0,Online,2021,3,1,63.96396396396396
West Gear,1185732,2021-05-20,Northeast,Maryland,Baltimore,Men's Street Footwear,49.0,118.0,578.0,301.0,Online,2021,5,2,52.07612456747405
Foot Locker,1185732,2021-08-06,Midwest,Iowa,Des Moines,Men's Apparel,48.0,51.0,245.0,147.0,Online,2021,8,3,60.0
Foot Locker,1128299,2021-04-23,West,Arizona,Phoenix,Women's Athletic Footwear,50.0,250.0,12500.0,4375.0,Online,2021,4,2,35.0
West Gear,1185732,2021-06-11,West,Utah,Salt Lake City,Women's Apparel,40.0,575.0,23000.0,11500.0,In-store,2021,6,2,50.0
Sports Direct,1197831,2021-04-15,South,Tennessee,Knoxville,Men's Street Footwear,36.0,215.0,774.0,441.0,Online,2021,4,2,56.97674418604651
Foot Locker,1185732,2021-06-05,Midwest,Illinois,Chicago,Women's Apparel,45.0,275.0,12375.0,6188.0,Outlet,2021,6,2,50.00404040404041
Kohl's,1185732,2021-04-07,Northeast,New Jersey,Newark,Men's Apparel,44.0,27.0,119.0,52.0,Online,2021,4,2,43.69747899159664
West Gear,1185732,2021-07-08,Northeast,New York,Albany,Men's Street Footwear,59.0,247.0,1457.0,802.0,Online,2021,7,3,55.044612216884005
Sports Direct,1197831,2021-09-02,South,Alabama,Birmingham,Women's Street Footwear,35.0,228.0,798.0,407.0,Outlet,2021,9,3,51.00250626566416
Foot Locker,1185732,2021-04-12,Midwest,South Dakota,Sioux Falls,Women's Athletic Footwear,35.0,75.0,2625.0,788.0,Online,2021,4,2,30.01904761904762
Foot Locker,1185732,2021-05-13,Northeast,Delaware,Wilmington,Women's Street Footwear,45.0,300.0,13500.0,5400.0,In-store,2021,5,2,40.0
Foot Locker,1185732,2021-11-17,Northeast,Pennsylvania,Philadelphia,Women's Street Footwear,55.0,150.0,8250.0,2888.0,Outlet,2021,11,4,35.00606060606061
West Gear,1185732,2021-11-11,West,Utah,Salt Lake City,Women's Street Footwear,19.0,93.0,177.0,85.0,Online,2021,11,4,48.0225988700565
Kohl's,1128299,2021-04-26,West,New Mexico,Albuquerque,Women's Apparel,69.0,101.0,697.0,265.0,Online,2021,4,2,38.02008608321377
Sports Direct,1185732,2021-03-08,Midwest,North Dakota,Fargo,Men's Apparel,36.0,36.0,130.0,65.0,Online,2021,3,1,50.0
Foot Locker,1185732,2021-03-05,Southeast,South Carolina,Charleston,Women's Apparel,35.0,725.0,25375.0,12688.0,Online,2021,3,1,50.001970443349755
Sports Direct,1185732,2021-01-19,Southeast,Virginia,Richmond,Men's Street Footwear,35.0,750.0,26250.0,13125.0,In-store,2021,1,1,50.0
Foot Locker,1185732,2021-06-12,Midwest,South Dakota,Sioux Falls,Men's Apparel,41.0,51.0,209.0,94.0,Online,2021,6,2,44.97607655502392
West Gear,1128299,2021-04-24,West,Oregon,Portland,Women's Street Footwear,55.0,85.0,468.0,224.0,Online,2021,4,2,47.863247863247864
West Gear,1197831,2021-02-21,South,Arkansas,Little Rock,Men's Athletic Footwear,17.0,83.0,141.0,55.0,Outlet,2021,2,1,39.00709219858156
Kohl's,1189833,2021-01-18,Midwest,Montana,Billings,Women's Athletic Footwear,40.0,300.0,12000.0,4800.0,Outlet,2021,1,1,40.0
Kohl's,1197831,2021-09-12,Midwest,Kansas,Wichita,Women's Street Footwear,15.0,75.0,113.0,53.0,Online,2021,9,3,46.902654867256636
Foot Locker,1185732,2021-09-05,Southeast,South Carolina,Charleston,Women's Apparel,52.0,232.0,1206.0,724.0,Online,2021,9,3,60.033167495854066
West Gear,1128299,2021-10-24,West,Oregon,Portland,Men's Apparel,55.0,300.0,16500.0,6600.0,In-store,2021,10,4,40.0
Walmart,1128299,2021-12-16,Southeast,Florida,Orlando,Men's Street Footwear,72.0,216.0,1555.0,622.0,Online,2021,12,4,40.0
Kohl's,1197831,2021-01-16,South,Oklahoma,Oklahoma City,Women's Apparel,23.0,102.0,235.0,117.0,Online,2021,1,1,49.787234042553195
Kohl's,1185732,2021-10-08,Northeast,New Jersey,Newark,Men's Apparel,60.0,125.0,7500.0,2250.0,In-store,2021,10,4,30.0
Sports Direct,1197831,2021-10-10,South,Alabama,Birmingham,Men's Apparel,58.0,145.0,841.0,471.0,Online,2021,10,4,56.00475624256838
Foot Locker,1185732,2021-04-07,Northeast,Rhode Island,Providence,Women's Athletic Footwear,30.0,50.0,1500.0,600.0,In-store,2021,4,2,40.0
Sports Direct,1185732,2021-11-07,Northeast,Rhode Island,Providence,Men's Athletic Footwear,40.0,74.0,296.0,124.0,Outlet,2021,11,4,41.891891891891895
West Gear,1185732,2021-05-12,West,Utah,Salt Lake City,Women's Athletic Footwear,19.0,94.0,179.0,77.0,Outlet,2021,5,2,43.01675977653631
Amazon,1185732,2021-11-11,Northeast,Vermont,Burlington,Women's Apparel,70.0,94.0,658.0,349.0,Online,2021,11,4,53.03951367781154
Foot Locker,1185732,2021-07-06,Midwest,Illinois,Chicago,Men's Street Footwear,50.0,575.0,28750.0,11500.0,Outlet,2021,7,3,40.0
Kohl's,1128299,2021-03-25,West,New Mexico,Albuquerque,Men's Street Footwear,44.0,165.0,726.0,363.0,Online,2021,3,1,50.0
Sports Direct,1185732,2021-10-15,Northeast,Massachusetts,Boston,Men's Athletic Footwear,53.0,56.0,297.0,134.0,Online,2021,10,4,45.11784511784512
Sports Direct,1197831,2021-10-13,South,Texas,Dallas,Women's Athletic Footwear,50.0,160.0,800.0,416.0,Outlet,2021,10,4,52.0
Walmart,1128299,2021-08-17,Southeast,Florida,Orlando,Men's Street Footwear,68.0,255.0,1734.0,624.0,Outlet,2021,8,3,35.98615916955018
Sports Direct,1185732,2021-01-06,Southeast,South Carolina,Charleston,Women's Athletic Footwear,30.0,575.0,17250.0,6900.0,Online,2021,1,1,40.0
Foot Locker,1185732,2021-02-18,Southeast,Kentucky,Louisville,Men's Street Footwear,30.0,775.0,23250.0,9300.0,Online,2021,2,1,40.0
Foot Locker,1128299,2021-02-24,West,Wyoming,Cheyenne,Women's Street Footwear,40.0,350.0,14000.0,4900.0,In-store,2021,2,1,35.0
Kohl's,1189833,2021-02-23,Midwest,Montana,Billings,Women's Athletic Footwear,45.0,375.0,16875.0,6750.0,Outlet,2021,2,1,40.0
West Gear,1128299,2021-01-27,West,California,San Francisco,Women's Athletic Footwear,53.0,203.0,1076.0,377.0,Online,2021,1,1,35.03717472118959
Kohl's,1128299,2021-12-25,West,New Mexico,Albuquerque,Men's Street Footwear,55.0,210.0,1155.0,531.0,Online,2021,12,4,45.97402597402597
Foot Locker,1185732,2021-03-05,Midwest,Iowa,Des Moines,Women's Apparel,20.0,68.0,136.0,72.0,Online,2021,3,1,52.94117647058824
Sports Direct,1185732,2021-03-02,Southeast,North Carolina,Charlotte,Women's Athletic Footwear,25.0,475.0,11875.0,4750.0,Online,2021,3,1,40.0
Kohl's,1185732,2021-11-14,Northeast,Delaware,Wilmington,Men's Street Footwear,65.0,450.0,29250.0,10238.0,In-store,2021,11,4,35.001709401709405
West Gear,1185732,2021-01-03,Midwest,Iowa,Des Moines,Women's Athletic Footwear,23.0,29.0,67.0,30.0,Online,2021,1,1,44.776119402985074
Walmart,1197831,2021-08-20,South,Arkansas,Little Rock,Women's Apparel,40.0,193.0,772.0,363.0,Outlet,2021,8,3,47.020725388601036
West Gear,1185732,2021-09-11,Midwest,Indiana,Indianapolis,Women's Street Footwear,23.0,49.0,113.0,53.0,Online,2021,9,3,46.902654867256636
West Gear,1185732,2021-06-11,West,Utah,Salt Lake City,Women's Apparel,38.0,150.0,570.0,342.0,Online,2021,6,2,60.0
Foot Locker,1185732,2021-07-05,Midwest,Iowa,Des Moines,Men's Apparel,50.0,200.0,10000.0,5000.0,In-store,2021,7,3,50.0
Kohl's,1189833,2021-05-26,West,California,Los Angeles,Men's Athletic Footwear,42.0,288.0,1210.0,339.0,Outlet,2021,5,2,28.01652892561983
Sports Direct,1185732,2021-04-04,Northeast,Connecticut,Hartford,Women's Street Footwear,30.0,200.0,6000.0,1800.0,In-store,2021,4,2,30.0
Kohl's,1189833,2021-01-05,Midwest,Montana,Billings,Women's Street Footwear,43.0,122.0,525.0,299.0,Online,2021,1,1,56.952380952380956
Sports Direct,1185732,2021-11-17,South,Mississippi,Jackson,Women's Street Footwear,30.0,395.0,11850.0,4740.0,Online,2021,11,4,40.0
Sports Direct,1197831,2021-05-04,South,Tennessee,Knoxville,Men's Athletic Footwear,25.0,178.0,445.0,214.0,Outlet,2021,5,2,48.08988764044943
West Gear,1197831,2021-04-20,South,Oklahoma,Oklahoma City,Women's Athletic Footwear,20.0,150.0,3000.0,1200.0,Online,2021,4,2,40.0
Sports Direct,1197831,2021-09-09,South,Texas,Dallas,Women's Apparel,45.0,800.0,36000.0,18000.0,Outlet,2021,9,3,50.0
Kohl's,1185732,2021-05-06,Northeast,New Jersey,Newark,Men's Street Footwear,48.0,130.0,624.0,293.0,Online,2021,5,2,46.955128205128204
Amazon,1185732,2021-03-21,Southeast,Kentucky,Louisville,Men's Street Footwear,45.0,520.0,23400.0,9360.0,Online,2021,3,1,40.0
West Gear,1128299,2021-01-27,West,California,San Francisco,Women's Athletic Footwear,55.0,725.0,39875.0,9969.0,Outlet,2021,1,1,25.00062695924765
West Gear,1197831,2021-02-21,South,Oklahoma,Oklahoma City,Women's Apparel,20.0,350.0,7000.0,2800.0,Online,2021,2,1,40.0
Sports Direct,1185732,2021-12-06,Northeast,New Jersey,Newark,Men's Athletic Footwear,49.0,105.0,515.0,247.0,Online,2021,12,4,47.96116504854369
West Gear,1185732,2021-05-12,West,Utah,Salt Lake City,Women's Apparel,32.0,128.0,410.0,233.0,Outlet,2021,5,2,56.82926829268292
West Gear,1185732,2021-03-16,Northeast,West Virginia,Charleston,Women's Athletic Footwear,23.0,49.0,113.0,60.0,Online,2021,3,1,53.09734513274337
West Gear,1185732,2021-03-10,West,Utah,Salt Lake City,Men's Street Footwear,29.0,168.0,487.0,253.0,Online,2021,3,1,51.95071868583162
Sports Direct,1185732,2021-10-15,Northeast,Massachusetts,Boston,Women's Street Footwear,41.0,38.0,156.0,47.0,Outlet,2021,10,4,30.128205128205128
Foot Locker,1185732,2021-10-06,Midwest,Iowa,Des Moines,Men's Street Footwear,45.0,400.0,18000.0,5400.0,In-store,2021,10,4,30.0
West Gear,1197831,2021-03-06,West,Idaho,Boise,Men's Apparel,32.0,88.0,282.0,99.0,Outlet,2021,3,1,35.1063829787234
West Gear,1128299,2021-09-18,South,Louisiana,New Orleans,Women's Athletic Footwear,34.0,80.0,272.0,114.0,Outlet,2021,9,3,41.911764705882355
West Gear,1185732,2021-04-21,Northeast,Maryland,Baltimore,Men's Apparel,41.0,15.0,62.0,28.0,Online,2021,4,2,45.16129032258064
Walmart,1128299,2021-12-16,Southeast,Florida,Orlando,Men's Athletic Footwear,82.0,200.0,1640.0,574.0,Online,2021,12,4,35.0
West Gear,1185732,2021-12-17,Midwest,Missouri,St. Louis,Women's Street Footwear,35.0,400.0,14000.0,4900.0,In-store,2021,12,4,35.0
Sports Direct,1197831,2021-04-19,South,Tennessee,Knoxville,Men's Apparel,33.0,182.0,601.0,270.0,Outlet,2021,4,2,44.92512479201331
Sports Direct,1185732,2021-01-07,Northeast,New Jersey,Newark,Men's Street Footwear,38.0,125.0,475.0,242.0,Online,2021,1,1,50.94736842105263
West Gear,1185732,2021-12-08,Northeast,New York,Albany,Men's Street Footwear,65.0,875.0,56875.0,25594.0,In-store,2021,12,4,45.00043956043956
West Gear,1128299,2021-02-24,West,Utah,Salt Lake City,Men's Street Footwear,30.0,450.0,13500.0,4725.0,In-store,2021,2,1,35.0
Amazon,1185732,2021-09-17,Northeast,New Hampshire,Manchester,Women's Athletic Footwear,55.0,225.0,12375.0,3713.0,Outlet,2021,9,3,30.004040404040406
Foot Locker,1128299,2021-01-10,West,Alaska,Anchorage,Men's Street Footwear,35.0,375.0,13125.0,3281.0,Outlet,2021,1,1,24.99809523809524
Walmart,1197831,2021-05-19,South,Arkansas,Little Rock,Women's Street Footwear,27.0,119.0,321.0,141.0,Outlet,2021,5,2,43.925233644859816
Sports Direct,1128299,2021-08-13,Southeast,Georgia,Atlanta,Women's Athletic Footwear,55.0,450.0,24750.0,9900.0,Online,2021,8,3,40.0
Kohl's,1128299,2021-01-26,West,Arizona,Phoenix,Women's Apparel,42.0,128.0,538.0,194.0,Online,2021,1,1,36.059479553903344
Foot Locker,1128299,2021-01-24,West,Wyoming,Cheyenne,Women's Apparel,40.0,400.0,16000.0,4800.0,In-store,2021,1,1,30.0
Foot Locker,1128299,2021-10-23,West,Arizona,Phoenix,Women's Athletic Footwear,43.0,90.0,387.0,190.0,Online,2021,10,4,49.09560723514212
Foot Locker,1128299,2021-01-24,West,Wyoming,Cheyenne,Men's Athletic Footwear,40.0,350.0,14000.0,4900.0,In-store,2021,1,1,35.0
Foot Locker,1128299,2021-05-11,West,Hawaii,Honolulu,Women's Apparel,75.0,475.0,35625.0,14250.0,Outlet,2021,5,2,40.0
West Gear,1185732,2021-08-03,Midwest,Wisconsin,Milwaukee,Men's Apparel,48.0,46.0,221.0,144.0,Online,2021,8,3,65.15837104072398
Foot Locker,1185732,2021-02-18,Midwest,Michigan,Detroit,Men's Street Footwear,30.0,675.0,20250.0,8100.0,In-store,2021,2,1,40.0
Sports Direct,1128299,2021-03-16,Southeast,Florida,Orlando,Men's Street Footwear,50.0,550.0,27500.0,8250.0,Outlet,2021,3,1,30.0
Foot Locker,1128299,2021-12-16,South,Louisiana,New Orleans,Women's Apparel,90.0,625.0,56250.0,19688.0,Online,2021,12,4,35.00088888888889
West Gear,1128299,2021-06-24,West,Oregon,Portland,Men's Apparel,86.0,108.0,929.0,492.0,Online,2021,6,2,52.960172228202374
Foot Locker,1185732,2021-12-15,Midwest,Michigan,Detroit,Women's Athletic Footwear,48.0,138.0,662.0,318.0,Online,2021,12,4,48.036253776435046
Foot Locker,1128299,2021-04-24,Southeast,Virginia,Richmond,Women's Athletic Footwear,42.0,56.0,235.0,111.0,Online,2021,4,2,47.23404255319149
West Gear,1128299,2021-12-23,West,Oregon,Portland,Women's Athletic Footwear,70.0,550.0,38500.0,13475.0,In-store,2021,12,4,35.0
West Gear,1197831,2021-09-19,South,Oklahoma,Oklahoma City,Men's Apparel,23.0,68.0,156.0,70.0,Online,2021,9,3,44.871794871794876
West Gear,1128299,2021-06-17,South,Louisiana,New Orleans,Women's Street Footwear,83.0,203.0,1685.0,927.0,Online,2021,6,2,55.01483679525223
Amazon,1185732,2021-10-15,South,Alabama,Birmingham,Women's Athletic Footwear,25.0,30.0,75.0,25.0,Outlet,2021,10,4,33.33333333333333
Foot Locker,1185732,2021-12-05,Northeast,Pennsylvania,Philadelphia,Women's Street Footwear,38.0,79.0,300.0,141.0,Outlet,2021,12,4,47.0
Sports Direct,1185732,2021-05-02,Southeast,North Carolina,Charlotte,Women's Athletic Footwear,38.0,150.0,570.0,308.0,Online,2021,5,2,54.03508771929825
Amazon,1185732,2021-11-14,Northeast,Massachusetts,Boston,Women's Athletic Footwear,42.0,83.0,349.0,101.0,Outlet,2021,11,4,28.939828080229223
Sports Direct,1197831,2021-09-21,South,Texas,Dallas,Women's Apparel,54.0,255.0,1377.0,923.0,Online,2021,9,3,67.02977487291213
Sports Direct,1197831,2021-10-02,South,Alabama,Birmingham,Women's Street Footwear,43.0,144.0,619.0,396.0,Online,2021,10,4,63.97415185783522
Foot Locker,1185732,2021-02-06,Midwest,Iowa,Des Moines,Women's Athletic Footwear,25.0,23.0,58.0,25.0,Online,2021,2,1,43.103448275862064
Sports Direct,1197831,2021-03-14,South,Tennessee,Knoxville,Men's Apparel,40.0,350.0,14000.0,4200.0,Outlet,2021,3,1,30.0
West Gear,1185732,2021-03-16,Northeast,West Virginia,Charleston,Women's Street Footwear,20.0,325.0,6500.0,2600.0,In-store,2021,3,1,40.0
Amazon,1185732,2021-06-12,Northeast,Vermont,Burlington,Men's Apparel,44.0,105.0,462.0,189.0,Outlet,2021,6,2,40.909090909090914
Sports Direct,1197831,2021-09-07,South,Texas,Dallas,Women's Athletic Footwear,27.0,182.0,491.0,241.0,Outlet,2021,9,3,49.08350305498982
Sports Direct,1185732,2021-04-03,Southeast,North Carolina,Charlotte,Women's Apparel,32.0,189.0,605.0,369.0,Online,2021,4,2,60.99173553719008
Foot Locker,1185732,2021-12-03,Northeast,Connecticut,Hartford,Men's Athletic Footwear,51.0,101.0,515.0,263.0,Online,2021,12,4,51.067961165048544
Kohl's,1189833,2021-02-16,Midwest,Montana,Billings,Women's Street Footwear,42.0,117.0,491.0,275.0,Online,2021,2,1,56.0081466395112
West Gear,1185732,2021-08-17,Northeast,West Virginia,Charleston,Women's Street Footwear,38.0,87.0,331.0,172.0,Online,2021,8,3,51.963746223564954
Foot Locker,1185732,2021-11-29,Northeast,Pennsylvania,Philadelphia,Women's Street Footwear,55.0,225.0,12375.0,4950.0,Outlet,2021,11,4,40.0
Amazon,1185732,2021-06-19,Northeast,New Hampshire,Manchester,Women's Street Footwear,43.0,109.0,469.0,169.0,Outlet,2021,6,2,36.034115138592746
Foot Locker,1185732,2021-11-18,Midwest,Missouri,St. Louis,Men's Street Footwear,35.0,500.0,17500.0,7000.0,In-store,2021,11,4,40.0
Foot Locker,1185732,2021-08-07,Northeast,Rhode Island,Providence,Men's Street Footwear,46.0,143.0,658.0,316.0,Online,2021,8,3,48.02431610942249
Amazon,1185732,2021-02-11,Southeast,North Carolina,Charlotte,Men's Street Footwear,35.0,825.0,28875.0,11550.0,Online,2021,2,1,40.0
Amazon,1185732,2021-10-31,Northeast,Maine,Portland,Men's Athletic Footwear,37.0,44.0,163.0,77.0,Online,2021,10,4,47.239263803680984
Amazon,1185732,2021-11-14,Northeast,Massachusetts,Boston,Women's Apparel,48.0,123.0,590.0,207.0,Outlet,2021,11,4,35.08474576271187
Amazon,1185732,2021-02-11,Southeast,North Carolina,Charlotte,Men's Athletic Footwear,35.0,475.0,16625.0,5819.0,Online,2021,2,1,35.001503759398496
Foot Locker,1197831,2021-10-14,Midwest,Kansas,Wichita,Women's Apparel,30.0,300.0,9000.0,3150.0,Online,2021,10,4,35.0
Kohl's,1197831,2021-11-20,South,Oklahoma,Oklahoma City,Women's Apparel,60.0,128.0,768.0,330.0,Outlet,2021,11,4,42.96875
Foot Locker,1185732,2021-01-18,Midwest,Michigan,Detroit,Men's Athletic Footwear,30.0,425.0,12750.0,4463.0,In-store,2021,1,1,35.00392156862745
West Gear,1185732,2021-02-22,Northeast,Maryland,Baltimore,Men's Apparel,41.0,31.0,127.0,57.0,Online,2021,2,1,44.881889763779526
Amazon,1185732,2021-01-21,Northeast,Vermont,Burlington,Women's Athletic Footwear,36.0,60.0,216.0,69.0,Outlet,2021,1,1,31.944444444444443
Sports Direct,1185732,2021-08-14,Northeast,Massachusetts,Boston,Women's Athletic Footwear,31.0,58.0,180.0,50.0,Outlet,2021,8,3,27.77777777777778
Foot Locker,1128299,2021-03-22,West,Arizona,Phoenix,Men's Athletic Footwear,48.0,95.0,456.0,251.0,Online,2021,3,1,55.04385964912281
Sports Direct,1197831,2021-11-05,West,Idaho,Boise,Women's Apparel,65.0,625.0,40625.0,22344.0,Online,2021,11,4,55.00061538461538
Sports Direct,1197831,2021-08-08,West,Idaho,Boise,Men's Apparel,52.0,133.0,692.0,318.0,Online,2021,8,3,45.95375722543353
Foot Locker,1185732,2021-02-07,Southeast,Georgia,Atlanta,Women's Street Footwear,21.0,248.0,521.0,156.0,Outlet,2021,2,1,29.942418426103647
Walmart,1185732,2021-09-16,South,Mississippi,Jackson,Men's Street Footwear,47.0,203.0,954.0,515.0,Online,2021,9,3,53.9832285115304
Sports Direct,1128299,2021-02-13,West,New Mexico,Albuquerque,Men's Street Footwear,23.0,150.0,345.0,148.0,Outlet,2021,2,1,42.89855072463768
Foot Locker,1128299,2021-04-24,Southeast,Virginia,Richmond,Women's Street Footwear,60.0,325.0,19500.0,6825.0,In-store,2021,4,2,35.0
Foot Locker,1185732,2021-07-31,Midwest,Nebraska,Omaha,Women's Apparel,55.0,250.0,13750.0,6875.0,Outlet,2021,7,3,50.0
Sports Direct,1197831,2021-08-28,South,Alabama,Birmingham,Women's Athletic Footwear,35.0,500.0,17500.0,9625.0,Outlet,2021,8,3,55.00000000000001
West Gear,1185732,2021-12-09,Midwest,Ohio,Columbus,Women's Athletic Footwear,65.0,525.0,34125.0,13650.0,Online,2021,12,4,40.0
Foot Locker,1128299,2021-08-23,West,Arizona,Phoenix,Men's Athletic Footwear,60.0,575.0,34500.0,13800.0,Online,2021,8,3,40.0
West Gear,1128299,2021-01-09,West,California,San Francisco,Women's Athletic Footwear,41.0,224.0,918.0,377.0,Outlet,2021,1,1,41.067538126361654
West Gear,1185732,2021-02-17,Northeast,West Virginia,Charleston,Men's Apparel,50.0,250.0,12500.0,5000.0,In-store,2021,2,1,40.0
West Gear,1197831,2021-04-05,West,Idaho,Boise,Women's Apparel,30.0,550.0,16500.0,8250.0,Online,2021,4,2,50.0
Sports Direct,1185732,2021-10-15,Northeast,Massachusetts,Boston,Men's Street Footwear,40.0,132.0,528.0,174.0,Outlet,2021,10,4,32.95454545454545
West Gear,1185732,2021-05-18,Northeast,West Virginia,Charleston,Women's Street Footwear,35.0,275.0,9625.0,3850.0,In-store,2021,5,2,40.0
Walmart,1197831,2021-03-19,South,Arkansas,Little Rock,Women's Athletic Footwear,19.0,60.0,114.0,59.0,Online,2021,3,1,51.75438596491229
Kohl's,1197831,2021-06-14,Midwest,Kansas,Wichita,Men's Apparel,54.0,83.0,448.0,215.0,Online,2021,6,2,47.99107142857143
Foot Locker,1185732,2021-12-07,Northeast,Pennsylvania,Philadelphia,Men's Apparel,61.0,46.0,281.0,129.0,Online,2021,12,4,45.90747330960854
Foot Locker,1185732,2021-07-10,Midwest,Illinois,Chicago,Men's Apparel,50.0,225.0,11250.0,3938.0,Outlet,2021,7,3,35.004444444444445
Sports Direct,1185732,2021-11-07,Northeast,Rhode Island,Providence,Women's Apparel,65.0,275.0,17875.0,7150.0,In-store,2021,11,4,40.0
West Gear,1185732,2021-04-09,Northeast,New York,Albany,Men's Athletic Footwear,43.0,147.0,632.0,284.0,Online,2021,4,2,44.936708860759495
Sports Direct,1197831,2021-09-08,South,Texas,Dallas,Men's Apparel,50.0,450.0,22500.0,6750.0,Outlet,2021,9,3,30.0
West Gear,1197831,2021-04-05,West,Idaho,Boise,Women's Apparel,28.0,138.0,386.0,236.0,Online,2021,4,2,61.13989637305699
Sports Direct,1185732,2021-03-03,Northeast,Connecticut,Hartford,Men's Street Footwear,39.0,130.0,507.0,254.0,Online,2021,3,1,50.09861932938856
Foot Locker,1185732,2021-05-07,Midwest,Iowa,Des Moines,Women's Athletic Footwear,35.0,125.0,4375.0,1313.0,In-store,2021,5,2,30.01142857142857
Foot Locker,1185732,2021-01-10,Northeast,Connecticut,Hartford,Men's Street Footwear,23.0,149.0,343.0,144.0,Outlet,2021,1,1,41.98250728862974
West Gear,1197831,2021-01-23,South,Arkansas,Little Rock,Women's Street Footwear,10.0,131.0,131.0,56.0,Outlet,2021,1,1,42.74809160305343
Sports Direct,1185732,2021-07-15,Midwest,Michigan,Detroit,Women's Apparel,65.0,725.0,47125.0,25919.0,In-store,2021,7,3,55.00053050397879
Foot Locker,1128299,2021-04-24,Southeast,Virginia,Richmond,Men's Apparel,50.0,125.0,6250.0,2500.0,In-store,2021,4,2,40.0
West Gear,1197831,2021-07-19,South,Oklahoma,Oklahoma City,Women's Athletic Footwear,36.0,107.0,385.0,177.0,Outlet,2021,7,3,45.97402597402597
Foot Locker,1128299,2021-09-24,West,Arizona,Phoenix,Men's Athletic Footwear,34.0,201.0,683.0,321.0,Outlet,2021,9,3,46.99853587115666
Kohl's,1128299,2021-04-26,West,New Mexico,Albuquerque,Men's Athletic Footwear,60.0,350.0,21000.0,8400.0,Online,2021,4,2,40.0
Foot Locker,1197831,2021-03-06,West,Idaho,Boise,Men's Athletic Footwear,36.0,169.0,608.0,280.0,Online,2021,3,1,46.05263157894737
Amazon,1185732,2021-10-12,Northeast,Vermont,Burlington,Men's Street Footwear,65.0,475.0,30875.0,13894.0,In-store,2021,10,4,45.000809716599186
West Gear,1128299,2021-01-24,West,Utah,Salt Lake City,Men's Athletic Footwear,39.0,105.0,410.0,201.0,Online,2021,1,1,49.02439024390244
Foot Locker,1185732,2021-05-27,Midwest,Nebraska,Omaha,Men's Street Footwear,32.0,119.0,381.0,206.0,Online,2021,5,2,54.06824146981627
Sports Direct,1197831,2021-09-10,South,Texas,Dallas,Men's Street Footwear,30.0,256.0,768.0,284.0,Outlet,2021,9,3,36.97916666666667
West Gear,1197831,2021-05-19,South,Oklahoma,Oklahoma City,Women's Apparel,45.0,350.0,15750.0,6300.0,Online,2021,5,2,40.0
Foot Locker,1128299,2021-12-12,Southeast,Georgia,Atlanta,Women's Street Footwear,36.0,147.0,529.0,222.0,Outlet,2021,12,4,41.965973534971646
Foot Locker,1185732,2021-06-28,Midwest,Nebraska,Omaha,Women's Street Footwear,35.0,225.0,7875.0,2756.0,Outlet,2021,6,2,34.9968253968254
Sports Direct,1128299,2021-07-12,Southeast,Georgia,Atlanta,Men's Street Footwear,47.0,196.0,921.0,461.0,Online,2021,7,3,50.0542888165038
Sports Direct,1185732,2021-05-02,Southeast,North Carolina,Charlotte,Women's Apparel,51.0,203.0,1035.0,642.0,Online,2021,5,2,62.02898550724638
Amazon,1185732,2021-09-17,Northeast,New Hampshire,Manchester,Men's Street Footwear,59.0,154.0,909.0,472.0,Online,2021,9,3,51.92519251925193
West Gear,1185732,2021-06-11,West,Utah,Salt Lake City,Men's Athletic Footwear,24.0,112.0,269.0,132.0,Online,2021,6,2,49.07063197026022
Walmart,1197831,2021-10-21,South,Arkansas,Little Rock,Men's Athletic Footwear,19.0,106.0,201.0,91.0,Online,2021,10,4,45.27363184079602
Foot Locker,1185732,2021-06-15,Northeast,Delaware,Wilmington,Women's Street Footwear,45.0,325.0,14625.0,5850.0,In-store,2021,6,2,40.0
West Gear,1185732,2021-12-10,West,Utah,Salt Lake City,Men's Athletic Footwear,30.0,500.0,15000.0,5250.0,In-store,2021,12,4,35.0
Sports Direct,1197831,2021-04-22,South,Tennessee,Knoxville,Men's Athletic Footwear,44.0,271.0,1192.0,608.0,Outlet,2021,4,2,51.006711409395976
Sports Direct,1128299,2021-01-13,West,New Mexico,Albuquerque,Women's Apparel,36.0,117.0,421.0,164.0,Online,2021,1,1,38.95486935866984
Kohl's,1197831,2021-02-14,South,Oklahoma,Oklahoma City,Men's Athletic Footwear,23.0,65.0,150.0,75.0,Online,2021,2,1,50.0
Sports Direct,1185732,2021-06-04,Southeast,North Carolina,Charlotte,Women's Street Footwear,47.0,169.0,794.0,429.0,Online,2021,6,2,54.030226700251895
Sports Direct,1185732,2021-05-13,Northeast,Massachusetts,Boston,Women's Athletic Footwear,44.0,47.0,207.0,81.0,Online,2021,5,2,39.130434782608695
West Gear,1185732,2021-12-10,West,Utah,Salt Lake City,Women's Apparel,45.0,500.0,22500.0,11250.0,In-store,2021,12,4,50.0
Foot Locker,1128299,2021-10-23,West,Arizona,Phoenix,Women's Apparel,56.0,85.0,476.0,181.0,Online,2021,10,4,38.02521008403361
Foot Locker,1185732,2021-12-10,West,Wyoming,Cheyenne,Men's Apparel,54.0,145.0,783.0,352.0,Online,2021,12,4,44.95530012771392
Kohl's,1197831,2021-05-12,Midwest,Kansas,Wichita,Women's Athletic Footwear,35.0,200.0,7000.0,2450.0,Online,2021,5,2,35.0
Amazon,1185732,2021-11-14,Northeast,Maine,Portland,Women's Athletic Footwear,41.0,51.0,209.0,88.0,Online,2021,11,4,42.10526315789473
Walmart,1197831,2021-05-19,South,Arkansas,Little Rock,Women's Athletic Footwear,24.0,90.0,216.0,102.0,Outlet,2021,5,2,47.22222222222222
Sports Direct,1185732,2021-11-07,Northeast,Rhode Island,Providence,Women's Street Footwear,37.0,68.0,252.0,113.0,Outlet,2021,11,4,44.84126984126984
Kohl's,1197831,2021-06-14,Midwest,Kansas,Wichita,Men's Athletic Footwear,35.0,325.0,11375.0,3981.0,Online,2021,6,2,34.997802197802194
Kohl's,1197831,2021-10-14,Midwest,Kansas,Wichita,Women's Street Footwear,20.0,200.0,4000.0,1400.0,Online,2021,10,4,35.0
Foot Locker,1185732,2021-09-13,Northeast,Delaware,Wilmington,Women's Street Footwear,43.0,61.0,262.0,134.0,Online,2021,9,3,51.14503816793893
Walmart,1128299,2021-07-16,Southeast,Florida,Orlando,Women's Apparel,75.0,195.0,1463.0,687.0,Outlet,2021,7,3,46.958304853041696
Kohl's,1185732,2021-06-08,Northeast,New Jersey,Newark,Women's Street Footwear,40.0,275.0,11000.0,4400.0,In-store,2021,6,2,40.0
Amazon,1185732,2021-06-19,Northeast,New Hampshire,Manchester,Women's Athletic Footwear,37.0,104.0,385.0,131.0,Outlet,2021,6,2,34.02597402597402
Walmart,1185732,2021-10-18,South,Mississippi,Jackson,Women's Athletic Footwear,25.0,350.0,8750.0,3500.0,Online,2021,10,4,40.0
West Gear,1185732,2021-06-10,Midwest,Indiana,Indianapolis,Men's Athletic Footwear,35.0,325.0,11375.0,4550.0,In-store,2021,6,2,40.0
Amazon,1185732,2021-04-22,Southeast,Kentucky,Louisville,Men's Street Footwear,45.0,475.0,21375.0,8550.0,Online,2021,4,2,40.0
Foot Locker,1128299,2021-08-24,Southeast,Virginia,Richmond,Women's Apparel,73.0,75.0,548.0,230.0,Online,2021,8,3,41.97080291970803
Foot Locker,1185732,2021-06-06,Midwest,Iowa,Des Moines,Women's Athletic Footwear,25.0,175.0,4375.0,1313.0,In-store,2021,6,2,30.01142857142857
Kohl's,1185732,2021-01-10,Northeast,Delaware,Wilmington,Women's Athletic Footwear,30.0,125.0,3750.0,1500.0,In-store,2021,1,1,40.0
Kohl's,1128299,2021-11-26,West,New Mexico,Albuquerque,Women's Street Footwear,60.0,450.0,27000.0,9450.0,Online,2021,11,4,35.0
West Gear,1185732,2021-04-03,Midwest,Wisconsin,Milwaukee,Women's Athletic Footwear,15.0,75.0,1125.0,338.0,In-store,2021,4,2,30.044444444444444
Sports Direct,1197831,2021-09-29,South,Texas,Dallas,Men's Athletic Footwear,54.0,176.0,950.0,485.0,Online,2021,9,3,51.05263157894737
Foot Locker,1128299,2021-10-23,West,Arizona,Phoenix,Men's Athletic Footwear,50.0,500.0,25000.0,10000.0,Online,2021,10,4,40.0
Sports Direct,1128299,2021-12-09,West,Hawaii,Honolulu,Women's Apparel,89.0,142.0,1264.0,632.0,Online,2021,12,4,50.0
Foot Locker,1185732,2021-12-16,Northeast,West Virginia,Charleston,Women's Apparel,68.0,122.0,830.0,456.0,Online,2021,12,4,54.93975903614457
Sports Direct,1185732,2021-12-16,South,Mississippi,Jackson,Men's Athletic Footwear,60.0,575.0,34500.0,12075.0,Online,2021,12,4,35.0
West Gear,1128299,2021-02-09,West,California,San Francisco,Men's Apparel,51.0,228.0,1163.0,547.0,Outlet,2021,2,1,47.0335339638865
West Gear,1185732,2021-09-04,Midwest,Wisconsin,Milwaukee,Women's Street Footwear,24.0,44.0,106.0,48.0,Online,2021,9,3,45.28301886792453
Amazon,1185732,2021-02-11,Southeast,North Carolina,Charlotte,Women's Street Footwear,25.0,525.0,13125.0,5250.0,Online,2021,2,1,40.0
West Gear,1128299,2021-01-17,West,Oregon,Portland,Men's Street Footwear,28.0,120.0,336.0,141.0,Outlet,2021,1,1,41.964285714285715
Foot Locker,1185732,2021-11-18,Midwest,Missouri,St. Louis,Women's Street Footwear,23.0,80.0,184.0,90.0,Online,2021,11,4,48.91304347826087
Foot Locker,1185732,2021-10-29,Northeast,Pennsylvania,Philadelphia,Men's Athletic Footwear,32.0,44.0,141.0,56.0,Outlet,2021,10,4,39.71631205673759
West Gear,1185732,2021-01-12,Southeast,Florida,Orlando,Men's Street Footwear,41.0,255.0,1046.0,575.0,Online,2021,1,1,54.97131931166348
West Gear,1128299,2021-09-18,South,Louisiana,New Orleans,Men's Apparel,51.0,77.0,393.0,216.0,Online,2021,9,3,54.961832061068705
Walmart,1197831,2021-07-19,South,Arkansas,Little Rock,Women's Athletic Footwear,35.0,120.0,420.0,181.0,Outlet,2021,7,3,43.095238095238095
Kohl's,1128299,2021-11-26,West,New Mexico,Albuquerque,Men's Street Footwear,60.0,550.0,33000.0,11550.0,Online,2021,11,4,35.0
Kohl's,1189833,2021-04-29,West,California,Los Angeles,Men's Apparel,38.0,224.0,851.0,511.0,Outlet,2021,4,2,60.0470035252644
Foot Locker,1128299,2021-06-24,Southeast,Virginia,Richmond,Men's Athletic Footwear,65.0,650.0,42250.0,14788.0,In-store,2021,6,2,35.00118343195267
West Gear,1185732,2021-03-09,Midwest,Indiana,Indianapolis,Men's Athletic Footwear,23.0,61.0,140.0,77.0,Online,2021,3,1,55.00000000000001
Foot Locker,1185732,2021-12-21,Southeast,Kentucky,Louisville,Men's Athletic Footwear,52.0,98.0,510.0,245.0,Online,2021,12,4,48.03921568627451
Amazon,1185732,2021-03-21,Southeast,Kentucky,Louisville,Women's Street Footwear,34.0,73.0,248.0,124.0,Online,2021,3,1,50.0
West Gear,1197831,2021-03-19,South,Oklahoma,Oklahoma City,Women's Apparel,25.0,275.0,6875.0,2750.0,Online,2021,3,1,40.0
Foot Locker,1185732,2021-07-06,Northeast,Rhode Island,Providence,Men's Athletic Footwear,32.0,114.0,365.0,135.0,Outlet,2021,7,3,36.986301369863014
Walmart,1197831,2021-08-20,South,Arkansas,Little Rock,Women's Apparel,55.0,550.0,30250.0,12100.0,Online,2021,8,3,40.0
Walmart,1197831,2021-02-21,South,Arkansas,Little Rock,Women's Athletic Footwear,20.0,250.0,5000.0,2000.0,Online,2021,2,1,40.0
Sports Direct,1128299,2021-04-13,Southeast,Georgia,Atlanta,Women's Athletic Footwear,50.0,275.0,13750.0,5500.0,Online,2021,4,2,40.0
Foot Locker,1128299,2021-02-23,West,Arizona,Phoenix,Women's Apparel,40.0,350.0,14000.0,3500.0,Online,2021,2,1,25.0
Kohl's,1189833,2021-04-17,West,California,Los Angeles,Men's Apparel,45.0,131.0,590.0,383.0,Online,2021,4,2,64.91525423728814
Sports Direct,1185732,2021-12-06,Northeast,New Jersey,Newark,Men's Street Footwear,55.0,149.0,820.0,393.0,Online,2021,12,4,47.92682926829268
Sports Direct,1185732,2021-04-14,Northeast,Massachusetts,Boston,Women's Street Footwear,30.0,150.0,4500.0,1125.0,In-store,2021,4,2,25.0
Foot Locker,1185732,2021-05-29,Midwest,Nebraska,Omaha,Women's Street Footwear,23.0,47.0,108.0,54.0,Online,2021,5,2,50.0
Kohl's,1185732,2021-07-06,Northeast,New Jersey,Newark,Women's Street Footwear,37.0,81.0,300.0,156.0,Online,2021,7,3,52.0
Walmart,1185732,2020-05-03,Northeast,New York,New York,Men's Street Footwear,65.0,1200.0,78000.0,39000.0,Outlet,2020,5,2,50.0
West Gear,1128299,2020-02-22,West,Nevada,Las Vegas,Women's Athletic Footwear,60.0,400.0,24000.0,7200.0,In-store,2020,2,1,30.0
Foot Locker,1185732,2020-03-08,Northeast,New York,New York,Men's Apparel,55.0,252.0,1386.0,624.0,Online,2020,3,1,45.02164502164502
Walmart,1185732,2020-04-17,Northeast,New York,New York,Men's Apparel,60.0,900.0,54000.0,16200.0,Outlet,2020,4,2,30.0
West Gear,1128299,2020-11-01,South,Texas,Houston,Men's Street Footwear,37.0,209.0,773.0,348.0,Online,2020,11,4,45.019404915912034
West Gear,1128299,2020-02-16,West,Nevada,Las Vegas,Women's Athletic Footwear,65.0,475.0,30875.0,10806.0,In-store,2020,2,1,34.99919028340081
Foot Locker,1185732,2020-11-28,Midwest,Minnesota,Minneapolis,Men's Street Footwear,50.0,525.0,26250.0,9188.0,Outlet,2020,11,4,35.00190476190476
West Gear,1128299,2020-07-19,West,Washington,Seattle,Men's Street Footwear,60.0,550.0,33000.0,9900.0,In-store,2020,7,3,30.0
West Gear,1128299,2020-12-29,West,California,San Francisco,Men's Apparel,65.0,525.0,34125.0,17063.0,Outlet,2020,12,4,50.0014652014652
West Gear,1128299,2020-11-03,South,Texas,Houston,Women's Street Footwear,50.0,775.0,38750.0,13563.0,Outlet,2020,11,4,35.001290322580644
Foot Locker,1185732,2020-10-18,Southeast,Florida,Miami,Men's Athletic Footwear,33.0,65.0,215.0,86.0,Online,2020,10,4,40.0
Foot Locker,1185732,2020-03-10,Northeast,New York,New York,Men's Street Footwear,59.0,319.0,1882.0,1129.0,Online,2020,3,1,59.98937300743889
Foot Locker,1185732,2020-03-16,Northeast,New York,New York,Men's Street Footwear,41.0,375.0,1538.0,800.0,Outlet,2020,3,1,52.015604681404426
West Gear,1128299,2020-04-25,West,Colorado,Denver,Women's Apparel,78.0,137.0,1069.0,427.0,Online,2020,4,2,39.943872778297475
Foot Locker,1185732,2020-11-08,Midwest,Minnesota,Minneapolis,Men's Apparel,50.0,50.0,2500.0,750.0,In-store,2020,11,4,30.0
West Gear,1128299,2020-01-08,West,Nevada,Las Vegas,Men's Street Footwear,35.0,525.0,18375.0,7350.0,Outlet,2020,1,1,40.0
West Gear,1128299,2020-04-20,West,Colorado,Denver,Men's Street Footwear,65.0,775.0,50375.0,22669.0,In-store,2020,4,2,45.00049627791563
Foot Locker,1185732,2020-12-22,Midwest,Minnesota,Minneapolis,Men's Street Footwear,50.0,124.0,620.0,310.0,Online,2020,12,4,50.0
Foot Locker,1185732,2020-11-20,Midwest,Minnesota,Minneapolis,Men's Apparel,49.0,45.0,221.0,93.0,Online,2020,11,4,42.081447963800905
West Gear,1128299,2020-03-23,West,Colorado,Denver,Women's Street Footwear,38.0,123.0,467.0,234.0,Online,2020,3,1,50.107066381156315
Walmart,1185732,2020-04-24,Northeast,New York,New York,Women's Apparel,59.0,280.0,1652.0,661.0,Online,2020,4,2,40.012106537530265
West Gear,1128299,2020-02-22,West,Nevada,Las Vegas,Women's Athletic Footwear,43.0,124.0,533.0,187.0,Outlet,2020,2,1,35.0844277673546
Sports Direct,1197831,2020-07-23,South,Texas,Houston,Men's Apparel,26.0,176.0,458.0,156.0,Outlet,2020,7,3,34.06113537117904
Walmart,1197831,2020-08-12,South,Texas,Houston,Men's Street Footwear,29.0,268.0,777.0,373.0,Online,2020,8,3,48.00514800514801
West Gear,1128299,2020-02-03,West,Nevada,Las Vegas,Women's Street Footwear,65.0,550.0,35750.0,16088.0,Outlet,2020,2,1,45.0013986013986
Walmart,1197831,2020-09-03,South,Texas,Houston,Men's Apparel,41.0,169.0,693.0,277.0,Online,2020,9,3,39.97113997113997
West Gear,1128299,2020-11-13,West,California,San Francisco,Men's Street Footwear,50.0,850.0,42500.0,14875.0,Outlet,2020,11,4,35.0
Walmart,1197831,2020-08-16,South,Texas,Houston,Men's Apparel,45.0,600.0,27000.0,8100.0,Outlet,2020,8,3,30.0
West Gear,1185732,2020-04-24,Southeast,Florida,Miami,Women's Apparel,64.0,248.0,1587.0,1016.0,Online,2020,4,2,64.02016383112792
Foot Locker,1185732,2020-12-03,Midwest,Minnesota,Minneapolis,Women's Apparel,46.0,88.0,405.0,231.0,Online,2020,12,4,57.03703703703704
West Gear,1128299,2020-02-21,West,Nevada,Las Vegas,Women's Street Footwear,46.0,144.0,662.0,272.0,Outlet,2020,2,1,41.08761329305136
Foot Locker,1185732,2020-11-12,Midwest,Minnesota,Minneapolis,Women's Street Footwear,40.0,125.0,5000.0,1500.0,In-store,2020,11,4,30.0
West Gear,1128299,2020-02-02,West,Nevada,Las Vegas,Men's Athletic Footwear,62.0,165.0,1023.0,419.0,Online,2020,2,1,40.95796676441838
West Gear,1128299,2020-01-26,West,Nevada,Las Vegas,Men's Street Footwear,43.0,171.0,735.0,353.0,Outlet,2020,1,1,48.02721088435374
Foot Locker,1185732,2020-01-07,Northeast,New York,New York,Men's Street Footwear,33.0,388.0,1280.0,666.0,Outlet,2020,1,1,52.03124999999999
West Gear,1128299,2020-07-07,West,Washington,Seattle,Men's Street Footwear,80.0,217.0,1736.0,781.0,Online,2020,7,3,44.98847926267281
West Gear,1128299,2020-05-19,West,Colorado,Denver,Women's Apparel,80.0,500.0,40000.0,8000.0,In-store,2020,5,2,20.0
Foot Locker,1185732,2020-02-05,Northeast,New York,New York,Women's Apparel,39.0,333.0,1299.0,351.0,Outlet,2020,2,1,27.02078521939954
Foot Locker,1185732,2020-03-31,Northeast,New York,New York,Women's Athletic Footwear,40.0,324.0,1296.0,518.0,Outlet,2020,3,1,39.96913580246913
West Gear,1128299,2020-02-02,West,Nevada,Las Vegas,Men's Athletic Footwear,65.0,550.0,35750.0,10725.0,Outlet,2020,2,1,30.0
West Gear,1128299,2020-04-21,West,Colorado,Denver,Men's Athletic Footwear,70.0,625.0,43750.0,13125.0,In-store,2020,4,2,30.0
West Gear,1128299,2020-12-25,West,California,San Francisco,Men's Street Footwear,56.0,228.0,1277.0,600.0,Online,2020,12,4,46.985121378230225
Walmart,1197831,2020-10-23,South,Texas,Houston,Women's Athletic Footwear,50.0,675.0,33750.0,15188.0,Outlet,2020,10,4,45.001481481481484
West Gear,1128299,2020-03-10,West,Nevada,Las Vegas,Men's Athletic Footwear,65.0,675.0,43875.0,8775.0,In-store,2020,3,1,20.0
Walmart,1197831,2020-09-07,South,Texas,Houston,Women's Street Footwear,36.0,315.0,1134.0,431.0,Outlet,2020,9,3,38.00705467372134
West Gear,1128299,2020-01-17,West,Nevada,Las Vegas,Women's Athletic Footwear,50.0,84.0,420.0,197.0,Online,2020,1,1,46.904761904761905
Foot Locker,1185732,2020-03-31,Northeast,New York,New York,Women's Athletic Footwear,47.0,241.0,1133.0,532.0,Online,2020,3,1,46.954986760812
West Gear,1128299,2020-06-07,West,Washington,Seattle,Men's Street Footwear,46.0,167.0,768.0,346.0,Online,2020,6,2,45.05208333333333
Sports Direct,1197831,2020-08-08,South,Texas,Houston,Women's Street Footwear,34.0,203.0,690.0,317.0,Online,2020,8,3,45.94202898550724
Foot Locker,1185732,2020-01-25,Northeast,New York,New York,Men's Street Footwear,46.0,354.0,1628.0,1026.0,Online,2020,1,1,63.022113022113025
Walmart,1197831,2020-08-24,South,Texas,Houston,Men's Street Footwear,37.0,238.0,881.0,396.0,Online,2020,8,3,44.94892167990919
Foot Locker,1185732,2020-10-28,Midwest,Minnesota,Minneapolis,Women's Apparel,34.0,65.0,221.0,122.0,Online,2020,10,4,55.203619909502265
Foot Locker,1185732,2020-01-05,Northeast,New York,New York,Men's Apparel,60.0,900.0,54000.0,16200.0,In-store,2020,1,1,30.0
Foot Locker,1185732,2020-11-18,Midwest,Minnesota,Minneapolis,Women's Street Footwear,35.0,175.0,6125.0,1838.0,Outlet,2020,11,4,30.00816326530612
West Gear,1128299,2020-07-13,West,Washington,Seattle,Men's Street Footwear,64.0,156.0,998.0,409.0,Online,2020,7,3,40.981963927855716
Foot Locker,1185732,2020-08-18,Southeast,Florida,Miami,Men's Street Footwear,41.0,268.0,1099.0,659.0,Online,2020,8,3,59.96360327570519
West Gear,1128299,2020-05-22,West,Colorado,Denver,Women's Street Footwear,65.0,500.0,32500.0,13000.0,In-store,2020,5,2,40.0
Sports Direct,1185732,2020-09-29,Southeast,Florida,Miami,Men's Street Footwear,56.0,270.0,1512.0,907.0,Online,2020,9,3,59.98677248677249
West Gear,1128299,2020-04-23,West,Colorado,Denver,Women's Athletic Footwear,65.0,475.0,30875.0,12350.0,In-store,2020,4,2,40.0
Sports Direct,1185732,2020-10-05,Southeast,Florida,Miami,Men's Street Footwear,56.0,244.0,1366.0,793.0,Online,2020,10,4,58.05270863836017
West Gear,1128299,2020-06-12,West,Washington,Seattle,Women's Apparel,65.0,375.0,24375.0,4875.0,In-store,2020,6,2,20.0
Foot Locker,1185732,2020-01-01,Northeast,Pennsylvania,Philadelphia,Women's Apparel,68.0,83.0,564.0,243.0,Online,2020,1,1,43.08510638297872
West Gear,1128299,2020-03-14,West,Nevada,Las Vegas,Women's Apparel,75.0,500.0,37500.0,5625.0,In-store,2020,3,1,15.0
West Gear,1128299,2020-01-21,West,Nevada,Las Vegas,Men's Athletic Footwear,62.0,102.0,632.0,240.0,Online,2020,1,1,37.9746835443038
Sports Direct,1185732,2020-09-26,Southeast,Florida,Miami,Women's Athletic Footwear,45.0,725.0,32625.0,9788.0,In-store,2020,9,3,30.00153256704981
West Gear,1128299,2020-06-04,West,Washington,Seattle,Women's Athletic Footwear,50.0,300.0,15000.0,4500.0,In-store,2020,6,2,30.0
West Gear,1128299,2020-01-06,West,Nevada,Las Vegas,Men's Apparel,37.0,80.0,296.0,169.0,Outlet,2020,1,1,57.0945945945946
West Gear,1128299,2020-03-28,West,Colorado,Denver,Men's Athletic Footwear,48.0,112.0,538.0,183.0,Online,2020,3,1,34.014869888475836
Walmart,1197831,2020-10-29,South,Texas,Houston,Women's Athletic Footwear,47.0,182.0,855.0,496.0,Online,2020,10,4,58.01169590643275
Walmart,1185732,2020-04-22,Northeast,New York,New York,Women's Athletic Footwear,50.0,900.0,45000.0,15750.0,Outlet,2020,4,2,35.0
Sports Direct,1185732,2020-09-25,Southeast,Florida,Miami,Women's Street Footwear,45.0,750.0,33750.0,8438.0,In-store,2020,9,3,25.00148148148148
West Gear,1128299,2020-02-12,West,Nevada,Las Vegas,Women's Apparel,78.0,145.0,1131.0,339.0,Online,2020,2,1,29.973474801061005
West Gear,1128299,2020-06-12,West,Washington,Seattle,Women's Apparel,62.0,105.0,651.0,221.0,Online,2020,6,2,33.94777265745007
Foot Locker,1185732,2020-01-04,Northeast,New York,New York,Women's Athletic Footwear,36.0,281.0,1012.0,374.0,Outlet,2020,1,1,36.95652173913043
Foot Locker,1185732,2020-11-10,Midwest,Minnesota,Minneapolis,Men's Street Footwear,50.0,445.0,22250.0,7788.0,In-store,2020,11,4,35.002247191011236
West Gear,1128299,2020-02-07,West,Nevada,Las Vegas,Men's Street Footwear,60.0,750.0,45000.0,18000.0,Outlet,2020,2,1,40.0
West Gear,1128299,2020-12-23,West,California,San Francisco,Men's Apparel,65.0,500.0,32500.0,16250.0,Outlet,2020,12,4,50.0
West Gear,1128299,2020-02-03,West,Nevada,Las Vegas,Women's Street Footwear,62.0,165.0,1023.0,604.0,Online,2020,2,1,59.04203323558163
Foot Locker,1185732,2020-12-21,Midwest,Minnesota,Minneapolis,Women's Apparel,60.0,225.0,13500.0,6075.0,Outlet,2020,12,4,45.0
West Gear,1128299,2020-01-25,West,Nevada,Las Vegas,Women's Apparel,80.0,350.0,28000.0,5600.0,Outlet,2020,1,1,20.0
West Gear,1128299,2020-01-26,West,Nevada,Las Vegas,Men's Street Footwear,60.0,550.0,33000.0,14850.0,Outlet,2020,1,1,45.0
West Gear,1128299,2020-05-25,West,Colorado,Denver,Women's Apparel,80.0,525.0,42000.0,8400.0,In-store,2020,5,2,20.0
Sports Direct,1197831,2020-08-04,South,Texas,Houston,Men's Apparel,45.0,500.0,22500.0,6750.0,Outlet,2020,8,3,30.0
Foot Locker,1185732,2020-10-23,Midwest,Minnesota,Minneapolis,Men's Street Footwear,35.0,500.0,17500.0,6125.0,In-store,2020,10,4,35.0
West Gear,1128299,2020-01-18,West,Nevada,Las Vegas,Men's Apparel,60.0,175.0,10500.0,5775.0,Outlet,2020,1,1,55.00000000000001
Sports Direct,1197831,2020-07-31,South,Texas,Houston,Men's Street Footwear,30.0,875.0,26250.0,9188.0,Outlet,2020,7,3,35.00190476190476
Walmart,1185732,2020-04-28,Northeast,New York,New York,Men's Athletic Footwear,55.0,975.0,53625.0,16088.0,Outlet,2020,4,2,30.0009324009324
West Gear,1128299,2020-01-12,West,Nevada,Las Vegas,Men's Apparel,50.0,200.0,10000.0,5500.0,Outlet,2020,1,1,55.00000000000001
Walmart,1197831,2020-08-25,South,Texas,Houston,Men's Athletic Footwear,42.0,238.0,1000.0,460.0,Online,2020,8,3,46.0
Foot Locker,1185732,2020-03-13,Northeast,New York,New York,Women's Athletic Footwear,46.0,243.0,1118.0,514.0,Online,2020,3,1,45.97495527728086
Foot Locker,1185732,2020-03-05,Northeast,New York,New York,Men's Athletic Footwear,41.0,340.0,1394.0,474.0,Outlet,2020,3,1,34.00286944045911
West Gear,1128299,2020-01-25,West,Nevada,Las Vegas,Women's Apparel,78.0,95.0,741.0,252.0,Online,2020,1,1,34.0080971659919
Foot Locker,1185732,2020-11-21,Midwest,Minnesota,Minneapolis,Women's Apparel,53.0,81.0,429.0,240.0,Online,2020,11,4,55.94405594405595
West Gear,1128299,2020-06-30,West,Washington,Seattle,Women's Apparel,98.0,182.0,1784.0,606.0,Online,2020,6,2,33.96860986547085
West Gear,1185732,2020-09-15,Southeast,Florida,Miami,Men's Apparel,61.0,208.0,1269.0,622.0,Online,2020,9,3,49.01497241922774
Walmart,1197831,2020-09-14,South,Texas,Houston,Women's Athletic Footwear,36.0,204.0,734.0,345.0,Outlet,2020,9,3,47.002724795640326
West Gear,1128299,2020-07-16,West,Washington,Seattle,Women's Athletic Footwear,70.0,400.0,28000.0,8400.0,In-store,2020,7,3,30.0
West Gear,1128299,2020-11-06,West,California,San Francisco,Women's Apparel,50.0,775.0,38750.0,5813.0,Outlet,2020,11,4,15.001290322580646
Sports Direct,1185732,2020-05-24,Southeast,Florida,Miami,Men's Street Footwear,63.0,323.0,2035.0,1140.0,Online,2020,5,2,56.01965601965602
West Gear,1128299,2020-07-09,West,Washington,Seattle,Women's Street Footwear,73.0,163.0,1190.0,416.0,Online,2020,7,3,34.95798319327731
Foot Locker,1185732,2020-12-16,Midwest,Minnesota,Minneapolis,Men's Street Footwear,50.0,350.0,17500.0,6125.0,Outlet,2020,12,4,35.0
Sports Direct,1185732,2020-10-10,Southeast,Florida,Miami,Women's Apparel,64.0,213.0,1363.0,818.0,Online,2020,10,4,60.01467351430667
Foot Locker,1185732,2020-09-22,Southeast,Florida,Miami,Women's Apparel,60.0,925.0,55500.0,27750.0,In-store,2020,9,3,50.0
Walmart,1185732,2020-04-20,Northeast,New York,New York,Men's Athletic Footwear,50.0,270.0,1350.0,594.0,Online,2020,4,2,44.0
West Gear,1128299,2020-12-29,West,California,San Francisco,Men's Apparel,47.0,158.0,743.0,416.0,Outlet,2020,12,4,55.989232839838486
Foot Locker,1185732,2020-12-01,Midwest,Minnesota,Minneapolis,Women's Athletic Footwear,33.0,47.0,155.0,76.0,Online,2020,12,4,49.03225806451613
Foot Locker,1185732,2020-11-09,Midwest,Minnesota,Minneapolis,Women's Apparel,40.0,175.0,7000.0,3150.0,In-store,2020,11,4,45.0
West Gear,1128299,2020-05-18,West,Colorado,Denver,Men's Apparel,68.0,105.0,714.0,493.0,Online,2020,5,2,69.04761904761905
Sports Direct,1197831,2020-07-28,South,Texas,Houston,Women's Athletic Footwear,26.0,213.0,554.0,277.0,Outlet,2020,7,3,50.0
Walmart,1197831,2020-10-29,South,Texas,Houston,Women's Athletic Footwear,50.0,700.0,35000.0,15750.0,Outlet,2020,10,4,45.0
Foot Locker,1185732,2020-11-28,Midwest,Minnesota,Minneapolis,Men's Street Footwear,47.0,137.0,644.0,303.0,Online,2020,11,4,47.04968944099379
Foot Locker,1185732,2020-01-22,Northeast,New York,New York,Women's Athletic Footwear,45.0,825.0,37125.0,12994.0,Outlet,2020,1,1,35.0006734006734
Walmart,1185732,2020-04-19,Northeast,New York,New York,Men's Street Footwear,39.0,408.0,1591.0,875.0,Outlet,2020,4,2,54.99685732243872
West Gear,1128299,2020-02-05,West,Nevada,Las Vegas,Men's Apparel,47.0,105.0,494.0,321.0,Outlet,2020,2,1,64.97975708502024
Foot Locker,1185732,2020-01-21,Northeast,New York,New York,Women's Street Footwear,32.0,323.0,1034.0,393.0,Outlet,2020,1,1,38.007736943907155
West Gear,1128299,2020-02-14,West,Nevada,Las Vegas,Men's Athletic Footwear,64.0,182.0,1165.0,454.0,Online,2020,2,1,38.96995708154506
West Gear,1128299,2020-06-11,West,Washington,Seattle,Men's Apparel,69.0,46.0,317.0,121.0,Online,2020,6,2,38.170347003154575
West Gear,1128299,2020-05-07,West,Colorado,Denver,Women's Apparel,70.0,425.0,29750.0,5950.0,In-store,2020,5,2,20.0
Foot Locker,1185732,2020-02-05,Northeast,New York,New York,Women's Apparel,49.0,238.0,1166.0,431.0,Online,2020,2,1,36.96397941680961
Sports Direct,1197831,2020-07-26,South,Texas,Houston,Men's Athletic Footwear,23.0,289.0,665.0,279.0,Outlet,2020,7,3,41.95488721804511
West Gear,1128299,2020-06-25,West,Washington,Seattle,Men's Street Footwear,71.0,195.0,1385.0,581.0,Online,2020,6,2,41.94945848375451
West Gear,1128299,2020-02-27,West,Nevada,Las Vegas,Women's Street Footwear,60.0,375.0,22500.0,7875.0,In-store,2020,2,1,35.0
West Gear,1128299,2020-02-01,West,Nevada,Las Vegas,Men's Street Footwear,60.0,700.0,42000.0,18900.0,Outlet,2020,2,1,45.0
Walmart,1197831,2020-08-20,South,Texas,Houston,Women's Street Footwear,27.0,264.0,713.0,285.0,Outlet,2020,8,3,39.97194950911641
Foot Locker,1185732,2020-02-06,Northeast,New York,New York,Men's Street Footwear,60.0,1220.0,73200.0,36600.0,Outlet,2020,2,1,50.0
West Gear,1128299,2020-01-22,West,Nevada,Las Vegas,Women's Street Footwear,65.0,400.0,26000.0,10400.0,Outlet,2020,1,1,40.0
West Gear,1128299,2020-05-20,West,Colorado,Denver,Men's Street Footwear,59.0,203.0,1198.0,623.0,Online,2020,5,2,52.00333889816361
Walmart,1197831,2020-09-16,South,Texas,Houston,Women's Apparel,55.0,750.0,41250.0,20625.0,Outlet,2020,9,3,50.0
Walmart,1197831,2020-10-24,South,Texas,Houston,Men's Apparel,45.0,650.0,29250.0,8775.0,Outlet,2020,10,4,30.0
Foot Locker,1185732,2020-12-19,Midwest,Minnesota,Minneapolis,Women's Athletic Footwear,38.0,45.0,171.0,84.0,Online,2020,12,4,49.122807017543856
Kohl's,1189833,2020-12-30,Midwest,Minnesota,Minneapolis,Women's Street Footwear,45.0,475.0,21375.0,9619.0,Outlet,2020,12,4,45.00116959064327
West Gear,1128299,2020-01-19,West,Nevada,Las Vegas,Women's Apparel,54.0,94.0,508.0,173.0,Online,2020,1,1,34.05511811023622
West Gear,1128299,2020-01-17,West,Nevada,Las Vegas,Women's Athletic Footwear,55.0,300.0,16500.0,5775.0,Outlet,2020,1,1,35.0
Foot Locker,1185732,2020-11-05,Midwest,Minnesota,Minneapolis,Men's Athletic Footwear,38.0,28.0,106.0,45.0,Online,2020,11,4,42.45283018867924
West Gear,1128299,2020-06-26,West,Washington,Seattle,Men's Athletic Footwear,80.0,625.0,50000.0,12500.0,In-store,2020,6,2,25.0
Walmart,1197831,2020-08-18,South,Texas,Houston,Men's Street Footwear,40.0,950.0,38000.0,13300.0,Outlet,2020,8,3,35.0
West Gear,1128299,2020-01-30,West,Nevada,Las Vegas,Men's Apparel,65.0,200.0,13000.0,7800.0,Outlet,2020,1,1,60.0
West Gear,1128299,2020-11-05,West,California,San Francisco,Men's Apparel,55.0,575.0,31625.0,15813.0,Outlet,2020,11,4,50.00158102766798
Walmart,1197831,2020-10-20,South,Texas,Houston,Men's Street Footwear,45.0,900.0,40500.0,14175.0,Outlet,2020,10,4,35.0
West Gear,1128299,2020-04-22,West,Colorado,Denver,Women's Street Footwear,67.0,161.0,1079.0,593.0,Online,2020,4,2,54.95829471733086
West Gear,1128299,2020-07-14,West,Washington,Seattle,Men's Athletic Footwear,71.0,174.0,1235.0,432.0,Online,2020,7,3,34.97975708502024
Foot Locker,1185732,2020-08-22,Southeast,Florida,Miami,Men's Apparel,55.0,675.0,37125.0,12994.0,In-store,2020,8,3,35.0006734006734
West Gear,1128299,2020-07-24,West,Washington,Seattle,Women's Apparel,75.0,375.0,28125.0,5625.0,In-store,2020,7,3,20.0
West Gear,1128299,2020-03-26,West,Colorado,Denver,Women's Apparel,40.0,400.0,16000.0,2400.0,In-store,2020,3,1,15.0
Foot Locker,1185732,2020-03-03,Northeast,New York,New York,Women's Apparel,59.0,290.0,1711.0,616.0,Online,2020,3,1,36.00233781414378
West Gear,1128299,2020-06-03,West,Washington,Seattle,Women's Street Footwear,47.0,122.0,573.0,224.0,Online,2020,6,2,39.09249563699825
Foot Locker,1185732,2020-11-03,Midwest,Minnesota,Minneapolis,Women's Apparel,40.0,175.0,7000.0,3150.0,In-store,2020,11,4,45.0
Foot Locker,1185732,2020-04-24,Southeast,Florida,Miami,Men's Street Footwear,42.0,256.0,1075.0,624.0,Online,2020,4,2,58.04651162790697
West Gear,1128299,2020-06-01,West,Washington,Seattle,Men's Street Footwear,36.0,138.0,497.0,214.0,Online,2020,6,2,43.05835010060362
West Gear,1185732,2020-09-17,Southeast,Florida,Miami,Men's Street Footwear,65.0,1125.0,73125.0,32906.0,In-store,2020,9,3,44.99965811965812
Sports Direct,1185732,2020-10-08,Southeast,Florida,Miami,Women's Athletic Footwear,49.0,202.0,990.0,436.0,Online,2020,10,4,44.04040404040404
West Gear,1128299,2020-07-24,West,Washington,Seattle,Women's Apparel,71.0,101.0,717.0,251.0,Online,2020,7,3,35.006973500697356
Sports Direct,1185732,2020-10-09,Southeast,Florida,Miami,Men's Apparel,65.0,750.0,48750.0,17063.0,In-store,2020,10,4,35.00102564102564
Walmart,1185732,2020-04-21,Northeast,New York,New York,Women's Street Footwear,50.0,925.0,46250.0,16188.0,Outlet,2020,4,2,35.00108108108108
Walmart,1197831,2020-09-07,South,Texas,Houston,Women's Street Footwear,46.0,234.0,1076.0,527.0,Online,2020,9,3,48.97769516728624
Walmart,1197831,2020-09-06,South,Texas,Houston,Men's Athletic Footwear,45.0,850.0,38250.0,13388.0,Outlet,2020,9,3,35.00130718954249
West Gear,1128299,2020-12-24,West,California,San Francisco,Women's Apparel,60.0,700.0,42000.0,6300.0,Outlet,2020,12,4,15.0
West Gear,1128299,2020-03-20,West,Colorado,Denver,Women's Apparel,37.0,128.0,474.0,123.0,Online,2020,3,1,25.949367088607595
Walmart,1197831,2020-08-23,South,Texas,Houston,Women's Apparel,47.0,250.0,1175.0,752.0,Online,2020,8,3,64.0
West Gear,1185732,2020-09-08,Southeast,Florida,Miami,Women's Athletic Footwear,47.0,217.0,1020.0,408.0,Online,2020,9,3,40.0
Foot Locker,1185732,2020-08-18,Southeast,Florida,Miami,Men's Street Footwear,45.0,1070.0,48150.0,21668.0,In-store,2020,8,3,45.00103842159917
Foot Locker,1185732,2020-01-25,Northeast,New York,New York,Men's Street Footwear,50.0,1220.0,61000.0,30500.0,Outlet,2020,1,1,50.0
West Gear,1128299,2020-07-08,West,Washington,Seattle,Men's Athletic Footwear,77.0,210.0,1617.0,631.0,Online,2020,7,3,39.022881880024734
Walmart,1185732,2020-05-07,Northeast,New York,New York,Men's Apparel,60.0,261.0,1566.0,673.0,Online,2020,5,2,42.9757343550447
West Gear,1128299,2020-07-28,West,Washington,Seattle,Women's Athletic Footwear,70.0,450.0,31500.0,9450.0,In-store,2020,7,3,30.0
West Gear,1128299,2020-05-11,West,Colorado,Denver,Women's Athletic Footwear,53.0,85.0,451.0,207.0,Online,2020,5,2,45.8980044345898
West Gear,1128299,2020-03-04,West,Nevada,Las Vegas,Men's Athletic Footwear,64.0,150.0,960.0,326.0,Online,2020,3,1,33.958333333333336
West Gear,1128299,2020-03-12,West,Nevada,Las Vegas,Women's Athletic Footwear,60.0,475.0,28500.0,8550.0,In-store,2020,3,1,30.0
West Gear,1128299,2020-01-20,West,Nevada,Las Vegas,Men's Street Footwear,58.0,143.0,829.0,423.0,Online,2020,1,1,51.025331724969845
West Gear,1128299,2020-11-08,West,California,San Francisco,Men's Athletic Footwear,50.0,725.0,36250.0,7250.0,Outlet,2020,11,4,20.0
Walmart,1197831,2020-08-14,South,Texas,Houston,Women's Street Footwear,33.0,225.0,743.0,356.0,Online,2020,8,3,47.91386271870794
West Gear,1128299,2020-03-17,West,Nevada,Las Vegas,Women's Street Footwear,26.0,128.0,333.0,140.0,Outlet,2020,3,1,42.04204204204204
West Gear,1128299,2020-03-15,West,Nevada,Las Vegas,Men's Street Footwear,20.0,149.0,298.0,119.0,Outlet,2020,3,1,39.93288590604027
Foot Locker,1185732,2020-08-14,Southeast,Florida,Miami,Women's Street Footwear,32.0,240.0,768.0,292.0,Online,2020,8,3,38.02083333333333
Walmart,1185732,2020-04-25,Northeast,New York,New York,Men's Apparel,51.0,289.0,1474.0,472.0,Outlet,2020,4,2,32.021709633649934
Walmart,1197831,2020-09-02,South,Texas,Houston,Women's Athletic Footwear,30.0,215.0,645.0,310.0,Outlet,2020,9,3,48.06201550387597
Foot Locker,1185732,2020-01-26,Northeast,New York,New York,Men's Athletic Footwear,48.0,259.0,1243.0,535.0,Online,2020,1,1,43.041029766693484
West Gear,1128299,2020-03-25,West,Colorado,Denver,Men's Apparel,45.0,200.0,9000.0,4500.0,In-store,2020,3,1,50.0
West Gear,1128299,2020-07-11,West,Washington,Seattle,Men's Apparel,75.0,575.0,43125.0,10781.0,In-store,2020,7,3,24.999420289855074
West Gear,1128299,2020-03-08,West,Nevada,Las Vegas,Women's Apparel,68.0,133.0,904.0,235.0,Online,2020,3,1,25.995575221238937
Foot Locker,1185732,2020-02-01,Northeast,New York,New York,Men's Athletic Footwear,50.0,900.0,45000.0,13500.0,Outlet,2020,2,1,30.0
Foot Locker,1185732,2020-01-24,Northeast,New York,New York,Women's Apparel,48.0,290.0,1392.0,529.0,Online,2020,1,1,38.002873563218394
West Gear,1128299,2020-02-06,West,Nevada,Las Vegas,Women's Apparel,57.0,192.0,1094.0,306.0,Outlet,2020,2,1,27.97074954296161
Walmart,1197831,2020-08-22,South,Texas,Houston,Men's Apparel,29.0,221.0,641.0,205.0,Outlet,2020,8,3,31.981279251170047
West Gear,1128299,2020-12-27,West,California,San Francisco,Women's Street Footwear,46.0,254.0,1168.0,456.0,Outlet,2020,12,4,39.04109589041096
Foot Locker,1185732,2020-11-13,Midwest,Minnesota,Minneapolis,Women's Athletic Footwear,40.0,50.0,2000.0,700.0,In-store,2020,11,4,35.0
West Gear,1128299,2020-06-03,West,Washington,Seattle,Women's Street Footwear,50.0,450.0,22500.0,5625.0,In-store,2020,6,2,25.0
West Gear,1128299,2020-05-06,West,Colorado,Denver,Men's Apparel,74.0,120.0,888.0,613.0,Online,2020,5,2,69.03153153153153
Walmart,1197831,2020-09-03,South,Texas,Houston,Men's Apparel,35.0,228.0,798.0,271.0,Outlet,2020,9,3,33.959899749373434
Foot Locker,1185732,2020-11-05,Midwest,Minnesota,Minneapolis,Men's Athletic Footwear,40.0,100.0,4000.0,1200.0,In-store,2020,11,4,30.0
West Gear,1128299,2020-01-03,Northeast,Pennsylvania,Philadelphia,Men's Athletic Footwear,45.0,450.0,20250.0,5063.0,Outlet,2020,1,1,25.002469135802468
West Gear,1128299,2020-03-02,West,Nevada,Las Vegas,Women's Apparel,53.0,120.0,636.0,140.0,Outlet,2020,3,1,22.0125786163522
Walmart,1197831,2020-08-11,South,Texas,Houston,Women's Apparel,40.0,800.0,32000.0,16000.0,Outlet,2020,8,3,50.0
Sports Direct,1185732,2020-09-28,Southeast,Florida,Miami,Women's Apparel,60.0,825.0,49500.0,24750.0,In-store,2020,9,3,50.0
West Gear,1128299,2020-01-24,West,Nevada,Las Vegas,Men's Apparel,47.0,62.0,291.0,178.0,Outlet,2020,1,1,61.16838487972509
West Gear,1128299,2020-06-19,West,Washington,Seattle,Men's Street Footwear,55.0,165.0,908.0,372.0,Online,2020,6,2,40.969162995594715
West Gear,1128299,2020-12-23,West,California,San Francisco,Men's Apparel,51.0,170.0,867.0,468.0,Outlet,2020,12,4,53.979238754325266
West Gear,1128299,2020-11-05,West,California,San Francisco,Men's Apparel,38.0,173.0,657.0,355.0,Outlet,2020,11,4,54.03348554033486
Walmart,1197831,2020-09-08,South,Texas,Houston,Women's Athletic Footwear,47.0,181.0,851.0,468.0,Online,2020,9,3,54.99412455934195
Foot Locker,1185732,2020-01-29,Northeast,New York,New York,Men's Apparel,59.0,230.0,1357.0,570.0,Online,2020,1,1,42.00442151805453
West Gear,1128299,2020-04-16,West,Colorado,Denver,Women's Street Footwear,64.0,150.0,960.0,614.0,Online,2020,4,2,63.95833333333333
Sports Direct,1197831,2020-07-31,South,Texas,Houston,Men's Street Footwear,20.0,306.0,612.0,257.0,Outlet,2020,7,3,41.993464052287585
West Gear,1128299,2020-01-06,West,Nevada,Las Vegas,Men's Apparel,47.0,70.0,329.0,214.0,Online,2020,1,1,65.04559270516718
West Gear,1128299,2020-05-09,West,Colorado,Denver,Men's Athletic Footwear,54.0,152.0,821.0,287.0,Online,2020,5,2,34.95736906211936
Foot Locker,1185732,2020-08-11,Southeast,Florida,Miami,Women's Apparel,41.0,247.0,1013.0,628.0,Online,2020,8,3,61.99407699901284
Sports Direct,1197831,2020-07-31,South,Texas,Houston,Men's Street Footwear,29.0,254.0,737.0,331.0,Online,2020,7,3,44.91180461329715
Sports Direct,1197831,2020-07-22,Northeast,New York,New York,Women's Athletic Footwear,35.0,700.0,24500.0,11025.0,Outlet,2020,7,3,45.0
West Gear,1128299,2020-01-30,West,Nevada,Las Vegas,Men's Apparel,60.0,60.0,360.0,252.0,Online,2020,1,1,70.0
Foot Locker,1185732,2020-10-27,Midwest,Minnesota,Minneapolis,Men's Apparel,45.0,150.0,6750.0,2025.0,In-store,2020,10,4,30.0
Foot Locker,1185732,2020-02-07,Northeast,New York,New York,Men's Athletic Footwear,55.0,925.0,50875.0,15263.0,Outlet,2020,2,1,30.0009828009828
West Gear,1128299,2020-06-20,West,Washington,Seattle,Men's Athletic Footwear,60.0,108.0,648.0,246.0,Online,2020,6,2,37.96296296296296
Foot Locker,1185732,2020-03-04,Northeast,New York,New York,Men's Street Footwear,60.0,1250.0,75000.0,37500.0,Outlet,2020,3,1,50.0
West Gear,1128299,2020-04-15,West,Colorado,Denver,Men's Athletic Footwear,65.0,575.0,37375.0,13081.0,In-store,2020,4,2,34.999331103678934
Foot Locker,1185732,2020-02-09,Northeast,New York,New York,Women's Athletic Footwear,50.0,850.0,42500.0,14875.0,Outlet,2020,2,1,35.0
Foot Locker,1185732,2020-08-09,West,Washington,Seattle,Women's Athletic Footwear,40.0,700.0,28000.0,8400.0,In-store,2020,8,3,30.0
Foot Locker,1185732,2020-08-13,Southeast,Florida,Miami,Men's Athletic Footwear,43.0,195.0,839.0,411.0,Online,2020,8,3,48.98688915375447
Foot Locker,1185732,2020-11-09,Midwest,Minnesota,Minneapolis,Women's Apparel,36.0,53.0,191.0,114.0,Online,2020,11,4,59.68586387434554
Foot Locker,1185732,2020-02-10,Northeast,New York,New York,Men's Apparel,47.0,280.0,1316.0,461.0,Outlet,2020,2,1,35.03039513677811
Walmart,1197831,2020-08-13,South,Texas,Houston,Men's Athletic Footwear,30.0,287.0,861.0,362.0,Outlet,2020,8,3,42.044134727061554
West Gear,1128299,2020-02-27,West,Nevada,Las Vegas,Women's Street Footwear,54.0,109.0,589.0,265.0,Online,2020,2,1,44.99151103565365
West Gear,1128299,2020-05-13,West,Colorado,Denver,Women's Apparel,65.0,105.0,683.0,205.0,Online,2020,5,2,30.01464128843338
Walmart,1185732,2020-05-02,Northeast,New York,New York,Women's Apparel,53.0,322.0,1707.0,478.0,Outlet,2020,5,2,28.002343292325715
Walmart,1197831,2020-10-26,South,Texas,Houston,Men's Street Footwear,41.0,238.0,976.0,468.0,Online,2020,10,4,47.950819672131146
Foot Locker,1185732,2020-12-17,Midwest,Minnesota,Minneapolis,Men's Athletic Footwear,40.0,200.0,8000.0,2400.0,Outlet,2020,12,4,30.0
West Gear,1128299,2020-04-02,West,Colorado,Denver,Men's Street Footwear,60.0,525.0,31500.0,11025.0,In-store,2020,4,2,35.0
West Gear,1128299,2020-02-11,West,Nevada,Las Vegas,Men's Apparel,65.0,500.0,32500.0,17875.0,In-store,2020,2,1,55.00000000000001
West Gear,1128299,2020-12-31,West,California,San Francisco,Men's Street Footwear,56.0,252.0,1411.0,706.0,Online,2020,12,4,50.03543586109143
Foot Locker,1185732,2020-12-17,Midwest,Minnesota,Minneapolis,Men's Athletic Footwear,38.0,52.0,198.0,79.0,Online,2020,12,4,39.8989898989899
Foot Locker,1185732,2020-03-14,Northeast,New York,New York,Men's Apparel,60.0,925.0,55500.0,16650.0,Outlet,2020,3,1,30.0
West Gear,1128299,2020-03-04,West,Nevada,Las Vegas,Men's Athletic Footwear,65.0,575.0,37375.0,7475.0,In-store,2020,3,1,20.0
West Gear,1128299,2020-08-01,West,Washington,Seattle,Men's Athletic Footwear,77.0,195.0,1502.0,571.0,Online,2020,8,3,38.01597869507324
West Gear,1128299,2020-05-21,West,Colorado,Denver,Men's Athletic Footwear,64.0,182.0,1165.0,443.0,Online,2020,5,2,38.02575107296137
West Gear,1128299,2020-01-24,West,Nevada,Las Vegas,Men's Apparel,63.0,52.0,328.0,216.0,Online,2020,1,1,65.85365853658537
Walmart,1185732,2020-04-25,Northeast,New York,New York,Men's Apparel,65.0,875.0,56875.0,17063.0,Outlet,2020,4,2,30.00087912087912
West Gear,1185732,2020-04-24,Southeast,Florida,Miami,Men's Apparel,55.0,675.0,37125.0,12994.0,In-store,2020,4,2,35.0006734006734
West Gear,1128299,2020-07-23,West,Washington,Seattle,Men's Apparel,70.0,325.0,22750.0,5688.0,In-store,2020,7,3,25.002197802197802
West Gear,1185732,2020-09-07,Southeast,Florida,Miami,Women's Street Footwear,50.0,800.0,40000.0,10000.0,In-store,2020,9,3,25.0
Walmart,1185732,2020-04-23,Northeast,New York,New York,Men's Apparel,60.0,900.0,54000.0,16200.0,Outlet,2020,4,2,30.0
West Gear,1128299,2020-03-06,West,Nevada,Las Vegas,Women's Athletic Footwear,56.0,108.0,605.0,248.0,Online,2020,3,1,40.99173553719008
West Gear,1128299,2020-04-30,West,Colorado,Denver,Men's Apparel,74.0,140.0,1036.0,756.0,Online,2020,4,2,72.97297297297297
West Gear,1128299,2020-06-16,West,Washington,Seattle,Women's Athletic Footwear,60.0,300.0,18000.0,5400.0,In-store,2020,6,2,30.0
Foot Locker,1185732,2020-03-07,Northeast,New York,New York,Women's Athletic Footwear,47.0,261.0,1227.0,552.0,Online,2020,3,1,44.987775061124694
Foot Locker,1185732,2020-01-06,Northeast,New York,New York,Women's Apparel,50.0,1000.0,50000.0,12500.0,In-store,2020,1,1,25.0
West Gear,1128299,2020-06-28,West,Washington,Seattle,Women's Athletic Footwear,75.0,125.0,938.0,375.0,Online,2020,6,2,39.97867803837953
West Gear,1128299,2020-05-07,West,Colorado,Denver,Women's Apparel,65.0,106.0,689.0,214.0,Online,2020,5,2,31.059506531204644
Foot Locker,1185732,2020-11-25,Midwest,Minnesota,Minneapolis,Women's Athletic Footwear,40.0,175.0,7000.0,2450.0,Outlet,2020,11,4,35.0
Walmart,1197831,2020-09-09,South,Texas,Houston,Men's Apparel,45.0,625.0,28125.0,8438.0,Outlet,2020,9,3,30.00177777777778
West Gear,1185732,2020-09-16,Southeast,Florida,Miami,Women's Apparel,67.0,244.0,1635.0,1063.0,Online,2020,9,3,65.01529051987768
West Gear,1128299,2020-06-02,West,Washington,Seattle,Men's Athletic Footwear,50.0,450.0,22500.0,5625.0,In-store,2020,6,2,25.0
Walmart,1197831,2020-10-22,South,Texas,Houston,Women's Street Footwear,47.0,206.0,968.0,465.0,Online,2020,10,4,48.03719008264463
West Gear,1128299,2020-04-27,West,Colorado,Denver,Men's Athletic Footwear,75.0,675.0,50625.0,15188.0,In-store,2020,4,2,30.000987654320987
Foot Locker,1185732,2020-11-11,Midwest,Minnesota,Minneapolis,Men's Athletic Footwear,45.0,150.0,6750.0,2025.0,In-store,2020,11,4,30.0
West Gear,1128299,2020-06-27,West,Washington,Seattle,Women's Street Footwear,72.0,163.0,1174.0,446.0,Online,2020,6,2,37.98977853492334
Foot Locker,1185732,2020-09-20,Southeast,Florida,Miami,Women's Athletic Footwear,44.0,233.0,1025.0,410.0,Online,2020,9,3,40.0
West Gear,1128299,2020-04-19,West,Colorado,Denver,Women's Apparel,83.0,181.0,1502.0,646.0,Online,2020,4,2,43.00932090545938
Foot Locker,1185732,2020-04-24,Southeast,Florida,Miami,Men's Street Footwear,45.0,1025.0,46125.0,20756.0,In-store,2020,4,2,44.99945799457994
Walmart,1197831,2020-09-05,South,Texas,Houston,Men's Street Footwear,45.0,850.0,38250.0,13388.0,Outlet,2020,9,3,35.00130718954249
Foot Locker,1185732,2020-01-03,Northeast,New York,New York,Women's Street Footwear,36.0,250.0,900.0,414.0,Online,2020,1,1,46.0
Walmart,1185732,2020-04-20,Northeast,New York,New York,Men's Athletic Footwear,55.0,1000.0,55000.0,16500.0,Outlet,2020,4,2,30.0
West Gear,1128299,2020-07-01,West,Washington,Seattle,Men's Street Footwear,73.0,239.0,1745.0,698.0,Online,2020,7,3,40.0
Sports Direct,1185732,2020-10-09,Southeast,Florida,Miami,Men's Apparel,64.0,195.0,1248.0,624.0,Online,2020,10,4,50.0
West Gear,1128299,2020-04-04,West,Colorado,Denver,Women's Street Footwear,65.0,375.0,24375.0,8531.0,In-store,2020,4,2,34.99897435897436
Foot Locker,1185732,2020-01-01,Northeast,New York,New York,Men's Street Footwear,34.0,384.0,1306.0,679.0,Outlet,2020,1,1,51.99081163859112
Foot Locker,1185732,2020-09-22,Southeast,Florida,Miami,Women's Apparel,56.0,278.0,1557.0,950.0,Online,2020,9,3,61.01477199743096
Walmart,1197831,2020-10-22,South,Texas,Houston,Women's Street Footwear,34.0,281.0,955.0,373.0,Outlet,2020,10,4,39.05759162303665
Walmart,1197831,2020-09-14,South,Texas,Houston,Women's Athletic Footwear,45.0,168.0,756.0,438.0,Online,2020,9,3,57.936507936507944
West Gear,1128299,2020-06-05,West,Washington,Seattle,Men's Apparel,55.0,225.0,12375.0,3094.0,In-store,2020,6,2,25.002020202020205
West Gear,1128299,2020-03-18,West,Nevada,Las Vegas,Women's Athletic Footwear,26.0,96.0,250.0,85.0,Outlet,2020,3,1,34.0
Walmart,1185732,2020-04-18,Northeast,New York,New York,Women's Apparel,48.0,355.0,1704.0,511.0,Outlet,2020,4,2,29.988262910798124
West Gear,1128299,2020-02-07,West,Nevada,Las Vegas,Men's Street Footwear,58.0,218.0,1264.0,670.0,Online,2020,2,1,53.00632911392405
West Gear,1128299,2020-05-01,West,Colorado,Denver,Women's Apparel,74.0,100.0,740.0,259.0,Online,2020,5,2,35.0
Foot Locker,1185732,2020-12-11,Midwest,Minnesota,Minneapolis,Men's Athletic Footwear,35.0,200.0,7000.0,2100.0,Outlet,2020,12,4,30.0
West Gear,1185732,2020-04-24,Southeast,Florida,Miami,Men's Apparel,58.0,196.0,1137.0,534.0,Online,2020,4,2,46.965699208443276
Walmart,1197831,2020-10-27,South,Texas,Houston,Men's Athletic Footwear,45.0,950.0,42750.0,14963.0,Outlet,2020,10,4,35.00116959064328
West Gear,1185732,2020-09-12,Southeast,Florida,Miami,Men's Athletic Footwear,57.0,225.0,1283.0,590.0,Online,2020,9,3,45.985970381917376
West Gear,1128299,2020-03-18,West,Nevada,Las Vegas,Women's Athletic Footwear,38.0,72.0,274.0,123.0,Online,2020,3,1,44.89051094890511
West Gear,1185732,2020-09-15,Southeast,Florida,Miami,Men's Apparel,65.0,800.0,52000.0,18200.0,In-store,2020,9,3,35.0
Foot Locker,1185732,2020-03-08,Northeast,New York,New York,Men's Apparel,45.0,288.0,1296.0,441.0,Outlet,2020,3,1,34.02777777777778
West Gear,1128299,2020-06-23,West,Washington,Seattle,Men's Apparel,65.0,200.0,13000.0,3250.0,In-store,2020,6,2,25.0
West Gear,1128299,2020-02-20,West,Nevada,Las Vegas,Men's Athletic Footwear,65.0,600.0,39000.0,7800.0,In-store,2020,2,1,20.0
Walmart,1197831,2020-08-29,South,Texas,Houston,Women's Apparel,47.0,293.0,1377.0,868.0,Online,2020,8,3,63.03558460421206
West Gear,1128299,2020-05-29,West,Colorado,Denver,Women's Athletic Footwear,50.0,300.0,15000.0,4500.0,In-store,2020,5,2,30.0
West Gear,1128299,2020-02-23,West,Nevada,Las Vegas,Men's Apparel,67.0,120.0,804.0,490.0,Online,2020,2,1,60.94527363184079
Walmart,1197831,2020-08-23,South,Texas,Houston,Women's Apparel,50.0,1000.0,50000.0,25000.0,Outlet,2020,8,3,50.0
West Gear,1128299,2020-02-14,West,Nevada,Las Vegas,Men's Athletic Footwear,56.0,208.0,1165.0,338.0,Outlet,2020,2,1,29.012875536480685
West Gear,1128299,2020-02-17,West,Nevada,Las Vegas,Men's Apparel,75.0,475.0,35625.0,19594.0,In-store,2020,2,1,55.00070175438596
Foot Locker,1185732,2020-12-04,Midwest,Minnesota,Minneapolis,Men's Street Footwear,45.0,450.0,20250.0,7088.0,Outlet,2020,12,4,35.002469135802464
Walmart,1185732,2020-05-05,Northeast,New York,New York,Women's Street Footwear,42.0,333.0,1399.0,559.0,Outlet,2020,5,2,39.95711222301644
Foot Locker,1185732,2020-01-03,Northeast,New York,New York,Women's Street Footwear,40.0,1000.0,40000.0,14000.0,In-store,2020,1,1,35.0
West Gear,1128299,2020-12-26,West,California,San Francisco,Men's Athletic Footwear,65.0,675.0,43875.0,8775.0,Outlet,2020,12,4,20.0
West Gear,1128299,2020-06-23,West,Washington,Seattle,Men's Apparel,60.0,52.0,312.0,119.0,Online,2020,6,2,38.141025641025635
West Gear,1128299,2020-01-04,Northeast,Pennsylvania,Philadelphia,Women's Street Footwear,36.0,140.0,504.0,237.0,Outlet,2020,1,1,47.023809523809526
Walmart,1197831,2020-09-05,South,Texas,Houston,Men's Street Footwear,33.0,264.0,871.0,366.0,Outlet,2020,9,3,42.020665901262916
Foot Locker,1185732,2020-10-31,Midwest,Minnesota,Minneapolis,Women's Street Footwear,29.0,53.0,154.0,69.0,Online,2020,10,4,44.8051948051948
Foot Locker,1185732,2020-03-09,Northeast,New York,New York,Women's Apparel,46.0,347.0,1596.0,511.0,Outlet,2020,3,1,32.01754385964912
West Gear,1185732,2020-04-24,Southeast,Florida,Miami,Women's Apparel,44.0,208.0,915.0,549.0,Online,2020,4,2,60.0
West Gear,1128299,2020-04-11,West,Colorado,Denver,Women's Athletic Footwear,60.0,275.0,16500.0,7425.0,In-store,2020,4,2,45.0
Foot Locker,1185732,2020-03-03,Northeast,New York,New York,Women's Apparel,44.0,320.0,1408.0,408.0,Outlet,2020,3,1,28.97727272727273
West Gear,1128299,2020-04-20,West,Colorado,Denver,Men's Street Footwear,64.0,202.0,1293.0,776.0,Online,2020,4,2,60.015467904099
West Gear,1128299,2020-11-11,West,California,San Francisco,Men's Apparel,50.0,140.0,700.0,427.0,Online,2020,11,4,61.0
Walmart,1185732,2020-04-26,Northeast,New York,New York,Women's Apparel,50.0,330.0,1650.0,462.0,Outlet,2020,4,2,28.000000000000004
Sports Direct,1197831,2020-07-21,Northeast,New York,New York,Women's Street Footwear,33.0,210.0,693.0,319.0,Online,2020,7,3,46.03174603174603
West Gear,1128299,2020-05-13,West,Colorado,Denver,Women's Apparel,70.0,350.0,24500.0,4900.0,In-store,2020,5,2,20.0
West Gear,1128299,2020-02-07,West,Nevada,Las Vegas,Men's Street Footwear,48.0,233.0,1118.0,492.0,Outlet,2020,2,1,44.00715563506261
Sports Direct,1185732,2020-10-07,Southeast,Florida,Miami,Women's Street Footwear,50.0,745.0,37250.0,9313.0,In-store,2020,10,4,25.001342281879197
Foot Locker,1185732,2020-01-27,Northeast,New York,New York,Women's Street Footwear,40.0,950.0,38000.0,13300.0,Outlet,2020,1,1,35.0
West Gear,1128299,2020-03-11,West,Nevada,Las Vegas,Women's Street Footwear,60.0,475.0,28500.0,9975.0,In-store,2020,3,1,35.0
West Gear,1185732,2020-04-24,Southeast,Florida,Miami,Women's Apparel,45.0,800.0,36000.0,18000.0,In-store,2020,4,2,50.0
Foot Locker,1185732,2020-11-06,Midwest,Minnesota,Minneapolis,Women's Street Footwear,30.0,100.0,3000.0,900.0,In-store,2020,11,4,30.0
Foot Locker,1185732,2020-11-11,Midwest,Minnesota,Minneapolis,Men's Athletic Footwear,44.0,44.0,194.0,79.0,Online,2020,11,4,40.72164948453608
Foot Locker,1185732,2020-08-06,West,Washington,Seattle,Men's Street Footwear,45.0,1050.0,47250.0,21263.0,In-store,2020,8,3,45.0010582010582
Foot Locker,1185732,2020-11-22,Midwest,Minnesota,Minneapolis,Men's Street Footwear,49.0,160.0,784.0,368.0,Online,2020,11,4,46.93877551020408
West Gear,1128299,2020-07-03,West,Washington,Seattle,Women's Street Footwear,85.0,625.0,53125.0,13281.0,In-store,2020,7,3,24.999529411764705
West Gear,1128299,2020-04-08,West,Colorado,Denver,Men's Street Footwear,60.0,525.0,31500.0,15750.0,In-store,2020,4,2,50.0
West Gear,1128299,2020-02-25,West,Nevada,Las Vegas,Men's Street Footwear,47.0,171.0,804.0,321.0,Outlet,2020,2,1,39.92537313432835
West Gear,1128299,2020-01-03,Northeast,Pennsylvania,Philadelphia,Men's Athletic Footwear,35.0,135.0,473.0,146.0,Outlet,2020,1,1,30.866807610993657
West Gear,1185732,2020-04-24,Southeast,Florida,Miami,Women's Street Footwear,32.0,203.0,650.0,260.0,Online,2020,4,2,40.0
Kohl's,1189833,2020-12-30,Midwest,Minnesota,Minneapolis,Women's Street Footwear,41.0,119.0,488.0,288.0,Online,2020,12,4,59.01639344262295
Foot Locker,1185732,2020-01-01,Northeast,New York,New York,Men's Street Footwear,47.0,336.0,1579.0,963.0,Online,2020,1,1,60.9879670677644
Sports Direct,1185732,2020-05-24,Southeast,Florida,Miami,Men's Street Footwear,65.0,1075.0,69875.0,31444.0,In-store,2020,5,2,45.00035778175313
Walmart,1197831,2020-08-16,South,Texas,Houston,Men's Apparel,35.0,180.0,630.0,221.0,Outlet,2020,8,3,35.079365079365076
Foot Locker,1185732,2020-01-24,Northeast,New York,New York,Women's Apparel,36.0,350.0,1260.0,365.0,Outlet,2020,1,1,28.968253968253972
Foot Locker,1185732,2020-03-15,Northeast,New York,New York,Women's Apparel,47.0,352.0,1654.0,447.0,Outlet,2020,3,1,27.02539298669891
Walmart,1197831,2020-09-01,South,Texas,Houston,Women's Street Footwear,29.0,374.0,1085.0,445.0,Outlet,2020,9,3,41.013824884792626
Foot Locker,1185732,2020-11-15,Midwest,Minnesota,Minneapolis,Women's Apparel,58.0,51.0,296.0,175.0,Online,2020,11,4,59.12162162162162
Sports Direct,1197831,2020-08-05,South,Texas,Houston,Women's Apparel,39.0,189.0,737.0,442.0,Online,2020,8,3,59.972862957937586
Walmart,1197831,2020-08-13,South,Texas,Houston,Men's Athletic Footwear,38.0,259.0,984.0,453.0,Online,2020,8,3,46.03658536585366
Walmart,1185732,2020-04-17,Northeast,New York,New York,Men's Apparel,54.0,270.0,1458.0,656.0,Online,2020,4,2,44.99314128943759
Walmart,1197831,2020-08-29,South,Texas,Houston,Women's Apparel,36.0,302.0,1087.0,565.0,Outlet,2020,8,3,51.97792088316467
Foot Locker,1185732,2020-10-28,Midwest,Minnesota,Minneapolis,Women's Apparel,35.0,225.0,7875.0,3544.0,In-store,2020,10,4,45.0031746031746
West Gear,1185732,2020-09-19,Southeast,Florida,Miami,Women's Street Footwear,53.0,231.0,1224.0,453.0,Online,2020,9,3,37.00980392156863
West Gear,1128299,2020-01-14,West,Nevada,Las Vegas,Men's Street Footwear,43.0,160.0,688.0,378.0,Online,2020,1,1,54.94186046511628
Foot Locker,1185732,2020-08-19,Southeast,Florida,Miami,Men's Athletic Footwear,42.0,225.0,945.0,454.0,Online,2020,8,3,48.042328042328045
West Gear,1128299,2020-01-05,Northeast,Pennsylvania,Philadelphia,Women's Athletic Footwear,45.0,300.0,13500.0,4725.0,Outlet,2020,1,1,35.0
Walmart,1185732,2020-04-26,Northeast,New York,New York,Women's Apparel,68.0,290.0,1972.0,749.0,Online,2020,4,2,37.9817444219067
Walmart,1185732,2020-04-24,Northeast,New York,New York,Women's Apparel,45.0,350.0,1575.0,473.0,Outlet,2020,4,2,30.03174603174603
Walmart,1197831,2020-09-01,South,Texas,Houston,Women's Street Footwear,39.0,297.0,1158.0,533.0,Online,2020,9,3,46.027633851468046
Walmart,1197831,2020-09-07,South,Texas,Houston,Women's Street Footwear,50.0,900.0,45000.0,15750.0,Outlet,2020,9,3,35.0
West Gear,1128299,2020-05-12,West,Colorado,Denver,Men's Apparel,65.0,300.0,19500.0,10725.0,In-store,2020,5,2,55.00000000000001
Foot Locker,1185732,2020-12-10,Midwest,Minnesota,Minneapolis,Men's Street Footwear,41.0,98.0,402.0,189.0,Online,2020,12,4,47.01492537313433
Foot Locker,1185732,2020-01-29,Northeast,New York,New York,Men's Apparel,43.0,289.0,1243.0,398.0,Outlet,2020,1,1,32.01930812550282
Foot Locker,1185732,2020-11-20,Midwest,Minnesota,Minneapolis,Men's Apparel,50.0,150.0,7500.0,2250.0,Outlet,2020,11,4,30.0
West Gear,1128299,2020-02-28,West,Nevada,Las Vegas,Women's Athletic Footwear,60.0,350.0,21000.0,6300.0,In-store,2020,2,1,30.0
West Gear,1128299,2020-12-26,West,California,San Francisco,Men's Athletic Footwear,62.0,203.0,1259.0,378.0,Online,2020,12,4,30.023828435266086
Walmart,1197831,2020-10-20,South,Texas,Houston,Men's Street Footwear,43.0,234.0,1006.0,493.0,Online,2020,10,4,49.005964214711724
Kohl's,1189833,2020-12-31,Midwest,Minnesota,Minneapolis,Women's Athletic Footwear,44.0,98.0,431.0,224.0,Online,2020,12,4,51.972157772621806
West Gear,1128299,2020-03-17,West,Nevada,Las Vegas,Women's Street Footwear,40.0,425.0,17000.0,5950.0,In-store,2020,3,1,35.0
Foot Locker,1185732,2020-01-22,Northeast,New York,New York,Women's Athletic Footwear,32.0,248.0,794.0,302.0,Outlet,2020,1,1,38.0352644836272
West Gear,1128299,2020-05-04,West,Colorado,Denver,Women's Street Footwear,65.0,450.0,29250.0,11700.0,In-store,2020,5,2,40.0
West Gear,1128299,2020-12-23,West,California,San Francisco,Men's Apparel,62.0,145.0,899.0,566.0,Online,2020,12,4,62.95884315906562
Foot Locker,1185732,2020-08-06,West,Washington,Seattle,Men's Street Footwear,44.0,273.0,1201.0,661.0,Online,2020,8,3,55.037468776019985
Foot Locker,1185732,2020-02-07,Northeast,New York,New York,Men's Athletic Footwear,50.0,259.0,1295.0,518.0,Online,2020,2,1,40.0
West Gear,1128299,2020-05-19,West,Colorado,Denver,Women's Apparel,73.0,130.0,949.0,294.0,Online,2020,5,2,30.979978925184405
Foot Locker,1185732,2020-08-12,Southeast,Florida,Miami,Men's Street Footwear,45.0,1100.0,49500.0,22275.0,In-store,2020,8,3,45.0
Foot Locker,1185732,2020-10-26,Midwest,Minnesota,Minneapolis,Women's Athletic Footwear,30.0,75.0,2250.0,788.0,In-store,2020,10,4,35.02222222222222
West Gear,1128299,2020-03-28,West,Colorado,Denver,Men's Athletic Footwear,50.0,400.0,20000.0,4000.0,In-store,2020,3,1,20.0
Sports Direct,1197831,2020-08-05,South,Texas,Houston,Women's Apparel,29.0,228.0,661.0,364.0,Outlet,2020,8,3,55.06807866868382
West Gear,1128299,2020-08-04,West,Washington,Seattle,Men's Apparel,82.0,133.0,1091.0,414.0,Online,2020,8,3,37.94683776351971
West Gear,1128299,2020-01-19,West,Nevada,Las Vegas,Women's Apparel,55.0,375.0,20625.0,4125.0,Outlet,2020,1,1,20.0
Walmart,1185732,2020-04-20,Northeast,New York,New York,Men's Athletic Footwear,43.0,350.0,1505.0,497.0,Outlet,2020,4,2,33.02325581395349
West Gear,1128299,2020-05-30,West,Washington,Seattle,Men's Apparel,51.0,73.0,372.0,145.0,Online,2020,5,2,38.97849462365591
Foot Locker,1185732,2020-01-29,Northeast,New York,New York,Men's Apparel,50.0,850.0,51000.0,15300.0,Outlet,2020,1,1,30.0
West Gear,1128299,2020-07-09,West,Washington,Seattle,Women's Street Footwear,75.0,625.0,46875.0,11719.0,In-store,2020,7,3,25.000533333333337
Foot Locker,1185732,2020-03-05,Northeast,New York,New York,Men's Athletic Footwear,55.0,1000.0,55000.0,16500.0,Outlet,2020,3,1,30.0
Foot Locker,1185732,2020-10-22,Midwest,Minnesota,Minneapolis,Women's Apparel,35.0,250.0,8750.0,3938.0,In-store,2020,10,4,45.00571428571429
West Gear,1128299,2020-04-21,West,Colorado,Denver,Men's Athletic Footwear,67.0,188.0,1260.0,504.0,Online,2020,4,2,40.0
Walmart,1197831,2020-08-29,South,Texas,Houston,Women's Apparel,50.0,975.0,48750.0,24375.0,Outlet,2020,8,3,50.0
West Gear,1128299,2020-03-27,West,Colorado,Denver,Men's Street Footwear,37.0,165.0,611.0,293.0,Online,2020,3,1,47.95417348608838
West Gear,1128299,2020-04-18,West,Colorado,Denver,Men's Apparel,66.0,91.0,601.0,462.0,Online,2020,4,2,76.87188019966722
Sports Direct,1197831,2020-08-08,South,Texas,Houston,Women's Street Footwear,35.0,725.0,25375.0,8881.0,Outlet,2020,8,3,34.99901477832512
West Gear,1128299,2020-07-07,West,Washington,Seattle,Men's Street Footwear,85.0,775.0,65875.0,19763.0,In-store,2020,7,3,30.000759013282735
Walmart,1197831,2020-08-21,South,Texas,Houston,Women's Athletic Footwear,38.0,203.0,771.0,440.0,Online,2020,8,3,57.068741893644614
Sports Direct,1197831,2020-07-28,South,Texas,Houston,Women's Athletic Footwear,35.0,625.0,21875.0,9844.0,Outlet,2020,7,3,45.00114285714286
Walmart,1197831,2020-08-24,South,Texas,Houston,Men's Street Footwear,40.0,950.0,38000.0,13300.0,Outlet,2020,8,3,35.0
Walmart,1197831,2020-08-28,South,Texas,Houston,Men's Apparel,41.0,196.0,804.0,321.0,Online,2020,8,3,39.92537313432835
West Gear,1128299,2020-06-09,West,Washington,Seattle,Women's Street Footwear,60.0,115.0,690.0,276.0,Online,2020,6,2,40.0
Sports Direct,1185732,2020-09-30,Southeast,Florida,Miami,Men's Athletic Footwear,47.0,215.0,1011.0,455.0,Online,2020,9,3,45.00494559841741
West Gear,1128299,2020-05-28,West,Colorado,Denver,Women's Street Footwear,46.0,135.0,621.0,217.0,Online,2020,5,2,34.94363929146538
West Gear,1128299,2020-01-30,West,Nevada,Las Vegas,Men's Apparel,43.0,66.0,284.0,187.0,Outlet,2020,1,1,65.84507042253522
Sports Direct,1197831,2020-08-07,South,Texas,Houston,Men's Athletic Footwear,29.0,306.0,887.0,364.0,Outlet,2020,8,3,41.037204058624575
Foot Locker,1185732,2020-03-18,Northeast,New York,New York,Women's Street Footwear,50.0,950.0,47500.0,16625.0,Outlet,2020,3,1,35.0
West Gear,1128299,2020-01-23,West,Nevada,Las Vegas,Women's Athletic Footwear,40.0,90.0,360.0,148.0,Outlet,2020,1,1,41.11111111111111
West Gear,1128299,2020-07-15,West,Washington,Seattle,Women's Street Footwear,63.0,135.0,851.0,315.0,Online,2020,7,3,37.01527614571093
West Gear,1128299,2020-02-08,West,Nevada,Las Vegas,Men's Athletic Footwear,65.0,600.0,39000.0,9750.0,Outlet,2020,2,1,25.0
Foot Locker,1185732,2020-11-07,Midwest,Minnesota,Minneapolis,Women's Athletic Footwear,32.0,7.0,22.0,11.0,Online,2020,11,4,50.0
Kohl's,1189833,2020-12-31,Midwest,Minnesota,Minneapolis,Women's Athletic Footwear,45.0,325.0,14625.0,5850.0,Outlet,2020,12,4,40.0
Foot Locker,1185732,2020-12-03,Midwest,Minnesota,Minneapolis,Women's Apparel,50.0,325.0,16250.0,7313.0,Outlet,2020,12,4,45.003076923076925
West Gear,1128299,2020-01-16,West,Nevada,Las Vegas,Women's Street Footwear,43.0,128.0,550.0,259.0,Outlet,2020,1,1,47.090909090909086
Foot Locker,1185732,2020-03-12,Northeast,New York,New York,Women's Street Footwear,46.0,247.0,1136.0,511.0,Online,2020,3,1,44.982394366197184
Walmart,1197831,2020-10-24,South,Texas,Houston,Men's Apparel,30.0,195.0,585.0,187.0,Outlet,2020,10,4,31.965811965811962
Walmart,1197831,2020-09-15,South,Texas,Houston,Men's Apparel,42.0,150.0,630.0,258.0,Online,2020,9,3,40.95238095238095
Foot Locker,1185732,2020-05-24,Southeast,Florida,Miami,Men's Apparel,60.0,202.0,1212.0,594.0,Online,2020,5,2,49.00990099009901
Walmart,1197831,2020-08-10,South,Texas,Houston,Men's Apparel,42.0,147.0,617.0,259.0,Online,2020,8,3,41.9773095623987
Foot Locker,1185732,2020-04-24,Southeast,Florida,Miami,Men's Athletic Footwear,41.0,210.0,861.0,431.0,Online,2020,4,2,50.05807200929152
West Gear,1128299,2020-06-15,West,Washington,Seattle,Women's Street Footwear,75.0,400.0,30000.0,7500.0,In-store,2020,6,2,25.0
West Gear,1128299,2020-03-29,West,Colorado,Denver,Women's Street Footwear,51.0,116.0,592.0,290.0,Online,2020,3,1,48.986486486486484
Foot Locker,1185732,2020-08-10,Southeast,Florida,Miami,Men's Apparel,55.0,750.0,41250.0,14438.0,In-store,2020,8,3,35.00121212121212
Foot Locker,1185732,2020-08-12,Southeast,Florida,Miami,Men's Street Footwear,43.0,319.0,1372.0,782.0,Online,2020,8,3,56.99708454810496
West Gear,1128299,2020-02-16,West,Nevada,Las Vegas,Women's Athletic Footwear,42.0,152.0,638.0,268.0,Outlet,2020,2,1,42.00626959247649
Foot Locker,1185732,2020-10-30,Midwest,Minnesota,Minneapolis,Men's Athletic Footwear,40.0,125.0,5000.0,1500.0,In-store,2020,10,4,30.0
West Gear,1128299,2020-12-30,West,California,San Francisco,Women's Apparel,62.0,245.0,1519.0,289.0,Outlet,2020,12,4,19.02567478604345
West Gear,1128299,2020-07-17,West,Washington,Seattle,Men's Apparel,72.0,111.0,799.0,320.0,Online,2020,7,3,40.05006257822278
Foot Locker,1185732,2020-03-09,Northeast,New York,New York,Women's Apparel,65.0,1050.0,68250.0,17063.0,Outlet,2020,3,1,25.0007326007326
West Gear,1128299,2020-07-28,West,Washington,Seattle,Women's Athletic Footwear,69.0,117.0,807.0,347.0,Online,2020,7,3,42.998760842627014
Foot Locker,1185732,2020-01-01,Northeast,Pennsylvania,Philadelphia,Women's Apparel,75.0,275.0,20625.0,6188.0,Outlet,2020,1,1,30.00242424242424
West Gear,1128299,2020-03-02,West,Nevada,Las Vegas,Women's Apparel,68.0,94.0,639.0,160.0,Online,2020,3,1,25.039123630672925
West Gear,1128299,2020-06-14,West,Washington,Seattle,Men's Athletic Footwear,75.0,350.0,26250.0,6563.0,In-store,2020,6,2,25.001904761904765
Foot Locker,1185732,2020-01-31,Northeast,New York,New York,Men's Street Footwear,45.0,300.0,1350.0,837.0,Online,2020,1,1,62.0
Foot Locker,1185732,2020-02-08,Northeast,New York,New York,Women's Street Footwear,36.0,288.0,1037.0,435.0,Outlet,2020,2,1,41.94792671166827
Sports Direct,1185732,2020-09-27,Southeast,Florida,Miami,Men's Apparel,50.0,210.0,1050.0,525.0,Online,2020,9,3,50.0
West Gear,1128299,2020-03-24,West,Colorado,Denver,Women's Athletic Footwear,40.0,275.0,11000.0,3300.0,In-store,2020,3,1,30.0
West Gear,1128299,2020-01-13,West,Nevada,Las Vegas,Women's Apparel,45.0,400.0,18000.0,3600.0,Outlet,2020,1,1,20.0
West Gear,1185732,2020-04-24,Southeast,Florida,Miami,Men's Athletic Footwear,54.0,206.0,1112.0,545.0,Online,2020,4,2,49.010791366906474
West Gear,1128299,2020-04-06,West,Colorado,Denver,Men's Apparel,65.0,175.0,11375.0,5688.0,In-store,2020,4,2,50.004395604395604
Foot Locker,1185732,2020-09-23,Southeast,Florida,Miami,Men's Street Footwear,55.0,1050.0,57750.0,25988.0,In-store,2020,9,3,45.0008658008658
West Gear,1128299,2020-05-06,West,Colorado,Denver,Men's Apparel,75.0,400.0,30000.0,16500.0,In-store,2020,5,2,55.00000000000001
West Gear,1128299,2020-05-18,West,Colorado,Denver,Men's Apparel,75.0,375.0,28125.0,15469.0,In-store,2020,5,2,55.00088888888889
West Gear,1185732,2020-04-24,Southeast,Florida,Miami,Women's Street Footwear,35.0,725.0,25375.0,6344.0,In-store,2020,4,2,25.000985221674878
West Gear,1128299,2020-06-10,West,Washington,Seattle,Women's Athletic Footwear,64.0,85.0,544.0,228.0,Online,2020,6,2,41.911764705882355
Foot Locker,1185732,2020-03-11,Northeast,New York,New York,Men's Athletic Footwear,53.0,267.0,1415.0,594.0,Online,2020,3,1,41.97879858657244
Sports Direct,1197831,2020-08-04,South,Texas,Houston,Men's Apparel,41.0,125.0,513.0,205.0,Online,2020,8,3,39.96101364522417
West Gear,1128299,2020-02-10,West,Nevada,Las Vegas,Women's Athletic Footwear,46.0,140.0,644.0,270.0,Outlet,2020,2,1,41.92546583850932
Walmart,1197831,2020-09-08,South,Texas,Houston,Women's Athletic Footwear,37.0,200.0,740.0,370.0,Outlet,2020,9,3,50.0
West Gear,1128299,2020-05-05,West,Colorado,Denver,Women's Athletic Footwear,65.0,400.0,26000.0,9100.0,In-store,2020,5,2,35.0
West Gear,1185732,2020-04-24,Southeast,Florida,Miami,Women's Athletic Footwear,38.0,189.0,718.0,323.0,Online,2020,4,2,44.986072423398326
Sports Direct,1197831,2020-08-03,South,Texas,Houston,Women's Athletic Footwear,30.0,204.0,612.0,294.0,Outlet,2020,8,3,48.03921568627451
West Gear,1185732,2020-09-18,Southeast,Florida,Miami,Men's Athletic Footwear,55.0,252.0,1386.0,624.0,Online,2020,9,3,45.02164502164502
Foot Locker,1185732,2020-12-12,Midwest,Minnesota,Minneapolis,Women's Street Footwear,35.0,100.0,3500.0,1050.0,Outlet,2020,12,4,30.0
West Gear,1128299,2020-02-27,West,Nevada,Las Vegas,Women's Street Footwear,47.0,113.0,531.0,223.0,Outlet,2020,2,1,41.99623352165725
West Gear,1128299,2020-05-30,West,Washington,Seattle,Men's Apparel,55.0,250.0,13750.0,3438.0,In-store,2020,5,2,25.00363636363636
Walmart,1185732,2020-05-06,Northeast,New York,New York,Women's Athletic Footwear,55.0,900.0,49500.0,17325.0,Outlet,2020,5,2,35.0
Walmart,1197831,2020-08-12,South,Texas,Houston,Men's Street Footwear,30.0,925.0,27750.0,9713.0,Outlet,2020,8,3,35.001801801801804
West Gear,1128299,2020-11-08,West,California,San Francisco,Men's Athletic Footwear,49.0,210.0,1029.0,319.0,Online,2020,11,4,31.00097181729835
Foot Locker,1185732,2020-11-03,Midwest,Minnesota,Minneapolis,Women's Apparel,38.0,47.0,179.0,98.0,Online,2020,11,4,54.7486033519553
West Gear,1128299,2020-01-15,West,Nevada,Las Vegas,Men's Athletic Footwear,42.0,124.0,521.0,167.0,Outlet,2020,1,1,32.05374280230326
West Gear,1128299,2020-06-08,West,Washington,Seattle,Men's Athletic Footwear,58.0,115.0,667.0,240.0,Online,2020,6,2,35.98200899550225
West Gear,1185732,2020-04-24,Southeast,Florida,Miami,Men's Street Footwear,55.0,290.0,1595.0,941.0,Online,2020,4,2,58.99686520376175
West Gear,1128299,2020-06-21,West,Washington,Seattle,Women's Street Footwear,61.0,120.0,732.0,278.0,Online,2020,6,2,37.97814207650273
West Gear,1128299,2020-03-22,West,Colorado,Denver,Men's Athletic Footwear,40.0,425.0,17000.0,3400.0,In-store,2020,3,1,20.0
West Gear,1128299,2020-11-03,South,Texas,Houston,Women's Street Footwear,33.0,271.0,894.0,376.0,Outlet,2020,11,4,42.05816554809844
West Gear,1128299,2020-04-10,West,Colorado,Denver,Women's Street Footwear,59.0,98.0,578.0,347.0,Online,2020,4,2,60.034602076124564
Walmart,1185732,2020-04-29,Northeast,New York,New York,Women's Street Footwear,43.0,294.0,1264.0,531.0,Outlet,2020,4,2,42.00949367088608
Walmart,1197831,2020-10-25,South,Texas,Houston,Women's Apparel,51.0,247.0,1260.0,781.0,Online,2020,10,4,61.98412698412699
West Gear,1128299,2020-06-28,West,Washington,Seattle,Women's Athletic Footwear,80.0,500.0,40000.0,12000.0,In-store,2020,6,2,30.0
West Gear,1128299,2020-11-08,West,California,San Francisco,Men's Athletic Footwear,36.0,239.0,860.0,215.0,Outlet,2020,11,4,25.0
Walmart,1197831,2020-08-19,South,Texas,Houston,Men's Athletic Footwear,42.0,238.0,1000.0,450.0,Online,2020,8,3,45.0
West Gear,1128299,2020-01-06,West,Nevada,Las Vegas,Men's Apparel,50.0,250.0,12500.0,6875.0,Outlet,2020,1,1,55.00000000000001
Foot Locker,1185732,2020-01-01,Northeast,New York,New York,Men's Street Footwear,50.0,1200.0,60000.0,30000.0,In-store,2020,1,1,50.0
West Gear,1128299,2020-01-09,West,Nevada,Las Vegas,Men's Athletic Footwear,45.0,425.0,19125.0,4781.0,Outlet,2020,1,1,24.998692810457516
West Gear,1128299,2020-01-29,West,Nevada,Las Vegas,Women's Athletic Footwear,47.0,105.0,494.0,227.0,Outlet,2020,1,1,45.95141700404859
Foot Locker,1185732,2020-02-09,Northeast,New York,New York,Women's Athletic Footwear,33.0,289.0,954.0,381.0,Outlet,2020,2,1,39.937106918238996
West Gear,1128299,2020-12-31,West,California,San Francisco,Men's Street Footwear,44.0,270.0,1188.0,523.0,Outlet,2020,12,4,44.023569023569024
West Gear,1128299,2020-12-22,West,California,San Francisco,Women's Athletic Footwear,60.0,600.0,36000.0,10800.0,Outlet,2020,12,4,30.0
West Gear,1128299,2020-01-08,West,Nevada,Las Vegas,Men's Street Footwear,27.0,173.0,467.0,201.0,Outlet,2020,1,1,43.0406852248394
Walmart,1197831,2020-08-17,South,Texas,Houston,Women's Apparel,40.0,950.0,38000.0,19000.0,Outlet,2020,8,3,50.0
Walmart,1197831,2020-10-21,South,Texas,Houston,Men's Athletic Footwear,45.0,900.0,40500.0,14175.0,Outlet,2020,10,4,35.0
West Gear,1128299,2020-01-15,West,Nevada,Las Vegas,Men's Athletic Footwear,55.0,400.0,22000.0,5500.0,Outlet,2020,1,1,25.0
West Gear,1128299,2020-05-21,West,Colorado,Denver,Men's Athletic Footwear,70.0,700.0,49000.0,12250.0,In-store,2020,5,2,25.0
West Gear,1128299,2020-04-29,West,Colorado,Denver,Women's Athletic Footwear,70.0,500.0,35000.0,14000.0,In-store,2020,4,2,40.0
Foot Locker,1185732,2020-10-20,Southeast,Florida,Miami,Women's Athletic Footwear,29.0,26.0,75.0,34.0,Online,2020,10,4,45.33333333333333
Foot Locker,1185732,2020-09-24,Southeast,Florida,Miami,Men's Athletic Footwear,46.0,255.0,1173.0,528.0,Online,2020,9,3,45.012787723785166
Walmart,1197831,2020-08-28,South,Texas,Houston,Men's Apparel,45.0,700.0,31500.0,9450.0,Outlet,2020,8,3,30.0
West Gear,1128299,2020-02-19,West,Nevada,Las Vegas,Men's Street Footwear,56.0,174.0,974.0,468.0,Online,2020,2,1,48.04928131416838
West Gear,1128299,2020-02-28,West,Nevada,Las Vegas,Women's Athletic Footwear,43.0,119.0,512.0,169.0,Outlet,2020,2,1,33.0078125
West Gear,1128299,2020-03-09,West,Nevada,Las Vegas,Men's Street Footwear,58.0,196.0,1137.0,534.0,Online,2020,3,1,46.965699208443276
West Gear,1128299,2020-04-27,West,Colorado,Denver,Men's Athletic Footwear,73.0,189.0,1380.0,579.0,Online,2020,4,2,41.95652173913044
Foot Locker,1185732,2020-11-16,Midwest,Minnesota,Minneapolis,Men's Street Footwear,45.0,425.0,19125.0,6694.0,Outlet,2020,11,4,35.00130718954249
West Gear,1128299,2020-02-24,West,Nevada,Las Vegas,Women's Apparel,74.0,113.0,836.0,251.0,Online,2020,2,1,30.023923444976074
West Gear,1128299,2020-08-03,West,Washington,Seattle,Women's Athletic Footwear,76.0,138.0,1049.0,451.0,Online,2020,8,3,42.99332697807436
Walmart,1185732,2020-05-02,Northeast,New York,New York,Women's Apparel,66.0,263.0,1736.0,642.0,Online,2020,5,2,36.9815668202765
West Gear,1128299,2020-12-28,West,California,San Francisco,Women's Athletic Footwear,54.0,188.0,1015.0,416.0,Online,2020,12,4,40.98522167487685
Foot Locker,1185732,2020-10-19,Southeast,Florida,Miami,Women's Street Footwear,25.0,250.0,6250.0,1875.0,In-store,2020,10,4,30.0
Walmart,1197831,2020-08-19,South,Texas,Houston,Men's Athletic Footwear,33.0,323.0,1066.0,448.0,Outlet,2020,8,3,42.026266416510325
West Gear,1128299,2020-04-22,West,Colorado,Denver,Women's Street Footwear,70.0,575.0,40250.0,18113.0,In-store,2020,4,2,45.001242236024844
Walmart,1197831,2020-10-23,South,Texas,Houston,Women's Athletic Footwear,48.0,203.0,974.0,536.0,Online,2020,10,4,55.03080082135524
Walmart,1197831,2020-10-30,South,Texas,Houston,Men's Apparel,42.0,169.0,710.0,319.0,Online,2020,10,4,44.929577464788736
West Gear,1128299,2020-07-30,West,Washington,Seattle,Women's Apparel,88.0,138.0,1214.0,376.0,Online,2020,7,3,30.971993410214164
West Gear,1128299,2020-03-01,West,Nevada,Las Vegas,Men's Apparel,48.0,107.0,514.0,277.0,Outlet,2020,3,1,53.89105058365759
Foot Locker,1185732,2020-09-21,Southeast,Florida,Miami,Men's Apparel,52.0,225.0,1170.0,527.0,Online,2020,9,3,45.042735042735046
Foot Locker,1185732,2020-12-20,Midwest,Minnesota,Minneapolis,Men's Apparel,55.0,125.0,6875.0,2063.0,Outlet,2020,12,4,30.007272727272728
West Gear,1128299,2020-02-04,West,Nevada,Las Vegas,Women's Athletic Footwear,60.0,425.0,25500.0,10200.0,Outlet,2020,2,1,40.0
Walmart,1185732,2020-04-30,Northeast,New York,New York,Women's Athletic Footwear,41.0,270.0,1107.0,410.0,Outlet,2020,4,2,37.03703703703704
Foot Locker,1185732,2020-01-25,Northeast,New York,New York,Men's Street Footwear,40.0,390.0,1560.0,811.0,Outlet,2020,1,1,51.98717948717949
Foot Locker,1185732,2020-02-04,Northeast,New York,New York,Men's Apparel,60.0,825.0,49500.0,14850.0,Outlet,2020,2,1,30.0
Walmart,1197831,2020-08-10,South,Texas,Houston,Men's Apparel,45.0,525.0,23625.0,7088.0,Outlet,2020,8,3,30.002116402116403
Walmart,1197831,2020-10-28,South,Texas,Houston,Women's Street Footwear,47.0,255.0,1199.0,587.0,Online,2020,10,4,48.95746455379483
Walmart,1197831,2020-10-25,South,Texas,Houston,Women's Apparel,44.0,289.0,1272.0,725.0,Outlet,2020,10,4,56.996855345911946
West Gear,1128299,2020-07-22,West,Washington,Seattle,Women's Athletic Footwear,58.0,98.0,568.0,250.0,Online,2020,7,3,44.014084507042256
West Gear,1128299,2020-07-21,West,Washington,Seattle,Women's Street Footwear,56.0,113.0,633.0,228.0,Online,2020,7,3,36.018957345971565
West Gear,1128299,2020-02-10,West,Nevada,Las Vegas,Women's Athletic Footwear,60.0,450.0,27000.0,9450.0,In-store,2020,2,1,35.0
Foot Locker,1185732,2020-10-27,Midwest,Minnesota,Minneapolis,Men's Apparel,41.0,44.0,180.0,74.0,Online,2020,10,4,41.11111111111111
West Gear,1128299,2020-05-09,West,Colorado,Denver,Men's Athletic Footwear,60.0,525.0,31500.0,7875.0,In-store,2020,5,2,25.0
West Gear,1128299,2020-07-26,West,Washington,Seattle,Men's Athletic Footwear,60.0,188.0,1128.0,417.0,Online,2020,7,3,36.96808510638298
West Gear,1128299,2020-12-28,West,California,San Francisco,Women's Athletic Footwear,48.0,188.0,902.0,307.0,Outlet,2020,12,4,34.035476718403544
Foot Locker,1185732,2020-09-20,Southeast,Florida,Miami,Women's Athletic Footwear,45.0,775.0,34875.0,10463.0,In-store,2020,9,3,30.001433691756276
West Gear,1128299,2020-01-05,Northeast,Pennsylvania,Philadelphia,Women's Athletic Footwear,34.0,90.0,306.0,125.0,Outlet,2020,1,1,40.849673202614376
West Gear,1128299,2020-04-19,West,Colorado,Denver,Women's Apparel,85.0,625.0,53125.0,15938.0,In-store,2020,4,2,30.000941176470587
West Gear,1128299,2020-01-27,West,Nevada,Las Vegas,Men's Athletic Footwear,60.0,104.0,624.0,268.0,Online,2020,1,1,42.94871794871795
Walmart,1185732,2020-05-05,Northeast,New York,New York,Women's Street Footwear,55.0,950.0,52250.0,18288.0,Outlet,2020,5,2,35.000956937799046
West Gear,1128299,2020-05-14,West,Colorado,Denver,Men's Street Footwear,52.0,150.0,780.0,429.0,Online,2020,5,2,55.00000000000001
West Gear,1128299,2020-03-11,West,Nevada,Las Vegas,Women's Street Footwear,59.0,119.0,702.0,330.0,Online,2020,3,1,47.008547008547005
Walmart,1185732,2020-04-28,Northeast,New York,New York,Men's Athletic Footwear,53.0,273.0,1447.0,622.0,Online,2020,4,2,42.98548721492744
West Gear,1128299,2020-03-18,West,Nevada,Las Vegas,Women's Athletic Footwear,40.0,275.0,11000.0,3300.0,In-store,2020,3,1,30.0
West Gear,1128299,2020-02-12,West,Nevada,Las Vegas,Women's Apparel,80.0,500.0,40000.0,8000.0,In-store,2020,2,1,20.0
West Gear,1128299,2020-07-12,West,Washington,Seattle,Women's Apparel,80.0,400.0,32000.0,6400.0,In-store,2020,7,3,20.0
West Gear,1128299,2020-02-02,West,Nevada,Las Vegas,Men's Athletic Footwear,51.0,182.0,928.0,334.0,Outlet,2020,2,1,35.991379310344826
Foot Locker,1185732,2020-11-30,Midwest,Minnesota,Minneapolis,Women's Street Footwear,40.0,225.0,9000.0,2700.0,Outlet,2020,11,4,30.0
West Gear,1128299,2020-03-03,West,Nevada,Las Vegas,Men's Street Footwear,60.0,575.0,34500.0,12075.0,In-store,2020,3,1,35.0
West Gear,1128299,2020-03-12,West,Nevada,Las Vegas,Women's Athletic Footwear,40.0,166.0,664.0,239.0,Outlet,2020,3,1,35.993975903614455
Foot Locker,1185732,2020-11-01,Midwest,Minnesota,Minneapolis,Women's Athletic Footwear,35.0,25.0,875.0,306.0,In-store,2020,11,4,34.97142857142857
Sports Direct,1197831,2020-07-30,South,Texas,Houston,Women's Apparel,35.0,700.0,24500.0,12250.0,Outlet,2020,7,3,50.0
Sports Direct,1185732,2020-05-24,Southeast,Florida,Miami,Women's Street Footwear,55.0,825.0,45375.0,11344.0,In-store,2020,5,2,25.00055096418733
West Gear,1128299,2020-05-17,West,Colorado,Denver,Women's Athletic Footwear,65.0,400.0,26000.0,9100.0,In-store,2020,5,2,35.0
West Gear,1128299,2020-01-07,West,Nevada,Las Vegas,Women's Apparel,41.0,128.0,525.0,157.0,Online,2020,1,1,29.904761904761905
Walmart,1197831,2020-08-18,South,Texas,Houston,Men's Street Footwear,39.0,238.0,928.0,436.0,Online,2020,8,3,46.98275862068966
Sports Direct,1197831,2020-08-07,South,Texas,Houston,Men's Athletic Footwear,40.0,900.0,36000.0,12600.0,Outlet,2020,8,3,35.0
Walmart,1197831,2020-08-30,South,Texas,Houston,Men's Street Footwear,37.0,268.0,992.0,486.0,Online,2020,8,3,48.99193548387097
West Gear,1128299,2020-04-28,West,Colorado,Denver,Women's Street Footwear,67.0,143.0,958.0,546.0,Online,2020,4,2,56.9937369519833
West Gear,1128299,2020-11-13,West,California,San Francisco,Men's Street Footwear,36.0,272.0,979.0,382.0,Outlet,2020,11,4,39.0194075587334
West Gear,1128299,2020-03-16,West,Nevada,Las Vegas,Men's Athletic Footwear,38.0,123.0,467.0,154.0,Online,2020,3,1,32.97644539614561
Foot Locker,1185732,2020-12-19,Midwest,Minnesota,Minneapolis,Women's Athletic Footwear,40.0,150.0,6000.0,2100.0,Outlet,2020,12,4,35.0
West Gear,1185732,2020-04-24,Southeast,Florida,Miami,Women's Athletic Footwear,49.0,175.0,858.0,369.0,Online,2020,4,2,43.00699300699301
Foot Locker,1185732,2020-03-17,Northeast,New York,New York,Men's Athletic Footwear,37.0,359.0,1328.0,452.0,Outlet,2020,3,1,34.036144578313255
West Gear,1128299,2020-11-04,South,Texas,Houston,Women's Athletic Footwear,48.0,175.0,840.0,336.0,Online,2020,11,4,40.0
Foot Locker,1185732,2020-12-08,Midwest,Minnesota,Minneapolis,Men's Apparel,32.0,34.0,109.0,48.0,Online,2020,12,4,44.03669724770643
Foot Locker,1185732,2020-03-17,Northeast,New York,New York,Men's Athletic Footwear,55.0,1025.0,56375.0,16913.0,Outlet,2020,3,1,30.00088691796009
West Gear,1128299,2020-03-07,West,Nevada,Las Vegas,Men's Apparel,70.0,350.0,24500.0,12250.0,In-store,2020,3,1,50.0
West Gear,1185732,2020-09-12,Southeast,Florida,Miami,Men's Athletic Footwear,60.0,900.0,54000.0,18900.0,In-store,2020,9,3,35.0
West Gear,1128299,2020-04-13,West,Colorado,Denver,Women's Apparel,74.0,133.0,984.0,423.0,Online,2020,4,2,42.98780487804878
West Gear,1128299,2020-01-11,West,Nevada,Las Vegas,Women's Athletic Footwear,30.0,85.0,255.0,105.0,Outlet,2020,1,1,41.17647058823529
Foot Locker,1185732,2020-12-13,Midwest,Minnesota,Minneapolis,Women's Athletic Footwear,32.0,21.0,67.0,31.0,Online,2020,12,4,46.26865671641791
Foot Locker,1185732,2020-11-26,Midwest,Minnesota,Minneapolis,Men's Apparel,49.0,58.0,284.0,117.0,Online,2020,11,4,41.19718309859155
Sports Direct,1197831,2020-08-06,South,Texas,Houston,Men's Street Footwear,27.0,234.0,632.0,303.0,Online,2020,8,3,47.94303797468354
Foot Locker,1185732,2020-09-23,Southeast,Florida,Miami,Men's Street Footwear,53.0,284.0,1505.0,828.0,Online,2020,9,3,55.01661129568106
Foot Locker,1185732,2020-12-01,Midwest,Minnesota,Minneapolis,Women's Athletic Footwear,35.0,175.0,6125.0,2144.0,Outlet,2020,12,4,35.00408163265306
West Gear,1128299,2020-02-20,West,Nevada,Las Vegas,Men's Athletic Footwear,51.0,180.0,918.0,248.0,Outlet,2020,2,1,27.01525054466231
Foot Locker,1185732,2020-11-04,Midwest,Minnesota,Minneapolis,Men's Street Footwear,40.0,400.0,16000.0,5600.0,In-store,2020,11,4,35.0
Sports Direct,1197831,2020-07-20,Northeast,New York,New York,Men's Athletic Footwear,35.0,900.0,31500.0,11025.0,Outlet,2020,7,3,35.0
West Gear,1128299,2020-05-03,West,Colorado,Denver,Men's Athletic Footwear,69.0,168.0,1159.0,417.0,Online,2020,5,2,35.9792924935289
West Gear,1128299,2020-07-27,West,Washington,Seattle,Women's Street Footwear,54.0,124.0,670.0,248.0,Online,2020,7,3,37.014925373134325
Foot Locker,1185732,2020-11-23,Midwest,Minnesota,Minneapolis,Men's Athletic Footwear,45.0,300.0,13500.0,4050.0,Outlet,2020,11,4,30.0
Sports Direct,1197831,2020-08-01,South,Texas,Houston,Men's Athletic Footwear,39.0,236.0,920.0,414.0,Online,2020,8,3,45.0
Sports Direct,1197831,2020-07-29,South,Texas,Houston,Men's Apparel,38.0,125.0,475.0,214.0,Online,2020,7,3,45.05263157894737
West Gear,1128299,2020-12-25,West,California,San Francisco,Men's Street Footwear,40.0,271.0,1084.0,412.0,Outlet,2020,12,4,38.00738007380074
West Gear,1128299,2020-05-17,West,Colorado,Denver,Women's Athletic Footwear,60.0,116.0,696.0,334.0,Online,2020,5,2,47.98850574712644
West Gear,1128299,2020-06-27,West,Washington,Seattle,Women's Street Footwear,80.0,625.0,50000.0,12500.0,In-store,2020,6,2,25.0
West Gear,1128299,2020-03-21,West,Colorado,Denver,Men's Street Footwear,27.0,131.0,354.0,170.0,Online,2020,3,1,48.0225988700565
West Gear,1128299,2020-11-09,West,California,San Francisco,Women's Street Footwear,49.0,196.0,960.0,471.0,Online,2020,11,4,49.0625
Foot Locker,1185732,2020-08-07,West,Washington,Seattle,Men's Athletic Footwear,41.0,221.0,906.0,444.0,Online,2020,8,3,49.00662251655629
Walmart,1185732,2020-05-01,Northeast,New York,New York,Men's Apparel,65.0,875.0,56875.0,17063.0,Outlet,2020,5,2,30.00087912087912
West Gear,1128299,2020-01-12,West,Nevada,Las Vegas,Men's Apparel,46.0,52.0,239.0,167.0,Online,2020,1,1,69.8744769874477
Foot Locker,1185732,2020-03-11,Northeast,New York,New York,Men's Athletic Footwear,41.0,318.0,1304.0,482.0,Outlet,2020,3,1,36.963190184049076
West Gear,1185732,2020-09-09,Southeast,Florida,Miami,Men's Apparel,62.0,233.0,1445.0,708.0,Online,2020,9,3,48.996539792387544
West Gear,1128299,2020-01-25,West,Nevada,Las Vegas,Women's Apparel,54.0,123.0,664.0,179.0,Outlet,2020,1,1,26.957831325301207
Foot Locker,1185732,2020-08-21,Southeast,Florida,Miami,Women's Athletic Footwear,40.0,625.0,25000.0,7500.0,In-store,2020,8,3,30.0
West Gear,1185732,2020-04-24,Southeast,Florida,Miami,Men's Athletic Footwear,54.0,194.0,1048.0,524.0,Online,2020,4,2,50.0
Walmart,1197831,2020-09-16,South,Texas,Houston,Women's Apparel,43.0,233.0,1002.0,541.0,Outlet,2020,9,3,53.99201596806387
Foot Locker,1185732,2020-12-21,Midwest,Minnesota,Minneapolis,Women's Apparel,59.0,61.0,360.0,216.0,Online,2020,12,4,60.0
West Gear,1128299,2020-11-09,West,California,San Francisco,Women's Street Footwear,40.0,247.0,988.0,405.0,Outlet,2020,11,4,40.9919028340081
West Gear,1128299,2020-03-03,West,Nevada,Las Vegas,Men's Street Footwear,47.0,196.0,921.0,387.0,Outlet,2020,3,1,42.01954397394137
Walmart,1197831,2020-09-13,South,Texas,Houston,Women's Street Footwear,39.0,255.0,995.0,368.0,Outlet,2020,9,3,36.984924623115575
West Gear,1128299,2020-11-05,West,California,San Francisco,Men's Apparel,51.0,161.0,821.0,517.0,Online,2020,11,4,62.971985383678444
West Gear,1128299,2020-05-08,West,Colorado,Denver,Men's Street Footwear,55.0,525.0,28875.0,11550.0,In-store,2020,5,2,40.0
Foot Locker,1185732,2020-03-17,Northeast,New York,New York,Men's Athletic Footwear,53.0,308.0,1632.0,669.0,Online,2020,3,1,40.99264705882353
Sports Direct,1197831,2020-07-24,South,Texas,Houston,Women's Apparel,34.0,203.0,690.0,442.0,Online,2020,7,3,64.05797101449275
Foot Locker,1185732,2020-11-30,Midwest,Minnesota,Minneapolis,Women's Street Footwear,37.0,68.0,252.0,101.0,Online,2020,11,4,40.07936507936508
Walmart,1197831,2020-09-12,South,Texas,Houston,Men's Athletic Footwear,45.0,800.0,36000.0,12600.0,Outlet,2020,9,3,35.0
West Gear,1128299,2020-12-27,West,California,San Francisco,Women's Street Footwear,64.0,210.0,1344.0,672.0,Online,2020,12,4,50.0
Foot Locker,1185732,2020-05-24,Southeast,Florida,Miami,Women's Apparel,64.0,219.0,1402.0,883.0,Online,2020,5,2,62.981455064194016
Walmart,1197831,2020-09-04,South,Texas,Houston,Women's Apparel,46.0,225.0,1035.0,673.0,Online,2020,9,3,65.02415458937199
Walmart,1185732,2020-04-19,Northeast,New York,New York,Men's Street Footwear,56.0,360.0,2016.0,1250.0,Online,2020,4,2,62.00396825396825
Foot Locker,1185732,2020-10-23,Midwest,Minnesota,Minneapolis,Men's Street Footwear,32.0,135.0,432.0,194.0,Online,2020,10,4,44.907407407407405
Walmart,1185732,2020-04-29,Northeast,New York,New York,Women's Street Footwear,55.0,920.0,50600.0,17710.0,Outlet,2020,4,2,35.0
Sports Direct,1197831,2020-08-02,South,Texas,Houston,Women's Street Footwear,35.0,700.0,24500.0,8575.0,Outlet,2020,8,3,35.0
Foot Locker,1185732,2020-10-31,Midwest,Minnesota,Minneapolis,Women's Street Footwear,30.0,175.0,5250.0,1575.0,In-store,2020,10,4,30.0
West Gear,1128299,2020-11-14,West,California,San Francisco,Men's Athletic Footwear,58.0,175.0,1015.0,305.0,Online,2020,11,4,30.049261083743843
Sports Direct,1197831,2020-07-26,South,Texas,Houston,Men's Athletic Footwear,33.0,255.0,842.0,379.0,Online,2020,7,3,45.01187648456057
Walmart,1197831,2020-08-25,South,Texas,Houston,Men's Athletic Footwear,32.0,285.0,912.0,383.0,Outlet,2020,8,3,41.99561403508772
West Gear,1128299,2020-03-05,West,Nevada,Las Vegas,Women's Street Footwear,44.0,140.0,616.0,259.0,Outlet,2020,3,1,42.04545454545455
West Gear,1128299,2020-03-01,West,Nevada,Las Vegas,Men's Apparel,63.0,81.0,510.0,311.0,Online,2020,3,1,60.98039215686275
Foot Locker,1185732,2020-08-22,Southeast,Florida,Miami,Men's Apparel,53.0,182.0,965.0,444.0,Online,2020,8,3,46.01036269430052
Sports Direct,1185732,2020-10-03,Southeast,Florida,Miami,Men's Apparel,60.0,700.0,42000.0,14700.0,In-store,2020,10,4,35.0
Foot Locker,1185732,2020-01-08,Northeast,New York,New York,Men's Athletic Footwear,39.0,315.0,1229.0,405.0,Outlet,2020,1,1,32.95362082994304
Walmart,1197831,2020-08-14,South,Texas,Houston,Women's Street Footwear,23.0,240.0,552.0,204.0,Outlet,2020,8,3,36.95652173913043
Foot Locker,1185732,2020-02-09,Northeast,New York,New York,Women's Athletic Footwear,46.0,230.0,1058.0,508.0,Online,2020,2,1,48.01512287334593
Foot Locker,1185732,2020-01-28,Northeast,New York,New York,Women's Athletic Footwear,43.0,216.0,929.0,464.0,Online,2020,1,1,49.94617868675996
Sports Direct,1197831,2020-07-25,South,Texas,Houston,Men's Street Footwear,25.0,850.0,21250.0,7438.0,Outlet,2020,7,3,35.002352941176476
Sports Direct,1197831,2020-07-29,South,Texas,Houston,Men's Apparel,50.0,500.0,20000.0,6000.0,Outlet,2020,7,3,30.0
West Gear,1128299,2020-05-27,West,Colorado,Denver,Men's Athletic Footwear,48.0,131.0,629.0,252.0,Online,2020,5,2,40.06359300476948
West Gear,1128299,2020-03-21,West,Colorado,Denver,Men's Street Footwear,30.0,525.0,15750.0,5513.0,In-store,2020,3,1,35.0031746031746
West Gear,1128299,2020-01-14,West,Nevada,Las Vegas,Men's Street Footwear,31.0,182.0,564.0,254.0,Outlet,2020,1,1,45.0354609929078
Foot Locker,1185732,2020-11-24,Midwest,Minnesota,Minneapolis,Women's Street Footwear,36.0,63.0,227.0,95.0,Online,2020,11,4,41.85022026431718
West Gear,1128299,2020-07-25,West,Washington,Seattle,Men's Street Footwear,54.0,162.0,875.0,385.0,Online,2020,7,3,44.0
West Gear,1128299,2020-12-27,West,California,San Francisco,Women's Street Footwear,65.0,725.0,47125.0,16494.0,Outlet,2020,12,4,35.00053050397878
Walmart,1185732,2020-04-18,Northeast,New York,New York,Women's Apparel,65.0,1075.0,69875.0,17469.0,Outlet,2020,4,2,25.00035778175313
Foot Locker,1185732,2020-10-24,Midwest,Minnesota,Minneapolis,Men's Athletic Footwear,34.0,38.0,129.0,58.0,Online,2020,10,4,44.96124031007752
Walmart,1197831,2020-09-11,South,Texas,Houston,Men's Street Footwear,44.0,240.0,1056.0,528.0,Online,2020,9,3,50.0
Walmart,1197831,2020-08-22,South,Texas,Houston,Men's Apparel,41.0,169.0,693.0,312.0,Online,2020,8,3,45.02164502164502
Foot Locker,1185732,2020-08-23,Southeast,Florida,Miami,Women's Apparel,45.0,775.0,34875.0,17438.0,In-store,2020,8,3,50.00143369175627
West Gear,1128299,2020-07-16,West,Washington,Seattle,Women's Athletic Footwear,67.0,112.0,750.0,300.0,Online,2020,7,3,40.0
Walmart,1197831,2020-08-21,South,Texas,Houston,Women's Athletic Footwear,40.0,750.0,30000.0,13500.0,Outlet,2020,8,3,45.0
West Gear,1128299,2020-02-11,West,Nevada,Las Vegas,Men's Apparel,60.0,130.0,780.0,546.0,Online,2020,2,1,70.0
Walmart,1197831,2020-08-11,South,Texas,Houston,Women's Apparel,27.0,272.0,734.0,404.0,Outlet,2020,8,3,55.04087193460491
Foot Locker,1185732,2020-11-27,Midwest,Minnesota,Minneapolis,Women's Apparel,55.0,375.0,20625.0,9281.0,Outlet,2020,11,4,44.99878787878788
Foot Locker,1185732,2020-12-14,Midwest,Minnesota,Minneapolis,Men's Apparel,41.0,19.0,78.0,33.0,Online,2020,12,4,42.30769230769231
West Gear,1128299,2020-04-03,West,Colorado,Denver,Men's Athletic Footwear,59.0,94.0,555.0,194.0,Online,2020,4,2,34.95495495495496
West Gear,1128299,2020-03-11,West,Nevada,Las Vegas,Women's Street Footwear,47.0,166.0,780.0,328.0,Outlet,2020,3,1,42.05128205128205
West Gear,1128299,2020-01-13,West,Nevada,Las Vegas,Women's Apparel,31.0,140.0,434.0,100.0,Outlet,2020,1,1,23.04147465437788
West Gear,1128299,2020-04-02,West,Colorado,Denver,Men's Street Footwear,55.0,131.0,721.0,339.0,Online,2020,4,2,47.01803051317614
Walmart,1185732,2020-04-19,Northeast,New York,New York,Men's Street Footwear,60.0,1200.0,72000.0,36000.0,Outlet,2020,4,2,50.0
Foot Locker,1185732,2020-11-02,Midwest,Minnesota,Minneapolis,Men's Apparel,47.0,19.0,89.0,38.0,Online,2020,11,4,42.69662921348314
Foot Locker,1185732,2020-11-25,Midwest,Minnesota,Minneapolis,Women's Athletic Footwear,38.0,51.0,194.0,93.0,Online,2020,11,4,47.93814432989691
West Gear,1128299,2020-07-06,West,Washington,Seattle,Women's Apparel,100.0,575.0,57500.0,11500.0,In-store,2020,7,3,20.0
West Gear,1128299,2020-02-13,West,Nevada,Las Vegas,Men's Street Footwear,65.0,700.0,45500.0,18200.0,In-store,2020,2,1,40.0
Foot Locker,1185732,2020-10-25,Midwest,Minnesota,Minneapolis,Women's Street Footwear,25.0,56.0,140.0,59.0,Online,2020,10,4,42.142857142857146
West Gear,1128299,2020-07-19,West,Washington,Seattle,Men's Street Footwear,58.0,149.0,864.0,346.0,Online,2020,7,3,40.0462962962963
Foot Locker,1185732,2020-10-30,Midwest,Minnesota,Minneapolis,Men's Athletic Footwear,38.0,35.0,133.0,53.0,Online,2020,10,4,39.849624060150376
Foot Locker,1185732,2020-10-25,Midwest,Minnesota,Minneapolis,Women's Street Footwear,25.0,200.0,5000.0,1500.0,In-store,2020,10,4,30.0
West Gear,1128299,2020-01-09,West,Nevada,Las Vegas,Men's Athletic Footwear,43.0,128.0,550.0,220.0,Online,2020,1,1,40.0
Walmart,1197831,2020-08-17,South,Texas,Houston,Women's Apparel,37.0,276.0,1021.0,643.0,Online,2020,8,3,62.977473065621936
West Gear,1128299,2020-01-05,Northeast,Pennsylvania,Philadelphia,Women's Athletic Footwear,43.0,87.0,374.0,187.0,Online,2020,1,1,50.0
West Gear,1128299,2020-05-29,West,Colorado,Denver,Women's Athletic Footwear,49.0,78.0,382.0,157.0,Online,2020,5,2,41.09947643979058
West Gear,1128299,2020-07-02,West,Washington,Seattle,Men's Athletic Footwear,85.0,675.0,57375.0,14344.0,In-store,2020,7,3,25.000435729847492
Foot Locker,1185732,2020-03-15,Northeast,New York,New York,Women's Apparel,65.0,1100.0,71500.0,17875.0,Outlet,2020,3,1,25.0
West Gear,1128299,2020-01-04,Northeast,Pennsylvania,Philadelphia,Women's Street Footwear,45.0,450.0,20250.0,8100.0,Outlet,2020,1,1,40.0
Sports Direct,1197831,2020-08-05,South,Texas,Houston,Women's Apparel,40.0,650.0,26000.0,13000.0,Outlet,2020,8,3,50.0
West Gear,1128299,2020-03-10,West,Nevada,Las Vegas,Men's Athletic Footwear,62.0,189.0,1172.0,398.0,Online,2020,3,1,33.95904436860068
West Gear,1128299,2020-01-13,West,Nevada,Las Vegas,Women's Apparel,41.0,116.0,476.0,162.0,Online,2020,1,1,34.03361344537815
Walmart,1197831,2020-10-22,South,Texas,Houston,Women's Street Footwear,50.0,825.0,41250.0,14438.0,Outlet,2020,10,4,35.00121212121212
West Gear,1128299,2020-12-25,West,California,San Francisco,Men's Street Footwear,60.0,875.0,52500.0,18375.0,Outlet,2020,12,4,35.0
Walmart,1185732,2020-05-04,Northeast,New York,New York,Men's Athletic Footwear,43.0,310.0,1333.0,467.0,Outlet,2020,5,2,35.033758439609905
West Gear,1128299,2020-07-20,West,Washington,Seattle,Men's Athletic Footwear,65.0,550.0,35750.0,8938.0,In-store,2020,7,3,25.0013986013986
Sports Direct,1185732,2020-10-07,Southeast,Florida,Miami,Women's Street Footwear,46.0,224.0,1030.0,381.0,Online,2020,10,4,36.99029126213592
Foot Locker,1185732,2020-08-17,Southeast,Florida,Miami,Women's Apparel,41.0,221.0,906.0,589.0,Online,2020,8,3,65.01103752759381
West Gear,1128299,2020-07-05,West,Washington,Seattle,Men's Apparel,77.0,144.0,1109.0,388.0,Online,2020,7,3,34.98647430117223
West Gear,1128299,2020-08-02,West,Washington,Seattle,Women's Street Footwear,73.0,138.0,1007.0,393.0,Online,2020,8,3,39.026812313803376
Sports Direct,1197831,2020-07-20,Northeast,New York,New York,Men's Athletic Footwear,34.0,225.0,765.0,375.0,Online,2020,7,3,49.01960784313725
West Gear,1128299,2020-01-22,West,Nevada,Las Vegas,Women's Street Footwear,47.0,120.0,564.0,254.0,Outlet,2020,1,1,45.0354609929078
Walmart,1197831,2020-08-23,South,Texas,Houston,Women's Apparel,38.0,350.0,1330.0,758.0,Outlet,2020,8,3,56.992481203007515
West Gear,1185732,2020-09-14,Southeast,Florida,Miami,Women's Athletic Footwear,55.0,775.0,42625.0,12788.0,In-store,2020,9,3,30.00117302052786
Foot Locker,1185732,2020-10-26,Midwest,Minnesota,Minneapolis,Women's Athletic Footwear,27.0,20.0,54.0,25.0,Online,2020,10,4,46.2962962962963
Walmart,1185732,2020-04-24,Northeast,New York,New York,Women's Apparel,65.0,1000.0,65000.0,16250.0,Outlet,2020,4,2,25.0
West Gear,1128299,2020-01-20,West,Nevada,Las Vegas,Men's Street Footwear,60.0,550.0,33000.0,13200.0,Outlet,2020,1,1,40.0
Walmart,1185732,2020-04-27,Northeast,New York,New York,Men's Street Footwear,60.0,299.0,1794.0,1076.0,Online,2020,4,2,59.977703455964324
Foot Locker,1185732,2020-01-30,Northeast,New York,New York,Women's Apparel,36.0,323.0,1163.0,314.0,Outlet,2020,1,1,26.99914015477214
West Gear,1128299,2020-07-26,West,Washington,Seattle,Men's Athletic Footwear,65.0,625.0,40625.0,10156.0,In-store,2020,7,3,24.999384615384614
West Gear,1185732,2020-09-19,Southeast,Florida,Miami,Women's Street Footwear,55.0,825.0,45375.0,11344.0,In-store,2020,9,3,25.00055096418733
West Gear,1128299,2020-03-07,West,Nevada,Las Vegas,Men's Apparel,64.0,88.0,563.0,360.0,Online,2020,3,1,63.94316163410302
West Gear,1128299,2020-07-15,West,Washington,Seattle,Women's Street Footwear,70.0,450.0,31500.0,7875.0,In-store,2020,7,3,25.0
Foot Locker,1185732,2020-11-12,Midwest,Minnesota,Minneapolis,Women's Street Footwear,37.0,38.0,141.0,62.0,Online,2020,11,4,43.97163120567376
West Gear,1185732,2020-09-13,Southeast,Florida,Miami,Women's Street Footwear,55.0,825.0,45375.0,11344.0,In-store,2020,9,3,25.00055096418733
West Gear,1128299,2020-01-19,West,Nevada,Las Vegas,Women's Apparel,39.0,124.0,484.0,126.0,Outlet,2020,1,1,26.033057851239672
West Gear,1128299,2020-02-09,West,Nevada,Las Vegas,Women's Street Footwear,61.0,143.0,872.0,462.0,Online,2020,2,1,52.981651376146786
Foot Locker,1185732,2020-02-01,Northeast,New York,New York,Men's Athletic Footwear,47.0,234.0,1100.0,451.0,Online,2020,2,1,41.0
Foot Locker,1185732,2020-08-14,Southeast,Florida,Miami,Women's Street Footwear,35.0,800.0,28000.0,7000.0,In-store,2020,8,3,25.0
West Gear,1128299,2020-01-23,West,Nevada,Las Vegas,Women's Athletic Footwear,59.0,75.0,443.0,204.0,Online,2020,1,1,46.04966139954853
Foot Locker,1185732,2020-10-19,Southeast,Florida,Miami,Women's Street Footwear,24.0,63.0,151.0,67.0,Online,2020,10,4,44.370860927152314
Foot Locker,1185732,2020-12-16,Midwest,Minnesota,Minneapolis,Men's Street Footwear,46.0,91.0,419.0,197.0,Online,2020,12,4,47.01670644391408
West Gear,1128299,2020-11-01,South,Texas,Houston,Men's Street Footwear,40.0,775.0,31000.0,10850.0,Outlet,2020,11,4,35.0
West Gear,1128299,2020-07-21,West,Washington,Seattle,Women's Street Footwear,60.0,375.0,22500.0,5625.0,In-store,2020,7,3,25.0
Walmart,1197831,2020-08-30,South,Texas,Houston,Men's Street Footwear,27.0,305.0,824.0,305.0,Outlet,2020,8,3,37.01456310679612
Foot Locker,1185732,2020-03-12,Northeast,New York,New York,Women's Street Footwear,35.0,295.0,1033.0,434.0,Outlet,2020,3,1,42.0135527589545
West Gear,1128299,2020-02-15,West,Nevada,Las Vegas,Women's Street Footwear,60.0,152.0,912.0,474.0,Online,2020,2,1,51.973684210526315
Foot Locker,1185732,2020-10-20,Southeast,Florida,Miami,Women's Athletic Footwear,30.0,100.0,3000.0,1050.0,In-store,2020,10,4,35.0
Walmart,1197831,2020-09-02,South,Texas,Houston,Women's Athletic Footwear,38.0,189.0,718.0,424.0,Online,2020,9,3,59.05292479108635
West Gear,1128299,2020-07-30,West,Washington,Seattle,Women's Apparel,95.0,550.0,52250.0,10450.0,In-store,2020,7,3,20.0
Foot Locker,1185732,2020-02-03,Northeast,New York,New York,Women's Athletic Footwear,31.0,289.0,896.0,331.0,Outlet,2020,2,1,36.941964285714285
Foot Locker,1185732,2020-02-06,Northeast,New York,New York,Men's Street Footwear,44.0,366.0,1610.0,837.0,Outlet,2020,2,1,51.98757763975155
West Gear,1128299,2020-01-28,West,Nevada,Las Vegas,Women's Street Footwear,63.0,116.0,731.0,417.0,Online,2020,1,1,57.045143638850895
West Gear,1128299,2020-06-06,West,Washington,Seattle,Women's Apparel,46.0,123.0,566.0,175.0,Online,2020,6,2,30.918727915194346
West Gear,1128299,2020-02-01,West,Nevada,Las Vegas,Men's Street Footwear,56.0,189.0,1058.0,603.0,Online,2020,2,1,56.99432892249527
Foot Locker,1185732,2020-11-14,Midwest,Minnesota,Minneapolis,Men's Apparel,55.0,75.0,4125.0,1238.0,In-store,2020,11,4,30.01212121212121
West Gear,1128299,2020-04-14,West,Colorado,Denver,Men's Street Footwear,54.0,189.0,1021.0,653.0,Online,2020,4,2,63.95690499510284
West Gear,1128299,2020-07-10,West,Washington,Seattle,Women's Athletic Footwear,74.0,155.0,1147.0,505.0,Online,2020,7,3,44.027898866608545
Sports Direct,1197831,2020-08-09,South,Texas,Houston,Women's Athletic Footwear,40.0,625.0,25000.0,11250.0,Outlet,2020,8,3,45.0
West Gear,1128299,2020-04-17,West,Colorado,Denver,Women's Athletic Footwear,65.0,450.0,29250.0,13163.0,In-store,2020,4,2,45.0017094017094
West Gear,1128299,2020-03-23,West,Colorado,Denver,Women's Street Footwear,40.0,425.0,17000.0,5950.0,In-store,2020,3,1,35.0
Sports Direct,1185732,2021-09-13,Northeast,Massachusetts,Boston,Men's Athletic Footwear,35.0,88.0,308.0,114.0,Outlet,2021,9,3,37.01298701298701
West Gear,1185732,2021-04-03,Midwest,Wisconsin,Milwaukee,Men's Apparel,55.0,26.0,143.0,89.0,Online,2021,4,2,62.23776223776224
Amazon,1185732,2021-05-17,Northeast,New Hampshire,Manchester,Men's Apparel,52.0,90.0,468.0,150.0,Outlet,2021,5,2,32.05128205128205
West Gear,1128299,2021-07-16,South,Louisiana,New Orleans,Women's Athletic Footwear,90.0,600.0,54000.0,21600.0,Online,2021,7,3,40.0
West Gear,1128299,2021-12-16,South,Louisiana,New Orleans,Men's Athletic Footwear,80.0,800.0,64000.0,25600.0,Online,2021,12,4,40.0
Foot Locker,1185732,2021-06-18,Midwest,Missouri,St. Louis,Women's Street Footwear,23.0,113.0,260.0,127.0,Online,2021,6,2,48.84615384615385
Sports Direct,1185732,2021-09-10,Midwest,North Dakota,Fargo,Women's Street Footwear,30.0,175.0,5250.0,1575.0,In-store,2021,9,3,30.0
Sports Direct,1128299,2021-10-13,Southeast,Georgia,Atlanta,Men's Street Footwear,34.0,173.0,588.0,271.0,Outlet,2021,10,4,46.08843537414966
Sports Direct,1197831,2021-09-07,South,Texas,Dallas,Women's Athletic Footwear,34.0,154.0,524.0,314.0,Online,2021,9,3,59.92366412213741
Amazon,1185732,2021-04-18,Northeast,New Hampshire,Manchester,Men's Athletic Footwear,49.0,68.0,333.0,183.0,Online,2021,4,2,54.95495495495496
Sports Direct,1197831,2021-09-12,South,Texas,Dallas,Women's Street Footwear,45.0,650.0,29250.0,10238.0,Outlet,2021,9,3,35.001709401709405
West Gear,1185732,2021-11-03,Midwest,Wisconsin,Milwaukee,Women's Athletic Footwear,35.0,225.0,7875.0,2363.0,In-store,2021,11,4,30.00634920634921
West Gear,1128299,2021-01-17,West,Oregon,Portland,Men's Street Footwear,35.0,400.0,14000.0,5600.0,In-store,2021,1,1,40.0
Sports Direct,1185732,2021-02-15,Northeast,Massachusetts,Boston,Women's Athletic Footwear,27.0,75.0,203.0,65.0,Outlet,2021,2,1,32.01970443349754
Sports Direct,1185732,2021-08-14,Northeast,Massachusetts,Boston,Men's Street Footwear,40.0,196.0,784.0,259.0,Outlet,2021,8,3,33.035714285714285
West Gear,1197831,2021-01-23,South,Arkansas,Little Rock,Men's Apparel,33.0,80.0,264.0,132.0,Online,2021,1,1,50.0
Walmart,1128299,2021-11-10,West,Hawaii,Honolulu,Women's Street Footwear,50.0,123.0,615.0,246.0,Online,2021,11,4,40.0
Amazon,1185732,2021-02-19,Northeast,Vermont,Burlington,Men's Street Footwear,34.0,186.0,632.0,278.0,Outlet,2021,2,1,43.9873417721519
West Gear,1185732,2021-09-04,Midwest,Wisconsin,Milwaukee,Men's Apparel,33.0,33.0,109.0,71.0,Online,2021,9,3,65.13761467889908
Sports Direct,1185732,2021-04-14,Northeast,Massachusetts,Boston,Men's Athletic Footwear,28.0,51.0,143.0,51.0,Outlet,2021,4,2,35.66433566433567
Sports Direct,1197831,2021-09-03,South,Texas,Dallas,Women's Apparel,22.0,210.0,462.0,263.0,Outlet,2021,9,3,56.926406926406926
Sports Direct,1197831,2021-05-13,South,Tennessee,Knoxville,Men's Apparel,55.0,450.0,24750.0,9900.0,Outlet,2021,5,2,40.0
Sports Direct,1128299,2021-04-13,Southeast,Georgia,Atlanta,Men's Apparel,38.0,56.0,213.0,89.0,Outlet,2021,4,2,41.78403755868544
Sports Direct,1197831,2021-08-28,South,Alabama,Birmingham,Women's Athletic Footwear,34.0,135.0,459.0,312.0,Online,2021,8,3,67.97385620915033
Foot Locker,1185732,2021-12-03,Northeast,Connecticut,Hartford,Men's Athletic Footwear,55.0,375.0,20625.0,8250.0,In-store,2021,12,4,40.0
West Gear,1185732,2021-07-02,Midwest,Wisconsin,Milwaukee,Women's Street Footwear,38.0,61.0,232.0,100.0,Online,2021,7,3,43.103448275862064
Foot Locker,1185732,2021-01-24,Northeast,New Hampshire,Manchester,Men's Athletic Footwear,50.0,84.0,420.0,197.0,Online,2021,1,1,46.904761904761905
West Gear,1185732,2021-11-11,Northeast,Vermont,Burlington,Men's Street Footwear,70.0,450.0,31500.0,14175.0,In-store,2021,11,4,45.0
Kohl's,1185732,2021-04-07,Northeast,New Jersey,Newark,Men's Street Footwear,35.0,475.0,16625.0,5819.0,In-store,2021,4,2,35.001503759398496
Foot Locker,1128299,2021-08-24,Southeast,Virginia,Richmond,Men's Apparel,70.0,425.0,29750.0,11900.0,In-store,2021,8,3,40.0
Walmart,1128299,2021-10-10,West,Hawaii,Honolulu,Women's Apparel,64.0,75.0,480.0,245.0,Online,2021,10,4,51.041666666666664
Sports Direct,1185732,2021-03-03,Northeast,Connecticut,Hartford,Men's Athletic Footwear,38.0,56.0,213.0,115.0,Online,2021,3,1,53.990610328638496
Walmart,1197831,2021-03-19,South,Arkansas,Little Rock,Men's Apparel,35.0,250.0,8750.0,3063.0,Online,2021,3,1,35.005714285714284
Amazon,1185732,2021-02-19,Northeast,New Hampshire,Manchester,Women's Athletic Footwear,45.0,200.0,9000.0,2700.0,In-store,2021,2,1,30.0
West Gear,1185732,2021-03-09,Midwest,Indiana,Indianapolis,Women's Athletic Footwear,20.0,125.0,2500.0,875.0,In-store,2021,3,1,35.0
Foot Locker,1185732,2021-11-04,Northeast,Connecticut,Hartford,Women's Athletic Footwear,55.0,275.0,15125.0,4538.0,In-store,2021,11,4,30.003305785123967
Foot Locker,1185732,2021-06-08,Northeast,Rhode Island,Providence,Men's Street Footwear,36.0,176.0,634.0,253.0,Outlet,2021,6,2,39.905362776025235
Amazon,1185732,2021-08-11,Northeast,Vermont,Burlington,Women's Street Footwear,34.0,116.0,394.0,154.0,Outlet,2021,8,3,39.08629441624365
Foot Locker,1185732,2021-07-15,Midwest,Illinois,Chicago,Women's Athletic Footwear,40.0,225.0,9000.0,3600.0,Outlet,2021,7,3,40.0
Sports Direct,1185732,2021-10-05,Northeast,Connecticut,Hartford,Men's Athletic Footwear,52.0,72.0,374.0,187.0,Online,2021,10,4,50.0
Foot Locker,1185732,2021-04-07,Northeast,Rhode Island,Providence,Men's Athletic Footwear,35.0,125.0,4375.0,1531.0,In-store,2021,4,2,34.994285714285716
Sports Direct,1185732,2021-11-07,Northeast,Rhode Island,Providence,Women's Street Footwear,48.0,64.0,307.0,166.0,Online,2021,11,4,54.071661237785015
West Gear,1185732,2021-07-09,Midwest,Indiana,Indianapolis,Women's Street Footwear,42.0,68.0,286.0,129.0,Online,2021,7,3,45.10489510489511
Foot Locker,1185732,2021-05-16,South,Mississippi,Jackson,Men's Apparel,41.0,116.0,476.0,224.0,Online,2021,5,2,47.05882352941176
West Gear,1185732,2021-06-03,Midwest,Wisconsin,Milwaukee,Men's Street Footwear,35.0,550.0,19250.0,5775.0,In-store,2021,6,2,30.0
West Gear,1128299,2021-09-25,West,Oregon,Portland,Women's Athletic Footwear,38.0,62.0,236.0,99.0,Outlet,2021,9,3,41.94915254237288
Amazon,1185732,2021-04-11,Northeast,Vermont,Burlington,Men's Athletic Footwear,43.0,56.0,241.0,140.0,Online,2021,4,2,58.09128630705395
Kohl's,1189833,2021-04-25,West,California,Los Angeles,Men's Street Footwear,45.0,950.0,42750.0,17100.0,Outlet,2021,4,2,40.0
Kohl's,1197831,2021-05-12,Midwest,Kansas,Wichita,Men's Apparel,43.0,56.0,241.0,120.0,Online,2021,5,2,49.79253112033195
Sports Direct,1197831,2021-09-20,South,Alabama,Birmingham,Women's Street Footwear,47.0,213.0,1001.0,561.0,Outlet,2021,9,3,56.043956043956044
Foot Locker,1128299,2021-06-23,West,Arizona,Phoenix,Men's Street Footwear,48.0,156.0,749.0,367.0,Online,2021,6,2,48.99866488651535
Foot Locker,1185732,2021-11-02,Northeast,Pennsylvania,Philadelphia,Women's Apparel,30.0,74.0,222.0,78.0,Outlet,2021,11,4,35.13513513513514
Amazon,1185732,2021-08-11,Northeast,Vermont,Burlington,Women's Apparel,44.0,136.0,598.0,257.0,Outlet,2021,8,3,42.97658862876254
West Gear,1197831,2021-04-20,South,Oklahoma,Oklahoma City,Women's Street Footwear,15.0,225.0,3375.0,1350.0,Online,2021,4,2,40.0
West Gear,1197831,2021-03-19,South,Oklahoma,Oklahoma City,Women's Street Footwear,9.0,80.0,72.0,36.0,Online,2021,3,1,50.0
Foot Locker,1185732,2021-07-13,Northeast,Delaware,Wilmington,Men's Apparel,51.0,94.0,479.0,197.0,Online,2021,7,3,41.127348643006265
Sports Direct,1185732,2021-05-03,Northeast,Connecticut,Hartford,Women's Athletic Footwear,44.0,63.0,277.0,114.0,Online,2021,5,2,41.15523465703971
West Gear,1128299,2021-01-30,West,California,San Francisco,Men's Street Footwear,51.0,236.0,1204.0,542.0,Online,2021,1,1,45.01661129568107
Amazon,1185732,2021-11-14,Northeast,Massachusetts,Boston,Men's Street Footwear,49.0,120.0,588.0,206.0,Outlet,2021,11,4,35.034013605442176
West Gear,1197831,2021-05-19,South,Oklahoma,Oklahoma City,Men's Apparel,45.0,250.0,11250.0,3938.0,Online,2021,5,2,35.004444444444445
Amazon,1185732,2021-10-30,Northeast,Maine,Portland,Men's Street Footwear,40.0,450.0,18000.0,6300.0,Outlet,2021,10,4,35.0
Foot Locker,1197831,2021-07-06,West,Idaho,Boise,Women's Apparel,64.0,208.0,1331.0,919.0,Online,2021,7,3,69.045830202855
Foot Locker,1185732,2021-06-08,Northeast,Rhode Island,Providence,Men's Street Footwear,47.0,138.0,649.0,292.0,Online,2021,6,2,44.99229583975347
Sports Direct,1185732,2021-01-19,Southeast,Virginia,Richmond,Women's Apparel,33.0,138.0,455.0,310.0,Online,2021,1,1,68.13186813186813
Foot Locker,1128299,2021-06-24,Southeast,Virginia,Richmond,Women's Street Footwear,73.0,195.0,1424.0,683.0,Online,2021,6,2,47.96348314606742
Kohl's,1189833,2021-05-28,West,California,Los Angeles,Women's Athletic Footwear,50.0,700.0,35000.0,12250.0,Outlet,2021,5,2,35.0
Sports Direct,1185732,2021-06-05,Northeast,Connecticut,Hartford,Women's Athletic Footwear,35.0,85.0,298.0,104.0,Outlet,2021,6,2,34.899328859060404
Foot Locker,1185732,2021-11-22,Southeast,Kentucky,Louisville,Women's Athletic Footwear,55.0,200.0,11000.0,4400.0,Online,2021,11,4,40.0
Sports Direct,1185732,2021-01-06,Southeast,South Carolina,Charleston,Men's Athletic Footwear,34.0,181.0,615.0,308.0,Online,2021,1,1,50.081300813008134
Kohl's,1185732,2021-10-08,Northeast,New Jersey,Newark,Women's Street Footwear,46.0,42.0,193.0,97.0,Online,2021,10,4,50.259067357512954
Walmart,1128299,2021-06-17,Southeast,Florida,Orlando,Women's Street Footwear,60.0,238.0,1428.0,471.0,Outlet,2021,6,2,32.983193277310924
Foot Locker,1185732,2021-08-07,Northeast,Rhode Island,Providence,Women's Athletic Footwear,40.0,150.0,6000.0,2400.0,In-store,2021,8,3,40.0
Amazon,1185732,2021-05-09,Midwest,Ohio,Columbus,Women's Apparel,53.0,143.0,758.0,485.0,Online,2021,5,2,63.98416886543535
Sports Direct,1197831,2021-08-18,South,Texas,Dallas,Men's Athletic Footwear,32.0,163.0,522.0,209.0,Online,2021,8,3,40.03831417624521
West Gear,1185732,2021-03-08,Northeast,New York,Albany,Women's Apparel,45.0,575.0,25875.0,12938.0,In-store,2021,3,1,50.00193236714976
Foot Locker,1128299,2021-04-23,West,Arizona,Phoenix,Men's Apparel,50.0,39.0,195.0,82.0,Online,2021,4,2,42.05128205128205
Amazon,1185732,2021-08-11,Northeast,Vermont,Burlington,Men's Street Footwear,60.0,650.0,39000.0,17550.0,In-store,2021,8,3,45.0
Kohl's,1197831,2021-05-12,Midwest,Kansas,Wichita,Women's Athletic Footwear,32.0,58.0,186.0,93.0,Online,2021,5,2,50.0
Kohl's,1189833,2021-04-27,West,California,Los Angeles,Women's Street Footwear,50.0,750.0,37500.0,15000.0,Outlet,2021,4,2,40.0
Amazon,1185732,2021-10-11,Midwest,Ohio,Columbus,Men's Athletic Footwear,29.0,138.0,400.0,188.0,Online,2021,10,4,47.0
Amazon,1185732,2021-12-17,Northeast,Maine,Portland,Men's Street Footwear,62.0,138.0,856.0,411.0,Online,2021,12,4,48.01401869158878
West Gear,1185732,2021-11-03,Midwest,Wisconsin,Milwaukee,Men's Apparel,58.0,56.0,325.0,201.0,Online,2021,11,4,61.846153846153854
Amazon,1185732,2021-01-22,Midwest,Ohio,Columbus,Men's Apparel,46.0,52.0,239.0,112.0,Online,2021,1,1,46.86192468619247
Kohl's,1189833,2021-04-30,West,California,Los Angeles,Women's Apparel,59.0,203.0,1198.0,359.0,Online,2021,4,2,29.966611018363942
West Gear,1128299,2021-10-17,South,Louisiana,New Orleans,Women's Athletic Footwear,31.0,120.0,372.0,160.0,Outlet,2021,10,4,43.01075268817204
West Gear,1185732,2021-01-12,Southeast,Florida,Orlando,Women's Athletic Footwear,37.0,145.0,537.0,220.0,Online,2021,1,1,40.9683426443203
Sports Direct,1185732,2021-09-13,Northeast,Massachusetts,Boston,Women's Street Footwear,45.0,150.0,6750.0,1688.0,In-store,2021,9,3,25.007407407407406
Foot Locker,1185732,2021-12-21,Southeast,Kentucky,Louisville,Women's Street Footwear,55.0,275.0,15125.0,6050.0,Online,2021,12,4,40.0
Sports Direct,1185732,2021-05-10,Midwest,North Dakota,Fargo,Women's Athletic Footwear,36.0,26.0,94.0,41.0,Online,2021,5,2,43.61702127659575
Amazon,1185732,2021-05-23,Southeast,Kentucky,Louisville,Women's Athletic Footwear,40.0,125.0,5000.0,2000.0,Online,2021,5,2,40.0
Sports Direct,1197831,2021-08-04,Midwest,Nebraska,Omaha,Women's Athletic Footwear,35.0,475.0,16625.0,8313.0,Outlet,2021,8,3,50.00300751879699
Sports Direct,1197831,2021-04-13,South,Tennessee,Knoxville,Men's Apparel,43.0,145.0,624.0,299.0,Online,2021,4,2,47.91666666666667
Sports Direct,1197831,2021-08-03,Midwest,Nebraska,Omaha,Women's Street Footwear,30.0,475.0,14250.0,5700.0,Outlet,2021,8,3,40.0
Walmart,1197831,2021-07-19,South,Arkansas,Little Rock,Women's Apparel,63.0,150.0,945.0,510.0,Online,2021,7,3,53.96825396825397
Foot Locker,1185732,2021-04-17,South,Mississippi,Jackson,Men's Street Footwear,25.0,675.0,16875.0,6750.0,Online,2021,4,2,40.0
Sports Direct,1185732,2021-09-03,Northeast,Connecticut,Hartford,Men's Athletic Footwear,47.0,75.0,353.0,183.0,Online,2021,9,3,51.84135977337111
Sports Direct,1197831,2021-08-21,South,Texas,Dallas,Men's Apparel,40.0,300.0,12000.0,3000.0,Outlet,2021,8,3,25.0
Foot Locker,1128299,2021-12-22,West,Arizona,Phoenix,Men's Athletic Footwear,50.0,625.0,31250.0,12500.0,Online,2021,12,4,40.0
West Gear,1128299,2021-06-24,West,Oregon,Portland,Women's Athletic Footwear,80.0,525.0,42000.0,14700.0,In-store,2021,6,2,35.0
Foot Locker,1185732,2021-11-04,Northeast,Connecticut,Hartford,Women's Apparel,70.0,350.0,24500.0,8575.0,In-store,2021,11,4,35.0
Kohl's,1185732,2021-02-08,Northeast,Delaware,Wilmington,Women's Street Footwear,25.0,225.0,5625.0,2250.0,In-store,2021,2,1,40.0
Sports Direct,1185732,2021-01-19,Southeast,Virginia,Richmond,Men's Athletic Footwear,34.0,154.0,524.0,267.0,Online,2021,1,1,50.95419847328244
Kohl's,1197831,2021-06-14,Midwest,Kansas,Wichita,Women's Street Footwear,37.0,81.0,300.0,138.0,Online,2021,6,2,46.0
Foot Locker,1185732,2021-06-04,Midwest,Illinois,Chicago,Men's Apparel,55.0,175.0,9625.0,3369.0,Outlet,2021,6,2,35.0025974025974
West Gear,1185732,2021-03-08,Northeast,New York,Albany,Men's Apparel,55.0,475.0,26125.0,9144.0,In-store,2021,3,1,35.000956937799046
Sports Direct,1185732,2021-08-03,Southeast,North Carolina,Charlotte,Men's Apparel,55.0,650.0,35750.0,12513.0,Online,2021,8,3,35.001398601398606
Kohl's,1197831,2021-01-16,South,Oklahoma,Oklahoma City,Men's Athletic Footwear,16.0,105.0,168.0,64.0,Outlet,2021,1,1,38.095238095238095
West Gear,1197831,2021-02-21,South,Arkansas,Little Rock,Men's Athletic Footwear,23.0,80.0,184.0,85.0,Online,2021,2,1,46.19565217391305
Amazon,1185732,2021-05-10,Northeast,Vermont,Burlington,Women's Apparel,65.0,400.0,26000.0,10400.0,In-store,2021,5,2,40.0
Foot Locker,1185732,2021-04-17,South,Mississippi,Jackson,Men's Athletic Footwear,23.0,109.0,251.0,125.0,Online,2021,4,2,49.800796812749006
Kohl's,1197831,2021-02-14,South,Oklahoma,Oklahoma City,Women's Street Footwear,15.0,300.0,4500.0,1575.0,Online,2021,2,1,35.0
Sports Direct,1128299,2021-03-16,Southeast,Florida,Orlando,Women's Athletic Footwear,60.0,325.0,19500.0,5850.0,Outlet,2021,3,1,30.0
Kohl's,1197831,2021-11-20,South,Oklahoma,Oklahoma City,Men's Apparel,60.0,85.0,510.0,204.0,Outlet,2021,11,4,40.0
Sports Direct,1197831,2021-10-04,West,Idaho,Boise,Women's Street Footwear,41.0,131.0,537.0,274.0,Online,2021,10,4,51.02420856610801
West Gear,1128299,2021-07-23,West,Oregon,Portland,Women's Apparel,78.0,204.0,1591.0,557.0,Outlet,2021,7,3,35.00942803268385
Foot Locker,1128299,2021-07-23,Southeast,Virginia,Richmond,Men's Apparel,90.0,600.0,54000.0,21600.0,In-store,2021,7,3,40.0
Sports Direct,1185732,2021-01-06,Southeast,South Carolina,Charleston,Women's Street Footwear,24.0,189.0,454.0,245.0,Online,2021,1,1,53.964757709251096
Foot Locker,1128299,2021-01-24,West,Wyoming,Cheyenne,Men's Street Footwear,30.0,350.0,10500.0,3675.0,In-store,2021,1,1,35.0
Sports Direct,1197831,2021-02-21,South,Mississippi,Jackson,Men's Street Footwear,24.0,189.0,454.0,231.0,Online,2021,2,1,50.881057268722465
Foot Locker,1185732,2021-06-28,Midwest,Illinois,Chicago,Men's Apparel,59.0,35.0,207.0,95.0,Online,2021,6,2,45.893719806763286
Kohl's,1185732,2021-10-12,West,Wyoming,Cheyenne,Women's Apparel,55.0,150.0,825.0,305.0,Online,2021,10,4,36.96969696969697
Amazon,1185732,2021-03-09,Midwest,Ohio,Columbus,Men's Street Footwear,30.0,770.0,23100.0,9240.0,Online,2021,3,1,40.0
Amazon,1185732,2021-10-21,Northeast,Maine,Portland,Women's Athletic Footwear,34.0,19.0,65.0,27.0,Online,2021,10,4,41.53846153846154
Kohl's,1185732,2021-07-10,West,Wyoming,Cheyenne,Men's Athletic Footwear,44.0,163.0,717.0,308.0,Online,2021,7,3,42.95676429567643
Sports Direct,1185732,2021-01-06,Southeast,South Carolina,Charleston,Men's Apparel,45.0,625.0,28125.0,9844.0,Online,2021,1,1,35.00088888888889
West Gear,1128299,2021-07-23,West,Oregon,Portland,Men's Apparel,84.0,156.0,1310.0,655.0,Online,2021,7,3,50.0
West Gear,1185732,2021-08-11,West,Utah,Salt Lake City,Men's Athletic Footwear,34.0,131.0,445.0,209.0,Online,2021,8,3,46.96629213483146
Foot Locker,1185732,2021-01-12,Midwest,Kansas,Wichita,Men's Street Footwear,40.0,475.0,19000.0,6650.0,Online,2021,1,1,35.0
Sports Direct,1197831,2021-10-09,South,Texas,Dallas,Women's Apparel,39.0,190.0,741.0,430.0,Outlet,2021,10,4,58.02968960863698
Kohl's,1185732,2021-07-06,Northeast,New Jersey,Newark,Men's Athletic Footwear,42.0,98.0,412.0,206.0,Online,2021,7,3,50.0
Amazon,1185732,2021-04-18,Northeast,New Hampshire,Manchester,Men's Athletic Footwear,50.0,250.0,12500.0,5000.0,In-store,2021,4,2,40.0
Foot Locker,1185732,2021-10-15,Northeast,Delaware,Wilmington,Women's Street Footwear,55.0,200.0,11000.0,4400.0,In-store,2021,10,4,40.0
Foot Locker,1185732,2021-06-29,Midwest,Illinois,Chicago,Women's Apparel,64.0,63.0,403.0,242.0,Online,2021,6,2,60.049627791563275
Sports Direct,1197831,2021-10-04,West,Idaho,Boise,Men's Apparel,32.0,91.0,291.0,140.0,Online,2021,10,4,48.10996563573883
West Gear,1185732,2021-05-18,Northeast,West Virginia,Charleston,Men's Apparel,42.0,68.0,286.0,154.0,Online,2021,5,2,53.84615384615385
Sports Direct,1185732,2021-09-15,Midwest,Michigan,Detroit,Men's Athletic Footwear,37.0,174.0,644.0,328.0,Online,2021,9,3,50.931677018633536
Kohl's,1197831,2021-08-13,Midwest,Kansas,Wichita,Men's Athletic Footwear,51.0,111.0,566.0,255.0,Online,2021,8,3,45.053003533568905
Walmart,1128299,2021-08-17,Southeast,Florida,Orlando,Men's Apparel,80.0,475.0,38000.0,7600.0,In-store,2021,8,3,20.0
Foot Locker,1185732,2021-12-10,West,Wyoming,Cheyenne,Women's Street Footwear,45.0,550.0,24750.0,8663.0,In-store,2021,12,4,35.0020202020202
Kohl's,1189833,2021-02-25,Midwest,Montana,Billings,Women's Apparel,60.0,400.0,24000.0,6000.0,Outlet,2021,2,1,25.0
Sports Direct,1197831,2021-09-15,South,Alabama,Birmingham,Women's Athletic Footwear,37.0,140.0,518.0,332.0,Outlet,2021,9,3,64.0926640926641
Foot Locker,1185732,2021-02-22,Northeast,New Hampshire,Manchester,Men's Athletic Footwear,42.0,70.0,294.0,123.0,Outlet,2021,2,1,41.83673469387755
Foot Locker,1185732,2021-06-15,Northeast,Delaware,Wilmington,Women's Street Footwear,43.0,85.0,366.0,194.0,Online,2021,6,2,53.00546448087432
Amazon,1185732,2021-05-17,Northeast,New Hampshire,Manchester,Men's Athletic Footwear,54.0,87.0,470.0,254.0,Online,2021,5,2,54.04255319148936
Foot Locker,1128299,2021-09-24,West,Arizona,Phoenix,Men's Street Footwear,35.0,184.0,644.0,270.0,Outlet,2021,9,3,41.92546583850932
Foot Locker,1185732,2021-02-15,Northeast,Maryland,Baltimore,Women's Street Footwear,30.0,275.0,8250.0,3300.0,In-store,2021,2,1,40.0
Foot Locker,1185732,2021-04-17,South,Mississippi,Jackson,Men's Athletic Footwear,20.0,116.0,232.0,93.0,Outlet,2021,4,2,40.08620689655172
West Gear,1197831,2021-04-05,West,Idaho,Boise,Women's Athletic Footwear,29.0,113.0,328.0,180.0,Online,2021,4,2,54.87804878048781
Foot Locker,1185732,2021-06-02,West,California,Los Angeles,Women's Street Footwear,32.0,83.0,266.0,125.0,Online,2021,6,2,46.99248120300752
Foot Locker,1185732,2021-01-24,Northeast,New Hampshire,Manchester,Women's Apparel,41.0,105.0,431.0,138.0,Outlet,2021,1,1,32.01856148491879
Kohl's,1128299,2021-02-26,West,New Mexico,Albuquerque,Women's Apparel,45.0,400.0,18000.0,4500.0,Online,2021,2,1,25.0
West Gear,1185732,2021-09-04,Midwest,Wisconsin,Milwaukee,Men's Street Footwear,33.0,143.0,472.0,193.0,Online,2021,9,3,40.88983050847458
Foot Locker,1128299,2021-05-11,West,Hawaii,Honolulu,Women's Street Footwear,60.0,375.0,22500.0,5625.0,Outlet,2021,5,2,25.0
Foot Locker,1185732,2021-02-18,South,Mississippi,Jackson,Women's Athletic Footwear,19.0,98.0,186.0,86.0,Outlet,2021,2,1,46.236559139784944
West Gear,1128299,2021-04-17,South,Louisiana,New Orleans,Women's Athletic Footwear,39.0,74.0,289.0,153.0,Online,2021,4,2,52.94117647058824
Kohl's,1197831,2021-05-12,Midwest,Kansas,Wichita,Women's Street Footwear,35.0,250.0,8750.0,3063.0,Online,2021,5,2,35.005714285714284
Kohl's,1189833,2021-05-11,West,California,Los Angeles,Men's Apparel,60.0,650.0,39000.0,21450.0,Outlet,2021,5,2,55.00000000000001
Foot Locker,1197831,2021-12-12,Midwest,Kansas,Wichita,Men's Street Footwear,70.0,600.0,42000.0,14700.0,Online,2021,12,4,35.0
West Gear,1128299,2021-03-23,West,Oregon,Portland,Men's Athletic Footwear,40.0,98.0,392.0,161.0,Outlet,2021,3,1,41.07142857142857
Foot Locker,1185732,2021-03-05,Midwest,Iowa,Des Moines,Men's Apparel,28.0,39.0,109.0,70.0,Online,2021,3,1,64.22018348623854
West Gear,1197831,2021-06-04,West,Idaho,Boise,Women's Apparel,60.0,825.0,49500.0,24750.0,Online,2021,6,2,50.0
Sports Direct,1197831,2021-05-11,South,Tennessee,Knoxville,Women's Street Footwear,37.0,204.0,755.0,355.0,Outlet,2021,5,2,47.019867549668874
Amazon,1185732,2021-11-21,West,Alaska,Anchorage,Men's Athletic Footwear,59.0,81.0,478.0,220.0,Online,2021,11,4,46.02510460251046
Foot Locker,1197831,2021-12-12,Midwest,Kansas,Wichita,Women's Athletic Footwear,59.0,90.0,531.0,239.0,Online,2021,12,4,45.00941619585687
Foot Locker,1128299,2021-06-10,West,Hawaii,Honolulu,Women's Apparel,100.0,650.0,65000.0,26000.0,Outlet,2021,6,2,40.0
Foot Locker,1185732,2021-04-07,Northeast,Rhode Island,Providence,Women's Apparel,26.0,60.0,156.0,69.0,Outlet,2021,4,2,44.230769230769226
West Gear,1128299,2021-03-23,West,Oregon,Portland,Women's Athletic Footwear,50.0,250.0,12500.0,4375.0,In-store,2021,3,1,35.0
Foot Locker,1185732,2021-07-05,Midwest,Iowa,Des Moines,Men's Street Footwear,50.0,550.0,27500.0,8250.0,In-store,2021,7,3,30.0
Walmart,1128299,2021-11-10,West,Hawaii,Honolulu,Women's Street Footwear,55.0,425.0,23375.0,5844.0,Outlet,2021,11,4,25.00106951871658
Sports Direct,1197831,2021-04-21,South,Tennessee,Knoxville,Men's Street Footwear,41.0,233.0,955.0,545.0,Online,2021,4,2,57.06806282722513
Amazon,1185732,2021-12-10,Northeast,Vermont,Burlington,Men's Street Footwear,70.0,600.0,42000.0,18900.0,In-store,2021,12,4,45.0
Sports Direct,1185732,2021-07-02,Southeast,North Carolina,Charlotte,Women's Apparel,70.0,875.0,61250.0,30625.0,Online,2021,7,3,50.0
West Gear,1128299,2021-02-06,West,California,San Francisco,Men's Athletic Footwear,58.0,236.0,1369.0,342.0,Online,2021,2,1,24.98173849525201
Walmart,1197831,2021-04-20,South,Arkansas,Little Rock,Women's Street Footwear,15.0,300.0,4500.0,1800.0,Online,2021,4,2,40.0
Sports Direct,1185732,2021-07-08,Midwest,North Dakota,Fargo,Women's Athletic Footwear,38.0,53.0,201.0,87.0,Online,2021,7,3,43.28358208955223
West Gear,1128299,2021-01-17,West,Oregon,Portland,Men's Apparel,50.0,200.0,10000.0,4500.0,In-store,2021,1,1,45.0
Foot Locker,1128299,2021-08-10,West,Hawaii,Honolulu,Men's Athletic Footwear,75.0,725.0,54375.0,10875.0,Outlet,2021,8,3,20.0
Sports Direct,1185732,2021-03-08,Midwest,North Dakota,Fargo,Women's Street Footwear,20.0,225.0,4500.0,1350.0,Online,2021,3,1,30.0
Sports Direct,1185732,2021-05-13,Northeast,Massachusetts,Boston,Women's Athletic Footwear,32.0,54.0,173.0,52.0,Outlet,2021,5,2,30.057803468208093
Foot Locker,1185732,2021-02-08,Northeast,Rhode Island,Providence,Men's Apparel,41.0,35.0,144.0,59.0,Online,2021,2,1,40.97222222222222
West Gear,1185732,2021-11-06,Midwest,Iowa,Des Moines,Men's Street Footwear,45.0,400.0,18000.0,5400.0,In-store,2021,11,4,30.0
Sports Direct,1197831,2021-05-02,South,Tennessee,Knoxville,Women's Apparel,45.0,625.0,28125.0,16875.0,Outlet,2021,5,2,60.0
West Gear,1185732,2021-01-11,Midwest,Missouri,St. Louis,Women's Athletic Footwear,20.0,325.0,6500.0,2600.0,In-store,2021,1,1,40.0
Amazon,1185732,2021-05-20,West,Alaska,Anchorage,Men's Athletic Footwear,56.0,72.0,403.0,181.0,Online,2021,5,2,44.91315136476427
West Gear,1128299,2021-08-24,West,Oregon,Portland,Women's Apparel,69.0,73.0,504.0,222.0,Online,2021,8,3,44.047619047619044
Amazon,1185732,2021-05-10,Northeast,Vermont,Burlington,Women's Street Footwear,50.0,300.0,15000.0,5250.0,In-store,2021,5,2,35.0
Sports Direct,1197831,2021-03-19,South,Tennessee,Knoxville,Women's Athletic Footwear,28.0,128.0,358.0,176.0,Outlet,2021,3,1,49.162011173184354
West Gear,1128299,2021-12-23,West,Oregon,Portland,Women's Apparel,77.0,173.0,1332.0,533.0,Online,2021,12,4,40.01501501501502
Sports Direct,1197831,2021-09-05,South,Texas,Dallas,Men's Athletic Footwear,22.0,248.0,546.0,229.0,Outlet,2021,9,3,41.94139194139194
West Gear,1185732,2021-05-20,Northeast,Maryland,Baltimore,Women's Athletic Footwear,37.0,30.0,111.0,53.0,Online,2021,5,2,47.74774774774775
West Gear,1185732,2021-03-10,West,Utah,Salt Lake City,Men's Apparel,38.0,75.0,285.0,143.0,Online,2021,3,1,50.175438596491226
West Gear,1197831,2021-07-06,West,Idaho,Boise,Women's Athletic Footwear,38.0,158.0,600.0,318.0,Outlet,2021,7,3,53.0
West Gear,1185732,2021-11-11,West,Utah,Salt Lake City,Men's Street Footwear,22.0,165.0,363.0,156.0,Outlet,2021,11,4,42.97520661157025
Amazon,1185732,2021-12-13,Northeast,Massachusetts,Boston,Men's Athletic Footwear,37.0,113.0,418.0,134.0,Outlet,2021,12,4,32.057416267942585
West Gear,1197831,2021-06-04,West,Idaho,Boise,Men's Street Footwear,42.0,195.0,819.0,401.0,Online,2021,6,2,48.96214896214896
Foot Locker,1185732,2021-12-01,Northeast,Pennsylvania,Philadelphia,Men's Apparel,50.0,64.0,320.0,128.0,Outlet,2021,12,4,40.0
Sports Direct,1185732,2021-07-13,Northeast,Massachusetts,Boston,Women's Athletic Footwear,44.0,56.0,246.0,89.0,Online,2021,7,3,36.17886178861789
Sports Direct,1128299,2021-11-13,Southeast,Georgia,Atlanta,Men's Street Footwear,51.0,137.0,699.0,356.0,Online,2021,11,4,50.92989985693849
West Gear,1185732,2021-10-03,Midwest,Wisconsin,Milwaukee,Men's Athletic Footwear,33.0,68.0,224.0,108.0,Online,2021,10,4,48.214285714285715
Kohl's,1197831,2021-12-19,South,Oklahoma,Oklahoma City,Men's Athletic Footwear,58.0,119.0,690.0,311.0,Online,2021,12,4,45.072463768115945
Foot Locker,1185732,2021-11-01,Northeast,Pennsylvania,Philadelphia,Men's Apparel,55.0,125.0,6875.0,2406.0,Outlet,2021,11,4,34.99636363636364
West Gear,1185732,2021-01-03,Midwest,Iowa,Des Moines,Men's Athletic Footwear,30.0,250.0,7500.0,2625.0,In-store,2021,1,1,35.0
Foot Locker,1185732,2021-04-07,Northeast,Rhode Island,Providence,Men's Street Footwear,28.0,132.0,370.0,155.0,Outlet,2021,4,2,41.891891891891895
Sports Direct,1197831,2021-05-12,South,Tennessee,Knoxville,Women's Athletic Footwear,38.0,157.0,597.0,370.0,Outlet,2021,5,2,61.97654941373534
West Gear,1128299,2021-06-17,South,Louisiana,New Orleans,Men's Apparel,92.0,117.0,1076.0,614.0,Online,2021,6,2,57.06319702602231
West Gear,1128299,2021-03-16,South,Louisiana,New Orleans,Men's Athletic Footwear,51.0,101.0,515.0,283.0,Online,2021,3,1,54.95145631067962
Amazon,1185732,2021-11-10,Midwest,Ohio,Columbus,Women's Apparel,80.0,575.0,46000.0,23000.0,Online,2021,11,4,50.0
Amazon,1185732,2021-06-11,Midwest,Ohio,Columbus,Men's Street Footwear,49.0,232.0,1137.0,603.0,Online,2021,6,2,53.03430079155673
Foot Locker,1128299,2021-01-10,West,Alaska,Anchorage,Men's Athletic Footwear,43.0,109.0,469.0,155.0,Online,2021,1,1,33.04904051172708
Foot Locker,1128299,2021-05-25,Southeast,Virginia,Richmond,Women's Apparel,60.0,525.0,31500.0,9450.0,In-store,2021,5,2,30.0
Kohl's,1189833,2021-05-15,West,California,Los Angeles,Women's Street Footwear,49.0,176.0,862.0,440.0,Online,2021,5,2,51.04408352668214
Sports Direct,1197831,2021-09-28,South,Alabama,Birmingham,Men's Apparel,30.0,300.0,9000.0,4050.0,Outlet,2021,9,3,45.0
Sports Direct,1197831,2021-03-27,South,Tennessee,Knoxville,Women's Apparel,35.0,425.0,14875.0,8181.0,Outlet,2021,3,1,54.998319327731096
West Gear,1197831,2021-12-19,South,Arkansas,Little Rock,Men's Apparel,50.0,132.0,660.0,264.0,Outlet,2021,12,4,40.0
Foot Locker,1197831,2021-12-04,West,Idaho,Boise,Men's Apparel,55.0,475.0,26125.0,9144.0,Online,2021,12,4,35.000956937799046
Walmart,1128299,2021-06-17,Southeast,Florida,Orlando,Men's Apparel,95.0,450.0,42750.0,8550.0,In-store,2021,6,2,20.0
Sports Direct,1185732,2021-12-11,Midwest,South Dakota,Sioux Falls,Men's Street Footwear,60.0,500.0,30000.0,10500.0,Online,2021,12,4,35.0
Foot Locker,1185732,2021-03-11,Midwest,South Dakota,Sioux Falls,Women's Athletic Footwear,33.0,23.0,76.0,33.0,Online,2021,3,1,43.42105263157895
Walmart,1185732,2021-09-16,South,Mississippi,Jackson,Women's Apparel,26.0,160.0,416.0,233.0,Outlet,2021,9,3,56.00961538461539
West Gear,1185732,2021-05-08,Northeast,New York,Albany,Women's Athletic Footwear,50.0,500.0,25000.0,7500.0,In-store,2021,5,2,30.0
Amazon,1185732,2021-12-09,Midwest,Ohio,Columbus,Men's Athletic Footwear,65.0,625.0,40625.0,14219.0,Online,2021,12,4,35.00061538461539
Sports Direct,1197831,2021-09-03,South,Texas,Dallas,Women's Apparel,30.0,600.0,18000.0,9000.0,Outlet,2021,9,3,50.0
Sports Direct,1185732,2021-12-05,Southeast,South Carolina,Charleston,Women's Street Footwear,60.0,825.0,49500.0,12375.0,Online,2021,12,4,25.0
Foot Locker,1128299,2021-02-10,West,Alaska,Anchorage,Men's Street Footwear,35.0,475.0,16625.0,4156.0,Outlet,2021,2,1,24.998496240601504
Sports Direct,1185732,2021-02-17,Southeast,Virginia,Richmond,Men's Athletic Footwear,33.0,117.0,386.0,201.0,Online,2021,2,1,52.07253886010362
Kohl's,1128299,2021-08-26,West,New Mexico,Albuquerque,Men's Apparel,48.0,162.0,778.0,264.0,Outlet,2021,8,3,33.933161953727506
Walmart,1197831,2021-09-19,South,Arkansas,Little Rock,Men's Apparel,25.0,325.0,8125.0,2844.0,Online,2021,9,3,35.003076923076925
Kohl's,1185732,2021-11-14,Northeast,Delaware,Wilmington,Women's Street Footwear,52.0,86.0,447.0,228.0,Online,2021,11,4,51.006711409395976
Foot Locker,1185732,2021-11-14,Northeast,Pennsylvania,Philadelphia,Women's Apparel,39.0,64.0,250.0,67.0,Outlet,2021,11,4,26.8
Kohl's,1185732,2021-02-12,Northeast,New York,Albany,Men's Athletic Footwear,37.0,145.0,537.0,220.0,Online,2021,2,1,40.9683426443203
West Gear,1185732,2021-11-03,Midwest,Wisconsin,Milwaukee,Women's Street Footwear,33.0,69.0,228.0,96.0,Online,2021,11,4,42.10526315789473
Kohl's,1185732,2021-04-07,Northeast,New Jersey,Newark,Women's Athletic Footwear,30.0,100.0,3000.0,1200.0,In-store,2021,4,2,40.0
Foot Locker,1185732,2021-11-04,Northeast,Connecticut,Hartford,Men's Street Footwear,65.0,425.0,27625.0,11050.0,In-store,2021,11,4,40.0
Sports Direct,1185732,2021-12-06,Northeast,New Jersey,Newark,Women's Athletic Footwear,50.0,275.0,13750.0,5500.0,In-store,2021,12,4,40.0
West Gear,1128299,2021-02-05,West,California,San Francisco,Men's Street Footwear,55.0,875.0,48125.0,14438.0,Outlet,2021,2,1,30.00103896103896
Amazon,1185732,2021-02-22,Midwest,Ohio,Columbus,Women's Street Footwear,29.0,63.0,183.0,97.0,Online,2021,2,1,53.00546448087432
West Gear,1128299,2021-08-24,West,Oregon,Portland,Men's Apparel,53.0,136.0,721.0,303.0,Outlet,2021,8,3,42.0249653259362
West Gear,1128299,2021-12-23,West,Oregon,Portland,Women's Street Footwear,48.0,193.0,926.0,380.0,Outlet,2021,12,4,41.03671706263499
Sports Direct,1185732,2021-04-04,Northeast,Connecticut,Hartford,Women's Apparel,26.0,94.0,244.0,103.0,Outlet,2021,4,2,42.21311475409836
Sports Direct,1197831,2021-04-02,South,Tennessee,Knoxville,Women's Apparel,24.0,161.0,386.0,263.0,Online,2021,4,2,68.13471502590673
Sports Direct,1197831,2021-10-12,South,Texas,Dallas,Women's Street Footwear,63.0,176.0,1109.0,610.0,Online,2021,10,4,55.00450856627592
Sports Direct,1185732,2021-12-06,Northeast,Rhode Island,Providence,Men's Apparel,41.0,74.0,303.0,112.0,Outlet,2021,12,4,36.96369636963696
Foot Locker,1197831,2021-11-13,Midwest,Kansas,Wichita,Women's Apparel,75.0,350.0,26250.0,9188.0,Online,2021,11,4,35.00190476190476
West Gear,1185732,2021-11-11,Northeast,Vermont,Burlington,Men's Athletic Footwear,60.0,325.0,19500.0,8775.0,In-store,2021,11,4,45.0
Sports Direct,1197831,2021-04-11,South,Tennessee,Knoxville,Women's Street Footwear,40.0,650.0,26000.0,10400.0,Outlet,2021,4,2,40.0
Amazon,1185732,2021-08-18,Northeast,New Hampshire,Manchester,Men's Apparel,59.0,73.0,431.0,194.0,Online,2021,8,3,45.011600928074245
Foot Locker,1185732,2021-11-25,Northeast,Pennsylvania,Philadelphia,Men's Apparel,60.0,45.0,270.0,124.0,Online,2021,11,4,45.925925925925924
Sports Direct,1185732,2021-02-17,Midwest,Michigan,Detroit,Men's Apparel,41.0,126.0,517.0,284.0,Online,2021,2,1,54.932301740812385
Sports Direct,1185732,2021-04-04,Northeast,Connecticut,Hartford,Men's Apparel,46.0,35.0,161.0,72.0,Online,2021,4,2,44.72049689440994
Kohl's,1197831,2021-01-16,South,Oklahoma,Oklahoma City,Women's Athletic Footwear,16.0,70.0,112.0,45.0,Outlet,2021,1,1,40.17857142857143
Sports Direct,1128299,2021-10-13,Southeast,Georgia,Atlanta,Men's Apparel,55.0,300.0,16500.0,5775.0,Online,2021,10,4,35.0
Walmart,1128299,2021-08-17,Southeast,Florida,Orlando,Men's Apparel,63.0,166.0,1046.0,251.0,Outlet,2021,8,3,23.996175908221797
West Gear,1128299,2021-10-17,South,Louisiana,New Orleans,Women's Apparel,44.0,140.0,616.0,246.0,Outlet,2021,10,4,39.935064935064936
Sports Direct,1128299,2021-06-13,Southeast,Georgia,Atlanta,Women's Street Footwear,55.0,525.0,28875.0,10106.0,Online,2021,6,2,34.9991341991342
Sports Direct,1185732,2021-05-15,Midwest,Michigan,Detroit,Women's Athletic Footwear,45.0,450.0,20250.0,7088.0,In-store,2021,5,2,35.002469135802464
West Gear,1185732,2021-02-10,Southeast,Florida,Orlando,Men's Street Footwear,45.0,900.0,40500.0,18225.0,In-store,2021,2,1,45.0
West Gear,1185732,2021-02-10,Midwest,Indiana,Indianapolis,Women's Athletic Footwear,29.0,36.0,104.0,49.0,Online,2021,2,1,47.11538461538461
Sports Direct,1128299,2021-07-12,Southeast,Georgia,Atlanta,Women's Apparel,67.0,143.0,958.0,364.0,Online,2021,7,3,37.995824634655534
Kohl's,1197831,2021-11-20,South,Oklahoma,Oklahoma City,Women's Street Footwear,19.0,81.0,154.0,66.0,Outlet,2021,11,4,42.857142857142854
Kohl's,1189833,2021-05-21,West,California,Los Angeles,Women's Street Footwear,50.0,675.0,33750.0,13500.0,Outlet,2021,5,2,40.0
Sports Direct,1185732,2021-09-02,Southeast,North Carolina,Charlotte,Women's Apparel,41.0,203.0,832.0,508.0,Online,2021,9,3,61.057692307692314
Sports Direct,1185732,2021-11-07,Northeast,Rhode Island,Providence,Men's Street Footwear,55.0,95.0,523.0,256.0,Online,2021,11,4,48.94837476099426
Foot Locker,1185732,2021-03-17,Midwest,Missouri,St. Louis,Women's Street Footwear,23.0,95.0,219.0,101.0,Online,2021,3,1,46.118721461187214
West Gear,1128299,2021-02-17,West,Oregon,Portland,Men's Street Footwear,24.0,175.0,420.0,189.0,Outlet,2021,2,1,45.0
Sports Direct,1197831,2021-09-14,South,Texas,Dallas,Men's Apparel,40.0,150.0,600.0,222.0,Outlet,2021,9,3,37.0
West Gear,1128299,2021-06-17,South,Louisiana,New Orleans,Men's Street Footwear,60.0,825.0,49500.0,19800.0,Online,2021,6,2,40.0
Sports Direct,1128299,2021-12-23,Southeast,Virginia,Richmond,Women's Apparel,85.0,575.0,48875.0,14663.0,In-store,2021,12,4,30.00102301790281
Sports Direct,1128299,2021-07-12,Southeast,Georgia,Atlanta,Men's Street Footwear,50.0,725.0,36250.0,14500.0,Online,2021,7,3,40.0
Sports Direct,1185732,2021-08-09,Midwest,North Dakota,Fargo,Men's Street Footwear,46.0,147.0,676.0,331.0,Online,2021,8,3,48.96449704142012
Walmart,1185732,2021-10-18,South,Mississippi,Jackson,Men's Street Footwear,35.0,675.0,23625.0,9450.0,Online,2021,10,4,40.0
Kohl's,1185732,2021-09-06,Northeast,New Jersey,Newark,Men's Street Footwear,46.0,124.0,570.0,279.0,Online,2021,9,3,48.94736842105264
West Gear,1185732,2021-08-09,Northeast,New York,Albany,Men's Street Footwear,65.0,925.0,60125.0,27056.0,In-store,2021,8,3,44.9995841995842
Foot Locker,1185732,2021-08-18,Midwest,Missouri,St. Louis,Men's Street Footwear,40.0,700.0,28000.0,11200.0,In-store,2021,8,3,40.0
Foot Locker,1185732,2021-03-11,Midwest,South Dakota,Sioux Falls,Men's Apparel,50.0,125.0,6250.0,2188.0,Online,2021,3,1,35.008
Amazon,1185732,2021-08-10,Midwest,Ohio,Columbus,Women's Street Footwear,53.0,150.0,795.0,405.0,Online,2021,8,3,50.943396226415096
Kohl's,1185732,2021-10-12,West,Wyoming,Cheyenne,Men's Apparel,54.0,128.0,691.0,304.0,Online,2021,10,4,43.99421128798842
Amazon,1185732,2021-08-21,West,Alaska,Anchorage,Women's Street Footwear,54.0,102.0,551.0,198.0,Online,2021,8,3,35.93466424682396
West Gear,1185732,2021-03-16,Northeast,West Virginia,Charleston,Men's Apparel,40.0,225.0,9000.0,3600.0,In-store,2021,3,1,40.0
Kohl's,1185732,2021-05-06,Northeast,New Jersey,Newark,Women's Apparel,51.0,102.0,520.0,271.0,Online,2021,5,2,52.11538461538462
Foot Locker,1185732,2021-07-06,Northeast,Rhode Island,Providence,Men's Athletic Footwear,45.0,325.0,14625.0,5119.0,In-store,2021,7,3,35.001709401709405
Sports Direct,1185732,2021-11-07,Northeast,Rhode Island,Providence,Women's Street Footwear,50.0,220.0,11000.0,4400.0,In-store,2021,11,4,40.0
Kohl's,1189833,2021-01-17,Midwest,Montana,Billings,Women's Street Footwear,44.0,120.0,528.0,317.0,Online,2021,1,1,60.03787878787878
West Gear,1197831,2021-06-21,South,Oklahoma,Oklahoma City,Women's Street Footwear,27.0,107.0,289.0,124.0,Outlet,2021,6,2,42.90657439446367
West Gear,1128299,2021-12-23,West,Oregon,Portland,Women's Apparel,55.0,201.0,1106.0,376.0,Outlet,2021,12,4,33.99638336347197
Sports Direct,1185732,2021-03-13,Northeast,Massachusetts,Boston,Men's Apparel,46.0,29.0,133.0,52.0,Online,2021,3,1,39.097744360902254
Foot Locker,1185732,2021-01-06,Midwest,North Dakota,Fargo,Men's Athletic Footwear,29.0,70.0,203.0,93.0,Online,2021,1,1,45.812807881773395
Sports Direct,1185732,2021-02-15,Northeast,Massachusetts,Boston,Women's Apparel,38.0,75.0,285.0,125.0,Online,2021,2,1,43.859649122807014
Foot Locker,1185732,2021-05-19,Midwest,Missouri,St. Louis,Men's Apparel,45.0,250.0,11250.0,3938.0,In-store,2021,5,2,35.004444444444445
Sports Direct,1197831,2021-02-21,South,Mississippi,Jackson,Women's Street Footwear,15.0,400.0,6000.0,2400.0,Online,2021,2,1,40.0
Foot Locker,1185732,2021-10-08,Northeast,Rhode Island,Providence,Men's Street Footwear,53.0,94.0,498.0,249.0,Online,2021,10,4,50.0
Foot Locker,1128299,2021-02-24,West,Wyoming,Cheyenne,Men's Street Footwear,30.0,450.0,13500.0,4725.0,In-store,2021,2,1,35.0
Amazon,1185732,2021-01-22,Midwest,Ohio,Columbus,Women's Athletic Footwear,35.0,150.0,5250.0,2100.0,Online,2021,1,1,40.0
West Gear,1185732,2021-02-10,Midwest,Indiana,Indianapolis,Men's Apparel,45.0,200.0,9000.0,2700.0,In-store,2021,2,1,30.0
Sports Direct,1185732,2021-05-10,Midwest,North Dakota,Fargo,Women's Apparel,55.0,250.0,13750.0,5500.0,In-store,2021,5,2,40.0
Walmart,1197831,2021-07-19,South,Arkansas,Little Rock,Women's Street Footwear,43.0,126.0,542.0,276.0,Online,2021,7,3,50.92250922509225
Foot Locker,1185732,2021-09-06,Northeast,Rhode Island,Providence,Men's Athletic Footwear,43.0,56.0,241.0,116.0,Online,2021,9,3,48.13278008298755
West Gear,1185732,2021-10-10,Midwest,Indiana,Indianapolis,Women's Athletic Footwear,35.0,150.0,5250.0,1838.0,In-store,2021,10,4,35.009523809523806
Foot Locker,1185732,2021-06-14,Midwest,Illinois,Chicago,Women's Street Footwear,40.0,225.0,9000.0,3150.0,Outlet,2021,6,2,35.0
Foot Locker,1128299,2021-07-23,Southeast,Virginia,Richmond,Men's Street Footwear,79.0,255.0,2015.0,1007.0,Online,2021,7,3,49.97518610421836
Sports Direct,1197831,2021-03-31,South,Tennessee,Knoxville,Women's Athletic Footwear,23.0,112.0,258.0,167.0,Online,2021,3,1,64.72868217054264
Foot Locker,1185732,2021-08-18,Midwest,Missouri,St. Louis,Men's Athletic Footwear,38.0,143.0,543.0,250.0,Online,2021,8,3,46.04051565377532
Amazon,1185732,2021-07-20,West,Alaska,Anchorage,Men's Street Footwear,65.0,675.0,43875.0,15356.0,Outlet,2021,7,3,34.9994301994302
Sports Direct,1185732,2021-12-05,Southeast,South Carolina,Charleston,Men's Apparel,70.0,775.0,54250.0,18988.0,Online,2021,12,4,35.00092165898617
West Gear,1185732,2021-10-17,Northeast,West Virginia,Charleston,Men's Street Footwear,41.0,115.0,472.0,255.0,Online,2021,10,4,54.02542372881356
Foot Locker,1128299,2021-04-23,West,Arizona,Phoenix,Men's Street Footwear,48.0,130.0,624.0,281.0,Online,2021,4,2,45.032051282051285
Sports Direct,1185732,2021-02-15,Northeast,Massachusetts,Boston,Women's Athletic Footwear,32.0,68.0,218.0,83.0,Online,2021,2,1,38.07339449541284
Kohl's,1197831,2021-08-13,Midwest,Kansas,Wichita,Women's Street Footwear,47.0,102.0,479.0,240.0,Online,2021,8,3,50.10438413361169
Foot Locker,1185732,2021-06-21,Midwest,Nebraska,Omaha,Men's Athletic Footwear,35.0,150.0,5250.0,1838.0,Outlet,2021,6,2,35.009523809523806
Foot Locker,1185732,2021-12-08,Midwest,North Dakota,Fargo,Men's Apparel,58.0,54.0,313.0,141.0,Online,2021,12,4,45.04792332268371
Kohl's,1189833,2021-02-06,Midwest,Montana,Billings,Men's Apparel,45.0,475.0,21375.0,12825.0,Outlet,2021,2,1,60.0
Foot Locker,1128299,2021-07-23,Southeast,Virginia,Richmond,Women's Apparel,105.0,600.0,63000.0,18900.0,In-store,2021,7,3,30.0
West Gear,1128299,2021-02-14,West,California,San Francisco,Women's Athletic Footwear,40.0,271.0,1084.0,325.0,Outlet,2021,2,1,29.981549815498155
Walmart,1128299,2021-09-11,West,Hawaii,Honolulu,Men's Athletic Footwear,70.0,550.0,38500.0,7700.0,Outlet,2021,9,3,20.0
Kohl's,1128299,2021-05-27,West,New Mexico,Albuquerque,Women's Athletic Footwear,51.0,91.0,464.0,213.0,Online,2021,5,2,45.9051724137931
Amazon,1185732,2021-04-21,West,Alaska,Anchorage,Men's Apparel,60.0,150.0,9000.0,2250.0,Outlet,2021,4,2,25.0
Sports Direct,1128299,2021-02-17,West,Hawaii,Honolulu,Men's Street Footwear,40.0,525.0,21000.0,6300.0,Outlet,2021,2,1,30.0
Walmart,1197831,2021-08-20,South,Arkansas,Little Rock,Women's Apparel,50.0,143.0,715.0,372.0,Online,2021,8,3,52.02797202797203
West Gear,1185732,2021-03-20,Northeast,Maryland,Baltimore,Women's Street Footwear,25.0,175.0,4375.0,1531.0,In-store,2021,3,1,34.994285714285716
West Gear,1128299,2021-08-24,West,Oregon,Portland,Women's Athletic Footwear,68.0,119.0,809.0,372.0,Online,2021,8,3,45.982694684796044
Kohl's,1185732,2021-07-10,West,Wyoming,Cheyenne,Women's Athletic Footwear,40.0,500.0,20000.0,7000.0,In-store,2021,7,3,35.0
Sports Direct,1197831,2021-10-07,South,Alabama,Birmingham,Men's Athletic Footwear,40.0,248.0,992.0,526.0,Outlet,2021,10,4,53.0241935483871
Foot Locker,1185732,2021-03-05,Midwest,Iowa,Des Moines,Men's Athletic Footwear,19.0,47.0,89.0,40.0,Online,2021,3,1,44.9438202247191
West Gear,1128299,2021-12-16,Southeast,Florida,Orlando,Women's Apparel,95.0,625.0,59375.0,26719.0,In-store,2021,12,4,45.00042105263158
Foot Locker,1185732,2021-08-06,Southeast,South Carolina,Charleston,Men's Athletic Footwear,54.0,243.0,1312.0,643.0,Online,2021,8,3,49.00914634146341
Amazon,1185732,2021-01-22,Midwest,Ohio,Columbus,Men's Apparel,50.0,200.0,10000.0,3500.0,Online,2021,1,1,35.0
Kohl's,1128299,2021-05-27,West,New Mexico,Albuquerque,Women's Athletic Footwear,43.0,109.0,469.0,192.0,Outlet,2021,5,2,40.93816631130064
Foot Locker,1185732,2021-02-18,South,Mississippi,Jackson,Women's Apparel,24.0,125.0,300.0,180.0,Online,2021,2,1,60.0
West Gear,1128299,2021-11-17,South,Louisiana,New Orleans,Women's Apparel,64.0,180.0,1152.0,472.0,Outlet,2021,11,4,40.97222222222222
Foot Locker,1128299,2021-11-23,West,Arizona,Phoenix,Women's Athletic Footwear,33.0,116.0,383.0,161.0,Outlet,2021,11,4,42.03655352480418
Foot Locker,1185732,2021-01-06,Midwest,North Dakota,Fargo,Women's Apparel,30.0,250.0,7500.0,3000.0,In-store,2021,1,1,40.0
Amazon,1185732,2021-10-21,Northeast,Maine,Portland,Women's Athletic Footwear,35.0,75.0,2625.0,788.0,Outlet,2021,10,4,30.01904761904762
Foot Locker,1128299,2021-02-10,West,Alaska,Anchorage,Men's Street Footwear,33.0,143.0,472.0,170.0,Online,2021,2,1,36.016949152542374
Foot Locker,1185732,2021-05-13,Northeast,Delaware,Wilmington,Men's Street Footwear,51.0,160.0,816.0,392.0,Online,2021,5,2,48.03921568627451
Amazon,1185732,2021-10-18,Northeast,Maine,Portland,Men's Street Footwear,40.0,500.0,20000.0,7000.0,Outlet,2021,10,4,35.0
Foot Locker,1185732,2021-10-19,Northeast,New Hampshire,Manchester,Women's Apparel,64.0,90.0,576.0,225.0,Outlet,2021,10,4,39.0625
Foot Locker,1185732,2021-12-11,Northeast,Pennsylvania,Philadelphia,Women's Street Footwear,41.0,50.0,205.0,92.0,Online,2021,12,4,44.87804878048781
Foot Locker,1185732,2021-07-24,Midwest,Nebraska,Omaha,Men's Apparel,50.0,100.0,5000.0,1750.0,Outlet,2021,7,3,35.0
Amazon,1185732,2021-06-22,Southeast,Kentucky,Louisville,Men's Street Footwear,36.0,142.0,511.0,256.0,Online,2021,6,2,50.09784735812133
West Gear,1197831,2021-11-20,South,Arkansas,Little Rock,Women's Apparel,73.0,117.0,854.0,453.0,Online,2021,11,4,53.04449648711944
West Gear,1185732,2021-06-10,Northeast,New York,Albany,Men's Athletic Footwear,54.0,175.0,945.0,454.0,Online,2021,6,2,48.042328042328045
Foot Locker,1185732,2021-03-16,South,Mississippi,Jackson,Men's Apparel,35.0,325.0,11375.0,3981.0,Online,2021,3,1,34.997802197802194
Foot Locker,1128299,2021-09-25,Southeast,Virginia,Richmond,Women's Apparel,42.0,70.0,294.0,126.0,Online,2021,9,3,42.857142857142854
Foot Locker,1185732,2021-08-06,Southeast,South Carolina,Charleston,Men's Athletic Footwear,60.0,900.0,54000.0,18900.0,Online,2021,8,3,35.0
West Gear,1185732,2021-11-03,Midwest,Wisconsin,Milwaukee,Men's Apparel,60.0,200.0,12000.0,6000.0,In-store,2021,11,4,50.0
Kohl's,1197831,2021-09-12,Midwest,Kansas,Wichita,Men's Apparel,24.0,61.0,146.0,72.0,Online,2021,9,3,49.31506849315068
Amazon,1185732,2021-12-10,Northeast,Vermont,Burlington,Men's Athletic Footwear,55.0,100.0,550.0,303.0,Online,2021,12,4,55.09090909090909
Foot Locker,1197831,2021-03-06,West,Idaho,Boise,Women's Street Footwear,30.0,450.0,13500.0,4725.0,Online,2021,3,1,35.0
Foot Locker,1185732,2021-04-12,Midwest,South Dakota,Sioux Falls,Women's Street Footwear,30.0,150.0,4500.0,1350.0,Online,2021,4,2,30.0
West Gear,1185732,2021-05-08,Northeast,New York,Albany,Men's Street Footwear,50.0,261.0,1305.0,783.0,Online,2021,5,2,60.0
Kohl's,1185732,2021-08-07,Northeast,New Jersey,Newark,Women's Athletic Footwear,40.0,200.0,8000.0,3200.0,In-store,2021,8,3,40.0
Kohl's,1185732,2021-10-08,Northeast,New Jersey,Newark,Men's Athletic Footwear,48.0,63.0,302.0,151.0,Online,2021,10,4,50.0
Sports Direct,1197831,2021-09-30,South,Alabama,Birmingham,Men's Street Footwear,14.0,188.0,263.0,150.0,Outlet,2021,9,3,57.03422053231939
Sports Direct,1197831,2021-09-19,South,Alabama,Birmingham,Men's Athletic Footwear,36.0,173.0,623.0,343.0,Outlet,2021,9,3,55.0561797752809
Amazon,1185732,2021-10-23,Northeast,Maine,Portland,Women's Apparel,37.0,63.0,233.0,119.0,Online,2021,10,4,51.072961373390555
Amazon,1185732,2021-06-12,Northeast,Vermont,Burlington,Men's Street Footwear,60.0,650.0,39000.0,17550.0,In-store,2021,6,2,45.0
Amazon,1185732,2021-11-11,Northeast,Vermont,Burlington,Men's Apparel,67.0,80.0,536.0,268.0,Online,2021,11,4,50.0
Amazon,1185732,2021-07-17,Northeast,New Hampshire,Manchester,Men's Apparel,65.0,350.0,22750.0,6825.0,Outlet,2021,7,3,30.0
Walmart,1128299,2021-07-16,Southeast,Florida,Orlando,Women's Apparel,101.0,163.0,1646.0,938.0,Online,2021,7,3,56.98663426488457
Foot Locker,1185732,2021-11-15,Northeast,Pennsylvania,Philadelphia,Men's Street Footwear,60.0,470.0,28200.0,14100.0,Outlet,2021,11,4,50.0
Amazon,1185732,2021-05-09,Midwest,Ohio,Columbus,Men's Apparel,50.0,450.0,22500.0,7875.0,Online,2021,5,2,35.0
Kohl's,1189833,2021-04-08,West,California,Los Angeles,Men's Athletic Footwear,49.0,156.0,764.0,275.0,Online,2021,4,2,35.99476439790576
Foot Locker,1197831,2021-03-06,West,Idaho,Boise,Women's Street Footwear,20.0,135.0,270.0,103.0,Outlet,2021,3,1,38.148148148148145
Amazon,1185732,2021-12-10,Northeast,Vermont,Burlington,Women's Street Footwear,60.0,375.0,22500.0,7875.0,In-store,2021,12,4,35.0
Kohl's,1189833,2021-04-26,West,California,Los Angeles,Men's Athletic Footwear,46.0,216.0,994.0,378.0,Online,2021,4,2,38.028169014084504
Sports Direct,1185732,2021-11-12,Midwest,South Dakota,Sioux Falls,Women's Street Footwear,45.0,195.0,8775.0,2633.0,Online,2021,11,4,30.005698005698004
Walmart,1128299,2021-06-17,Southeast,Florida,Orlando,Women's Apparel,74.0,248.0,1835.0,863.0,Outlet,2021,6,2,47.0299727520436
Foot Locker,1185732,2021-03-16,South,Mississippi,Jackson,Men's Apparel,25.0,104.0,260.0,96.0,Outlet,2021,3,1,36.92307692307693
Kohl's,1189833,2021-05-10,West,California,Los Angeles,Women's Athletic Footwear,39.0,195.0,761.0,304.0,Outlet,2021,5,2,39.94743758212878
West Gear,1185732,2021-12-17,Midwest,Missouri,St. Louis,Women's Street Footwear,32.0,120.0,384.0,180.0,Online,2021,12,4,46.875
Amazon,1185732,2021-04-11,Northeast,Vermont,Burlington,Men's Apparel,55.0,150.0,8250.0,2888.0,In-store,2021,4,2,35.00606060606061
Amazon,1185732,2021-10-22,West,Alaska,Anchorage,Men's Athletic Footwear,65.0,275.0,17875.0,6256.0,Outlet,2021,10,4,34.998601398601394
West Gear,1185732,2021-10-17,Northeast,West Virginia,Charleston,Women's Athletic Footwear,35.0,175.0,6125.0,2450.0,In-store,2021,10,4,40.0
Foot Locker,1128299,2021-12-16,South,Louisiana,New Orleans,Women's Apparel,59.0,194.0,1145.0,458.0,Outlet,2021,12,4,40.0
West Gear,1185732,2021-08-11,West,Utah,Salt Lake City,Women's Apparel,35.0,525.0,18375.0,9188.0,In-store,2021,8,3,50.00272108843538
Foot Locker,1185732,2021-12-23,Northeast,Pennsylvania,Philadelphia,Women's Street Footwear,60.0,195.0,11700.0,4680.0,Outlet,2021,12,4,40.0
West Gear,1197831,2021-03-06,West,Idaho,Boise,Women's Apparel,25.0,124.0,310.0,164.0,Outlet,2021,3,1,52.903225806451616
Foot Locker,1185732,2021-10-12,Midwest,South Dakota,Sioux Falls,Women's Street Footwear,45.0,150.0,6750.0,2025.0,Online,2021,10,4,30.0
Sports Direct,1128299,2021-05-14,Southeast,Georgia,Atlanta,Men's Apparel,55.0,225.0,12375.0,4331.0,Online,2021,5,2,34.9979797979798
Kohl's,1197831,2021-10-14,Midwest,Kansas,Wichita,Men's Apparel,30.0,175.0,5250.0,1838.0,Online,2021,10,4,35.009523809523806
Walmart,1197831,2021-03-19,South,Arkansas,Little Rock,Men's Athletic Footwear,14.0,107.0,150.0,55.0,Outlet,2021,3,1,36.666666666666664
West Gear,1185732,2021-01-10,Midwest,Wisconsin,Milwaukee,Men's Street Footwear,32.0,140.0,448.0,233.0,Online,2021,1,1,52.00892857142857
Foot Locker,1185732,2021-10-18,Midwest,Missouri,St. Louis,Men's Athletic Footwear,25.0,350.0,8750.0,3063.0,In-store,2021,10,4,35.005714285714284
Foot Locker,1128299,2021-09-25,Southeast,Virginia,Richmond,Women's Street Footwear,47.0,65.0,306.0,144.0,Online,2021,9,3,47.05882352941176
Sports Direct,1185732,2021-05-03,Northeast,Connecticut,Hartford,Women's Athletic Footwear,32.0,74.0,237.0,78.0,Outlet,2021,5,2,32.91139240506329
Foot Locker,1185732,2021-01-10,Northeast,Connecticut,Hartford,Men's Athletic Footwear,28.0,79.0,221.0,88.0,Outlet,2021,1,1,39.81900452488688
Amazon,1185732,2021-10-14,South,Alabama,Birmingham,Women's Street Footwear,30.0,250.0,7500.0,3000.0,Outlet,2021,10,4,40.0
Walmart,1197831,2021-10-21,South,Arkansas,Little Rock,Men's Street Footwear,27.0,150.0,405.0,203.0,Online,2021,10,4,50.123456790123456
Foot Locker,1185732,2021-02-12,Midwest,Kansas,Wichita,Women's Street Footwear,29.0,59.0,171.0,74.0,Online,2021,2,1,43.27485380116959
Walmart,1197831,2021-07-19,South,Arkansas,Little Rock,Men's Street Footwear,55.0,775.0,42625.0,17050.0,Online,2021,7,3,40.0
Foot Locker,1185732,2021-12-08,Midwest,North Dakota,Fargo,Women's Street Footwear,48.0,73.0,350.0,158.0,Online,2021,12,4,45.14285714285714
Foot Locker,1185732,2021-10-18,Midwest,Missouri,St. Louis,Women's Athletic Footwear,23.0,59.0,136.0,68.0,Online,2021,10,4,50.0
West Gear,1185732,2021-06-10,Midwest,Indiana,Indianapolis,Women's Athletic Footwear,30.0,175.0,5250.0,1838.0,In-store,2021,6,2,35.009523809523806
West Gear,1128299,2021-12-23,West,Oregon,Portland,Men's Street Footwear,51.0,225.0,1148.0,482.0,Outlet,2021,12,4,41.98606271777003
Sports Direct,1185732,2021-03-15,Midwest,Michigan,Detroit,Women's Athletic Footwear,29.0,91.0,264.0,127.0,Online,2021,3,1,48.10606060606061
West Gear,1128299,2021-09-18,South,Louisiana,New Orleans,Men's Street Footwear,45.0,500.0,22500.0,9000.0,Online,2021,9,3,40.0
Foot Locker,1185732,2021-11-08,Northeast,Pennsylvania,Philadelphia,Women's Apparel,38.0,61.0,232.0,72.0,Outlet,2021,11,4,31.03448275862069
West Gear,1128299,2021-02-17,West,Oregon,Portland,Men's Athletic Footwear,31.0,124.0,384.0,165.0,Outlet,2021,2,1,42.96875
Sports Direct,1197831,2021-08-15,South,Texas,Dallas,Men's Apparel,40.0,375.0,15000.0,3750.0,Outlet,2021,8,3,25.0
West Gear,1128299,2021-06-17,South,Louisiana,New Orleans,Men's Street Footwear,47.0,256.0,1203.0,566.0,Outlet,2021,6,2,47.049044056525354
Amazon,1185732,2021-10-22,West,Alaska,Anchorage,Women's Athletic Footwear,65.0,150.0,9750.0,2438.0,Outlet,2021,10,4,25.00512820512821
Foot Locker,1185732,2021-04-12,Midwest,South Dakota,Sioux Falls,Men's Street Footwear,38.0,113.0,429.0,198.0,Online,2021,4,2,46.15384615384615
Amazon,1185732,2021-05-23,Southeast,Kentucky,Louisville,Men's Athletic Footwear,45.0,225.0,10125.0,3544.0,Online,2021,5,2,35.002469135802464
Kohl's,1128299,2021-09-27,West,New Mexico,Albuquerque,Women's Street Footwear,39.0,147.0,573.0,241.0,Outlet,2021,9,3,42.059336823734725
Kohl's,1128299,2021-12-22,West,Arizona,Phoenix,Women's Street Footwear,35.0,136.0,476.0,195.0,Outlet,2021,12,4,40.96638655462185
Sports Direct,1197831,2021-03-25,South,Tennessee,Knoxville,Women's Athletic Footwear,25.0,124.0,310.0,174.0,Outlet,2021,3,1,56.12903225806451
Foot Locker,1185732,2021-10-18,Midwest,Missouri,St. Louis,Women's Street Footwear,25.0,250.0,6250.0,2188.0,In-store,2021,10,4,35.008
Sports Direct,1185732,2021-04-03,Southeast,North Carolina,Charlotte,Women's Athletic Footwear,24.0,140.0,336.0,181.0,Online,2021,4,2,53.86904761904761
Kohl's,1189833,2021-04-22,West,California,Los Angeles,Women's Athletic Footwear,44.0,175.0,770.0,370.0,Online,2021,4,2,48.05194805194805
West Gear,1128299,2021-05-18,South,Louisiana,New Orleans,Men's Athletic Footwear,50.0,400.0,20000.0,8000.0,In-store,2021,5,2,40.0
West Gear,1185732,2021-03-09,Midwest,Indiana,Indianapolis,Men's Athletic Footwear,25.0,225.0,5625.0,2250.0,In-store,2021,3,1,40.0
West Gear,1128299,2021-11-24,West,Oregon,Portland,Men's Street Footwear,34.0,190.0,646.0,239.0,Outlet,2021,11,4,36.9969040247678
Foot Locker,1185732,2021-07-16,South,Mississippi,Jackson,Men's Street Footwear,47.0,289.0,1358.0,625.0,Outlet,2021,7,3,46.02356406480118
Kohl's,1189833,2021-04-20,West,California,Los Angeles,Men's Athletic Footwear,50.0,750.0,37500.0,9375.0,Outlet,2021,4,2,25.0
West Gear,1128299,2021-06-17,South,Louisiana,New Orleans,Women's Apparel,110.0,750.0,82500.0,28875.0,Online,2021,6,2,35.0
Walmart,1128299,2021-11-17,Southeast,Florida,Orlando,Women's Apparel,86.0,162.0,1393.0,822.0,Online,2021,11,4,59.00933237616655
Sports Direct,1128299,2021-11-13,Southeast,Georgia,Atlanta,Men's Apparel,47.0,119.0,559.0,213.0,Outlet,2021,11,4,38.10375670840787
Foot Locker,1128299,2021-12-12,Southeast,Georgia,Atlanta,Men's Apparel,65.0,400.0,26000.0,9100.0,Online,2021,12,4,35.0
Foot Locker,1185732,2021-06-15,Northeast,Delaware,Wilmington,Men's Athletic Footwear,48.0,120.0,576.0,259.0,Online,2021,6,2,44.96527777777778
West Gear,1185732,2021-03-02,Midwest,Wisconsin,Milwaukee,Women's Street Footwear,9.0,59.0,53.0,23.0,Online,2021,3,1,43.39622641509434
Foot Locker,1185732,2021-01-12,Midwest,Kansas,Wichita,Women's Apparel,40.0,275.0,11000.0,4400.0,Online,2021,1,1,40.0
Kohl's,1197831,2021-09-12,Midwest,Kansas,Wichita,Men's Street Footwear,47.0,165.0,776.0,388.0,Online,2021,9,3,50.0
Kohl's,1185732,2021-11-11,West,Wyoming,Cheyenne,Women's Athletic Footwear,45.0,500.0,22500.0,7875.0,In-store,2021,11,4,35.0
Foot Locker,1185732,2021-06-29,Midwest,Illinois,Chicago,Women's Apparel,65.0,250.0,16250.0,8125.0,Outlet,2021,6,2,50.0
Foot Locker,1185732,2021-12-17,Northeast,New Hampshire,Manchester,Men's Apparel,50.0,123.0,615.0,228.0,Outlet,2021,12,4,37.073170731707314
Amazon,1185732,2021-02-12,Northeast,Vermont,Burlington,Women's Athletic Footwear,40.0,150.0,6000.0,2100.0,In-store,2021,2,1,35.0
Foot Locker,1128299,2021-06-24,Southeast,Virginia,Richmond,Women's Apparel,96.0,182.0,1747.0,699.0,Online,2021,6,2,40.01144819690899
Foot Locker,1185732,2021-05-16,South,Mississippi,Jackson,Women's Athletic Footwear,35.0,375.0,13125.0,5250.0,Online,2021,5,2,40.0
Sports Direct,1185732,2021-08-14,Northeast,Massachusetts,Boston,Men's Athletic Footwear,33.0,112.0,370.0,118.0,Outlet,2021,8,3,31.891891891891895
Kohl's,1197831,2021-07-12,Midwest,Kansas,Wichita,Men's Apparel,56.0,91.0,510.0,234.0,Online,2021,7,3,45.88235294117647
Kohl's,1189833,2021-05-01,West,California,Los Angeles,Men's Street Footwear,36.0,306.0,1102.0,496.0,Outlet,2021,5,2,45.00907441016334
Amazon,1185732,2021-09-17,Northeast,New Hampshire,Manchester,Women's Athletic Footwear,53.0,56.0,297.0,125.0,Online,2021,9,3,42.08754208754209
Kohl's,1197831,2021-02-14,Midwest,Kansas,Wichita,Women's Athletic Footwear,20.0,42.0,84.0,38.0,Online,2021,2,1,45.23809523809524
West Gear,1197831,2021-06-21,South,Oklahoma,Oklahoma City,Women's Apparel,40.0,143.0,572.0,240.0,Outlet,2021,6,2,41.95804195804196
Foot Locker,1185732,2021-12-17,Northeast,New Hampshire,Manchester,Women's Athletic Footwear,62.0,88.0,546.0,240.0,Online,2021,12,4,43.956043956043956
Amazon,1185732,2021-10-19,Northeast,Maine,Portland,Men's Street Footwear,55.0,120.0,660.0,330.0,Online,2021,10,4,50.0
Foot Locker,1185732,2021-11-22,Northeast,Pennsylvania,Philadelphia,Men's Athletic Footwear,59.0,70.0,413.0,190.0,Online,2021,11,4,46.00484261501211
Sports Direct,1185732,2021-04-16,Midwest,Michigan,Detroit,Women's Street Footwear,27.0,135.0,365.0,153.0,Online,2021,4,2,41.917808219178085
Walmart,1197831,2021-06-21,South,Arkansas,Little Rock,Men's Street Footwear,40.0,675.0,27000.0,10800.0,Online,2021,6,2,40.0
Sports Direct,1197831,2021-05-06,South,Tennessee,Knoxville,Women's Athletic Footwear,38.0,98.0,372.0,261.0,Online,2021,5,2,70.16129032258065
Foot Locker,1185732,2021-08-07,Northeast,Rhode Island,Providence,Women's Street Footwear,38.0,75.0,285.0,157.0,Online,2021,8,3,55.08771929824562
Amazon,1185732,2021-11-09,Northeast,Maine,Portland,Men's Apparel,55.0,150.0,8250.0,2063.0,Outlet,2021,11,4,25.006060606060604
Walmart,1128299,2021-05-18,Southeast,Florida,Orlando,Men's Street Footwear,58.0,155.0,899.0,387.0,Online,2021,5,2,43.04783092324806
Sports Direct,1185732,2021-06-09,Midwest,North Dakota,Fargo,Men's Street Footwear,36.0,125.0,450.0,203.0,Online,2021,6,2,45.111111111111114
Amazon,1185732,2021-10-22,Southeast,Kentucky,Louisville,Men's Athletic Footwear,41.0,83.0,340.0,170.0,Online,2021,10,4,50.0
Sports Direct,1128299,2021-09-14,Southeast,Georgia,Atlanta,Women's Athletic Footwear,35.0,120.0,420.0,193.0,Outlet,2021,9,3,45.95238095238095
Foot Locker,1185732,2021-03-16,South,Mississippi,Jackson,Men's Apparel,32.0,81.0,259.0,119.0,Online,2021,3,1,45.94594594594595
Foot Locker,1128299,2021-08-23,West,Arizona,Phoenix,Women's Athletic Footwear,52.0,112.0,582.0,285.0,Online,2021,8,3,48.96907216494845
Foot Locker,1128299,2021-05-25,Southeast,Virginia,Richmond,Women's Street Footwear,37.0,109.0,403.0,149.0,Outlet,2021,5,2,36.972704714640194
West Gear,1128299,2021-05-18,South,Louisiana,New Orleans,Women's Athletic Footwear,45.0,325.0,14625.0,5850.0,In-store,2021,5,2,40.0
Sports Direct,1185732,2021-10-17,Midwest,Michigan,Detroit,Men's Street Footwear,49.0,225.0,1103.0,673.0,Online,2021,10,4,61.015412511332734
West Gear,1128299,2021-11-17,South,Louisiana,New Orleans,Men's Street Footwear,28.0,219.0,613.0,288.0,Outlet,2021,11,4,46.98205546492659
Foot Locker,1128299,2021-05-24,West,Arizona,Phoenix,Men's Apparel,39.0,62.0,242.0,80.0,Outlet,2021,5,2,33.057851239669425
West Gear,1185732,2021-10-11,West,Utah,Salt Lake City,Women's Apparel,35.0,400.0,14000.0,7000.0,In-store,2021,10,4,50.0
Foot Locker,1185732,2021-11-17,Northeast,West Virginia,Charleston,Men's Street Footwear,45.0,450.0,20250.0,8100.0,In-store,2021,11,4,40.0
West Gear,1197831,2021-02-21,South,Oklahoma,Oklahoma City,Women's Apparel,14.0,112.0,157.0,72.0,Outlet,2021,2,1,45.85987261146497
Foot Locker,1197831,2021-11-13,Midwest,Kansas,Wichita,Men's Apparel,75.0,250.0,18750.0,6563.0,Online,2021,11,4,35.00266666666666
Foot Locker,1185732,2021-05-22,South,Tennessee,Knoxville,Men's Athletic Footwear,35.0,225.0,7875.0,2756.0,Outlet,2021,5,2,34.9968253968254
Sports Direct,1197831,2021-04-13,South,Tennessee,Knoxville,Men's Apparel,30.0,150.0,450.0,176.0,Outlet,2021,4,2,39.111111111111114
West Gear,1128299,2021-02-24,West,Utah,Salt Lake City,Men's Athletic Footwear,29.0,123.0,357.0,150.0,Outlet,2021,2,1,42.016806722689076
West Gear,1185732,2021-07-02,Midwest,Wisconsin,Milwaukee,Men's Apparel,48.0,50.0,240.0,149.0,Online,2021,7,3,62.083333333333336
Sports Direct,1185732,2021-07-03,Northeast,Connecticut,Hartford,Men's Athletic Footwear,38.0,120.0,456.0,192.0,Outlet,2021,7,3,42.10526315789473
West Gear,1128299,2021-08-17,South,Louisiana,New Orleans,Men's Athletic Footwear,85.0,825.0,70125.0,28050.0,Online,2021,8,3,40.0
Sports Direct,1185732,2021-11-07,Northeast,Rhode Island,Providence,Men's Apparel,58.0,44.0,255.0,112.0,Online,2021,11,4,43.92156862745098
Amazon,1185732,2021-09-20,West,Alaska,Anchorage,Men's Apparel,65.0,200.0,13000.0,3250.0,Outlet,2021,9,3,25.0
Sports Direct,1185732,2021-03-02,Southeast,North Carolina,Charlotte,Women's Apparel,27.0,169.0,456.0,283.0,Online,2021,3,1,62.06140350877193
Kohl's,1189833,2021-05-08,West,California,Los Angeles,Men's Athletic Footwear,50.0,247.0,1235.0,457.0,Online,2021,5,2,37.00404858299595
West Gear,1185732,2021-10-10,Midwest,Indiana,Indianapolis,Women's Athletic Footwear,33.0,44.0,145.0,67.0,Online,2021,10,4,46.206896551724135
Sports Direct,1185732,2021-08-16,Midwest,Michigan,Detroit,Women's Street Footwear,42.0,144.0,605.0,254.0,Online,2021,8,3,41.98347107438016
Amazon,1185732,2021-08-11,Northeast,Vermont,Burlington,Men's Athletic Footwear,55.0,425.0,23375.0,10519.0,In-store,2021,8,3,45.00106951871658
Foot Locker,1185732,2021-07-17,Midwest,Missouri,St. Louis,Men's Apparel,40.0,375.0,15000.0,5250.0,In-store,2021,7,3,35.0
West Gear,1185732,2021-10-10,Midwest,Indiana,Indianapolis,Men's Apparel,45.0,150.0,6750.0,2025.0,In-store,2021,10,4,30.0
Walmart,1197831,2021-04-20,South,Arkansas,Little Rock,Women's Athletic Footwear,20.0,63.0,126.0,67.0,Online,2021,4,2,53.17460317460318
West Gear,1197831,2021-01-23,South,Arkansas,Little Rock,Women's Street Footwear,15.0,98.0,147.0,81.0,Online,2021,1,1,55.10204081632652
Foot Locker,1185732,2021-03-16,South,Mississippi,Jackson,Women's Apparel,24.0,123.0,295.0,183.0,Online,2021,3,1,62.03389830508475
Foot Locker,1185732,2021-07-28,Midwest,Nebraska,Omaha,Women's Street Footwear,40.0,200.0,8000.0,2800.0,Outlet,2021,7,3,35.0
Foot Locker,1185732,2021-12-17,Midwest,Missouri,St. Louis,Men's Street Footwear,45.0,650.0,29250.0,11700.0,In-store,2021,12,4,40.0
Kohl's,1128299,2021-12-22,West,Arizona,Phoenix,Women's Apparel,43.0,135.0,581.0,163.0,Outlet,2021,12,4,28.055077452667813
Kohl's,1189833,2021-04-18,West,California,Los Angeles,Women's Apparel,65.0,625.0,40625.0,8125.0,Outlet,2021,4,2,20.0
Sports Direct,1197831,2021-04-28,South,Tennessee,Knoxville,Men's Athletic Footwear,33.0,213.0,703.0,330.0,Outlet,2021,4,2,46.94167852062589
Kohl's,1185732,2021-12-08,Northeast,New York,Albany,Women's Street Footwear,55.0,625.0,34375.0,8594.0,In-store,2021,12,4,25.000727272727275
Foot Locker,1185732,2021-10-24,South,Texas,Dallas,Women's Street Footwear,35.0,225.0,7875.0,3150.0,Outlet,2021,10,4,40.0
Sports Direct,1128299,2021-03-12,Southeast,Georgia,Atlanta,Men's Athletic Footwear,50.0,375.0,18750.0,7500.0,Online,2021,3,1,40.0
Walmart,1197831,2021-04-20,South,Arkansas,Little Rock,Men's Athletic Footwear,24.0,81.0,194.0,95.0,Online,2021,4,2,48.96907216494845
Foot Locker,1185732,2021-12-10,West,Wyoming,Cheyenne,Women's Apparel,56.0,174.0,974.0,351.0,Online,2021,12,4,36.03696098562628
Amazon,1185732,2021-05-17,Northeast,New Hampshire,Manchester,Men's Athletic Footwear,60.0,300.0,18000.0,7200.0,In-store,2021,5,2,40.0
Sports Direct,1197831,2021-05-10,South,Tennessee,Knoxville,Men's Athletic Footwear,29.0,189.0,548.0,307.0,Online,2021,5,2,56.02189781021898
Foot Locker,1185732,2021-07-12,Midwest,Illinois,Chicago,Men's Street Footwear,50.0,550.0,27500.0,11000.0,Outlet,2021,7,3,40.0
Foot Locker,1185732,2021-03-16,South,Mississippi,Jackson,Men's Athletic Footwear,24.0,100.0,240.0,113.0,Online,2021,3,1,47.083333333333336
Foot Locker,1128299,2021-06-24,Southeast,Virginia,Richmond,Women's Street Footwear,80.0,650.0,52000.0,18200.0,In-store,2021,6,2,35.0
Foot Locker,1185732,2021-01-10,Northeast,Connecticut,Hartford,Women's Street Footwear,19.0,72.0,137.0,57.0,Outlet,2021,1,1,41.605839416058394
Walmart,1185732,2021-09-16,South,Mississippi,Jackson,Men's Street Footwear,40.0,232.0,928.0,408.0,Outlet,2021,9,3,43.96551724137931
Sports Direct,1128299,2021-12-23,Southeast,Virginia,Richmond,Men's Apparel,72.0,133.0,958.0,488.0,Online,2021,12,4,50.939457202505224
Foot Locker,1185732,2021-07-17,Midwest,Missouri,St. Louis,Women's Street Footwear,29.0,128.0,371.0,171.0,Online,2021,7,3,46.091644204851754
Amazon,1185732,2021-03-17,Northeast,New Hampshire,Manchester,Women's Street Footwear,32.0,105.0,336.0,114.0,Outlet,2021,3,1,33.92857142857143
Kohl's,1185732,2021-03-10,West,Wyoming,Cheyenne,Men's Street Footwear,38.0,246.0,935.0,561.0,Online,2021,3,1,60.0
Sports Direct,1185732,2021-12-16,South,Mississippi,Jackson,Women's Street Footwear,43.0,158.0,679.0,306.0,Outlet,2021,12,4,45.06627393225332
Walmart,1128299,2021-09-18,Southeast,Florida,Orlando,Men's Athletic Footwear,60.0,135.0,810.0,300.0,Online,2021,9,3,37.03703703703704
Sports Direct,1185732,2021-04-03,Southeast,North Carolina,Charlotte,Men's Apparel,42.0,131.0,550.0,275.0,Online,2021,4,2,50.0
Foot Locker,1185732,2021-02-08,Northeast,Rhode Island,Providence,Women's Athletic Footwear,30.0,50.0,1500.0,600.0,In-store,2021,2,1,40.0
Foot Locker,1185732,2021-04-12,Midwest,South Dakota,Sioux Falls,Men's Street Footwear,40.0,450.0,18000.0,6300.0,Online,2021,4,2,35.0
Amazon,1185732,2021-12-30,Northeast,Maine,Portland,Women's Athletic Footwear,45.0,125.0,5625.0,1688.0,Outlet,2021,12,4,30.00888888888889
Walmart,1185732,2021-07-16,South,Mississippi,Jackson,Women's Apparel,65.0,675.0,43875.0,21938.0,Online,2021,7,3,50.0011396011396
Walmart,1128299,2021-06-17,Southeast,Florida,Orlando,Women's Street Footwear,80.0,210.0,1680.0,722.0,Online,2021,6,2,42.97619047619048
Foot Locker,1128299,2021-05-25,Southeast,Virginia,Richmond,Men's Apparel,45.0,175.0,7875.0,3150.0,In-store,2021,5,2,40.0
Kohl's,1189833,2021-05-13,West,California,Los Angeles,Men's Street Footwear,36.0,256.0,922.0,433.0,Outlet,2021,5,2,46.963123644251624
Sports Direct,1185732,2021-08-14,Northeast,Massachusetts,Boston,Women's Street Footwear,45.0,275.0,12375.0,3094.0,In-store,2021,8,3,25.002020202020205
West Gear,1197831,2021-09-19,South,Oklahoma,Oklahoma City,Women's Street Footwear,12.0,91.0,109.0,46.0,Outlet,2021,9,3,42.201834862385326
Amazon,1185732,2021-02-22,West,Alaska,Anchorage,Women's Apparel,52.0,102.0,530.0,233.0,Online,2021,2,1,43.9622641509434
Foot Locker,1185732,2021-07-05,Southeast,South Carolina,Charleston,Women's Street Footwear,55.0,825.0,45375.0,11344.0,Online,2021,7,3,25.00055096418733
Sports Direct,1197831,2021-09-13,South,Texas,Dallas,Women's Athletic Footwear,29.0,192.0,557.0,273.0,Outlet,2021,9,3,49.012567324955114
Kohl's,1189833,2021-03-16,West,California,Los Angeles,Women's Athletic Footwear,34.0,179.0,609.0,250.0,Outlet,2021,3,1,41.050903119868636
Kohl's,1128299,2021-05-27,West,New Mexico,Albuquerque,Men's Athletic Footwear,58.0,111.0,644.0,328.0,Online,2021,5,2,50.931677018633536
Sports Direct,1128299,2021-05-14,Southeast,Georgia,Atlanta,Women's Street Footwear,55.0,425.0,23375.0,8181.0,Online,2021,5,2,34.99893048128342
Kohl's,1128299,2021-07-25,West,New Mexico,Albuquerque,Men's Apparel,40.0,160.0,640.0,205.0,Outlet,2021,7,3,32.03125
Foot Locker,1128299,2021-07-23,Southeast,Virginia,Richmond,Women's Apparel,82.0,186.0,1525.0,503.0,Outlet,2021,7,3,32.98360655737705
Sports Direct,1197831,2021-09-04,South,Texas,Dallas,Men's Street Footwear,19.0,195.0,371.0,185.0,Online,2021,9,3,49.865229110512125
Sports Direct,1185732,2021-09-13,Northeast,Massachusetts,Boston,Men's Street Footwear,55.0,450.0,24750.0,7425.0,In-store,2021,9,3,30.0
Sports Direct,1185732,2021-11-12,Midwest,South Dakota,Sioux Falls,Women's Apparel,65.0,250.0,16250.0,6500.0,Online,2021,11,4,40.0
Sports Direct,1197831,2021-10-04,West,Idaho,Boise,Women's Street Footwear,31.0,179.0,555.0,233.0,Outlet,2021,10,4,41.98198198198198
Foot Locker,1185732,2021-01-18,Midwest,Michigan,Detroit,Women's Apparel,30.0,425.0,12750.0,6375.0,In-store,2021,1,1,50.0
Sports Direct,1185732,2021-09-02,Southeast,North Carolina,Charlotte,Women's Athletic Footwear,28.0,150.0,420.0,210.0,Online,2021,9,3,50.0
Sports Direct,1197831,2021-11-05,West,Idaho,Boise,Men's Street Footwear,35.0,675.0,23625.0,9450.0,Online,2021,11,4,40.0
Foot Locker,1185732,2021-10-18,Midwest,Missouri,St. Louis,Women's Apparel,40.0,350.0,14000.0,7000.0,In-store,2021,10,4,50.0
Sports Direct,1185732,2021-09-03,Northeast,Connecticut,Hartford,Women's Street Footwear,45.0,200.0,9000.0,2700.0,In-store,2021,9,3,30.0
Sports Direct,1197831,2021-10-07,South,Alabama,Birmingham,Men's Athletic Footwear,58.0,225.0,1305.0,835.0,Online,2021,10,4,63.984674329501914
Sports Direct,1185732,2021-10-05,Northeast,Connecticut,Hartford,Women's Street Footwear,55.0,175.0,9625.0,2888.0,In-store,2021,10,4,30.005194805194808
Foot Locker,1128299,2021-02-10,West,Alaska,Anchorage,Men's Athletic Footwear,45.0,375.0,16875.0,3375.0,Outlet,2021,2,1,20.0
Kohl's,1128299,2021-08-26,West,New Mexico,Albuquerque,Men's Athletic Footwear,60.0,176.0,1056.0,549.0,Online,2021,8,3,51.98863636363637
Foot Locker,1185732,2021-04-14,Northeast,Delaware,Wilmington,Men's Athletic Footwear,38.0,61.0,232.0,109.0,Online,2021,4,2,46.98275862068966
Sports Direct,1128299,2021-02-13,West,New Mexico,Albuquerque,Women's Street Footwear,37.0,104.0,385.0,192.0,Online,2021,2,1,49.87012987012987
West Gear,1185732,2021-12-09,Midwest,Indiana,Indianapolis,Women's Athletic Footwear,50.0,300.0,15000.0,5250.0,In-store,2021,12,4,35.0
Foot Locker,1128299,2021-11-23,West,Arizona,Phoenix,Women's Apparel,55.0,111.0,611.0,226.0,Online,2021,11,4,36.98854337152209
Amazon,1185732,2021-03-10,Northeast,Vermont,Burlington,Men's Apparel,36.0,56.0,202.0,79.0,Outlet,2021,3,1,39.10891089108911
Sports Direct,1185732,2021-08-16,Midwest,Michigan,Detroit,Men's Street Footwear,55.0,263.0,1447.0,926.0,Online,2021,8,3,63.994471319972355
Sports Direct,1185732,2021-08-16,Midwest,Michigan,Detroit,Men's Apparel,42.0,135.0,567.0,301.0,Online,2021,8,3,53.086419753086425
Kohl's,1197831,2021-05-12,Midwest,Kansas,Wichita,Men's Street Footwear,40.0,570.0,22800.0,7980.0,Online,2021,5,2,35.0
Sports Direct,1185732,2021-02-17,Southeast,Virginia,Richmond,Men's Street Footwear,34.0,200.0,680.0,428.0,Online,2021,2,1,62.94117647058823
Sports Direct,1197831,2021-04-10,South,Tennessee,Knoxville,Men's Athletic Footwear,42.0,202.0,848.0,433.0,Online,2021,4,2,51.061320754716974
Kohl's,1197831,2021-02-14,South,Oklahoma,Oklahoma City,Women's Street Footwear,14.0,75.0,105.0,51.0,Online,2021,2,1,48.57142857142857
West Gear,1185732,2021-11-09,Northeast,New York,Albany,Women's Street Footwear,45.0,147.0,662.0,238.0,Online,2021,11,4,35.95166163141994
West Gear,1185732,2021-03-10,West,Utah,Salt Lake City,Women's Apparel,21.0,140.0,294.0,168.0,Outlet,2021,3,1,57.14285714285714
Kohl's,1189833,2021-04-12,West,California,Los Angeles,Women's Apparel,49.0,198.0,970.0,262.0,Outlet,2021,4,2,27.010309278350515
Kohl's,1128299,2021-08-26,West,New Mexico,Albuquerque,Women's Athletic Footwear,60.0,475.0,28500.0,9975.0,Online,2021,8,3,35.0
West Gear,1128299,2021-04-17,South,Louisiana,New Orleans,Men's Apparel,45.0,175.0,7875.0,3544.0,In-store,2021,4,2,45.0031746031746
Sports Direct,1128299,2021-02-17,Southeast,Florida,Orlando,Women's Apparel,33.0,124.0,409.0,209.0,Outlet,2021,2,1,51.1002444987775
Sports Direct,1197831,2021-04-12,South,Tennessee,Knoxville,Women's Athletic Footwear,29.0,198.0,574.0,322.0,Outlet,2021,4,2,56.09756097560976
West Gear,1185732,2021-11-11,West,Utah,Salt Lake City,Men's Apparel,39.0,91.0,355.0,174.0,Online,2021,11,4,49.014084507042256
Sports Direct,1185732,2021-08-14,Northeast,Massachusetts,Boston,Women's Athletic Footwear,45.0,175.0,7875.0,1969.0,In-store,2021,8,3,25.003174603174607
Foot Locker,1185732,2021-12-24,Northeast,Pennsylvania,Philadelphia,Women's Athletic Footwear,56.0,44.0,246.0,126.0,Online,2021,12,4,51.21951219512195
Foot Locker,1185732,2021-09-07,Midwest,Iowa,Des Moines,Men's Apparel,34.0,45.0,153.0,93.0,Online,2021,9,3,60.78431372549019
West Gear,1185732,2021-05-12,West,Utah,Salt Lake City,Men's Athletic Footwear,22.0,128.0,282.0,118.0,Outlet,2021,5,2,41.843971631205676
Foot Locker,1185732,2021-03-11,Midwest,South Dakota,Sioux Falls,Men's Apparel,47.0,31.0,146.0,73.0,Online,2021,3,1,50.0
Amazon,1185732,2021-08-18,Northeast,New Hampshire,Manchester,Women's Street Footwear,39.0,113.0,441.0,154.0,Outlet,2021,8,3,34.92063492063492
Foot Locker,1128299,2021-12-23,Southeast,Virginia,Richmond,Men's Street Footwear,65.0,750.0,48750.0,17063.0,In-store,2021,12,4,35.00102564102564
Sports Direct,1197831,2021-05-09,South,Tennessee,Knoxville,Men's Street Footwear,24.0,203.0,487.0,234.0,Outlet,2021,5,2,48.04928131416838
Foot Locker,1185732,2021-07-17,Midwest,Missouri,St. Louis,Men's Street Footwear,36.0,203.0,731.0,402.0,Online,2021,7,3,54.99316005471956
West Gear,1128299,2021-01-17,West,Oregon,Portland,Women's Apparel,45.0,450.0,20250.0,7088.0,In-store,2021,1,1,35.002469135802464
Foot Locker,1185732,2021-09-05,Southeast,South Carolina,Charleston,Men's Athletic Footwear,48.0,223.0,1070.0,514.0,Online,2021,9,3,48.03738317757009
Foot Locker,1185732,2021-06-03,Midwest,Nebraska,Omaha,Men's Athletic Footwear,40.0,100.0,4000.0,1400.0,Outlet,2021,6,2,35.0
Amazon,1185732,2021-11-21,West,Alaska,Anchorage,Women's Apparel,80.0,375.0,30000.0,9000.0,Outlet,2021,11,4,30.0
Sports Direct,1128299,2021-05-14,Southeast,Georgia,Atlanta,Women's Apparel,70.0,400.0,28000.0,7000.0,Online,2021,5,2,25.0
Foot Locker,1185732,2021-03-16,South,Mississippi,Jackson,Women's Athletic Footwear,15.0,85.0,128.0,57.0,Outlet,2021,3,1,44.53125
West Gear,1197831,2021-12-19,South,Arkansas,Little Rock,Men's Apparel,64.0,112.0,717.0,351.0,Online,2021,12,4,48.95397489539749
West Gear,1128299,2021-08-24,West,Oregon,Portland,Women's Athletic Footwear,50.0,128.0,640.0,243.0,Outlet,2021,8,3,37.96875
Kohl's,1189833,2021-01-12,Midwest,Montana,Billings,Women's Athletic Footwear,44.0,91.0,400.0,212.0,Online,2021,1,1,53.0
Amazon,1185732,2021-10-12,Northeast,Vermont,Burlington,Men's Street Footwear,44.0,157.0,691.0,325.0,Outlet,2021,10,4,47.03328509406657
Walmart,1197831,2021-06-21,South,Arkansas,Little Rock,Women's Apparel,54.0,160.0,864.0,467.0,Online,2021,6,2,54.05092592592593
Sports Direct,1128299,2021-04-13,Southeast,Georgia,Atlanta,Men's Athletic Footwear,55.0,325.0,17875.0,7150.0,Online,2021,4,2,40.0
West Gear,1185732,2021-11-06,Midwest,Iowa,Des Moines,Women's Apparel,59.0,72.0,425.0,221.0,Online,2021,11,4,52.0
Sports Direct,1197831,2021-09-23,South,Alabama,Birmingham,Women's Apparel,37.0,150.0,555.0,427.0,Online,2021,9,3,76.93693693693695
Kohl's,1197831,2021-01-16,South,Oklahoma,Oklahoma City,Men's Apparel,33.0,65.0,215.0,103.0,Online,2021,1,1,47.906976744186046
Sports Direct,1185732,2021-12-05,Southeast,South Carolina,Charleston,Women's Apparel,75.0,875.0,65625.0,32813.0,Online,2021,12,4,50.0007619047619
West Gear,1128299,2021-09-25,West,Oregon,Portland,Men's Athletic Footwear,55.0,450.0,24750.0,8663.0,In-store,2021,9,3,35.0020202020202
West Gear,1128299,2021-09-25,West,Oregon,Portland,Women's Apparel,41.0,73.0,299.0,126.0,Online,2021,9,3,42.14046822742475
Sports Direct,1128299,2021-06-13,Southeast,Georgia,Atlanta,Men's Street Footwear,46.0,176.0,810.0,429.0,Online,2021,6,2,52.96296296296297
West Gear,1185732,2021-02-10,Northeast,New York,Albany,Men's Apparel,55.0,550.0,30250.0,10588.0,In-store,2021,2,1,35.001652892561985
West Gear,1185732,2021-02-10,Southeast,Florida,Orlando,Men's Street Footwear,36.0,288.0,1037.0,487.0,Outlet,2021,2,1,46.962391513982645
Amazon,1185732,2021-04-10,Midwest,Ohio,Columbus,Men's Street Footwear,30.0,725.0,21750.0,8700.0,Online,2021,4,2,40.0
Walmart,1185732,2021-08-17,South,Mississippi,Jackson,Men's Apparel,50.0,450.0,22500.0,7875.0,Online,2021,8,3,35.0
Kohl's,1197831,2021-02-14,Midwest,Kansas,Wichita,Women's Athletic Footwear,20.0,150.0,3000.0,1050.0,Online,2021,2,1,35.0
Foot Locker,1185732,2021-05-13,Midwest,South Dakota,Sioux Falls,Women's Athletic Footwear,45.0,100.0,4500.0,1350.0,Online,2021,5,2,30.0
Kohl's,1185732,2021-08-11,West,Wyoming,Cheyenne,Men's Apparel,47.0,140.0,658.0,270.0,Online,2021,8,3,41.03343465045592
Sports Direct,1185732,2021-09-03,Northeast,Connecticut,Hartford,Women's Street Footwear,41.0,60.0,246.0,108.0,Online,2021,9,3,43.90243902439025
Walmart,1128299,2021-10-10,West,Hawaii,Honolulu,Men's Athletic Footwear,61.0,138.0,842.0,253.0,Online,2021,10,4,30.04750593824228
Walmart,1185732,2021-09-16,South,Mississippi,Jackson,Men's Athletic Footwear,33.0,158.0,521.0,214.0,Outlet,2021,9,3,41.074856046065264
West Gear,1185732,2021-08-17,Northeast,West Virginia,Charleston,Women's Athletic Footwear,40.0,275.0,11000.0,4400.0,In-store,2021,8,3,40.0
Foot Locker,1185732,2021-02-12,Midwest,South Dakota,Sioux Falls,Women's Athletic Footwear,33.0,25.0,83.0,36.0,Online,2021,2,1,43.373493975903614
Amazon,1185732,2021-06-22,West,Alaska,Anchorage,Men's Street Footwear,59.0,189.0,1115.0,513.0,Online,2021,6,2,46.00896860986547
Amazon,1185732,2021-11-14,Northeast,Massachusetts,Boston,Women's Apparel,70.0,350.0,24500.0,7350.0,In-store,2021,11,4,30.0
Kohl's,1185732,2021-11-14,Northeast,Delaware,Wilmington,Women's Apparel,70.0,375.0,26250.0,10500.0,In-store,2021,11,4,40.0
Sports Direct,1185732,2021-07-08,Midwest,North Dakota,Fargo,Men's Street Footwear,48.0,160.0,768.0,376.0,Online,2021,7,3,48.95833333333333
Sports Direct,1185732,2021-05-03,Northeast,Connecticut,Hartford,Women's Apparel,60.0,375.0,22500.0,7875.0,In-store,2021,5,2,35.0
West Gear,1185732,2021-02-17,Northeast,West Virginia,Charleston,Men's Apparel,48.0,65.0,312.0,165.0,Online,2021,2,1,52.88461538461539
Sports Direct,1197831,2021-10-16,South,Texas,Dallas,Men's Street Footwear,59.0,223.0,1316.0,710.0,Online,2021,10,4,53.951367781155014
Sports Direct,1185732,2021-05-02,Southeast,North Carolina,Charlotte,Men's Apparel,50.0,600.0,30000.0,10500.0,Online,2021,5,2,35.0
West Gear,1185732,2021-07-10,West,Utah,Salt Lake City,Women's Street Footwear,24.0,138.0,331.0,159.0,Online,2021,7,3,48.036253776435046
West Gear,1185732,2021-05-04,Midwest,Wisconsin,Milwaukee,Women's Street Footwear,35.0,175.0,6125.0,1838.0,In-store,2021,5,2,30.00816326530612
Sports Direct,1185732,2021-07-13,Northeast,Massachusetts,Boston,Women's Street Footwear,32.0,88.0,282.0,84.0,Outlet,2021,7,3,29.78723404255319
Sports Direct,1197831,2021-11-05,West,Idaho,Boise,Men's Street Footwear,27.0,203.0,548.0,252.0,Outlet,2021,11,4,45.98540145985402
West Gear,1185732,2021-12-09,Midwest,Ohio,Columbus,Men's Apparel,68.0,142.0,966.0,473.0,Online,2021,12,4,48.9648033126294
Sports Direct,1197831,2021-08-26,South,Texas,Dallas,Women's Athletic Footwear,26.0,140.0,364.0,171.0,Outlet,2021,8,3,46.97802197802198
Sports Direct,1185732,2021-10-15,Northeast,Massachusetts,Boston,Women's Street Footwear,53.0,34.0,180.0,63.0,Online,2021,10,4,35.0
West Gear,1185732,2021-10-17,Northeast,West Virginia,Charleston,Women's Street Footwear,33.0,44.0,145.0,77.0,Online,2021,10,4,53.103448275862064
Foot Locker,1185732,2021-09-06,Northeast,Rhode Island,Providence,Men's Apparel,47.0,27.0,127.0,52.0,Online,2021,9,3,40.94488188976378
Sports Direct,1185732,2021-07-20,Northeast,Maryland,Baltimore,Women's Street Footwear,37.0,60.0,222.0,109.0,Online,2021,7,3,49.0990990990991
Sports Direct,1197831,2021-04-16,South,Tennessee,Knoxville,Men's Athletic Footwear,43.0,206.0,886.0,514.0,Online,2021,4,2,58.013544018058695
West Gear,1128299,2021-02-17,West,Oregon,Portland,Men's Street Footwear,33.0,140.0,462.0,245.0,Online,2021,2,1,53.03030303030303
Foot Locker,1128299,2021-06-24,Southeast,Virginia,Richmond,Men's Apparel,68.0,128.0,870.0,400.0,Outlet,2021,6,2,45.97701149425287
Sports Direct,1197831,2021-09-20,South,Alabama,Birmingham,Women's Street Footwear,60.0,625.0,37500.0,18750.0,Outlet,2021,9,3,50.0
Sports Direct,1197831,2021-09-21,South,Alabama,Birmingham,Women's Athletic Footwear,60.0,350.0,21000.0,12600.0,Outlet,2021,9,3,60.0
Sports Direct,1185732,2021-10-04,Southeast,North Carolina,Charlotte,Men's Street Footwear,45.0,875.0,39375.0,15750.0,Online,2021,10,4,40.0
Foot Locker,1185732,2021-01-06,Midwest,North Dakota,Fargo,Women's Athletic Footwear,24.0,26.0,62.0,28.0,Online,2021,1,1,45.16129032258064
Amazon,1185732,2021-07-17,Northeast,New Hampshire,Manchester,Men's Athletic Footwear,55.0,131.0,721.0,360.0,Online,2021,7,3,49.930651872399444
Sports Direct,1128299,2021-11-13,Southeast,Georgia,Atlanta,Women's Street Footwear,39.0,145.0,566.0,226.0,Outlet,2021,11,4,39.92932862190813
Sports Direct,1185732,2021-09-15,Midwest,Michigan,Detroit,Men's Apparel,41.0,128.0,525.0,262.0,Online,2021,9,3,49.904761904761905
West Gear,1185732,2021-08-03,Midwest,Wisconsin,Milwaukee,Women's Street Footwear,40.0,225.0,9000.0,2700.0,In-store,2021,8,3,30.0
Foot Locker,1128299,2021-06-10,West,Hawaii,Honolulu,Men's Apparel,85.0,350.0,29750.0,4463.0,Outlet,2021,6,2,15.001680672268908
Kohl's,1185732,2021-07-10,West,Wyoming,Cheyenne,Men's Street Footwear,48.0,228.0,1094.0,700.0,Online,2021,7,3,63.98537477148081
West Gear,1185732,2021-08-17,Northeast,West Virginia,Charleston,Women's Apparel,54.0,115.0,621.0,335.0,Online,2021,8,3,53.945249597423505
Foot Locker,1185732,2021-11-03,Northeast,Pennsylvania,Philadelphia,Men's Street Footwear,49.0,120.0,588.0,412.0,Online,2021,11,4,70.06802721088435
Sports Direct,1197831,2021-10-03,South,Texas,Dallas,Women's Apparel,48.0,203.0,974.0,682.0,Online,2021,10,4,70.02053388090349
West Gear,1128299,2021-04-24,West,Oregon,Portland,Men's Athletic Footwear,39.0,88.0,343.0,141.0,Outlet,2021,4,2,41.10787172011662
Foot Locker,1128299,2021-05-25,Southeast,Virginia,Richmond,Women's Athletic Footwear,47.0,69.0,324.0,162.0,Online,2021,5,2,50.0
Sports Direct,1185732,2021-01-09,Midwest,South Dakota,Sioux Falls,Men's Apparel,45.0,175.0,7875.0,2756.0,Online,2021,1,1,34.9968253968254
Sports Direct,1185732,2021-09-02,Southeast,North Carolina,Charlotte,Women's Street Footwear,30.0,625.0,18750.0,7500.0,Online,2021,9,3,40.0
West Gear,1197831,2021-07-19,South,Oklahoma,Oklahoma City,Men's Apparel,43.0,116.0,499.0,205.0,Outlet,2021,7,3,41.08216432865731
Sports Direct,1128299,2021-03-16,Southeast,Florida,Orlando,Women's Street Footwear,65.0,425.0,27625.0,8288.0,Outlet,2021,3,1,30.00180995475113
Amazon,1185732,2021-05-20,West,Alaska,Anchorage,Men's Street Footwear,65.0,570.0,37050.0,12968.0,Outlet,2021,5,2,35.00134952766531
Kohl's,1189833,2021-02-03,Midwest,Montana,Billings,Men's Athletic Footwear,45.0,600.0,27000.0,8100.0,Outlet,2021,2,1,30.0
Kohl's,1189833,2021-04-19,West,California,Los Angeles,Men's Street Footwear,36.0,297.0,1069.0,470.0,Outlet,2021,4,2,43.96632366697848
Sports Direct,1197831,2021-10-05,South,Texas,Dallas,Men's Athletic Footwear,40.0,625.0,25000.0,10000.0,Outlet,2021,10,4,40.0
Amazon,1185732,2021-09-23,Southeast,Kentucky,Louisville,Women's Apparel,49.0,74.0,363.0,189.0,Online,2021,9,3,52.066115702479344
West Gear,1128299,2021-02-16,West,California,San Francisco,Women's Apparel,67.0,208.0,1394.0,321.0,Online,2021,2,1,23.02725968436155
Foot Locker,1185732,2021-06-10,Midwest,Nebraska,Omaha,Women's Street Footwear,25.0,75.0,1875.0,656.0,Outlet,2021,6,2,34.986666666666665
West Gear,1128299,2021-10-24,West,Oregon,Portland,Women's Athletic Footwear,34.0,114.0,388.0,151.0,Outlet,2021,10,4,38.91752577319588
Foot Locker,1185732,2021-11-17,Northeast,West Virginia,Charleston,Men's Athletic Footwear,33.0,95.0,314.0,166.0,Online,2021,11,4,52.86624203821656
Sports Direct,1185732,2021-08-16,Midwest,Michigan,Detroit,Men's Apparel,45.0,500.0,22500.0,9000.0,In-store,2021,8,3,40.0
Sports Direct,1185732,2021-04-04,Northeast,Connecticut,Hartford,Women's Athletic Footwear,35.0,125.0,4375.0,1313.0,In-store,2021,4,2,30.01142857142857
Foot Locker,1128299,2021-06-23,West,Arizona,Phoenix,Women's Apparel,46.0,158.0,727.0,225.0,Outlet,2021,6,2,30.949105914718018
West Gear,1185732,2021-07-16,Northeast,West Virginia,Charleston,Men's Athletic Footwear,55.0,400.0,22000.0,8800.0,In-store,2021,7,3,40.0
Sports Direct,1185732,2021-10-15,Northeast,Massachusetts,Boston,Men's Apparel,51.0,34.0,173.0,49.0,Outlet,2021,10,4,28.32369942196532
Foot Locker,1128299,2021-07-22,West,Arizona,Phoenix,Women's Athletic Footwear,50.0,375.0,18750.0,6563.0,Online,2021,7,3,35.00266666666666
Kohl's,1197831,2021-08-13,Midwest,Kansas,Wichita,Men's Athletic Footwear,55.0,425.0,23375.0,8181.0,Online,2021,8,3,34.99893048128342
Sports Direct,1185732,2021-12-16,South,Mississippi,Jackson,Women's Apparel,75.0,575.0,43125.0,21563.0,Online,2021,12,4,50.00115942028985
West Gear,1185732,2021-11-09,Northeast,New York,Albany,Women's Apparel,70.0,650.0,45500.0,22750.0,In-store,2021,11,4,50.0
Foot Locker,1128299,2021-07-23,Southeast,Virginia,Richmond,Women's Street Footwear,62.0,208.0,1290.0,490.0,Outlet,2021,7,3,37.98449612403101
Kohl's,1128299,2021-10-26,West,New Mexico,Albuquerque,Women's Apparel,57.0,131.0,747.0,231.0,Outlet,2021,10,4,30.923694779116467
Sports Direct,1197831,2021-05-02,South,Tennessee,Knoxville,Women's Apparel,30.0,219.0,657.0,407.0,Outlet,2021,5,2,61.948249619482496
West Gear,1128299,2021-01-16,West,California,San Francisco,Men's Apparel,65.0,775.0,50375.0,25188.0,Outlet,2021,1,1,50.00099255583127
Sports Direct,1185732,2021-02-15,Northeast,Massachusetts,Boston,Men's Apparel,50.0,150.0,7500.0,1875.0,In-store,2021,2,1,25.0
Foot Locker,1185732,2021-06-06,Midwest,Illinois,Chicago,Men's Street Footwear,45.0,525.0,23625.0,9450.0,Outlet,2021,6,2,40.0
Sports Direct,1197831,2021-05-18,South,Tennessee,Knoxville,Women's Athletic Footwear,60.0,550.0,33000.0,18150.0,Outlet,2021,5,2,55.00000000000001
Sports Direct,1185732,2021-03-08,Midwest,North Dakota,Fargo,Women's Apparel,30.0,225.0,6750.0,2700.0,Online,2021,3,1,40.0
Foot Locker,1185732,2021-11-04,Northeast,Connecticut,Hartford,Women's Street Footwear,55.0,295.0,16225.0,4868.0,In-store,2021,11,4,30.003081664098612
Sports Direct,1128299,2021-08-13,Southeast,Georgia,Atlanta,Men's Street Footwear,39.0,209.0,815.0,375.0,Outlet,2021,8,3,46.012269938650306
Sports Direct,1197831,2021-03-24,South,Tennessee,Knoxville,Women's Street Footwear,30.0,475.0,14250.0,5700.0,Outlet,2021,3,1,40.0
Sports Direct,1185732,2021-10-15,Northeast,Massachusetts,Boston,Men's Athletic Footwear,37.0,68.0,252.0,88.0,Outlet,2021,10,4,34.92063492063492
Sports Direct,1128299,2021-12-25,West,New Mexico,Albuquerque,Women's Street Footwear,59.0,130.0,767.0,376.0,Online,2021,12,4,49.02216427640156
Walmart,1128299,2021-07-16,Southeast,Florida,Orlando,Men's Street Footwear,90.0,900.0,81000.0,24300.0,In-store,2021,7,3,30.0
Walmart,1197831,2021-08-20,South,Arkansas,Little Rock,Men's Athletic Footwear,42.0,163.0,685.0,267.0,Outlet,2021,8,3,38.97810218978102
Kohl's,1197831,2021-02-14,South,Oklahoma,Oklahoma City,Men's Street Footwear,18.0,204.0,367.0,147.0,Outlet,2021,2,1,40.05449591280654
Kohl's,1185732,2021-03-06,Northeast,New Jersey,Newark,Women's Athletic Footwear,30.0,75.0,2250.0,900.0,In-store,2021,3,1,40.0
Foot Locker,1185732,2021-11-17,Northeast,West Virginia,Charleston,Men's Street Footwear,44.0,117.0,515.0,268.0,Online,2021,11,4,52.038834951456316
Amazon,1185732,2021-05-20,West,Alaska,Anchorage,Women's Athletic Footwear,55.0,250.0,13750.0,3438.0,Outlet,2021,5,2,25.00363636363636
West Gear,1185732,2021-02-10,Midwest,Indiana,Indianapolis,Men's Apparel,41.0,58.0,238.0,105.0,Online,2021,2,1,44.11764705882353
Sports Direct,1128299,2021-10-13,Southeast,Georgia,Atlanta,Women's Street Footwear,42.0,105.0,441.0,207.0,Online,2021,10,4,46.93877551020408
West Gear,1197831,2021-02-21,South,Oklahoma,Oklahoma City,Men's Apparel,35.0,250.0,8750.0,3063.0,Online,2021,2,1,35.005714285714284
Walmart,1128299,2021-11-17,Southeast,Florida,Orlando,Women's Apparel,66.0,198.0,1307.0,653.0,Outlet,2021,11,4,49.96174445294568
West Gear,1128299,2021-04-24,West,Oregon,Portland,Women's Athletic Footwear,41.0,63.0,258.0,129.0,Online,2021,4,2,50.0
West Gear,1185732,2021-12-02,Midwest,Wisconsin,Milwaukee,Men's Apparel,57.0,73.0,416.0,250.0,Online,2021,12,4,60.09615384615385
Sports Direct,1128299,2021-12-25,West,New Mexico,Albuquerque,Women's Street Footwear,44.0,150.0,660.0,271.0,Outlet,2021,12,4,41.060606060606055
Foot Locker,1185732,2021-08-18,Midwest,Missouri,St. Louis,Men's Athletic Footwear,40.0,475.0,19000.0,6650.0,In-store,2021,8,3,35.0
Sports Direct,1185732,2021-10-15,Northeast,Massachusetts,Boston,Men's Street Footwear,57.0,120.0,684.0,308.0,Online,2021,10,4,45.02923976608187
Foot Locker,1185732,2021-06-07,Midwest,Illinois,Chicago,Men's Athletic Footwear,43.0,51.0,219.0,103.0,Online,2021,6,2,47.03196347031963
Walmart,1128299,2021-12-09,West,Hawaii,Honolulu,Men's Street Footwear,75.0,700.0,52500.0,13125.0,Outlet,2021,12,4,25.0
West Gear,1128299,2021-06-24,West,Oregon,Portland,Men's Apparel,90.0,400.0,36000.0,14400.0,In-store,2021,6,2,40.0
West Gear,1128299,2021-01-09,West,California,San Francisco,Women's Athletic Footwear,59.0,210.0,1239.0,607.0,Online,2021,1,1,48.991121872477805
Amazon,1185732,2021-01-14,Northeast,Massachusetts,Boston,Women's Street Footwear,27.0,101.0,273.0,109.0,Outlet,2021,1,1,39.92673992673993
Foot Locker,1185732,2021-06-18,Midwest,Missouri,St. Louis,Men's Athletic Footwear,27.0,91.0,246.0,113.0,Online,2021,6,2,45.9349593495935
West Gear,1185732,2021-06-10,Northeast,New York,Albany,Women's Street Footwear,48.0,150.0,720.0,274.0,Online,2021,6,2,38.05555555555556
Kohl's,1185732,2021-06-08,Northeast,New Jersey,Newark,Women's Athletic Footwear,39.0,65.0,254.0,137.0,Online,2021,6,2,53.937007874015755
Kohl's,1128299,2021-08-26,West,New Mexico,Albuquerque,Men's Apparel,70.0,475.0,33250.0,9975.0,Online,2021,8,3,30.0
Foot Locker,1128299,2021-02-23,West,Arizona,Phoenix,Women's Athletic Footwear,26.0,68.0,177.0,74.0,Outlet,2021,2,1,41.80790960451977
West Gear,1128299,2021-06-24,West,Oregon,Portland,Men's Athletic Footwear,65.0,650.0,42250.0,14788.0,In-store,2021,6,2,35.00118343195267
Foot Locker,1128299,2021-07-23,Southeast,Virginia,Richmond,Men's Street Footwear,85.0,850.0,72250.0,25288.0,In-store,2021,7,3,35.00069204152249
Sports Direct,1185732,2021-06-05,Northeast,Connecticut,Hartford,Women's Apparel,39.0,128.0,499.0,195.0,Outlet,2021,6,2,39.078156312625254
West Gear,1197831,2021-04-05,West,Idaho,Boise,Men's Street Footwear,19.0,195.0,371.0,174.0,Online,2021,4,2,46.900269541778975
Foot Locker,1185732,2021-06-11,Midwest,Nebraska,Omaha,Women's Athletic Footwear,27.0,0.0,0.0,0.0,Online,2021,6,2,0.0
Kohl's,1128299,2021-07-25,West,New Mexico,Albuquerque,Women's Apparel,69.0,140.0,966.0,367.0,Online,2021,7,3,37.99171842650104
West Gear,1185732,2021-03-20,Northeast,Maryland,Baltimore,Women's Apparel,35.0,175.0,6125.0,1838.0,In-store,2021,3,1,30.00816326530612
West Gear,1185732,2021-01-10,Midwest,Wisconsin,Milwaukee,Men's Athletic Footwear,32.0,78.0,250.0,127.0,Online,2021,1,1,50.8
West Gear,1197831,2021-09-19,South,Oklahoma,Oklahoma City,Women's Athletic Footwear,15.0,250.0,3750.0,1500.0,Online,2021,9,3,40.0
Sports Direct,1197831,2021-08-17,South,Texas,Dallas,Men's Street Footwear,25.0,675.0,16875.0,5063.0,Outlet,2021,8,3,30.002962962962965
Foot Locker,1185732,2021-09-13,Midwest,South Dakota,Sioux Falls,Men's Athletic Footwear,40.0,275.0,11000.0,3300.0,Online,2021,9,3,30.0
West Gear,1128299,2021-10-24,West,Oregon,Portland,Men's Athletic Footwear,50.0,142.0,710.0,327.0,Online,2021,10,4,46.056338028169016
Kohl's,1128299,2021-04-26,West,New Mexico,Albuquerque,Men's Street Footwear,55.0,550.0,30250.0,10588.0,Online,2021,4,2,35.001652892561985
Foot Locker,1185732,2021-11-30,Northeast,Pennsylvania,Philadelphia,Women's Athletic Footwear,39.0,56.0,218.0,103.0,Outlet,2021,11,4,47.24770642201835
West Gear,1128299,2021-01-20,West,California,San Francisco,Women's Street Footwear,51.0,248.0,1265.0,493.0,Outlet,2021,1,1,38.97233201581028
Kohl's,1185732,2021-09-06,Northeast,New Jersey,Newark,Women's Apparel,50.0,73.0,365.0,193.0,Online,2021,9,3,52.87671232876713
West Gear,1185732,2021-12-10,West,Utah,Salt Lake City,Men's Street Footwear,29.0,231.0,670.0,308.0,Outlet,2021,12,4,45.97014925373134
Amazon,1185732,2021-03-17,Northeast,New Hampshire,Manchester,Women's Athletic Footwear,33.0,45.0,149.0,55.0,Outlet,2021,3,1,36.91275167785235
Foot Locker,1185732,2021-05-13,Midwest,South Dakota,Sioux Falls,Men's Street Footwear,60.0,495.0,29700.0,10395.0,Online,2021,5,2,35.0
West Gear,1185732,2021-12-02,Midwest,Wisconsin,Milwaukee,Men's Athletic Footwear,50.0,350.0,17500.0,6125.0,In-store,2021,12,4,35.0
Kohl's,1189833,2021-05-17,West,California,Los Angeles,Men's Apparel,56.0,174.0,974.0,663.0,Online,2021,5,2,68.06981519507187
Foot Locker,1185732,2021-05-13,Midwest,South Dakota,Sioux Falls,Men's Apparel,55.0,125.0,6875.0,2406.0,Online,2021,5,2,34.99636363636364
Foot Locker,1185732,2021-02-08,Northeast,Rhode Island,Providence,Men's Apparel,45.0,125.0,5625.0,1688.0,In-store,2021,2,1,30.00888888888889
Foot Locker,1185732,2021-06-14,Midwest,Illinois,Chicago,Women's Street Footwear,37.0,68.0,252.0,113.0,Online,2021,6,2,44.84126984126984
Sports Direct,1185732,2021-03-15,Midwest,Michigan,Detroit,Women's Street Footwear,25.0,124.0,310.0,124.0,Online,2021,3,1,40.0
Foot Locker,1185732,2021-12-22,Northeast,Pennsylvania,Philadelphia,Men's Athletic Footwear,43.0,68.0,292.0,123.0,Outlet,2021,12,4,42.12328767123288
Sports Direct,1197831,2021-11-05,West,Idaho,Boise,Women's Street Footwear,60.0,600.0,36000.0,14400.0,Online,2021,11,4,40.0
Sports Direct,1128299,2021-01-17,West,Hawaii,Honolulu,Men's Athletic Footwear,48.0,123.0,590.0,207.0,Online,2021,1,1,35.08474576271187
Amazon,1185732,2021-09-23,Southeast,Kentucky,Louisville,Men's Athletic Footwear,45.0,325.0,14625.0,5119.0,Online,2021,9,3,35.001709401709405
Foot Locker,1185732,2021-01-10,Northeast,Connecticut,Hartford,Women's Athletic Footwear,29.0,20.0,58.0,31.0,Online,2021,1,1,53.44827586206896
West Gear,1197831,2021-12-19,South,Arkansas,Little Rock,Men's Athletic Footwear,46.0,155.0,713.0,285.0,Outlet,2021,12,4,39.97194950911641
Amazon,1185732,2021-02-19,Northeast,Vermont,Burlington,Women's Street Footwear,40.0,300.0,12000.0,3600.0,In-store,2021,2,1,30.0
Foot Locker,1185732,2021-12-24,Northeast,Pennsylvania,Philadelphia,Women's Athletic Footwear,60.0,175.0,10500.0,4200.0,Outlet,2021,12,4,40.0
Foot Locker,1185732,2021-11-21,Northeast,Maryland,Baltimore,Men's Athletic Footwear,45.0,51.0,230.0,108.0,Online,2021,11,4,46.95652173913044
Foot Locker,1185732,2021-12-28,Northeast,Pennsylvania,Philadelphia,Men's Athletic Footwear,60.0,275.0,16500.0,5775.0,Outlet,2021,12,4,35.0
West Gear,1185732,2021-08-09,Northeast,New York,Albany,Women's Street Footwear,51.0,188.0,959.0,345.0,Online,2021,8,3,35.97497393117831
Foot Locker,1185732,2021-07-01,Midwest,Nebraska,Omaha,Women's Apparel,50.0,350.0,17500.0,8750.0,Outlet,2021,7,3,50.0
Sports Direct,1197831,2021-05-16,South,Tennessee,Knoxville,Men's Athletic Footwear,55.0,800.0,44000.0,19800.0,Outlet,2021,5,2,45.0
Foot Locker,1185732,2021-04-07,Northeast,Rhode Island,Providence,Women's Street Footwear,24.0,36.0,86.0,45.0,Online,2021,4,2,52.32558139534884
Foot Locker,1185732,2021-02-08,Northeast,Connecticut,Hartford,Men's Street Footwear,35.0,475.0,16625.0,5819.0,In-store,2021,2,1,35.001503759398496
Sports Direct,1197831,2021-04-06,South,Tennessee,Knoxville,Women's Athletic Footwear,27.0,142.0,383.0,230.0,Online,2021,4,2,60.052219321148826
Foot Locker,1128299,2021-12-22,West,Arizona,Phoenix,Men's Street Footwear,44.0,181.0,796.0,366.0,Online,2021,12,4,45.97989949748744
Foot Locker,1185732,2021-12-21,Southeast,Kentucky,Louisville,Men's Athletic Footwear,55.0,325.0,17875.0,6256.0,Online,2021,12,4,34.998601398601394
Foot Locker,1128299,2021-03-23,Southeast,Virginia,Richmond,Women's Street Footwear,43.0,112.0,482.0,197.0,Outlet,2021,3,1,40.871369294605806
Kohl's,1189833,2021-05-04,West,California,Los Angeles,Women's Athletic Footwear,36.0,223.0,803.0,305.0,Outlet,2021,5,2,37.98256537982566
Sports Direct,1185732,2021-07-02,Southeast,North Carolina,Charlotte,Men's Street Footwear,65.0,1050.0,68250.0,27300.0,Online,2021,7,3,40.0
Foot Locker,1128299,2021-01-23,West,Idaho,Boise,Men's Street Footwear,23.0,136.0,313.0,125.0,Outlet,2021,1,1,39.936102236421725
Foot Locker,1185732,2021-01-20,Southeast,Kentucky,Louisville,Women's Street Footwear,18.0,158.0,284.0,156.0,Online,2021,1,1,54.929577464788736
Foot Locker,1128299,2021-09-25,Southeast,Virginia,Richmond,Women's Athletic Footwear,45.0,54.0,243.0,119.0,Online,2021,9,3,48.971193415637856
West Gear,1185732,2021-03-09,Midwest,Indiana,Indianapolis,Women's Street Footwear,15.0,275.0,4125.0,1444.0,In-store,2021,3,1,35.00606060606061
Amazon,1185732,2021-12-10,Northeast,Vermont,Burlington,Women's Apparel,75.0,425.0,31875.0,12750.0,In-store,2021,12,4,40.0
Sports Direct,1197831,2021-02-21,South,Mississippi,Jackson,Men's Athletic Footwear,25.0,350.0,8750.0,3063.0,Online,2021,2,1,35.005714285714284
Kohl's,1185732,2021-03-06,Northeast,New Jersey,Newark,Men's Street Footwear,35.0,495.0,17325.0,6064.0,In-store,2021,3,1,35.001443001443
Foot Locker,1185732,2021-05-06,Northeast,Rhode Island,Providence,Women's Athletic Footwear,39.0,44.0,172.0,89.0,Online,2021,5,2,51.74418604651163
West Gear,1185732,2021-07-09,Midwest,Indiana,Indianapolis,Men's Street Footwear,51.0,149.0,760.0,403.0,Online,2021,7,3,53.026315789473685
West Gear,1185732,2021-10-11,West,Utah,Salt Lake City,Women's Street Footwear,13.0,90.0,117.0,48.0,Outlet,2021,10,4,41.02564102564102
Foot Locker,1128299,2021-04-10,West,Hawaii,Honolulu,Men's Apparel,52.0,42.0,218.0,59.0,Online,2021,4,2,27.06422018348624
Foot Locker,1185732,2021-08-06,Midwest,Iowa,Des Moines,Men's Street Footwear,49.0,131.0,642.0,270.0,Online,2021,8,3,42.05607476635514
West Gear,1185732,2021-05-20,Northeast,Maryland,Baltimore,Women's Apparel,52.0,63.0,328.0,134.0,Online,2021,5,2,40.853658536585364
Kohl's,1189833,2021-05-09,West,California,Los Angeles,Women's Street Footwear,50.0,700.0,35000.0,14000.0,Outlet,2021,5,2,40.0
Foot Locker,1185732,2021-09-07,Midwest,Iowa,Des Moines,Men's Athletic Footwear,30.0,275.0,8250.0,2888.0,In-store,2021,9,3,35.00606060606061
Sports Direct,1197831,2021-09-15,South,Alabama,Birmingham,Women's Athletic Footwear,46.0,119.0,547.0,389.0,Online,2021,9,3,71.11517367458866
Amazon,1185732,2021-03-17,Northeast,New Hampshire,Manchester,Women's Athletic Footwear,45.0,150.0,6750.0,2025.0,In-store,2021,3,1,30.0
West Gear,1128299,2021-06-24,West,Oregon,Portland,Women's Street Footwear,80.0,650.0,52000.0,18200.0,In-store,2021,6,2,35.0
Kohl's,1189833,2021-02-23,Midwest,Montana,Billings,Women's Athletic Footwear,44.0,105.0,462.0,240.0,Online,2021,2,1,51.94805194805194
Walmart,1197831,2021-06-21,South,Arkansas,Little Rock,Men's Street Footwear,28.0,236.0,661.0,291.0,Outlet,2021,6,2,44.024205748865356
Kohl's,1189833,2021-03-04,Midwest,Montana,Billings,Men's Street Footwear,41.0,196.0,804.0,450.0,Online,2021,3,1,55.970149253731336
Foot Locker,1185732,2021-07-06,Northeast,Rhode Island,Providence,Men's Apparel,50.0,225.0,11250.0,3375.0,In-store,2021,7,3,30.0
Foot Locker,1197831,2021-11-13,Midwest,Kansas,Wichita,Women's Apparel,73.0,88.0,642.0,296.0,Online,2021,11,4,46.10591900311526
West Gear,1128299,2021-03-23,West,Oregon,Portland,Men's Apparel,55.0,100.0,5500.0,2200.0,In-store,2021,3,1,40.0
Foot Locker,1197831,2021-03-06,West,Idaho,Boise,Women's Athletic Footwear,26.0,112.0,291.0,137.0,Outlet,2021,3,1,47.07903780068728
Sports Direct,1197831,2021-09-12,South,Alabama,Birmingham,Men's Street Footwear,27.0,233.0,629.0,346.0,Outlet,2021,9,3,55.00794912559619
Kohl's,1189833,2021-04-08,West,California,Los Angeles,Men's Athletic Footwear,50.0,600.0,30000.0,7500.0,Outlet,2021,4,2,25.0
Kohl's,1189833,2021-01-29,Midwest,Montana,Billings,Women's Street Footwear,45.0,550.0,24750.0,11138.0,Outlet,2021,1,1,45.002020202020205
Kohl's,1185732,2021-05-10,West,Wyoming,Cheyenne,Men's Apparel,45.0,133.0,599.0,251.0,Online,2021,5,2,41.90317195325542
Foot Locker,1128299,2021-08-23,West,Arizona,Phoenix,Men's Athletic Footwear,46.0,190.0,874.0,367.0,Outlet,2021,8,3,41.99084668192219
Foot Locker,1185732,2021-02-15,Northeast,Maryland,Baltimore,Men's Athletic Footwear,40.0,225.0,9000.0,3150.0,In-store,2021,2,1,35.0
Kohl's,1185732,2021-04-07,Northeast,New Jersey,Newark,Men's Athletic Footwear,35.0,175.0,6125.0,2144.0,In-store,2021,4,2,35.00408163265306
Sports Direct,1185732,2021-03-08,Midwest,North Dakota,Fargo,Men's Apparel,40.0,125.0,5000.0,1750.0,Online,2021,3,1,35.0
Sports Direct,1185732,2021-03-03,Northeast,Connecticut,Hartford,Women's Apparel,40.0,250.0,10000.0,3500.0,In-store,2021,3,1,35.0
Foot Locker,1185732,2021-05-16,South,Mississippi,Jackson,Women's Athletic Footwear,24.0,116.0,278.0,128.0,Outlet,2021,5,2,46.043165467625904
Walmart,1128299,2021-05-18,Southeast,Florida,Orlando,Men's Athletic Footwear,60.0,128.0,768.0,307.0,Online,2021,5,2,39.97395833333333
Walmart,1185732,2021-10-18,South,Mississippi,Jackson,Men's Apparel,25.0,105.0,263.0,110.0,Outlet,2021,10,4,41.825095057034225
Foot Locker,1185732,2021-01-24,Northeast,West Virginia,Charleston,Women's Apparel,33.0,59.0,195.0,78.0,Online,2021,1,1,40.0
Kohl's,1189833,2021-05-05,West,California,Los Angeles,Men's Apparel,58.0,182.0,1056.0,707.0,Online,2021,5,2,66.95075757575758
Sports Direct,1197831,2021-08-25,South,Alabama,Birmingham,Men's Street Footwear,9.0,203.0,183.0,108.0,Online,2021,8,3,59.01639344262295
Kohl's,1185732,2021-08-11,West,Wyoming,Cheyenne,Women's Apparel,52.0,196.0,1019.0,408.0,Online,2021,8,3,40.03925417075565
Sports Direct,1128299,2021-12-09,West,Hawaii,Honolulu,Women's Athletic Footwear,80.0,500.0,40000.0,10000.0,Outlet,2021,12,4,25.0
Amazon,1185732,2021-06-12,Northeast,Vermont,Burlington,Men's Athletic Footwear,53.0,116.0,615.0,363.0,Online,2021,6,2,59.02439024390244
Foot Locker,1185732,2021-03-17,Midwest,Missouri,St. Louis,Men's Athletic Footwear,34.0,87.0,296.0,133.0,Online,2021,3,1,44.932432432432435
Kohl's,1197831,2021-01-16,South,Oklahoma,Oklahoma City,Men's Athletic Footwear,25.0,350.0,8750.0,3063.0,Online,2021,1,1,35.005714285714284
Kohl's,1189833,2021-04-25,West,California,Los Angeles,Men's Street Footwear,41.0,238.0,976.0,498.0,Online,2021,4,2,51.02459016393443
Sports Direct,1197831,2021-09-25,South,Texas,Dallas,Women's Athletic Footwear,50.0,525.0,26250.0,13125.0,Outlet,2021,9,3,50.0
Sports Direct,1197831,2021-10-10,South,Texas,Dallas,Men's Street Footwear,38.0,181.0,688.0,378.0,Online,2021,10,4,54.94186046511628
West Gear,1197831,2021-05-19,South,Oklahoma,Oklahoma City,Men's Street Footwear,36.0,167.0,601.0,325.0,Online,2021,5,2,54.0765391014975
Sports Direct,1185732,2021-10-15,Northeast,Massachusetts,Boston,Men's Athletic Footwear,55.0,225.0,12375.0,3713.0,In-store,2021,10,4,30.004040404040406
West Gear,1185732,2021-10-03,Midwest,Wisconsin,Milwaukee,Women's Athletic Footwear,35.0,125.0,4375.0,1313.0,In-store,2021,10,4,30.01142857142857
Foot Locker,1185732,2021-12-31,Northeast,Pennsylvania,Philadelphia,Men's Apparel,63.0,47.0,296.0,136.0,Online,2021,12,4,45.94594594594595
West Gear,1197831,2021-05-19,South,Oklahoma,Oklahoma City,Women's Athletic Footwear,34.0,59.0,201.0,110.0,Online,2021,5,2,54.72636815920397
West Gear,1128299,2021-02-12,West,California,San Francisco,Men's Athletic Footwear,46.0,332.0,1527.0,321.0,Outlet,2021,2,1,21.021611001964637
West Gear,1185732,2021-03-20,Northeast,Maryland,Baltimore,Women's Athletic Footwear,30.0,25.0,750.0,263.0,In-store,2021,3,1,35.06666666666667
Sports Direct,1128299,2021-12-23,Southeast,Virginia,Richmond,Women's Athletic Footwear,70.0,550.0,38500.0,13475.0,In-store,2021,12,4,35.0
Kohl's,1189833,2021-01-03,Midwest,Montana,Billings,Men's Street Footwear,34.0,158.0,537.0,306.0,Online,2021,1,1,56.98324022346368
Foot Locker,1185732,2021-06-18,Midwest,Missouri,St. Louis,Women's Apparel,42.0,142.0,596.0,388.0,Online,2021,6,2,65.1006711409396
West Gear,1185732,2021-10-10,Midwest,Indiana,Indianapolis,Men's Street Footwear,41.0,116.0,476.0,252.0,Online,2021,10,4,52.94117647058824
Kohl's,1189833,2021-01-22,Midwest,Montana,Billings,Men's Athletic Footwear,41.0,106.0,435.0,191.0,Online,2021,1,1,43.9080459770115
Sports Direct,1197831,2021-10-21,South,Texas,Dallas,Women's Apparel,54.0,256.0,1382.0,829.0,Outlet,2021,10,4,59.98552821997105
West Gear,1185732,2021-12-09,Midwest,Indiana,Indianapolis,Women's Athletic Footwear,45.0,87.0,392.0,196.0,Online,2021,12,4,50.0
Kohl's,1189833,2021-01-28,Midwest,Montana,Billings,Men's Athletic Footwear,42.0,147.0,617.0,253.0,Online,2021,1,1,41.004862236628846
Sports Direct,1185732,2021-01-06,Southeast,South Carolina,Charleston,Men's Apparel,42.0,156.0,655.0,301.0,Online,2021,1,1,45.954198473282446
Kohl's,1128299,2021-07-25,West,New Mexico,Albuquerque,Men's Street Footwear,55.0,750.0,41250.0,14438.0,Online,2021,7,3,35.00121212121212
Sports Direct,1185732,2021-02-09,Midwest,North Dakota,Fargo,Women's Apparel,25.0,275.0,6875.0,2750.0,Online,2021,2,1,40.0
Amazon,1185732,2021-05-17,Northeast,New Hampshire,Manchester,Women's Apparel,70.0,425.0,29750.0,10413.0,In-store,2021,5,2,35.00168067226891
West Gear,1185732,2021-07-09,Midwest,Indiana,Indianapolis,Men's Athletic Footwear,50.0,300.0,15000.0,6000.0,In-store,2021,7,3,40.0
Amazon,1185732,2021-06-22,Southeast,Kentucky,Louisville,Women's Apparel,55.0,375.0,20625.0,8250.0,Online,2021,6,2,40.0
Kohl's,1189833,2021-04-26,West,California,Los Angeles,Men's Athletic Footwear,50.0,800.0,40000.0,10000.0,Outlet,2021,4,2,25.0
Foot Locker,1185732,2021-02-18,Midwest,Michigan,Detroit,Men's Street Footwear,29.0,182.0,528.0,280.0,Online,2021,2,1,53.03030303030303
Sports Direct,1185732,2021-07-03,Northeast,Connecticut,Hartford,Women's Apparel,40.0,152.0,608.0,231.0,Outlet,2021,7,3,37.993421052631575
Sports Direct,1185732,2021-11-07,Northeast,New Jersey,Newark,Women's Athletic Footwear,50.0,250.0,12500.0,5000.0,In-store,2021,11,4,40.0
Amazon,1185732,2021-11-03,Northeast,Maine,Portland,Men's Apparel,47.0,20.0,94.0,36.0,Online,2021,11,4,38.297872340425535
Sports Direct,1185732,2021-10-12,Midwest,South Dakota,Sioux Falls,Women's Apparel,55.0,70.0,385.0,212.0,Online,2021,10,4,55.064935064935064
West Gear,1185732,2021-12-09,Midwest,Indiana,Indianapolis,Women's Apparel,65.0,400.0,26000.0,10400.0,In-store,2021,12,4,40.0
Foot Locker,1197831,2021-12-12,Midwest,Kansas,Wichita,Women's Athletic Footwear,60.0,300.0,18000.0,6300.0,Online,2021,12,4,35.0
Amazon,1185732,2021-02-22,Midwest,Ohio,Columbus,Men's Street Footwear,40.0,550.0,22000.0,8800.0,Online,2021,2,1,40.0
Foot Locker,1185732,2021-06-18,South,Mississippi,Jackson,Women's Apparel,60.0,188.0,1128.0,711.0,Online,2021,6,2,63.03191489361703
Kohl's,1128299,2021-02-26,West,New Mexico,Albuquerque,Women's Athletic Footwear,43.0,74.0,318.0,156.0,Online,2021,2,1,49.056603773584904
Amazon,1185732,2021-02-19,Northeast,Vermont,Burlington,Men's Athletic Footwear,45.0,75.0,338.0,172.0,Online,2021,2,1,50.887573964497044
Amazon,1185732,2021-05-17,Northeast,New Hampshire,Manchester,Men's Street Footwear,64.0,173.0,1107.0,587.0,Online,2021,5,2,53.02619692863595
Kohl's,1185732,2021-04-07,Northeast,New Jersey,Newark,Women's Street Footwear,25.0,175.0,4375.0,1750.0,In-store,2021,4,2,40.0
Sports Direct,1185732,2021-12-15,Midwest,Michigan,Detroit,Men's Street Footwear,55.0,255.0,1403.0,856.0,Online,2021,12,4,61.01211689237348
Sports Direct,1185732,2021-09-15,Midwest,Michigan,Detroit,Women's Apparel,50.0,575.0,28750.0,15813.0,In-store,2021,9,3,55.00173913043478
Kohl's,1189833,2021-04-21,West,California,Los Angeles,Women's Street Footwear,50.0,750.0,37500.0,15000.0,Outlet,2021,4,2,40.0
Foot Locker,1185732,2021-07-14,Midwest,Nebraska,Omaha,Men's Street Footwear,36.0,94.0,338.0,183.0,Online,2021,7,3,54.142011834319526
Kohl's,1128299,2021-06-26,West,New Mexico,Albuquerque,Women's Apparel,75.0,600.0,45000.0,11250.0,Online,2021,6,2,25.0
Kohl's,1189833,2021-05-18,West,California,Los Angeles,Women's Apparel,65.0,650.0,42250.0,8450.0,Outlet,2021,5,2,20.0
Sports Direct,1197831,2021-09-16,South,Texas,Dallas,Men's Street Footwear,41.0,231.0,947.0,492.0,Online,2021,9,3,51.95353748680043
Sports Direct,1197831,2021-10-20,South,Texas,Dallas,Men's Apparel,58.0,158.0,916.0,458.0,Online,2021,10,4,50.0
Sports Direct,1128299,2021-10-13,Southeast,Georgia,Atlanta,Men's Athletic Footwear,50.0,525.0,26250.0,10500.0,Online,2021,10,4,40.0
Walmart,1197831,2021-05-19,South,Arkansas,Little Rock,Men's Apparel,45.0,325.0,14625.0,5119.0,Online,2021,5,2,35.001709401709405
Foot Locker,1185732,2021-07-06,Northeast,Rhode Island,Providence,Men's Athletic Footwear,41.0,81.0,332.0,166.0,Online,2021,7,3,50.0
West Gear,1197831,2021-06-21,South,Oklahoma,Oklahoma City,Women's Athletic Footwear,38.0,87.0,331.0,165.0,Online,2021,6,2,49.848942598187314
Foot Locker,1185732,2021-07-07,Midwest,Illinois,Chicago,Men's Athletic Footwear,45.0,325.0,14625.0,5119.0,Outlet,2021,7,3,35.001709401709405
Sports Direct,1197831,2021-09-19,South,Texas,Dallas,Women's Athletic Footwear,43.0,150.0,645.0,393.0,Online,2021,9,3,60.93023255813953
Sports Direct,1197831,2021-09-11,South,Texas,Dallas,Men's Athletic Footwear,49.0,200.0,980.0,470.0,Online,2021,9,3,47.95918367346938
Kohl's,1185732,2021-01-14,Northeast,New York,Albany,Women's Athletic Footwear,35.0,450.0,15750.0,5513.0,In-store,2021,1,1,35.0031746031746
Foot Locker,1185732,2021-06-18,Midwest,Illinois,Chicago,Men's Street Footwear,48.0,122.0,586.0,305.0,Online,2021,6,2,52.04778156996587
Foot Locker,1128299,2021-03-23,Southeast,Virginia,Richmond,Women's Apparel,49.0,78.0,382.0,161.0,Online,2021,3,1,42.14659685863874
Foot Locker,1185732,2021-08-02,Midwest,Illinois,Chicago,Women's Athletic Footwear,50.0,175.0,8750.0,3500.0,Outlet,2021,8,3,40.0
Foot Locker,1185732,2021-06-06,Midwest,Iowa,Des Moines,Women's Street Footwear,23.0,50.0,115.0,52.0,Online,2021,6,2,45.21739130434783
Foot Locker,1185732,2021-07-13,Northeast,Delaware,Wilmington,Women's Street Footwear,45.0,350.0,15750.0,6300.0,In-store,2021,7,3,40.0
Amazon,1185732,2021-03-10,Northeast,Vermont,Burlington,Women's Athletic Footwear,30.0,39.0,117.0,47.0,Outlet,2021,3,1,40.17094017094017
Foot Locker,1185732,2021-10-06,Midwest,Iowa,Des Moines,Men's Athletic Footwear,35.0,250.0,8750.0,3063.0,In-store,2021,10,4,35.005714285714284
Sports Direct,1185732,2021-09-10,Midwest,North Dakota,Fargo,Women's Apparel,45.0,225.0,10125.0,4050.0,In-store,2021,9,3,40.0
Kohl's,1189833,2021-03-10,West,California,San Francisco,Women's Athletic Footwear,45.0,550.0,24750.0,8663.0,Outlet,2021,3,1,35.0020202020202
Kohl's,1189833,2021-05-27,West,California,Los Angeles,Women's Street Footwear,50.0,700.0,35000.0,14000.0,Outlet,2021,5,2,40.0
West Gear,1185732,2021-03-02,Midwest,Wisconsin,Milwaukee,Men's Apparel,30.0,125.0,3750.0,1875.0,In-store,2021,3,1,50.0
Foot Locker,1185732,2021-06-18,South,Mississippi,Jackson,Women's Street Footwear,41.0,143.0,586.0,322.0,Online,2021,6,2,54.94880546075085
Amazon,1185732,2021-11-05,Northeast,Maine,Portland,Men's Street Footwear,55.0,495.0,27225.0,9529.0,Outlet,2021,11,4,35.000918273645546
West Gear,1185732,2021-08-17,Northeast,West Virginia,Charleston,Men's Athletic Footwear,45.0,300.0,13500.0,5400.0,In-store,2021,8,3,40.0
Sports Direct,1185732,2021-02-04,Southeast,North Carolina,Charlotte,Women's Athletic Footwear,29.0,142.0,412.0,206.0,Online,2021,2,1,50.0
Sports Direct,1197831,2021-09-17,South,Texas,Dallas,Men's Athletic Footwear,34.0,264.0,898.0,377.0,Outlet,2021,9,3,41.98218262806236
Foot Locker,1185732,2021-08-06,Southeast,South Carolina,Charleston,Men's Apparel,51.0,225.0,1148.0,528.0,Online,2021,8,3,45.99303135888502
Amazon,1185732,2021-06-12,Northeast,Vermont,Burlington,Men's Apparel,58.0,81.0,470.0,235.0,Online,2021,6,2,50.0
Sports Direct,1185732,2021-08-14,Northeast,Massachusetts,Boston,Women's Apparel,60.0,325.0,19500.0,5850.0,In-store,2021,8,3,30.0
West Gear,1128299,2021-09-25,West,Oregon,Portland,Women's Apparel,45.0,250.0,11250.0,3375.0,In-store,2021,9,3,30.0
Foot Locker,1185732,2021-10-08,Northeast,Rhode Island,Providence,Men's Athletic Footwear,50.0,200.0,10000.0,3500.0,In-store,2021,10,4,35.0
Foot Locker,1185732,2021-05-06,Northeast,Rhode Island,Providence,Men's Street Footwear,39.0,150.0,585.0,240.0,Outlet,2021,5,2,41.02564102564102
West Gear,1185732,2021-09-08,Northeast,New York,Albany,Women's Street Footwear,45.0,550.0,24750.0,6188.0,In-store,2021,9,3,25.002020202020205
Kohl's,1185732,2021-04-07,Northeast,New Jersey,Newark,Women's Street Footwear,24.0,51.0,122.0,61.0,Online,2021,4,2,50.0
Amazon,1185732,2021-03-10,Northeast,Vermont,Burlington,Men's Apparel,51.0,47.0,240.0,117.0,Online,2021,3,1,48.75
West Gear,1128299,2021-04-17,South,Louisiana,New Orleans,Women's Apparel,39.0,123.0,480.0,177.0,Outlet,2021,4,2,36.875
West Gear,1128299,2021-01-24,West,Utah,Salt Lake City,Women's Apparel,40.0,400.0,16000.0,4800.0,In-store,2021,1,1,30.0
Foot Locker,1128299,2021-08-24,Southeast,Virginia,Richmond,Men's Street Footwear,67.0,272.0,1822.0,729.0,Outlet,2021,8,3,40.01097694840834
Kohl's,1189833,2021-03-15,West,California,Los Angeles,Women's Street Footwear,44.0,169.0,744.0,372.0,Online,2021,3,1,50.0
Kohl's,1189833,2021-05-20,West,California,Los Angeles,Men's Athletic Footwear,54.0,215.0,1161.0,441.0,Online,2021,5,2,37.98449612403101
Amazon,1185732,2021-06-22,Southeast,Kentucky,Louisville,Women's Athletic Footwear,30.0,200.0,6000.0,2400.0,Online,2021,6,2,40.0
Foot Locker,1185732,2021-04-14,Northeast,Delaware,Wilmington,Men's Athletic Footwear,40.0,225.0,9000.0,3150.0,In-store,2021,4,2,35.0
Walmart,1197831,2021-09-19,South,Arkansas,Little Rock,Men's Athletic Footwear,26.0,135.0,351.0,144.0,Outlet,2021,9,3,41.02564102564102
Foot Locker,1185732,2021-05-16,South,Mississippi,Jackson,Men's Street Footwear,40.0,745.0,29800.0,11920.0,Online,2021,5,2,40.0
West Gear,1185732,2021-07-10,West,Utah,Salt Lake City,Women's Street Footwear,25.0,475.0,11875.0,4156.0,In-store,2021,7,3,34.997894736842106
West Gear,1128299,2021-11-17,South,Louisiana,New Orleans,Women's Street Footwear,38.0,137.0,521.0,271.0,Online,2021,11,4,52.01535508637236
West Gear,1197831,2021-04-05,West,Idaho,Boise,Men's Athletic Footwear,30.0,650.0,19500.0,6825.0,Online,2021,4,2,35.0
Foot Locker,1128299,2021-08-23,West,Arizona,Phoenix,Men's Street Footwear,50.0,163.0,815.0,408.0,Online,2021,8,3,50.061349693251536
Sports Direct,1185732,2021-04-04,Northeast,Connecticut,Hartford,Women's Athletic Footwear,26.0,41.0,107.0,34.0,Outlet,2021,4,2,31.775700934579437
West Gear,1128299,2021-07-16,South,Louisiana,New Orleans,Women's Street Footwear,69.0,210.0,1449.0,681.0,Outlet,2021,7,3,46.99792960662526
Foot Locker,1185732,2021-02-08,Northeast,Connecticut,Hartford,Men's Street Footwear,24.0,162.0,389.0,156.0,Outlet,2021,2,1,40.102827763496144
Foot Locker,1185732,2021-01-10,Northeast,Connecticut,Hartford,Men's Apparel,44.0,33.0,145.0,58.0,Online,2021,1,1,40.0
Sports Direct,1185732,2021-12-06,Northeast,Rhode Island,Providence,Women's Apparel,51.0,111.0,566.0,243.0,Outlet,2021,12,4,42.93286219081272
West Gear,1128299,2021-01-24,West,Utah,Salt Lake City,Women's Street Footwear,40.0,350.0,14000.0,4900.0,In-store,2021,1,1,35.0
Amazon,1185732,2021-07-20,West,Alaska,Anchorage,Women's Street Footwear,55.0,350.0,19250.0,4813.0,Outlet,2021,7,3,25.002597402597402
Foot Locker,1185732,2021-03-13,Northeast,Delaware,Wilmington,Women's Street Footwear,29.0,69.0,200.0,108.0,Online,2021,3,1,54.0
Foot Locker,1185732,2021-11-18,Northeast,New Hampshire,Manchester,Men's Street Footwear,59.0,149.0,879.0,378.0,Outlet,2021,11,4,43.003412969283275
Kohl's,1185732,2021-09-06,Northeast,New Jersey,Newark,Women's Athletic Footwear,37.0,38.0,141.0,75.0,Online,2021,9,3,53.191489361702125
West Gear,1185732,2021-08-10,Midwest,Indiana,Indianapolis,Women's Athletic Footwear,38.0,60.0,228.0,107.0,Online,2021,8,3,46.92982456140351
Kohl's,1128299,2021-11-26,West,New Mexico,Albuquerque,Men's Apparel,54.0,131.0,707.0,262.0,Outlet,2021,11,4,37.05799151343705
Walmart,1128299,2021-11-10,West,Hawaii,Honolulu,Men's Athletic Footwear,60.0,600.0,36000.0,7200.0,Outlet,2021,11,4,20.0
West Gear,1185732,2021-05-04,Midwest,Wisconsin,Milwaukee,Women's Street Footwear,33.0,49.0,162.0,73.0,Online,2021,5,2,45.06172839506173
Kohl's,1189833,2021-04-22,West,California,Los Angeles,Women's Athletic Footwear,32.0,194.0,621.0,230.0,Outlet,2021,4,2,37.03703703703704
Foot Locker,1128299,2021-12-12,Southeast,Georgia,Atlanta,Women's Street Footwear,53.0,138.0,731.0,366.0,Online,2021,12,4,50.06839945280438
Walmart,1197831,2021-07-19,South,Arkansas,Little Rock,Women's Apparel,65.0,600.0,39000.0,15600.0,Online,2021,7,3,40.0
Amazon,1185732,2021-04-21,West,Alaska,Anchorage,Men's Athletic Footwear,50.0,61.0,305.0,153.0,Online,2021,4,2,50.1639344262295
Foot Locker,1128299,2021-03-23,Southeast,Virginia,Richmond,Men's Street Footwear,40.0,475.0,19000.0,6650.0,In-store,2021,3,1,35.0
Foot Locker,1185732,2021-11-18,Northeast,Pennsylvania,Philadelphia,Women's Athletic Footwear,42.0,34.0,143.0,57.0,Outlet,2021,11,4,39.86013986013986
Foot Locker,1185732,2021-07-06,Northeast,Rhode Island,Providence,Women's Street Footwear,37.0,65.0,241.0,125.0,Online,2021,7,3,51.867219917012456
Foot Locker,1185732,2021-11-18,Northeast,New Hampshire,Manchester,Men's Apparel,59.0,96.0,566.0,193.0,Outlet,2021,11,4,34.09893992932862
Sports Direct,1197831,2021-10-06,South,Texas,Dallas,Women's Street Footwear,45.0,575.0,25875.0,10350.0,Outlet,2021,10,4,40.0
West Gear,1185732,2021-12-05,Midwest,Iowa,Des Moines,Men's Apparel,59.0,59.0,348.0,212.0,Online,2021,12,4,60.91954022988506
West Gear,1128299,2021-02-10,West,California,San Francisco,Women's Apparel,70.0,775.0,54250.0,5425.0,Outlet,2021,2,1,10.0
Foot Locker,1185732,2021-06-18,Midwest,Missouri,St. Louis,Women's Athletic Footwear,23.0,91.0,209.0,105.0,Online,2021,6,2,50.23923444976076
West Gear,1185732,2021-10-11,West,Utah,Salt Lake City,Women's Apparel,32.0,104.0,333.0,206.0,Online,2021,10,4,61.86186186186187
Foot Locker,1185732,2021-03-13,Northeast,Delaware,Wilmington,Women's Apparel,40.0,275.0,11000.0,4400.0,In-store,2021,3,1,40.0
Amazon,1185732,2021-11-11,Northeast,Vermont,Burlington,Women's Athletic Footwear,60.0,300.0,18000.0,6300.0,In-store,2021,11,4,35.0
Sports Direct,1185732,2021-06-17,Midwest,Michigan,Detroit,Women's Street Footwear,41.0,138.0,566.0,249.0,Online,2021,6,2,43.99293286219081
Sports Direct,1197831,2021-08-12,South,Alabama,Birmingham,Women's Apparel,35.0,450.0,15750.0,8663.0,Outlet,2021,8,3,55.0031746031746
Kohl's,1128299,2021-03-25,West,New Mexico,Albuquerque,Women's Apparel,55.0,375.0,20625.0,5156.0,Online,2021,3,1,24.99878787878788
Sports Direct,1197831,2021-04-11,South,Tennessee,Knoxville,Women's Street Footwear,26.0,202.0,525.0,231.0,Outlet,2021,4,2,44.0
Sports Direct,1197831,2021-09-02,South,Alabama,Birmingham,Women's Street Footwear,44.0,189.0,832.0,491.0,Online,2021,9,3,59.01442307692307
Sports Direct,1197831,2021-11-05,West,Idaho,Boise,Women's Athletic Footwear,43.0,158.0,679.0,353.0,Outlet,2021,11,4,51.98821796759942
Foot Locker,1128299,2021-04-23,West,Arizona,Phoenix,Women's Street Footwear,55.0,350.0,19250.0,6738.0,Online,2021,4,2,35.0025974025974
Sports Direct,1197831,2021-08-13,South,Alabama,Birmingham,Men's Street Footwear,23.0,194.0,446.0,219.0,Outlet,2021,8,3,49.10313901345291
West Gear,1185732,2021-01-12,Southeast,Florida,Orlando,Women's Athletic Footwear,30.0,170.0,510.0,189.0,Outlet,2021,1,1,37.05882352941177
Sports Direct,1197831,2021-04-27,South,Tennessee,Knoxville,Men's Street Footwear,50.0,675.0,33750.0,15188.0,Outlet,2021,4,2,45.001481481481484
Foot Locker,1185732,2021-07-23,Midwest,Illinois,Chicago,Women's Apparel,53.0,73.0,387.0,248.0,Online,2021,7,3,64.08268733850129
Amazon,1185732,2021-06-22,West,Alaska,Anchorage,Women's Apparel,70.0,450.0,31500.0,9450.0,Outlet,2021,6,2,30.0
Foot Locker,1128299,2021-04-23,West,Arizona,Phoenix,Men's Athletic Footwear,53.0,90.0,477.0,239.0,Online,2021,4,2,50.10482180293501
Foot Locker,1185732,2021-08-07,Midwest,Illinois,Chicago,Women's Street Footwear,46.0,75.0,345.0,169.0,Online,2021,8,3,48.98550724637681
Amazon,1185732,2021-02-22,Southeast,Kentucky,Louisville,Men's Apparel,50.0,200.0,10000.0,3500.0,Online,2021,2,1,35.0
Kohl's,1185732,2021-12-08,Northeast,New York,Albany,Women's Athletic Footwear,54.0,155.0,837.0,343.0,Online,2021,12,4,40.97968936678614
West Gear,1185732,2021-11-11,Northeast,Vermont,Burlington,Women's Street Footwear,60.0,320.0,19200.0,6720.0,In-store,2021,11,4,35.0
Foot Locker,1185732,2021-06-22,Midwest,Illinois,Chicago,Men's Apparel,54.0,28.0,151.0,71.0,Online,2021,6,2,47.019867549668874
Amazon,1185732,2021-01-13,Southeast,North Carolina,Charlotte,Women's Athletic Footwear,30.0,425.0,12750.0,5100.0,Online,2021,1,1,40.0
Amazon,1185732,2021-02-19,Northeast,New Hampshire,Manchester,Women's Apparel,36.0,124.0,446.0,179.0,Outlet,2021,2,1,40.134529147982065
West Gear,1128299,2021-10-24,West,Oregon,Portland,Women's Athletic Footwear,45.0,325.0,14625.0,5119.0,In-store,2021,10,4,35.001709401709405
Walmart,1197831,2021-06-21,South,Arkansas,Little Rock,Women's Street Footwear,38.0,104.0,395.0,213.0,Online,2021,6,2,53.92405063291139
Foot Locker,1185732,2021-11-21,Northeast,Pennsylvania,Philadelphia,Men's Street Footwear,64.0,135.0,864.0,562.0,Online,2021,11,4,65.04629629629629
Foot Locker,1185732,2021-07-06,Midwest,Nebraska,Omaha,Men's Apparel,37.0,27.0,100.0,48.0,Online,2021,7,3,48.0
Sports Direct,1197831,2021-09-18,South,Texas,Dallas,Women's Street Footwear,44.0,254.0,1118.0,615.0,Online,2021,9,3,55.008944543828264
Kohl's,1197831,2021-05-12,Midwest,Kansas,Wichita,Men's Athletic Footwear,39.0,77.0,300.0,144.0,Online,2021,5,2,48.0
Sports Direct,1197831,2021-04-06,South,Tennessee,Knoxville,Women's Athletic Footwear,20.0,179.0,358.0,193.0,Outlet,2021,4,2,53.910614525139664
Sports Direct,1185732,2021-06-05,Northeast,Connecticut,Hartford,Men's Street Footwear,50.0,175.0,875.0,481.0,Online,2021,6,2,54.97142857142857
Foot Locker,1185732,2021-12-21,Southeast,Kentucky,Louisville,Women's Athletic Footwear,49.0,68.0,333.0,177.0,Online,2021,12,4,53.153153153153156
Sports Direct,1185732,2021-04-09,Midwest,North Dakota,Fargo,Women's Street Footwear,19.0,41.0,78.0,33.0,Online,2021,4,2,42.30769230769231
West Gear,1185732,2021-06-10,Northeast,New York,Albany,Women's Street Footwear,50.0,600.0,30000.0,7500.0,In-store,2021,6,2,25.0
Kohl's,1189833,2021-04-06,West,California,Los Angeles,Women's Apparel,45.0,625.0,28125.0,5625.0,Outlet,2021,4,2,20.0
Kohl's,1185732,2021-02-12,Northeast,New York,Albany,Men's Athletic Footwear,40.0,500.0,20000.0,6000.0,In-store,2021,2,1,30.0
Sports Direct,1128299,2021-03-12,Southeast,Georgia,Atlanta,Women's Apparel,48.0,95.0,456.0,164.0,Online,2021,3,1,35.96491228070175
Foot Locker,1185732,2021-09-05,Southeast,South Carolina,Charleston,Men's Athletic Footwear,50.0,825.0,41250.0,14438.0,Online,2021,9,3,35.00121212121212
West Gear,1197831,2021-07-06,West,Idaho,Boise,Women's Street Footwear,46.0,241.0,1109.0,610.0,Online,2021,7,3,55.00450856627592
Sports Direct,1197831,2021-10-01,South,Texas,Dallas,Women's Athletic Footwear,56.0,126.0,706.0,459.0,Online,2021,10,4,65.01416430594901
West Gear,1128299,2021-11-24,West,Oregon,Portland,Women's Apparel,76.0,149.0,1132.0,476.0,Online,2021,11,4,42.04946996466431
Walmart,1128299,2021-07-16,Southeast,Florida,Orlando,Men's Apparel,89.0,195.0,1736.0,555.0,Online,2021,7,3,31.97004608294931
Amazon,1185732,2021-01-13,Southeast,North Carolina,Charlotte,Women's Athletic Footwear,29.0,123.0,357.0,185.0,Online,2021,1,1,51.820728291316534
West Gear,1185732,2021-08-11,West,Utah,Salt Lake City,Women's Athletic Footwear,20.0,375.0,7500.0,3000.0,In-store,2021,8,3,40.0
Kohl's,1185732,2021-07-10,West,Wyoming,Cheyenne,Men's Apparel,50.0,525.0,26250.0,7875.0,In-store,2021,7,3,30.0
Foot Locker,1185732,2021-10-08,Northeast,Rhode Island,Providence,Women's Athletic Footwear,47.0,23.0,108.0,54.0,Online,2021,10,4,50.0
Kohl's,1197831,2021-03-12,Midwest,Kansas,Wichita,Men's Athletic Footwear,20.0,225.0,4500.0,1575.0,Online,2021,3,1,35.0
Kohl's,1189833,2021-02-18,West,California,San Francisco,Men's Athletic Footwear,41.0,196.0,804.0,289.0,Online,2021,2,1,35.9452736318408
Kohl's,1189833,2021-03-14,West,California,Los Angeles,Men's Athletic Footwear,43.0,195.0,839.0,335.0,Online,2021,3,1,39.9284862932062
Kohl's,1128299,2021-02-26,West,New Mexico,Albuquerque,Women's Apparel,41.0,104.0,426.0,162.0,Online,2021,2,1,38.028169014084504
Sports Direct,1197831,2021-05-02,South,Tennessee,Knoxville,Women's Apparel,42.0,163.0,685.0,507.0,Online,2021,5,2,74.01459854014598
Foot Locker,1185732,2021-11-18,Midwest,Missouri,St. Louis,Women's Athletic Footwear,23.0,88.0,202.0,105.0,Online,2021,11,4,51.98019801980198
Kohl's,1128299,2021-06-26,West,New Mexico,Albuquerque,Men's Street Footwear,37.0,224.0,829.0,323.0,Outlet,2021,6,2,38.96260554885404
Kohl's,1189833,2021-03-23,West,California,Los Angeles,Men's Apparel,36.0,128.0,461.0,272.0,Outlet,2021,3,1,59.00216919739696
Walmart,1128299,2021-04-17,Southeast,Florida,Orlando,Women's Athletic Footwear,55.0,300.0,16500.0,4950.0,Outlet,2021,4,2,30.0
Sports Direct,1128299,2021-01-17,West,Hawaii,Honolulu,Women's Apparel,49.0,124.0,608.0,358.0,Online,2021,1,1,58.88157894736842
West Gear,1197831,2021-01-23,South,Arkansas,Little Rock,Men's Athletic Footwear,25.0,109.0,273.0,123.0,Online,2021,1,1,45.05494505494506
Amazon,1185732,2021-07-17,Northeast,New Hampshire,Manchester,Women's Apparel,70.0,525.0,36750.0,12863.0,Outlet,2021,7,3,35.00136054421768
Sports Direct,1185732,2021-08-14,Northeast,Massachusetts,Boston,Men's Street Footwear,50.0,161.0,805.0,354.0,Online,2021,8,3,43.975155279503106
Foot Locker,1185732,2021-01-20,Southeast,Kentucky,Louisville,Women's Athletic Footwear,25.0,375.0,9375.0,3750.0,Online,2021,1,1,40.0
Sports Direct,1185732,2021-03-02,Southeast,North Carolina,Charlotte,Women's Athletic Footwear,25.0,124.0,310.0,167.0,Online,2021,3,1,53.87096774193548
Amazon,1185732,2021-08-10,Midwest,Ohio,Columbus,Women's Apparel,60.0,675.0,40500.0,20250.0,Online,2021,8,3,50.0
Walmart,1185732,2021-08-17,South,Mississippi,Jackson,Men's Street Footwear,41.0,256.0,1050.0,472.0,Outlet,2021,8,3,44.952380952380956
West Gear,1185732,2021-01-17,Midwest,Indiana,Indianapolis,Women's Apparel,35.0,300.0,10500.0,4200.0,In-store,2021,1,1,40.0
West Gear,1128299,2021-01-04,West,California,San Francisco,Men's Apparel,49.0,182.0,892.0,508.0,Outlet,2021,1,1,56.95067264573991
Kohl's,1197831,2021-11-20,South,Oklahoma,Oklahoma City,Men's Athletic Footwear,15.0,300.0,4500.0,1575.0,Online,2021,11,4,35.0
Kohl's,1197831,2021-01-16,South,Oklahoma,Oklahoma City,Men's Athletic Footwear,23.0,91.0,209.0,103.0,Online,2021,1,1,49.282296650717704
West Gear,1185732,2021-12-05,Midwest,Iowa,Des Moines,Women's Street Footwear,50.0,275.0,13750.0,4125.0,In-store,2021,12,4,30.0
West Gear,1185732,2021-06-10,Northeast,New York,Albany,Women's Athletic Footwear,50.0,575.0,28750.0,8625.0,In-store,2021,6,2,30.0
Sports Direct,1185732,2021-09-03,Northeast,Connecticut,Hartford,Women's Athletic Footwear,45.0,175.0,7875.0,2363.0,In-store,2021,9,3,30.00634920634921
West Gear,1185732,2021-12-09,Midwest,Ohio,Columbus,Women's Street Footwear,65.0,575.0,37375.0,14950.0,Online,2021,12,4,40.0
Foot Locker,1185732,2021-11-05,Northeast,Pennsylvania,Philadelphia,Women's Street Footwear,40.0,175.0,7000.0,2800.0,Outlet,2021,11,4,40.0
Sports Direct,1197831,2021-09-24,South,Alabama,Birmingham,Men's Street Footwear,20.0,184.0,368.0,191.0,Outlet,2021,9,3,51.902173913043484
Foot Locker,1185732,2021-05-19,Midwest,Missouri,St. Louis,Women's Athletic Footwear,29.0,65.0,189.0,104.0,Online,2021,5,2,55.026455026455025
Sports Direct,1128299,2021-03-16,Southeast,Florida,Orlando,Women's Apparel,48.0,131.0,629.0,296.0,Outlet,2021,3,1,47.05882352941176
West Gear,1185732,2021-01-17,Midwest,Indiana,Indianapolis,Women's Athletic Footwear,30.0,150.0,4500.0,1800.0,In-store,2021,1,1,40.0
Foot Locker,1185732,2021-06-06,Midwest,Iowa,Des Moines,Women's Athletic Footwear,24.0,44.0,106.0,46.0,Online,2021,6,2,43.39622641509434
Foot Locker,1185732,2021-06-08,Northeast,Rhode Island,Providence,Women's Street Footwear,32.0,74.0,237.0,99.0,Outlet,2021,6,2,41.77215189873418
West Gear,1128299,2021-07-23,West,Oregon,Portland,Women's Street Footwear,86.0,163.0,1402.0,659.0,Online,2021,7,3,47.00427960057061
West Gear,1128299,2021-02-24,West,Oregon,Portland,Men's Apparel,32.0,43.0,138.0,61.0,Outlet,2021,2,1,44.20289855072464
Foot Locker,1185732,2021-07-29,Midwest,Nebraska,Omaha,Women's Athletic Footwear,38.0,38.0,144.0,79.0,Online,2021,7,3,54.861111111111114
Foot Locker,1185732,2021-11-04,Northeast,Connecticut,Hartford,Women's Apparel,67.0,95.0,637.0,299.0,Online,2021,11,4,46.93877551020408
Walmart,1185732,2021-08-17,South,Mississippi,Jackson,Women's Apparel,53.0,169.0,896.0,582.0,Online,2021,8,3,64.95535714285714
West Gear,1128299,2021-10-17,South,Louisiana,New Orleans,Women's Athletic Footwear,40.0,375.0,15000.0,6000.0,Online,2021,10,4,40.0
Foot Locker,1185732,2021-01-10,Northeast,Connecticut,Hartford,Men's Athletic Footwear,34.0,63.0,214.0,96.0,Online,2021,1,1,44.85981308411215
West Gear,1128299,2021-07-16,South,Louisiana,New Orleans,Women's Apparel,81.0,208.0,1685.0,691.0,Outlet,2021,7,3,41.00890207715134
Kohl's,1189833,2021-02-18,West,California,San Francisco,Men's Athletic Footwear,35.0,224.0,784.0,235.0,Outlet,2021,2,1,29.97448979591837
Foot Locker,1185732,2021-07-17,Midwest,Missouri,St. Louis,Men's Athletic Footwear,35.0,500.0,17500.0,6125.0,In-store,2021,7,3,35.0
Sports Direct,1185732,2021-11-03,Southeast,North Carolina,Charlotte,Women's Street Footwear,40.0,595.0,23800.0,9520.0,Online,2021,11,4,40.0
Foot Locker,1185732,2021-10-07,Southeast,South Carolina,Charleston,Men's Street Footwear,50.0,244.0,1220.0,732.0,Online,2021,10,4,60.0
Kohl's,1128299,2021-07-25,West,New Mexico,Albuquerque,Women's Street Footwear,60.0,550.0,33000.0,11550.0,Online,2021,7,3,35.0
Sports Direct,1197831,2021-03-28,South,Tennessee,Knoxville,Men's Street Footwear,13.0,203.0,264.0,119.0,Outlet,2021,3,1,45.07575757575758
Kohl's,1189833,2021-01-30,Midwest,Montana,Billings,Women's Athletic Footwear,38.0,106.0,403.0,213.0,Online,2021,1,1,52.853598014888334
Foot Locker,1185732,2021-04-06,Southeast,South Carolina,Charleston,Men's Athletic Footwear,35.0,675.0,23625.0,8269.0,Online,2021,4,2,35.0010582010582
Sports Direct,1197831,2021-09-22,South,Alabama,Birmingham,Men's Apparel,41.0,88.0,361.0,206.0,Online,2021,9,3,57.06371191135734
Walmart,1197831,2021-10-21,South,Arkansas,Little Rock,Men's Street Footwear,21.0,180.0,378.0,170.0,Outlet,2021,10,4,44.97354497354497
Sports Direct,1128299,2021-09-14,Southeast,Georgia,Atlanta,Men's Street Footwear,31.0,204.0,632.0,291.0,Outlet,2021,9,3,46.04430379746836
West Gear,1185732,2021-08-11,West,Utah,Salt Lake City,Women's Street Footwear,23.0,158.0,363.0,149.0,Outlet,2021,8,3,41.04683195592286
Sports Direct,1185732,2021-03-02,Southeast,North Carolina,Charlotte,Men's Street Footwear,28.0,276.0,773.0,417.0,Online,2021,3,1,53.94566623544631
West Gear,1185732,2021-10-11,West,Utah,Salt Lake City,Women's Street Footwear,20.0,300.0,6000.0,2100.0,In-store,2021,10,4,35.0
West Gear,1185732,2021-06-10,Northeast,New York,Albany,Women's Apparel,70.0,725.0,50750.0,25375.0,In-store,2021,6,2,50.0
Sports Direct,1185732,2021-02-04,Southeast,South Carolina,Charleston,Women's Street Footwear,25.0,675.0,16875.0,6750.0,Online,2021,2,1,40.0
West Gear,1185732,2021-09-12,West,Utah,Salt Lake City,Men's Athletic Footwear,25.0,450.0,11250.0,3938.0,In-store,2021,9,3,35.004444444444445
Amazon,1185732,2021-04-21,West,Alaska,Anchorage,Men's Street Footwear,55.0,525.0,28875.0,10106.0,Outlet,2021,4,2,34.9991341991342
Sports Direct,1197831,2021-10-09,South,Texas,Dallas,Women's Apparel,50.0,575.0,28750.0,15813.0,Outlet,2021,10,4,55.00173913043478
West Gear,1185732,2021-04-09,Northeast,New York,Albany,Women's Apparel,45.0,600.0,27000.0,13500.0,In-store,2021,4,2,50.0
Amazon,1185732,2021-12-13,Northeast,Massachusetts,Boston,Women's Athletic Footwear,52.0,75.0,390.0,148.0,Online,2021,12,4,37.94871794871795
Kohl's,1185732,2021-07-06,Northeast,New Jersey,Newark,Men's Street Footwear,47.0,188.0,884.0,415.0,Online,2021,7,3,46.94570135746606
Foot Locker,1185732,2021-07-21,Midwest,Illinois,Chicago,Women's Athletic Footwear,40.0,175.0,7000.0,2800.0,Outlet,2021,7,3,40.0
Walmart,1128299,2021-07-16,Southeast,Florida,Orlando,Men's Athletic Footwear,88.0,225.0,1980.0,792.0,Online,2021,7,3,40.0
Foot Locker,1197831,2021-02-04,West,Idaho,Boise,Men's Apparel,40.0,250.0,10000.0,2500.0,Online,2021,2,1,25.0
Sports Direct,1185732,2021-08-04,Northeast,Connecticut,Hartford,Women's Street Footwear,36.0,107.0,385.0,135.0,Outlet,2021,8,3,35.064935064935064
Foot Locker,1197831,2021-01-05,South,Louisiana,New Orleans,Men's Street Footwear,14.0,223.0,312.0,106.0,Outlet,2021,1,1,33.97435897435898
Foot Locker,1185732,2021-07-31,Midwest,Illinois,Chicago,Men's Athletic Footwear,50.0,250.0,12500.0,4375.0,Outlet,2021,7,3,35.0
Amazon,1185732,2021-12-13,Northeast,Massachusetts,Boston,Men's Apparel,52.0,90.0,468.0,136.0,Outlet,2021,12,4,29.059829059829063
Walmart,1128299,2021-11-17,Southeast,Florida,Orlando,Men's Athletic Footwear,60.0,700.0,42000.0,10500.0,In-store,2021,11,4,25.0
West Gear,1185732,2021-02-10,Midwest,Indiana,Indianapolis,Women's Apparel,19.0,75.0,143.0,73.0,Online,2021,2,1,51.048951048951054
Kohl's,1185732,2021-06-12,West,Wyoming,Cheyenne,Men's Athletic Footwear,42.0,168.0,706.0,289.0,Online,2021,6,2,40.934844192634564
Amazon,1185732,2021-03-21,Southeast,Kentucky,Louisville,Women's Apparel,42.0,65.0,273.0,139.0,Online,2021,3,1,50.91575091575091
Foot Locker,1185732,2021-01-24,Northeast,West Virginia,Charleston,Men's Street Footwear,33.0,106.0,350.0,175.0,Online,2021,1,1,50.0
Amazon,1185732,2021-12-02,Southeast,North Carolina,Charlotte,Women's Athletic Footwear,60.0,675.0,40500.0,16200.0,Online,2021,12,4,40.0
Foot Locker,1185732,2021-12-03,Northeast,Connecticut,Hartford,Women's Athletic Footwear,53.0,87.0,461.0,194.0,Online,2021,12,4,42.0824295010846
Foot Locker,1185732,2021-05-06,Northeast,Rhode Island,Providence,Women's Street Footwear,32.0,60.0,192.0,81.0,Outlet,2021,5,2,42.1875
West Gear,1197831,2021-09-19,South,Oklahoma,Oklahoma City,Men's Street Footwear,50.0,575.0,28750.0,11500.0,Online,2021,9,3,40.0
West Gear,1185732,2021-04-03,Midwest,Wisconsin,Milwaukee,Women's Apparel,49.0,61.0,299.0,164.0,Online,2021,4,2,54.84949832775919
Sports Direct,1185732,2021-10-15,Northeast,Massachusetts,Boston,Women's Athletic Footwear,54.0,27.0,146.0,55.0,Online,2021,10,4,37.67123287671233
Kohl's,1189833,2021-05-15,West,California,Los Angeles,Women's Street Footwear,33.0,208.0,686.0,288.0,Outlet,2021,5,2,41.98250728862974
Foot Locker,1128299,2021-11-23,West,Arizona,Phoenix,Men's Street Footwear,31.0,150.0,465.0,177.0,Outlet,2021,11,4,38.064516129032256
Foot Locker,1128299,2021-07-22,West,Arizona,Phoenix,Women's Apparel,70.0,425.0,29750.0,7438.0,Online,2021,7,3,25.001680672268904
West Gear,1128299,2021-01-18,West,California,San Francisco,Men's Street Footwear,65.0,975.0,63375.0,22181.0,Outlet,2021,1,1,34.99960552268245
West Gear,1185732,2021-08-03,Midwest,Wisconsin,Milwaukee,Men's Street Footwear,46.0,158.0,727.0,305.0,Online,2021,8,3,41.95323246217332
Foot Locker,1185732,2021-10-25,South,Texas,Dallas,Women's Athletic Footwear,28.0,23.0,64.0,28.0,Outlet,2021,10,4,43.75
West Gear,1128299,2021-01-31,West,California,San Francisco,Men's Athletic Footwear,39.0,280.0,1092.0,197.0,Outlet,2021,1,1,18.04029304029304
Sports Direct,1185732,2021-11-12,Midwest,South Dakota,Sioux Falls,Men's Athletic Footwear,41.0,63.0,258.0,106.0,Online,2021,11,4,41.08527131782946
Sports Direct,1185732,2021-05-15,Midwest,Michigan,Detroit,Women's Street Footwear,44.0,133.0,585.0,234.0,Online,2021,5,2,40.0
Foot Locker,1185732,2021-11-18,Northeast,New Hampshire,Manchester,Women's Street Footwear,63.0,104.0,655.0,295.0,Online,2021,11,4,45.038167938931295
Foot Locker,1185732,2021-12-10,West,Wyoming,Cheyenne,Women's Apparel,60.0,600.0,36000.0,9000.0,In-store,2021,12,4,25.0
Foot Locker,1185732,2021-07-16,Midwest,Nebraska,Omaha,Women's Street Footwear,29.0,14.0,41.0,20.0,Online,2021,7,3,48.78048780487805
West Gear,1128299,2021-11-24,West,Oregon,Portland,Women's Apparel,53.0,165.0,875.0,324.0,Outlet,2021,11,4,37.028571428571425
Foot Locker,1128299,2021-04-10,West,Hawaii,Honolulu,Men's Street Footwear,59.0,130.0,767.0,276.0,Online,2021,4,2,35.98435462842243
Foot Locker,1185732,2021-08-14,Northeast,Delaware,Wilmington,Women's Athletic Footwear,45.0,250.0,11250.0,4500.0,In-store,2021,8,3,40.0
Amazon,1185732,2021-09-10,Northeast,Vermont,Burlington,Women's Street Footwear,40.0,72.0,288.0,121.0,Outlet,2021,9,3,42.01388888888889
Kohl's,1128299,2021-07-25,West,New Mexico,Albuquerque,Women's Athletic Footwear,54.0,135.0,729.0,328.0,Online,2021,7,3,44.99314128943759
Foot Locker,1185732,2021-11-18,Northeast,New Hampshire,Manchester,Women's Athletic Footwear,43.0,114.0,490.0,167.0,Outlet,2021,11,4,34.08163265306122
Sports Direct,1185732,2021-02-05,Northeast,Connecticut,Hartford,Men's Apparel,39.0,66.0,257.0,95.0,Outlet,2021,2,1,36.964980544747085
Foot Locker,1128299,2021-02-24,Southeast,Virginia,Richmond,Women's Athletic Footwear,38.0,58.0,220.0,110.0,Online,2021,2,1,50.0
Sports Direct,1197831,2021-09-06,South,Alabama,Birmingham,Men's Street Footwear,31.0,256.0,794.0,421.0,Outlet,2021,9,3,53.02267002518891
Sports Direct,1128299,2021-11-13,Southeast,Georgia,Atlanta,Men's Apparel,65.0,350.0,22750.0,7963.0,Online,2021,11,4,35.002197802197806
Kohl's,1185732,2021-09-10,West,Wyoming,Cheyenne,Women's Athletic Footwear,38.0,135.0,513.0,251.0,Online,2021,9,3,48.927875243664715
Foot Locker,1128299,2021-04-24,Southeast,Virginia,Richmond,Men's Street Footwear,55.0,475.0,26125.0,9144.0,In-store,2021,4,2,35.000956937799046
West Gear,1197831,2021-05-05,West,Idaho,Boise,Men's Athletic Footwear,22.0,247.0,543.0,223.0,Outlet,2021,5,2,41.06813996316759
West Gear,1185732,2021-07-16,Northeast,West Virginia,Charleston,Women's Apparel,65.0,475.0,30875.0,12350.0,In-store,2021,7,3,40.0
Sports Direct,1197831,2021-03-23,South,Tennessee,Knoxville,Men's Athletic Footwear,31.0,195.0,605.0,284.0,Outlet,2021,3,1,46.942148760330575
Foot Locker,1185732,2021-12-03,Northeast,Connecticut,Hartford,Women's Apparel,67.0,112.0,750.0,345.0,Online,2021,12,4,46.0
Sports Direct,1197831,2021-04-17,South,Tennessee,Knoxville,Women's Street Footwear,36.0,263.0,947.0,568.0,Online,2021,4,2,59.97888067581837
West Gear,1185732,2021-02-22,Northeast,West Virginia,Charleston,Women's Street Footwear,25.0,175.0,4375.0,1531.0,In-store,2021,2,1,34.994285714285716
Sports Direct,1185732,2021-02-15,Northeast,Rhode Island,Providence,Men's Athletic Footwear,31.0,53.0,164.0,58.0,Outlet,2021,2,1,35.36585365853659
West Gear,1185732,2021-01-03,Midwest,Iowa,Des Moines,Women's Apparel,28.0,73.0,204.0,112.0,Online,2021,1,1,54.90196078431373
Sports Direct,1185732,2021-05-10,Midwest,North Dakota,Fargo,Women's Street Footwear,40.0,175.0,7000.0,2100.0,In-store,2021,5,2,30.0
Sports Direct,1197831,2021-09-04,South,Alabama,Birmingham,Men's Apparel,50.0,500.0,25000.0,10000.0,Outlet,2021,9,3,40.0
Amazon,1185732,2021-07-10,Northeast,Vermont,Burlington,Men's Athletic Footwear,55.0,425.0,23375.0,10519.0,In-store,2021,7,3,45.00106951871658
Foot Locker,1185732,2021-11-30,Northeast,Pennsylvania,Philadelphia,Women's Athletic Footwear,51.0,44.0,224.0,119.0,Online,2021,11,4,53.125
Foot Locker,1197831,2021-11-13,Midwest,Kansas,Wichita,Men's Athletic Footwear,15.0,275.0,4125.0,1444.0,Online,2021,11,4,35.00606060606061
West Gear,1185732,2021-03-08,Northeast,New York,Albany,Women's Street Footwear,33.0,161.0,531.0,191.0,Online,2021,3,1,35.969868173258
Walmart,1128299,2021-05-18,Southeast,Florida,Orlando,Men's Apparel,55.0,225.0,12375.0,2475.0,Outlet,2021,5,2,20.0
Amazon,1185732,2021-12-17,Northeast,Maine,Portland,Women's Apparel,69.0,75.0,518.0,274.0,Online,2021,12,4,52.8957528957529
West Gear,1185732,2021-03-20,Northeast,Maryland,Baltimore,Men's Apparel,45.0,75.0,3375.0,1013.0,In-store,2021,3,1,30.014814814814816
Foot Locker,1185732,2021-03-17,Midwest,Missouri,St. Louis,Men's Athletic Footwear,35.0,300.0,10500.0,3675.0,In-store,2021,3,1,35.0
Amazon,1185732,2021-10-20,Northeast,Maine,Portland,Women's Street Footwear,29.0,60.0,174.0,92.0,Online,2021,10,4,52.87356321839081
West Gear,1185732,2021-10-10,Midwest,Indiana,Indianapolis,Men's Athletic Footwear,35.0,250.0,8750.0,3500.0,In-store,2021,10,4,40.0
Sports Direct,1185732,2021-04-14,Northeast,Massachusetts,Boston,Women's Apparel,30.0,94.0,282.0,102.0,Outlet,2021,4,2,36.17021276595745
Sports Direct,1185732,2021-07-03,Northeast,Connecticut,Hartford,Men's Street Footwear,54.0,189.0,1021.0,551.0,Online,2021,7,3,53.96669931439765
Foot Locker,1185732,2021-10-19,Northeast,New Hampshire,Manchester,Women's Athletic Footwear,44.0,61.0,268.0,86.0,Outlet,2021,10,4,32.08955223880597
Sports Direct,1197831,2021-04-29,South,Tennessee,Knoxville,Women's Street Footwear,40.0,203.0,812.0,414.0,Outlet,2021,4,2,50.98522167487685
Foot Locker,1128299,2021-11-24,Southeast,Virginia,Richmond,Women's Street Footwear,43.0,138.0,593.0,285.0,Online,2021,11,4,48.06070826306914
Amazon,1185732,2021-07-21,Southeast,Kentucky,Louisville,Women's Apparel,55.0,425.0,23375.0,9350.0,Online,2021,7,3,40.0
Foot Locker,1185732,2021-03-17,Midwest,Missouri,St. Louis,Women's Apparel,35.0,350.0,12250.0,6125.0,In-store,2021,3,1,50.0
Walmart,1197831,2021-07-19,South,Arkansas,Little Rock,Men's Street Footwear,50.0,233.0,1165.0,583.0,Online,2021,7,3,50.042918454935624
Foot Locker,1185732,2021-02-07,Southeast,South Carolina,Charleston,Women's Athletic Footwear,35.0,625.0,21875.0,6563.0,Online,2021,2,1,30.002285714285716
Foot Locker,1185732,2021-11-22,Southeast,Kentucky,Louisville,Women's Athletic Footwear,52.0,52.0,270.0,135.0,Online,2021,11,4,50.0
Foot Locker,1185732,2021-11-18,Northeast,New Hampshire,Manchester,Men's Athletic Footwear,42.0,114.0,479.0,206.0,Outlet,2021,11,4,43.0062630480167
Sports Direct,1128299,2021-01-13,West,New Mexico,Albuquerque,Women's Street Footwear,38.0,126.0,479.0,215.0,Online,2021,1,1,44.88517745302714
West Gear,1185732,2021-07-10,West,Utah,Salt Lake City,Women's Athletic Footwear,23.0,115.0,265.0,132.0,Online,2021,7,3,49.81132075471698
Foot Locker,1185732,2021-06-08,Northeast,Rhode Island,Providence,Men's Apparel,50.0,200.0,10000.0,3000.0,In-store,2021,6,2,30.0
Foot Locker,1185732,2021-06-02,Midwest,Nebraska,Omaha,Men's Street Footwear,40.0,420.0,16800.0,6720.0,Outlet,2021,6,2,40.0
Sports Direct,1185732,2021-01-19,Southeast,Virginia,Richmond,Women's Apparel,25.0,193.0,483.0,280.0,Outlet,2021,1,1,57.971014492753625
Kohl's,1197831,2021-11-20,South,Oklahoma,Oklahoma City,Women's Athletic Footwear,37.0,90.0,333.0,157.0,Outlet,2021,11,4,47.147147147147145
West Gear,1185732,2021-12-10,West,Utah,Salt Lake City,Men's Street Footwear,39.0,203.0,792.0,435.0,Online,2021,12,4,54.92424242424242
Sports Direct,1185732,2021-07-20,Northeast,Maryland,Baltimore,Women's Apparel,55.0,350.0,19250.0,5775.0,In-store,2021,7,3,30.0
Amazon,1185732,2021-02-11,Midwest,Ohio,Columbus,Men's Apparel,45.0,450.0,20250.0,7088.0,Online,2021,2,1,35.002469135802464
Kohl's,1189833,2021-02-13,Midwest,Montana,Billings,Women's Apparel,56.0,112.0,627.0,238.0,Online,2021,2,1,37.9585326953748
Foot Locker,1185732,2021-03-16,South,Mississippi,Jackson,Men's Athletic Footwear,20.0,128.0,256.0,100.0,Outlet,2021,3,1,39.0625
Amazon,1185732,2021-05-09,Midwest,Ohio,Columbus,Women's Athletic Footwear,38.0,123.0,467.0,257.0,Online,2021,5,2,55.0321199143469
West Gear,1128299,2021-03-16,South,Louisiana,New Orleans,Men's Apparel,40.0,50.0,200.0,102.0,Outlet,2021,3,1,51.0
West Gear,1185732,2021-06-03,Midwest,Wisconsin,Milwaukee,Men's Street Footwear,32.0,160.0,512.0,225.0,Online,2021,6,2,43.9453125
Amazon,1185732,2021-11-18,Northeast,Maine,Portland,Men's Apparel,60.0,41.0,246.0,89.0,Online,2021,11,4,36.17886178861789
Foot Locker,1128299,2021-10-24,Southeast,Virginia,Richmond,Women's Street Footwear,50.0,350.0,17500.0,6125.0,In-store,2021,10,4,35.0
Walmart,1128299,2021-12-16,Southeast,Florida,Orlando,Men's Athletic Footwear,55.0,256.0,1408.0,436.0,Outlet,2021,12,4,30.96590909090909
Kohl's,1185732,2021-04-07,Northeast,New Jersey,Newark,Women's Apparel,35.0,250.0,8750.0,3500.0,In-store,2021,4,2,40.0
West Gear,1197831,2021-05-19,South,Oklahoma,Oklahoma City,Men's Street Footwear,40.0,595.0,23800.0,9520.0,Online,2021,5,2,40.0
West Gear,1185732,2021-04-21,Northeast,Maryland,Baltimore,Men's Street Footwear,33.0,128.0,422.0,215.0,Online,2021,4,2,50.947867298578196
Sports Direct,1185732,2021-10-04,Southeast,North Carolina,Charlotte,Women's Street Footwear,34.0,150.0,510.0,260.0,Online,2021,10,4,50.98039215686274
Foot Locker,1185732,2021-09-13,Midwest,South Dakota,Sioux Falls,Women's Apparel,46.0,65.0,299.0,150.0,Online,2021,9,3,50.16722408026756
Walmart,1128299,2021-07-16,Southeast,Florida,Orlando,Women's Athletic Footwear,59.0,186.0,1097.0,362.0,Outlet,2021,7,3,32.99908842297174
Sports Direct,1185732,2021-02-05,Northeast,New Jersey,Newark,Women's Street Footwear,30.0,250.0,7500.0,2250.0,In-store,2021,2,1,30.0
West Gear,1128299,2021-05-18,South,Louisiana,New Orleans,Women's Apparel,65.0,575.0,37375.0,13081.0,Online,2021,5,2,34.999331103678934
Kohl's,1128299,2021-04-26,West,New Mexico,Albuquerque,Men's Street Footwear,51.0,154.0,785.0,353.0,Online,2021,4,2,44.968152866242036
Amazon,1185732,2021-09-23,Southeast,Kentucky,Louisville,Women's Apparel,50.0,275.0,13750.0,5500.0,Online,2021,9,3,40.0
Foot Locker,1185732,2021-05-23,South,Tennessee,Knoxville,Women's Street Footwear,24.0,65.0,156.0,75.0,Online,2021,5,2,48.07692307692308
West Gear,1197831,2021-08-20,South,Oklahoma,Oklahoma City,Women's Apparel,40.0,166.0,664.0,312.0,Outlet,2021,8,3,46.98795180722892
Sports Direct,1185732,2021-01-19,Southeast,Virginia,Richmond,Men's Street Footwear,23.0,233.0,536.0,279.0,Outlet,2021,1,1,52.052238805970156
Kohl's,1189833,2021-01-28,Midwest,Montana,Billings,Men's Athletic Footwear,45.0,525.0,23625.0,7088.0,Outlet,2021,1,1,30.002116402116403
Foot Locker,1128299,2021-03-09,West,Hawaii,Honolulu,Men's Athletic Footwear,54.0,91.0,491.0,152.0,Online,2021,3,1,30.95723014256619
Foot Locker,1185732,2021-11-21,Northeast,Pennsylvania,Philadelphia,Men's Street Footwear,65.0,500.0,32500.0,17875.0,Outlet,2021,11,4,55.00000000000001
West Gear,1197831,2021-04-05,West,Idaho,Boise,Women's Apparel,23.0,176.0,405.0,231.0,Outlet,2021,4,2,57.03703703703704
Foot Locker,1185732,2021-07-30,Midwest,Illinois,Chicago,Men's Street Footwear,60.0,400.0,24000.0,9600.0,Outlet,2021,7,3,40.0
Sports Direct,1197831,2021-01-23,South,Mississippi,Jackson,Men's Apparel,34.0,95.0,323.0,155.0,Online,2021,1,1,47.987616099071204
West Gear,1185732,2021-07-02,Midwest,Wisconsin,Milwaukee,Women's Street Footwear,40.0,225.0,9000.0,2700.0,In-store,2021,7,3,30.0
West Gear,1197831,2021-06-04,West,Idaho,Boise,Men's Apparel,55.0,450.0,24750.0,7425.0,Online,2021,6,2,30.0
Sports Direct,1197831,2021-09-13,South,Texas,Dallas,Women's Athletic Footwear,45.0,600.0,27000.0,12150.0,Outlet,2021,9,3,45.0
Foot Locker,1128299,2021-12-16,South,Louisiana,New Orleans,Men's Apparel,82.0,131.0,1074.0,623.0,Online,2021,12,4,58.00744878957169
Amazon,1185732,2021-09-10,Northeast,Vermont,Burlington,Men's Street Footwear,60.0,525.0,31500.0,14175.0,In-store,2021,9,3,45.0
Sports Direct,1128299,2021-06-13,Southeast,Georgia,Atlanta,Women's Apparel,53.0,190.0,1007.0,322.0,Outlet,2021,6,2,31.976166832174773
West Gear,1128299,2021-05-25,West,Oregon,Portland,Women's Athletic Footwear,50.0,275.0,13750.0,4813.0,In-store,2021,5,2,35.00363636363637
Kohl's,1185732,2021-12-13,Northeast,Delaware,Wilmington,Men's Apparel,65.0,325.0,21125.0,6338.0,In-store,2021,12,4,30.002366863905326
Amazon,1185732,2021-04-10,Midwest,Ohio,Columbus,Men's Athletic Footwear,30.0,425.0,12750.0,4463.0,Online,2021,4,2,35.00392156862745
Foot Locker,1185732,2021-02-22,Northeast,New Hampshire,Manchester,Women's Street Footwear,45.0,275.0,12375.0,3094.0,Outlet,2021,2,1,25.002020202020205
West Gear,1185732,2021-10-10,Northeast,New York,Albany,Women's Apparel,65.0,625.0,40625.0,20313.0,In-store,2021,10,4,50.001230769230766
West Gear,1185732,2021-05-12,West,Utah,Salt Lake City,Men's Street Footwear,27.0,228.0,616.0,265.0,Outlet,2021,5,2,43.01948051948052
Foot Locker,1185732,2021-12-01,Northeast,Pennsylvania,Philadelphia,Men's Apparel,64.0,60.0,384.0,184.0,Online,2021,12,4,47.91666666666667
Foot Locker,1185732,2021-03-05,Midwest,Iowa,Des Moines,Women's Street Footwear,10.0,225.0,2250.0,675.0,In-store,2021,3,1,30.0
Sports Direct,1197831,2021-08-20,South,Texas,Dallas,Women's Athletic Footwear,32.0,128.0,410.0,217.0,Online,2021,8,3,52.926829268292686
Foot Locker,1128299,2021-10-23,West,Arizona,Phoenix,Men's Street Footwear,36.0,170.0,612.0,257.0,Outlet,2021,10,4,41.993464052287585
Foot Locker,1197831,2021-03-06,West,Idaho,Boise,Men's Street Footwear,30.0,625.0,18750.0,6563.0,Online,2021,3,1,35.00266666666666
Foot Locker,1185732,2021-08-07,Northeast,Rhode Island,Providence,Men's Athletic Footwear,45.0,325.0,14625.0,5119.0,In-store,2021,8,3,35.001709401709405
Sports Direct,1185732,2021-01-17,Northeast,Rhode Island,Providence,Men's Apparel,50.0,150.0,7500.0,1875.0,In-store,2021,1,1,25.0
Amazon,1185732,2021-09-10,Northeast,Vermont,Burlington,Men's Apparel,48.0,68.0,326.0,121.0,Outlet,2021,9,3,37.11656441717792
Sports Direct,1128299,2021-03-12,Southeast,Georgia,Atlanta,Men's Street Footwear,40.0,525.0,21000.0,8400.0,Online,2021,3,1,40.0
Amazon,1185732,2021-10-24,Northeast,Maine,Portland,Men's Street Footwear,40.0,470.0,18800.0,6580.0,Outlet,2021,10,4,35.0
Foot Locker,1185732,2021-09-13,Midwest,South Dakota,Sioux Falls,Men's Apparel,41.0,42.0,172.0,86.0,Online,2021,9,3,50.0
Foot Locker,1185732,2021-06-27,Midwest,Nebraska,Omaha,Men's Athletic Footwear,37.0,81.0,300.0,135.0,Online,2021,6,2,45.0
West Gear,1128299,2021-03-23,West,Oregon,Portland,Women's Apparel,49.0,87.0,426.0,179.0,Online,2021,3,1,42.01877934272301
Walmart,1128299,2021-12-16,Southeast,Florida,Orlando,Men's Street Footwear,58.0,280.0,1624.0,585.0,Outlet,2021,12,4,36.02216748768473
Foot Locker,1185732,2021-03-11,Midwest,South Dakota,Sioux Falls,Men's Athletic Footwear,37.0,50.0,185.0,78.0,Online,2021,3,1,42.16216216216216
West Gear,1128299,2021-02-09,West,California,San Francisco,Men's Apparel,63.0,163.0,1027.0,585.0,Online,2021,2,1,56.9620253164557
Sports Direct,1185732,2021-09-13,Northeast,Massachusetts,Boston,Women's Street Footwear,30.0,47.0,141.0,42.0,Outlet,2021,9,3,29.78723404255319
Sports Direct,1128299,2021-10-13,Southeast,Georgia,Atlanta,Women's Apparel,70.0,350.0,24500.0,6125.0,Online,2021,10,4,25.0
Sports Direct,1185732,2021-04-03,Southeast,North Carolina,Charlotte,Men's Street Footwear,27.0,263.0,710.0,383.0,Online,2021,4,2,53.94366197183098
Foot Locker,1185732,2021-12-12,Northeast,Pennsylvania,Philadelphia,Women's Athletic Footwear,32.0,53.0,170.0,70.0,Outlet,2021,12,4,41.17647058823529
Foot Locker,1185732,2021-06-06,Midwest,Iowa,Des Moines,Women's Street Footwear,25.0,200.0,5000.0,1500.0,In-store,2021,6,2,30.0
Walmart,1197831,2021-05-19,South,Arkansas,Little Rock,Women's Street Footwear,34.0,91.0,309.0,170.0,Online,2021,5,2,55.016181229773466
West Gear,1128299,2021-01-16,West,California,San Francisco,Men's Apparel,44.0,240.0,1056.0,591.0,Outlet,2021,1,1,55.96590909090909
West Gear,1185732,2021-07-08,Northeast,New York,Albany,Women's Apparel,66.0,194.0,1280.0,832.0,Online,2021,7,3,65.0
Foot Locker,1185732,2021-07-13,Northeast,Delaware,Wilmington,Men's Street Footwear,53.0,182.0,965.0,482.0,Online,2021,7,3,49.94818652849741
West Gear,1185732,2021-12-02,Midwest,Wisconsin,Milwaukee,Women's Street Footwear,45.0,87.0,392.0,172.0,Online,2021,12,4,43.87755102040816
Kohl's,1197831,2021-12-19,South,Oklahoma,Oklahoma City,Men's Athletic Footwear,47.0,149.0,700.0,266.0,Outlet,2021,12,4,38.0
Sports Direct,1185732,2021-05-13,Northeast,Massachusetts,Boston,Women's Athletic Footwear,45.0,175.0,7875.0,1969.0,In-store,2021,5,2,25.003174603174607
Amazon,1185732,2021-06-11,Midwest,Ohio,Columbus,Men's Street Footwear,50.0,800.0,40000.0,16000.0,Online,2021,6,2,40.0
Sports Direct,1197831,2021-08-08,South,Alabama,Birmingham,Men's Athletic Footwear,33.0,174.0,574.0,310.0,Online,2021,8,3,54.00696864111498
Foot Locker,1185732,2021-10-29,Northeast,Pennsylvania,Philadelphia,Men's Athletic Footwear,45.0,125.0,5625.0,1969.0,Outlet,2021,10,4,35.004444444444445
Kohl's,1128299,2021-06-26,West,New Mexico,Albuquerque,Men's Athletic Footwear,54.0,154.0,832.0,432.0,Online,2021,6,2,51.92307692307693
Walmart,1128299,2021-11-17,Southeast,Florida,Orlando,Women's Street Footwear,55.0,525.0,28875.0,8663.0,In-store,2021,11,4,30.001731601731603
Sports Direct,1185732,2021-01-17,Northeast,Rhode Island,Providence,Men's Athletic Footwear,40.0,250.0,10000.0,3000.0,In-store,2021,1,1,30.0
Sports Direct,1197831,2021-09-15,South,Texas,Dallas,Women's Apparel,53.0,263.0,1394.0,878.0,Online,2021,9,3,62.98421807747489
Walmart,1128299,2021-05-18,Southeast,Florida,Orlando,Women's Apparel,67.0,173.0,1159.0,672.0,Online,2021,5,2,57.98101811906816
Foot Locker,1185732,2021-01-24,Northeast,West Virginia,Charleston,Women's Street Footwear,24.0,63.0,151.0,70.0,Online,2021,1,1,46.35761589403973
Sports Direct,1185732,2021-03-13,Northeast,Massachusetts,Boston,Women's Athletic Footwear,25.0,93.0,233.0,65.0,Outlet,2021,3,1,27.896995708154503
Foot Locker,1185732,2021-03-16,South,Mississippi,Jackson,Women's Athletic Footwear,19.0,80.0,152.0,79.0,Online,2021,3,1,51.973684210526315
Sports Direct,1128299,2021-07-12,Southeast,Georgia,Atlanta,Women's Street Footwear,41.0,184.0,754.0,309.0,Outlet,2021,7,3,40.9814323607427
Kohl's,1185732,2021-10-12,West,Wyoming,Cheyenne,Men's Street Footwear,55.0,775.0,42625.0,21313.0,In-store,2021,10,4,50.00117302052786
Amazon,1185732,2021-12-02,Southeast,North Carolina,Charlotte,Women's Athletic Footwear,55.0,196.0,1078.0,582.0,Online,2021,12,4,53.98886827458256
West Gear,1185732,2021-10-10,Midwest,Indiana,Indianapolis,Women's Apparel,50.0,275.0,13750.0,5500.0,In-store,2021,10,4,40.0
Foot Locker,1128299,2021-02-24,West,Wyoming,Cheyenne,Men's Athletic Footwear,36.0,105.0,378.0,170.0,Online,2021,2,1,44.97354497354497
Foot Locker,1185732,2021-06-21,Midwest,Illinois,Chicago,Women's Athletic Footwear,44.0,20.0,88.0,44.0,Online,2021,6,2,50.0
Walmart,1128299,2021-05-18,Southeast,Florida,Orlando,Men's Athletic Footwear,65.0,425.0,27625.0,6906.0,Outlet,2021,5,2,24.999095022624434
Sports Direct,1197831,2021-08-08,South,Alabama,Birmingham,Men's Athletic Footwear,26.0,192.0,499.0,210.0,Outlet,2021,8,3,42.08416833667334
Sports Direct,1128299,2021-12-25,West,New Mexico,Albuquerque,Men's Apparel,55.0,128.0,704.0,232.0,Outlet,2021,12,4,32.95454545454545
West Gear,1128299,2021-08-17,South,Louisiana,New Orleans,Men's Athletic Footwear,57.0,256.0,1459.0,642.0,Outlet,2021,8,3,44.002741603838246
Foot Locker,1185732,2021-07-06,Northeast,Rhode Island,Providence,Women's Athletic Footwear,37.0,58.0,215.0,112.0,Online,2021,7,3,52.093023255813954
Kohl's,1128299,2021-08-26,West,New Mexico,Albuquerque,Women's Athletic Footwear,55.0,143.0,787.0,370.0,Online,2021,8,3,47.01397712833545
West Gear,1197831,2021-12-19,South,Arkansas,Little Rock,Women's Athletic Footwear,60.0,400.0,24000.0,9600.0,Online,2021,12,4,40.0
West Gear,1128299,2021-01-07,West,California,San Francisco,Men's Athletic Footwear,50.0,256.0,1280.0,384.0,Outlet,2021,1,1,30.0
Walmart,1128299,2021-08-10,West,Hawaii,Honolulu,Women's Apparel,75.0,350.0,26250.0,10500.0,Outlet,2021,8,3,40.0
Amazon,1185732,2021-08-22,Southeast,Kentucky,Louisville,Men's Athletic Footwear,45.0,350.0,15750.0,5513.0,Online,2021,8,3,35.0031746031746
Amazon,1185732,2021-11-14,Northeast,Massachusetts,Boston,Men's Apparel,65.0,250.0,16250.0,4063.0,In-store,2021,11,4,25.00307692307692
Foot Locker,1185732,2021-07-19,Midwest,Nebraska,Omaha,Women's Apparel,45.0,150.0,6750.0,3375.0,Outlet,2021,7,3,50.0
Foot Locker,1185732,2021-12-30,Northeast,Pennsylvania,Philadelphia,Women's Athletic Footwear,57.0,53.0,302.0,160.0,Online,2021,12,4,52.980132450331126
Kohl's,1197831,2021-09-12,Midwest,Kansas,Wichita,Men's Apparel,25.0,225.0,5625.0,1969.0,Online,2021,9,3,35.004444444444445
West Gear,1185732,2021-06-10,Midwest,Indiana,Indianapolis,Women's Apparel,56.0,91.0,510.0,260.0,Online,2021,6,2,50.98039215686274
Sports Direct,1197831,2021-04-06,South,Tennessee,Knoxville,Women's Athletic Footwear,30.0,525.0,15750.0,7875.0,Outlet,2021,4,2,50.0
West Gear,1128299,2021-02-11,West,California,San Francisco,Men's Street Footwear,51.0,293.0,1494.0,598.0,Online,2021,2,1,40.02677376171352
Foot Locker,1185732,2021-07-21,Midwest,Nebraska,Omaha,Men's Athletic Footwear,30.0,150.0,4500.0,1575.0,Outlet,2021,7,3,35.0
Kohl's,1197831,2021-12-19,South,Oklahoma,Oklahoma City,Women's Athletic Footwear,60.0,325.0,19500.0,7800.0,Online,2021,12,4,40.0
Amazon,1185732,2021-05-17,Northeast,New Hampshire,Manchester,Men's Apparel,65.0,300.0,19500.0,5850.0,In-store,2021,5,2,30.0
Sports Direct,1185732,2021-07-15,Midwest,Michigan,Detroit,Women's Apparel,62.0,210.0,1302.0,898.0,Online,2021,7,3,68.97081413210445
Foot Locker,1185732,2021-07-05,Midwest,Iowa,Des Moines,Women's Apparel,55.0,375.0,20625.0,8250.0,In-store,2021,7,3,40.0
Foot Locker,1185732,2021-07-08,Midwest,Illinois,Chicago,Women's Street Footwear,40.0,250.0,10000.0,3500.0,Outlet,2021,7,3,35.0
Kohl's,1128299,2021-10-26,West,New Mexico,Albuquerque,Men's Apparel,41.0,114.0,467.0,154.0,Outlet,2021,10,4,32.97644539614561
West Gear,1185732,2021-02-10,Northeast,New York,Albany,Women's Apparel,45.0,650.0,29250.0,14625.0,In-store,2021,2,1,50.0
Kohl's,1189833,2021-05-21,West,California,Los Angeles,Women's Street Footwear,47.0,169.0,794.0,397.0,Online,2021,5,2,50.0
West Gear,1185732,2021-07-16,Northeast,West Virginia,Charleston,Men's Apparel,54.0,87.0,470.0,254.0,Online,2021,7,3,54.04255319148936
Sports Direct,1185732,2021-01-09,Midwest,South Dakota,Sioux Falls,Men's Athletic Footwear,35.0,275.0,9625.0,2888.0,Online,2021,1,1,30.005194805194808
Foot Locker,1185732,2021-07-19,Midwest,Illinois,Chicago,Men's Athletic Footwear,45.0,300.0,13500.0,4725.0,Outlet,2021,7,3,35.0
Sports Direct,1128299,2021-02-17,Southeast,Florida,Orlando,Men's Apparel,55.0,200.0,11000.0,2200.0,Outlet,2021,2,1,20.0
Sports Direct,1197831,2021-10-04,West,Idaho,Boise,Men's Athletic Footwear,37.0,173.0,640.0,346.0,Online,2021,10,4,54.0625
Foot Locker,1185732,2021-12-17,Northeast,New Hampshire,Manchester,Men's Apparel,75.0,350.0,26250.0,7875.0,Outlet,2021,12,4,30.0
Kohl's,1189833,2021-02-26,Midwest,Montana,Billings,Men's Street Footwear,38.0,167.0,635.0,374.0,Online,2021,2,1,58.89763779527559
Kohl's,1189833,2021-05-12,West,California,Los Angeles,Women's Apparel,59.0,189.0,1115.0,346.0,Online,2021,5,2,31.031390134529147
Foot Locker,1185732,2021-10-07,Southeast,South Carolina,Charleston,Men's Athletic Footwear,42.0,208.0,874.0,437.0,Online,2021,10,4,50.0
Sports Direct,1185732,2021-10-15,Northeast,Massachusetts,Boston,Men's Apparel,62.0,27.0,167.0,59.0,Online,2021,10,4,35.32934131736527
Foot Locker,1185732,2021-10-09,Midwest,North Dakota,Fargo,Women's Apparel,53.0,73.0,387.0,205.0,Online,2021,10,4,52.97157622739018
West Gear,1185732,2021-02-11,West,Utah,Salt Lake City,Women's Athletic Footwear,20.0,300.0,6000.0,2400.0,In-store,2021,2,1,40.0
Sports Direct,1197831,2021-09-29,South,Alabama,Birmingham,Women's Apparel,26.0,147.0,382.0,275.0,Outlet,2021,9,3,71.98952879581152
West Gear,1185732,2021-09-08,Northeast,New York,Albany,Women's Athletic Footwear,44.0,137.0,603.0,247.0,Online,2021,9,3,40.96185737976783
West Gear,1185732,2021-03-16,Northeast,West Virginia,Charleston,Men's Apparel,37.0,59.0,218.0,109.0,Online,2021,3,1,50.0
West Gear,1185732,2021-04-21,Northeast,Maryland,Baltimore,Men's Apparel,45.0,50.0,2250.0,675.0,In-store,2021,4,2,30.0
Foot Locker,1185732,2021-05-23,South,Tennessee,Knoxville,Women's Street Footwear,19.0,74.0,141.0,55.0,Outlet,2021,5,2,39.00709219858156
West Gear,1128299,2021-03-23,West,Oregon,Portland,Men's Street Footwear,40.0,475.0,19000.0,6650.0,In-store,2021,3,1,35.0
Foot Locker,1185732,2021-05-13,Midwest,South Dakota,Sioux Falls,Women's Athletic Footwear,43.0,26.0,112.0,50.0,Online,2021,5,2,44.642857142857146
Kohl's,1128299,2021-12-22,West,Arizona,Phoenix,Men's Apparel,52.0,88.0,458.0,197.0,Online,2021,12,4,43.01310043668122
Foot Locker,1185732,2021-06-27,Midwest,Nebraska,Omaha,Men's Athletic Footwear,40.0,300.0,12000.0,4200.0,Outlet,2021,6,2,35.0
Amazon,1185732,2021-02-12,Northeast,Massachusetts,Boston,Women's Street Footwear,35.0,275.0,9625.0,3369.0,In-store,2021,2,1,35.0025974025974
Kohl's,1189833,2021-05-06,West,California,Los Angeles,Women's Apparel,61.0,189.0,1153.0,404.0,Online,2021,5,2,35.039028620988724
Foot Locker,1185732,2021-07-02,Midwest,Nebraska,Omaha,Men's Street Footwear,41.0,145.0,595.0,315.0,Online,2021,7,3,52.94117647058824
Foot Locker,1185732,2021-04-12,Midwest,South Dakota,Sioux Falls,Men's Apparel,60.0,100.0,6000.0,2100.0,Online,2021,4,2,35.0
Foot Locker,1185732,2021-06-04,Midwest,Illinois,Chicago,Men's Apparel,53.0,47.0,249.0,122.0,Online,2021,6,2,48.99598393574297
Kohl's,1185732,2021-08-11,West,Wyoming,Cheyenne,Men's Athletic Footwear,43.0,163.0,701.0,287.0,Online,2021,8,3,40.94151212553495
Kohl's,1185732,2021-02-08,Northeast,New Jersey,Newark,Women's Apparel,32.0,74.0,237.0,126.0,Online,2021,2,1,53.16455696202531
Sports Direct,1185732,2021-09-13,Northeast,Massachusetts,Boston,Women's Athletic Footwear,42.0,36.0,151.0,60.0,Online,2021,9,3,39.735099337748345
Foot Locker,1185732,2021-11-19,Northeast,Pennsylvania,Philadelphia,Men's Apparel,65.0,125.0,8125.0,2438.0,Outlet,2021,11,4,30.006153846153843
Sports Direct,1128299,2021-01-17,West,Hawaii,Honolulu,Women's Athletic Footwear,50.0,275.0,13750.0,4125.0,Outlet,2021,1,1,30.0
Sports Direct,1197831,2021-10-17,South,Texas,Dallas,Men's Athletic Footwear,56.0,231.0,1294.0,673.0,Online,2021,10,4,52.009273570324574
West Gear,1185732,2021-05-20,Northeast,Maryland,Baltimore,Men's Athletic Footwear,45.0,175.0,7875.0,2756.0,In-store,2021,5,2,34.9968253968254
Amazon,1185732,2021-01-14,Northeast,Massachusetts,Boston,Women's Apparel,44.0,98.0,431.0,220.0,Online,2021,1,1,51.04408352668214
Walmart,1128299,2021-04-17,Southeast,Florida,Orlando,Women's Street Footwear,49.0,132.0,647.0,220.0,Outlet,2021,4,2,34.003091190108194
Sports Direct,1197831,2021-09-21,South,Alabama,Birmingham,Women's Athletic Footwear,58.0,95.0,551.0,391.0,Online,2021,9,3,70.96188747731398
Amazon,1185732,2021-02-19,Northeast,Vermont,Burlington,Women's Street Footwear,39.0,90.0,351.0,154.0,Online,2021,2,1,43.87464387464387
Kohl's,1197831,2021-08-13,Midwest,Kansas,Wichita,Men's Apparel,47.0,69.0,324.0,162.0,Online,2021,8,3,50.0
Foot Locker,1185732,2021-07-11,Midwest,South Dakota,Sioux Falls,Men's Apparel,50.0,200.0,10000.0,3500.0,Online,2021,7,3,35.0
Kohl's,1185732,2021-02-08,Northeast,New Jersey,Newark,Women's Athletic Footwear,30.0,100.0,3000.0,1200.0,In-store,2021,2,1,40.0
West Gear,1128299,2021-10-17,South,Louisiana,New Orleans,Women's Street Footwear,42.0,100.0,420.0,210.0,Online,2021,10,4,50.0
Amazon,1185732,2021-07-09,Midwest,Ohio,Columbus,Men's Apparel,65.0,550.0,35750.0,12513.0,Online,2021,7,3,35.001398601398606
West Gear,1128299,2021-08-24,West,Oregon,Portland,Men's Street Footwear,90.0,800.0,72000.0,25200.0,In-store,2021,8,3,35.0
Foot Locker,1185732,2021-06-18,Midwest,Missouri,St. Louis,Men's Athletic Footwear,30.0,350.0,10500.0,3675.0,In-store,2021,6,2,35.0
Amazon,1185732,2021-07-09,Midwest,Ohio,Columbus,Women's Athletic Footwear,55.0,525.0,28875.0,11550.0,Online,2021,7,3,40.0
West Gear,1185732,2021-11-03,Midwest,Wisconsin,Milwaukee,Women's Street Footwear,35.0,245.0,8575.0,2573.0,In-store,2021,11,4,30.005830903790088
Amazon,1185732,2021-05-23,Southeast,Kentucky,Louisville,Women's Apparel,55.0,275.0,15125.0,6050.0,Online,2021,5,2,40.0
Sports Direct,1185732,2021-04-16,Midwest,Michigan,Detroit,Men's Apparel,45.0,120.0,540.0,270.0,Online,2021,4,2,50.0
West Gear,1185732,2021-01-11,Midwest,Missouri,St. Louis,Men's Apparel,33.0,98.0,323.0,152.0,Online,2021,1,1,47.05882352941176
Kohl's,1128299,2021-10-26,West,New Mexico,Albuquerque,Women's Apparel,68.0,105.0,714.0,264.0,Online,2021,10,4,36.97478991596639
Kohl's,1189833,2021-01-02,Midwest,Montana,Billings,Women's Apparel,43.0,138.0,593.0,231.0,Online,2021,1,1,38.954468802698145
West Gear,1197831,2021-10-21,South,Oklahoma,Oklahoma City,Men's Athletic Footwear,14.0,112.0,157.0,66.0,Outlet,2021,10,4,42.038216560509554
Amazon,1185732,2021-02-22,Midwest,Ohio,Columbus,Men's Athletic Footwear,40.0,200.0,8000.0,2800.0,Online,2021,2,1,35.0
Sports Direct,1197831,2021-03-24,South,Tennessee,Knoxville,Women's Street Footwear,22.0,166.0,365.0,157.0,Outlet,2021,3,1,43.013698630136986
Foot Locker,1185732,2021-07-13,Northeast,Delaware,Wilmington,Women's Athletic Footwear,43.0,90.0,387.0,205.0,Online,2021,7,3,52.97157622739018
Kohl's,1197831,2021-10-14,Midwest,Kansas,Wichita,Men's Street Footwear,29.0,145.0,421.0,193.0,Online,2021,10,4,45.843230403800476
Sports Direct,1185732,2021-03-03,Northeast,Connecticut,Hartford,Women's Street Footwear,30.0,250.0,7500.0,2250.0,In-store,2021,3,1,30.0
Sports Direct,1197831,2021-09-01,South,Alabama,Birmingham,Men's Athletic Footwear,50.0,750.0,37500.0,16875.0,Outlet,2021,9,3,45.0
Sports Direct,1197831,2021-09-09,South,Alabama,Birmingham,Women's Athletic Footwear,44.0,173.0,761.0,563.0,Online,2021,9,3,73.98160315374507
West Gear,1197831,2021-06-04,West,Idaho,Boise,Women's Street Footwear,50.0,600.0,30000.0,10500.0,Online,2021,6,2,35.0
Kohl's,1128299,2021-12-22,West,Arizona,Phoenix,Women's Athletic Footwear,44.0,115.0,506.0,228.0,Online,2021,12,4,45.059288537549406
Sports Direct,1185732,2021-02-04,Southeast,North Carolina,Charlotte,Women's Apparel,30.0,700.0,21000.0,10500.0,Online,2021,2,1,50.0
Foot Locker,1185732,2021-01-20,Southeast,Kentucky,Louisville,Men's Street Footwear,29.0,189.0,548.0,296.0,Online,2021,1,1,54.01459854014598
Foot Locker,1185732,2021-12-17,Northeast,Pennsylvania,Philadelphia,Women's Street Footwear,48.0,34.0,163.0,73.0,Online,2021,12,4,44.785276073619634
Sports Direct,1197831,2021-03-12,Midwest,Montana,Billings,Women's Street Footwear,27.0,130.0,351.0,158.0,Online,2021,3,1,45.01424501424501
Walmart,1185732,2021-08-17,South,Mississippi,Jackson,Women's Apparel,55.0,625.0,34375.0,17188.0,Online,2021,8,3,50.00145454545455
Kohl's,1189833,2021-02-03,Midwest,Montana,Billings,Men's Athletic Footwear,41.0,156.0,640.0,275.0,Online,2021,2,1,42.96875
Sports Direct,1185732,2021-11-17,South,Mississippi,Jackson,Women's Apparel,68.0,158.0,1074.0,655.0,Online,2021,11,4,60.98696461824954
Kohl's,1128299,2021-03-25,West,New Mexico,Albuquerque,Men's Athletic Footwear,51.0,112.0,571.0,303.0,Online,2021,3,1,53.06479859894922
Kohl's,1185732,2021-03-06,Northeast,New Jersey,Newark,Men's Apparel,43.0,34.0,146.0,66.0,Online,2021,3,1,45.20547945205479
West Gear,1185732,2021-10-03,Midwest,Wisconsin,Milwaukee,Men's Athletic Footwear,35.0,225.0,7875.0,2756.0,In-store,2021,10,4,34.9968253968254
West Gear,1185732,2021-03-08,Northeast,New York,Albany,Women's Apparel,43.0,161.0,692.0,415.0,Online,2021,3,1,59.97109826589595
Foot Locker,1185732,2021-06-18,Midwest,Missouri,St. Louis,Men's Street Footwear,35.0,600.0,21000.0,8400.0,In-store,2021,6,2,40.0
West Gear,1197831,2021-01-23,South,Arkansas,Little Rock,Women's Athletic Footwear,13.0,74.0,96.0,41.0,Outlet,2021,1,1,42.70833333333333
Foot Locker,1185732,2021-12-13,Northeast,Pennsylvania,Philadelphia,Men's Apparel,36.0,41.0,148.0,50.0,Outlet,2021,12,4,33.78378378378378
Foot Locker,1185732,2021-07-25,Midwest,Illinois,Chicago,Men's Athletic Footwear,50.0,250.0,12500.0,4375.0,Outlet,2021,7,3,35.0
Amazon,1185732,2021-02-19,Northeast,New Hampshire,Manchester,Men's Apparel,41.0,96.0,394.0,130.0,Outlet,2021,2,1,32.99492385786802
Sports Direct,1128299,2021-04-13,Southeast,Georgia,Atlanta,Women's Athletic Footwear,40.0,96.0,384.0,173.0,Outlet,2021,4,2,45.05208333333333
Sports Direct,1185732,2021-03-13,Northeast,Massachusetts,Boston,Men's Apparel,50.0,100.0,5000.0,1250.0,In-store,2021,3,1,25.0
Foot Locker,1128299,2021-12-23,Southeast,Virginia,Richmond,Men's Athletic Footwear,54.0,225.0,1215.0,498.0,Outlet,2021,12,4,40.98765432098765
Foot Locker,1128299,2021-05-25,Southeast,Virginia,Richmond,Women's Athletic Footwear,50.0,275.0,13750.0,4813.0,In-store,2021,5,2,35.00363636363637
Kohl's,1128299,2021-10-26,West,New Mexico,Albuquerque,Women's Athletic Footwear,50.0,350.0,17500.0,6125.0,Online,2021,10,4,35.0
Walmart,1185732,2021-10-18,South,Mississippi,Jackson,Women's Athletic Footwear,20.0,109.0,218.0,98.0,Outlet,2021,10,4,44.95412844036697
Sports Direct,1185732,2021-10-08,Northeast,New Jersey,Newark,Women's Apparel,62.0,68.0,422.0,223.0,Online,2021,10,4,52.843601895734594
Sports Direct,1185732,2021-04-03,Southeast,North Carolina,Charlotte,Women's Street Footwear,20.0,144.0,288.0,158.0,Online,2021,4,2,54.861111111111114
Sports Direct,1185732,2021-04-14,Northeast,Massachusetts,Boston,Men's Athletic Footwear,37.0,45.0,167.0,73.0,Online,2021,4,2,43.712574850299404
Foot Locker,1197831,2021-07-06,West,Idaho,Boise,Women's Apparel,51.0,264.0,1346.0,794.0,Outlet,2021,7,3,58.98959881129272
Foot Locker,1185732,2021-02-06,Midwest,North Dakota,Fargo,Women's Street Footwear,19.0,56.0,106.0,44.0,Online,2021,2,1,41.509433962264154
Foot Locker,1185732,2021-11-07,Northeast,Pennsylvania,Philadelphia,Men's Apparel,60.0,75.0,4500.0,1350.0,Outlet,2021,11,4,30.0
Foot Locker,1185732,2021-11-04,Northeast,Connecticut,Hartford,Women's Apparel,52.0,116.0,603.0,235.0,Outlet,2021,11,4,38.97180762852405
West Gear,1185732,2021-05-12,West,Utah,Salt Lake City,Women's Apparel,45.0,400.0,18000.0,9000.0,In-store,2021,5,2,50.0
West Gear,1128299,2021-01-27,West,California,San Francisco,Women's Athletic Footwear,39.0,247.0,963.0,260.0,Outlet,2021,1,1,26.99896157840083
West Gear,1185732,2021-05-04,Midwest,Wisconsin,Milwaukee,Women's Athletic Footwear,35.0,150.0,5250.0,1575.0,In-store,2021,5,2,30.0
Foot Locker,1128299,2021-06-24,Southeast,Virginia,Richmond,Men's Apparel,90.0,400.0,36000.0,14400.0,In-store,2021,6,2,40.0
Foot Locker,1185732,2021-05-13,Midwest,South Dakota,Sioux Falls,Women's Street Footwear,43.0,46.0,198.0,83.0,Online,2021,5,2,41.91919191919192
West Gear,1197831,2021-07-19,South,Oklahoma,Oklahoma City,Women's Athletic Footwear,45.0,325.0,14625.0,5850.0,Online,2021,7,3,40.0
Sports Direct,1128299,2021-02-13,West,New Mexico,Albuquerque,Men's Street Footwear,30.0,500.0,15000.0,6000.0,Online,2021,2,1,40.0
Sports Direct,1128299,2021-01-13,West,New Mexico,Albuquerque,Women's Street Footwear,40.0,450.0,18000.0,6300.0,Online,2021,1,1,35.0
Kohl's,1189833,2021-03-18,West,California,Los Angeles,Women's Apparel,45.0,650.0,29250.0,5850.0,Outlet,2021,3,1,20.0
Sports Direct,1185732,2021-12-16,South,Mississippi,Jackson,Men's Street Footwear,70.0,775.0,54250.0,21700.0,Online,2021,12,4,40.0
Foot Locker,1185732,2021-06-17,Midwest,Illinois,Chicago,Women's Apparel,50.0,225.0,11250.0,5625.0,Outlet,2021,6,2,50.0
Kohl's,1185732,2021-06-08,Northeast,New Jersey,Newark,Men's Street Footwear,45.0,156.0,702.0,323.0,Online,2021,6,2,46.01139601139601
Sports Direct,1185732,2021-11-07,Northeast,Rhode Island,Providence,Women's Apparel,60.0,77.0,462.0,240.0,Online,2021,11,4,51.94805194805194
West Gear,1185732,2021-10-03,Midwest,Wisconsin,Milwaukee,Women's Athletic Footwear,32.0,33.0,106.0,43.0,Online,2021,10,4,40.56603773584906
Amazon,1185732,2021-03-17,Northeast,New Hampshire,Manchester,Men's Athletic Footwear,50.0,275.0,13750.0,5500.0,In-store,2021,3,1,40.0
Sports Direct,1185732,2021-10-22,Northeast,Maryland,Baltimore,Women's Street Footwear,50.0,100.0,5000.0,1750.0,In-store,2021,10,4,35.0
West Gear,1128299,2021-07-16,South,Louisiana,New Orleans,Men's Street Footwear,90.0,900.0,81000.0,32400.0,Online,2021,7,3,40.0
Foot Locker,1185732,2021-12-09,Northeast,Pennsylvania,Philadelphia,Men's Street Footwear,65.0,475.0,30875.0,15438.0,Outlet,2021,12,4,50.001619433198385
Foot Locker,1185732,2021-07-23,Midwest,Nebraska,Omaha,Women's Athletic Footwear,27.0,36.0,97.0,53.0,Online,2021,7,3,54.63917525773196
Amazon,1185732,2021-04-18,Northeast,New Hampshire,Manchester,Men's Street Footwear,50.0,550.0,27500.0,11000.0,In-store,2021,4,2,40.0
Foot Locker,1185732,2021-02-08,Northeast,Connecticut,Hartford,Women's Street Footwear,24.0,49.0,118.0,59.0,Online,2021,2,1,50.0
Sports Direct,1185732,2021-07-03,Northeast,Connecticut,Hartford,Men's Apparel,55.0,300.0,16500.0,4950.0,In-store,2021,7,3,30.0
West Gear,1128299,2021-01-29,West,California,San Francisco,Women's Apparel,65.0,217.0,1411.0,339.0,Online,2021,1,1,24.025513819985825
Kohl's,1128299,2021-06-26,West,New Mexico,Albuquerque,Men's Apparel,44.0,93.0,409.0,143.0,Outlet,2021,6,2,34.96332518337408
West Gear,1128299,2021-11-24,West,Oregon,Portland,Men's Athletic Footwear,48.0,195.0,936.0,468.0,Online,2021,11,4,50.0
Walmart,1128299,2021-04-17,Southeast,Florida,Orlando,Women's Apparel,57.0,113.0,644.0,322.0,Outlet,2021,4,2,50.0
West Gear,1197831,2021-03-19,South,Oklahoma,Oklahoma City,Men's Athletic Footwear,20.0,250.0,5000.0,1750.0,Online,2021,3,1,35.0
Kohl's,1185732,2021-04-11,West,Wyoming,Cheyenne,Men's Apparel,47.0,106.0,498.0,209.0,Online,2021,4,2,41.967871485943775
Foot Locker,1185732,2021-08-06,Midwest,Iowa,Des Moines,Women's Apparel,53.0,98.0,519.0,286.0,Online,2021,8,3,55.10597302504817
Amazon,1185732,2021-04-18,Northeast,New Hampshire,Manchester,Women's Apparel,46.0,98.0,451.0,207.0,Online,2021,4,2,45.8980044345898
Sports Direct,1197831,2021-08-03,Midwest,Nebraska,Omaha,Women's Street Footwear,28.0,138.0,386.0,213.0,Online,2021,8,3,55.181347150259064
Amazon,1185732,2021-11-21,West,Alaska,Anchorage,Women's Street Footwear,65.0,320.0,20800.0,5200.0,Outlet,2021,11,4,25.0
West Gear,1185732,2021-06-11,West,Utah,Salt Lake City,Men's Street Footwear,21.0,208.0,437.0,188.0,Outlet,2021,6,2,43.02059496567506
Sports Direct,1128299,2021-02-13,West,New Mexico,Albuquerque,Men's Street Footwear,29.0,145.0,421.0,223.0,Online,2021,2,1,52.96912114014252
West Gear,1128299,2021-07-23,West,Oregon,Portland,Men's Street Footwear,79.0,255.0,2015.0,967.0,Online,2021,7,3,47.99007444168735
West Gear,1128299,2021-07-16,South,Louisiana,New Orleans,Women's Street Footwear,90.0,196.0,1764.0,953.0,Online,2021,7,3,54.02494331065759
Walmart,1197831,2021-05-19,South,Arkansas,Little Rock,Women's Apparel,44.0,111.0,488.0,269.0,Online,2021,5,2,55.122950819672134
Foot Locker,1185732,2021-01-18,Midwest,Michigan,Detroit,Men's Apparel,40.0,325.0,13000.0,4550.0,In-store,2021,1,1,35.0
Sports Direct,1128299,2021-03-16,Southeast,Florida,Orlando,Women's Athletic Footwear,58.0,91.0,528.0,222.0,Online,2021,3,1,42.04545454545455
West Gear,1197831,2021-09-19,South,Oklahoma,Oklahoma City,Men's Apparel,20.0,78.0,156.0,59.0,Outlet,2021,9,3,37.82051282051282
Foot Locker,1128299,2021-12-22,West,Arizona,Phoenix,Men's Street Footwear,45.0,625.0,28125.0,9844.0,Online,2021,12,4,35.00088888888889
Sports Direct,1185732,2021-11-16,Midwest,Michigan,Detroit,Women's Apparel,65.0,625.0,40625.0,22344.0,In-store,2021,11,4,55.00061538461538
West Gear,1185732,2021-02-10,Midwest,Wisconsin,Milwaukee,Men's Street Footwear,35.0,550.0,19250.0,7700.0,In-store,2021,2,1,40.0
Sports Direct,1185732,2021-05-03,Northeast,Connecticut,Hartford,Men's Street Footwear,40.0,191.0,764.0,336.0,Outlet,2021,5,2,43.97905759162304
Kohl's,1189833,2021-01-27,Midwest,Montana,Billings,Men's Street Footwear,36.0,169.0,608.0,359.0,Online,2021,1,1,59.04605263157895
Sports Direct,1197831,2021-09-30,South,Texas,Dallas,Women's Street Footwear,59.0,203.0,1198.0,635.0,Online,2021,9,3,53.00500834724541
Sports Direct,1185732,2021-02-04,Southeast,South Carolina,Charleston,Men's Street Footwear,35.0,975.0,34125.0,13650.0,Online,2021,2,1,40.0
Foot Locker,1185732,2021-05-05,Southeast,South Carolina,Charleston,Women's Apparel,60.0,800.0,48000.0,24000.0,Online,2021,5,2,50.0
Amazon,1185732,2021-10-28,Northeast,Maine,Portland,Men's Apparel,50.0,100.0,5000.0,1250.0,Outlet,2021,10,4,25.0
Kohl's,1128299,2021-03-25,West,New Mexico,Albuquerque,Women's Street Footwear,52.0,112.0,582.0,285.0,Online,2021,3,1,48.96907216494845
Sports Direct,1197831,2021-09-07,South,Texas,Dallas,Women's Athletic Footwear,35.0,550.0,19250.0,8663.0,Outlet,2021,9,3,45.0025974025974
Kohl's,1189833,2021-02-21,Midwest,Montana,Billings,Men's Athletic Footwear,50.0,550.0,27500.0,8250.0,Outlet,2021,2,1,30.0
Kohl's,1128299,2021-08-26,West,New Mexico,Albuquerque,Women's Street Footwear,58.0,142.0,824.0,379.0,Online,2021,8,3,45.99514563106796
West Gear,1185732,2021-11-11,West,Utah,Salt Lake City,Men's Street Footwear,29.0,149.0,432.0,216.0,Online,2021,11,4,50.0
West Gear,1128299,2021-05-18,South,Louisiana,New Orleans,Women's Street Footwear,49.0,112.0,549.0,280.0,Online,2021,5,2,51.001821493624774
West Gear,1197831,2021-08-20,South,Oklahoma,Oklahoma City,Men's Apparel,50.0,300.0,15000.0,5250.0,Online,2021,8,3,35.0
Foot Locker,1185732,2021-09-19,Midwest,Missouri,St. Louis,Men's Apparel,25.0,275.0,6875.0,2406.0,In-store,2021,9,3,34.99636363636364
Walmart,1128299,2021-10-17,Southeast,Florida,Orlando,Men's Street Footwear,50.0,400.0,20000.0,6000.0,In-store,2021,10,4,30.0
West Gear,1197831,2021-10-21,South,Oklahoma,Oklahoma City,Women's Athletic Footwear,15.0,62.0,93.0,39.0,Outlet,2021,10,4,41.935483870967744
Foot Locker,1185732,2021-12-15,Midwest,Michigan,Detroit,Women's Street Footwear,50.0,600.0,30000.0,9000.0,In-store,2021,12,4,30.0
Foot Locker,1185732,2021-05-19,Midwest,Missouri,St. Louis,Men's Street Footwear,39.0,180.0,702.0,358.0,Online,2021,5,2,50.997150997150996
Walmart,1197831,2021-08-20,South,Arkansas,Little Rock,Women's Athletic Footwear,40.0,400.0,16000.0,6400.0,Online,2021,8,3,40.0
Amazon,1185732,2021-03-10,Northeast,Vermont,Burlington,Women's Athletic Footwear,40.0,125.0,5000.0,1750.0,In-store,2021,3,1,35.0
Foot Locker,1185732,2021-11-29,Northeast,Pennsylvania,Philadelphia,Women's Street Footwear,51.0,59.0,301.0,150.0,Online,2021,11,4,49.83388704318937
West Gear,1128299,2021-03-16,South,Louisiana,New Orleans,Women's Athletic Footwear,55.0,300.0,16500.0,6600.0,In-store,2021,3,1,40.0
Sports Direct,1185732,2021-04-14,Northeast,Massachusetts,Boston,Men's Street Footwear,40.0,450.0,18000.0,5400.0,In-store,2021,4,2,30.0
Sports Direct,1185732,2021-05-02,Southeast,North Carolina,Charlotte,Men's Athletic Footwear,45.0,650.0,29250.0,10238.0,Online,2021,5,2,35.001709401709405
Amazon,1185732,2021-11-21,West,Alaska,Anchorage,Men's Athletic Footwear,65.0,300.0,19500.0,6825.0,Outlet,2021,11,4,35.0
Sports Direct,1185732,2021-02-09,Midwest,North Dakota,Fargo,Women's Athletic Footwear,29.0,30.0,87.0,39.0,Online,2021,2,1,44.827586206896555
West Gear,1185732,2021-11-09,Northeast,New York,Albany,Men's Athletic Footwear,49.0,162.0,794.0,389.0,Online,2021,11,4,48.99244332493703
Foot Locker,1128299,2021-09-25,Southeast,Virginia,Richmond,Women's Street Footwear,34.0,78.0,265.0,106.0,Outlet,2021,9,3,40.0
West Gear,1185732,2021-02-10,Midwest,Indiana,Indianapolis,Women's Apparel,20.0,300.0,6000.0,2400.0,In-store,2021,2,1,40.0
Foot Locker,1128299,2021-05-11,West,Hawaii,Honolulu,Women's Street Footwear,56.0,98.0,549.0,220.0,Online,2021,5,2,40.07285974499089
Amazon,1185732,2021-12-13,Northeast,Massachusetts,Boston,Women's Street Footwear,51.0,98.0,500.0,195.0,Online,2021,12,4,39.0
Foot Locker,1185732,2021-01-18,Midwest,Michigan,Detroit,Men's Street Footwear,27.0,156.0,421.0,211.0,Online,2021,1,1,50.1187648456057
Foot Locker,1128299,2021-07-22,West,Arizona,Phoenix,Men's Street Footwear,49.0,196.0,960.0,471.0,Online,2021,7,3,49.0625
Sports Direct,1185732,2021-01-17,Northeast,Rhode Island,Providence,Women's Athletic Footwear,35.0,100.0,3500.0,875.0,In-store,2021,1,1,25.0
Sports Direct,1185732,2021-06-05,Northeast,Connecticut,Hartford,Men's Apparel,36.0,91.0,328.0,105.0,Outlet,2021,6,2,32.01219512195122
West Gear,1185732,2021-03-09,Midwest,Indiana,Indianapolis,Women's Apparel,25.0,275.0,6875.0,2750.0,In-store,2021,3,1,40.0
Kohl's,1197831,2021-09-12,Midwest,Kansas,Wichita,Men's Athletic Footwear,40.0,350.0,14000.0,4900.0,Online,2021,9,3,35.0
Walmart,1128299,2021-11-10,West,Hawaii,Honolulu,Men's Athletic Footwear,56.0,168.0,941.0,301.0,Online,2021,11,4,31.987247608926673
West Gear,1185732,2021-05-12,West,Utah,Salt Lake City,Men's Street Footwear,35.0,670.0,23450.0,9380.0,In-store,2021,5,2,40.0
Kohl's,1185732,2021-11-11,West,Wyoming,Cheyenne,Men's Apparel,51.0,143.0,729.0,299.0,Online,2021,11,4,41.01508916323731
West Gear,1185732,2021-01-03,Midwest,Iowa,Des Moines,Men's Apparel,40.0,150.0,6000.0,3000.0,In-store,2021,1,1,50.0
Kohl's,1185732,2021-06-12,West,Wyoming,Cheyenne,Men's Athletic Footwear,45.0,600.0,27000.0,8100.0,In-store,2021,6,2,30.0
Foot Locker,1128299,2021-12-16,South,Louisiana,New Orleans,Men's Apparel,85.0,525.0,44625.0,20081.0,Online,2021,12,4,44.99943977591037
Sports Direct,1185732,2021-02-09,Midwest,South Dakota,Sioux Falls,Men's Athletic Footwear,34.0,51.0,173.0,75.0,Online,2021,2,1,43.35260115606936
Amazon,1185732,2021-06-22,West,Alaska,Anchorage,Women's Apparel,67.0,126.0,844.0,355.0,Online,2021,6,2,42.06161137440758
Amazon,1185732,2021-04-11,Northeast,Vermont,Burlington,Women's Athletic Footwear,40.0,150.0,6000.0,2100.0,In-store,2021,4,2,35.0
Walmart,1128299,2021-08-17,Southeast,Florida,Orlando,Men's Athletic Footwear,77.0,206.0,1586.0,555.0,Online,2021,8,3,34.9936948297604
Amazon,1185732,2021-03-09,Midwest,Ohio,Columbus,Women's Athletic Footwear,24.0,98.0,235.0,122.0,Online,2021,3,1,51.91489361702127
West Gear,1185732,2021-01-12,Southeast,Florida,Orlando,Men's Street Footwear,30.0,272.0,816.0,416.0,Outlet,2021,1,1,50.98039215686274
Sports Direct,1197831,2021-05-09,South,Tennessee,Knoxville,Men's Street Footwear,29.0,196.0,568.0,318.0,Online,2021,5,2,55.98591549295775
Walmart,1197831,2021-09-19,South,Arkansas,Little Rock,Men's Apparel,18.0,111.0,200.0,78.0,Outlet,2021,9,3,39.0
Kohl's,1185732,2021-11-14,Northeast,Delaware,Wilmington,Women's Apparel,64.0,98.0,627.0,345.0,Online,2021,11,4,55.02392344497608
West Gear,1185732,2021-09-12,West,Utah,Salt Lake City,Men's Apparel,19.0,88.0,167.0,84.0,Online,2021,9,3,50.29940119760479
Sports Direct,1128299,2021-12-12,Southeast,Georgia,Atlanta,Men's Athletic Footwear,39.0,223.0,870.0,409.0,Outlet,2021,12,4,47.01149425287356
Foot Locker,1185732,2021-08-04,Midwest,Illinois,Chicago,Women's Apparel,61.0,65.0,397.0,238.0,Online,2021,8,3,59.949622166246854
Sports Direct,1128299,2021-03-12,Southeast,Georgia,Atlanta,Men's Athletic Footwear,37.0,113.0,418.0,184.0,Outlet,2021,3,1,44.01913875598086
Foot Locker,1185732,2021-10-08,Northeast,Rhode Island,Providence,Men's Athletic Footwear,38.0,68.0,258.0,98.0,Outlet,2021,10,4,37.98449612403101
Foot Locker,1128299,2021-05-24,West,Arizona,Phoenix,Women's Street Footwear,55.0,400.0,22000.0,7700.0,Online,2021,5,2,35.0
Foot Locker,1185732,2021-11-17,Northeast,Pennsylvania,Philadelphia,Women's Street Footwear,52.0,42.0,218.0,100.0,Online,2021,11,4,45.87155963302752
Sports Direct,1197831,2021-08-21,South,Texas,Dallas,Men's Apparel,26.0,93.0,242.0,77.0,Outlet,2021,8,3,31.818181818181817
Foot Locker,1185732,2021-07-06,Northeast,Rhode Island,Providence,Men's Apparel,47.0,63.0,296.0,118.0,Online,2021,7,3,39.86486486486486
Sports Direct,1185732,2021-07-20,Northeast,Maryland,Baltimore,Men's Athletic Footwear,45.0,275.0,12375.0,4331.0,In-store,2021,7,3,34.9979797979798
Walmart,1197831,2021-09-19,South,Arkansas,Little Rock,Men's Street Footwear,35.0,221.0,774.0,333.0,Outlet,2021,9,3,43.02325581395349
Foot Locker,1185732,2021-07-20,Midwest,Illinois,Chicago,Women's Street Footwear,36.0,60.0,216.0,102.0,Online,2021,7,3,47.22222222222222
Walmart,1185732,2021-09-16,South,Mississippi,Jackson,Women's Street Footwear,20.0,425.0,8500.0,3400.0,Online,2021,9,3,40.0
West Gear,1197831,2021-06-21,South,Oklahoma,Oklahoma City,Men's Street Footwear,38.0,156.0,593.0,302.0,Online,2021,6,2,50.92748735244519
Foot Locker,1185732,2021-12-27,Northeast,Pennsylvania,Philadelphia,Men's Street Footwear,70.0,475.0,33250.0,18288.0,Outlet,2021,12,4,55.001503759398496
Sports Direct,1197831,2021-10-04,West,Idaho,Boise,Women's Athletic Footwear,44.0,101.0,444.0,289.0,Online,2021,10,4,65.09009009009009
West Gear,1128299,2021-03-23,West,Oregon,Portland,Men's Apparel,43.0,30.0,129.0,57.0,Outlet,2021,3,1,44.18604651162791
Sports Direct,1185732,2021-10-15,Northeast,Massachusetts,Boston,Women's Athletic Footwear,55.0,100.0,5500.0,1375.0,In-store,2021,10,4,25.0
Foot Locker,1185732,2021-12-20,Northeast,Maryland,Baltimore,Women's Athletic Footwear,50.0,175.0,8750.0,3063.0,In-store,2021,12,4,35.005714285714284
Foot Locker,1185732,2021-07-29,Midwest,Nebraska,Omaha,Women's Athletic Footwear,40.0,150.0,6000.0,2400.0,Outlet,2021,7,3,40.0
Sports Direct,1197831,2021-08-30,South,Alabama,Birmingham,Women's Apparel,43.0,203.0,873.0,628.0,Online,2021,8,3,71.93585337915235
Amazon,1185732,2021-10-22,Southeast,Kentucky,Louisville,Men's Street Footwear,55.0,450.0,24750.0,9900.0,Online,2021,10,4,40.0
Kohl's,1185732,2021-01-14,Northeast,New York,Albany,Men's Street Footwear,40.0,800.0,32000.0,16000.0,In-store,2021,1,1,50.0
Kohl's,1189833,2021-02-17,West,California,San Francisco,Men's Street Footwear,32.0,203.0,650.0,331.0,Online,2021,2,1,50.92307692307693
Foot Locker,1197831,2021-02-04,South,Louisiana,New Orleans,Men's Street Footwear,23.0,163.0,375.0,150.0,Online,2021,2,1,40.0
Sports Direct,1185732,2021-03-15,Midwest,Michigan,Detroit,Women's Apparel,35.0,475.0,16625.0,9144.0,In-store,2021,3,1,55.001503759398496
Foot Locker,1185732,2021-12-04,Northeast,Pennsylvania,Philadelphia,Men's Athletic Footwear,60.0,300.0,18000.0,6300.0,Outlet,2021,12,4,35.0
West Gear,1185732,2021-06-10,Midwest,Indiana,Indianapolis,Men's Apparel,40.0,175.0,7000.0,2100.0,In-store,2021,6,2,30.0
Walmart,1128299,2021-10-10,West,Hawaii,Honolulu,Women's Street Footwear,60.0,300.0,18000.0,4500.0,Outlet,2021,10,4,25.0
West Gear,1185732,2021-11-06,Midwest,Iowa,Des Moines,Women's Street Footwear,32.0,57.0,182.0,80.0,Online,2021,11,4,43.956043956043956
Sports Direct,1185732,2021-07-08,Midwest,North Dakota,Fargo,Men's Apparel,50.0,200.0,10000.0,3500.0,In-store,2021,7,3,35.0
Foot Locker,1128299,2021-05-25,Southeast,Virginia,Richmond,Men's Apparel,34.0,54.0,184.0,79.0,Outlet,2021,5,2,42.934782608695656
West Gear,1185732,2021-11-11,Northeast,Vermont,Burlington,Men's Athletic Footwear,47.0,98.0,461.0,226.0,Outlet,2021,11,4,49.0238611713666
West Gear,1185732,2021-04-10,Midwest,Indiana,Indianapolis,Men's Athletic Footwear,23.0,54.0,124.0,65.0,Online,2021,4,2,52.41935483870967
Sports Direct,1185732,2021-08-21,Northeast,Maryland,Baltimore,Men's Street Footwear,48.0,135.0,648.0,343.0,Online,2021,8,3,52.9320987654321
Sports Direct,1197831,2021-08-30,South,Alabama,Birmingham,Women's Apparel,36.0,263.0,947.0,625.0,Outlet,2021,8,3,65.99788806758184
Sports Direct,1128299,2021-12-12,Southeast,Georgia,Atlanta,Men's Street Footwear,55.0,675.0,37125.0,14850.0,Online,2021,12,4,40.0
Sports Direct,1128299,2021-11-13,Southeast,Georgia,Atlanta,Men's Athletic Footwear,60.0,575.0,34500.0,13800.0,Online,2021,11,4,40.0
Amazon,1185732,2021-12-10,Northeast,Vermont,Burlington,Men's Apparel,67.0,81.0,543.0,260.0,Online,2021,12,4,47.882136279926335
Sports Direct,1185732,2021-04-16,Midwest,Michigan,Detroit,Men's Athletic Footwear,38.0,111.0,422.0,224.0,Online,2021,4,2,53.08056872037915
Kohl's,1189833,2021-05-14,West,California,Los Angeles,Men's Athletic Footwear,51.0,232.0,1183.0,426.0,Online,2021,5,2,36.010143702451394
Foot Locker,1185732,2021-09-19,Midwest,Missouri,St. Louis,Women's Athletic Footwear,14.0,83.0,116.0,62.0,Online,2021,9,3,53.44827586206896
Foot Locker,1185732,2021-01-12,Midwest,Kansas,Wichita,Men's Apparel,48.0,44.0,211.0,99.0,Online,2021,1,1,46.91943127962085
West Gear,1185732,2021-04-10,Midwest,Indiana,Indianapolis,Men's Street Footwear,23.0,125.0,288.0,158.0,Online,2021,4,2,54.861111111111114
Kohl's,1185732,2021-12-10,West,Wyoming,Cheyenne,Men's Athletic Footwear,44.0,168.0,739.0,303.0,Online,2021,12,4,41.00135317997294
Sports Direct,1185732,2021-12-11,Midwest,South Dakota,Sioux Falls,Men's Athletic Footwear,50.0,300.0,15000.0,4500.0,Online,2021,12,4,30.0
West Gear,1185732,2021-10-03,Midwest,Wisconsin,Milwaukee,Men's Street Footwear,43.0,113.0,486.0,204.0,Online,2021,10,4,41.9753086419753
Walmart,1197831,2021-05-19,South,Arkansas,Little Rock,Men's Apparel,42.0,85.0,357.0,168.0,Online,2021,5,2,47.05882352941176
Amazon,1185732,2021-04-22,Southeast,Kentucky,Louisville,Women's Athletic Footwear,45.0,100.0,4500.0,1800.0,Online,2021,4,2,40.0
Sports Direct,1128299,2021-01-13,West,New Mexico,Albuquerque,Women's Street Footwear,32.0,140.0,448.0,188.0,Outlet,2021,1,1,41.964285714285715
Kohl's,1185732,2021-03-10,West,Wyoming,Cheyenne,Women's Athletic Footwear,33.0,112.0,370.0,174.0,Online,2021,3,1,47.02702702702703
Foot Locker,1128299,2021-07-23,Southeast,Virginia,Richmond,Men's Athletic Footwear,81.0,203.0,1644.0,822.0,Online,2021,7,3,50.0
Walmart,1197831,2021-10-21,South,Arkansas,Little Rock,Women's Athletic Footwear,20.0,275.0,5500.0,2200.0,Online,2021,10,4,40.0
West Gear,1128299,2021-02-17,West,Oregon,Portland,Men's Athletic Footwear,45.0,400.0,18000.0,7200.0,In-store,2021,2,1,40.0
Foot Locker,1185732,2021-05-19,Midwest,Missouri,St. Louis,Women's Apparel,45.0,105.0,473.0,284.0,Online,2021,5,2,60.04228329809725
Kohl's,1128299,2021-09-27,West,New Mexico,Albuquerque,Men's Apparel,60.0,425.0,25500.0,7650.0,Online,2021,9,3,30.0
Kohl's,1185732,2021-08-11,West,Wyoming,Cheyenne,Women's Athletic Footwear,40.0,525.0,21000.0,7350.0,In-store,2021,8,3,35.0
Kohl's,1185732,2021-09-10,West,Wyoming,Cheyenne,Women's Apparel,55.0,600.0,33000.0,8250.0,In-store,2021,9,3,25.0
Kohl's,1128299,2021-02-26,West,Arizona,Phoenix,Women's Street Footwear,35.0,132.0,462.0,185.0,Outlet,2021,2,1,40.04329004329004
Sports Direct,1185732,2021-12-06,Northeast,Rhode Island,Providence,Men's Athletic Footwear,50.0,300.0,15000.0,5250.0,In-store,2021,12,4,35.0
West Gear,1185732,2021-11-09,Northeast,New York,Albany,Men's Street Footwear,56.0,217.0,1215.0,668.0,Online,2021,11,4,54.97942386831276
Sports Direct,1128299,2021-08-13,Southeast,Georgia,Atlanta,Women's Apparel,68.0,119.0,809.0,283.0,Online,2021,8,3,34.9814585908529
West Gear,1128299,2021-07-16,South,Louisiana,New Orleans,Men's Apparel,73.0,221.0,1613.0,791.0,Outlet,2021,7,3,49.039057656540606
Foot Locker,1185732,2021-06-08,Northeast,Rhode Island,Providence,Men's Athletic Footwear,45.0,300.0,13500.0,4725.0,In-store,2021,6,2,35.0
Sports Direct,1185732,2021-07-20,Northeast,Maryland,Baltimore,Men's Apparel,46.0,51.0,235.0,106.0,Online,2021,7,3,45.1063829787234
West Gear,1197831,2021-06-04,West,Idaho,Boise,Women's Athletic Footwear,48.0,143.0,686.0,405.0,Online,2021,6,2,59.037900874635575
Sports Direct,1185732,2021-09-10,Midwest,North Dakota,Fargo,Men's Athletic Footwear,34.0,72.0,245.0,105.0,Online,2021,9,3,42.857142857142854
Amazon,1185732,2021-10-12,Northeast,Vermont,Burlington,Women's Athletic Footwear,46.0,61.0,281.0,104.0,Outlet,2021,10,4,37.01067615658363
West Gear,1185732,2021-12-10,West,Utah,Salt Lake City,Men's Apparel,40.0,400.0,16000.0,5600.0,In-store,2021,12,4,35.0
West Gear,1185732,2021-10-10,Northeast,New York,Albany,Women's Athletic Footwear,50.0,500.0,25000.0,7500.0,In-store,2021,10,4,30.0
Kohl's,1197831,2021-11-20,South,Oklahoma,Oklahoma City,Women's Athletic Footwear,55.0,300.0,16500.0,6600.0,Online,2021,11,4,40.0
Walmart,1197831,2021-09-19,South,Arkansas,Little Rock,Men's Street Footwear,50.0,650.0,32500.0,13000.0,Online,2021,9,3,40.0
Amazon,1185732,2021-12-27,Northeast,Maine,Portland,Men's Street Footwear,53.0,122.0,647.0,310.0,Online,2021,12,4,47.913446676970636
Kohl's,1189833,2021-01-03,Midwest,Montana,Billings,Men's Street Footwear,35.0,525.0,18375.0,8269.0,Outlet,2021,1,1,45.00136054421769
Foot Locker,1185732,2021-02-07,Southeast,South Carolina,Charleston,Women's Athletic Footwear,33.0,169.0,558.0,251.0,Online,2021,2,1,44.982078853046595
Sports Direct,1197831,2021-10-04,South,Alabama,Birmingham,Men's Apparel,48.0,111.0,533.0,314.0,Online,2021,10,4,58.91181988742964
Amazon,1185732,2021-02-19,Northeast,New Hampshire,Manchester,Women's Athletic Footwear,31.0,68.0,211.0,72.0,Outlet,2021,2,1,34.12322274881517
Foot Locker,1185732,2021-08-07,Northeast,Rhode Island,Providence,Men's Apparel,45.0,31.0,140.0,56.0,Online,2021,8,3,40.0
West Gear,1128299,2021-01-06,West,California,San Francisco,Men's Street Footwear,41.0,341.0,1398.0,601.0,Outlet,2021,1,1,42.989985693848354
West Gear,1185732,2021-10-10,Northeast,New York,Albany,Men's Athletic Footwear,46.0,156.0,718.0,330.0,Online,2021,10,4,45.96100278551532
Foot Locker,1185732,2021-10-22,Northeast,Maryland,Baltimore,Women's Athletic Footwear,50.0,75.0,3750.0,1313.0,In-store,2021,10,4,35.013333333333335
Foot Locker,1185732,2021-12-19,Northeast,Pennsylvania,Philadelphia,Men's Apparel,56.0,27.0,151.0,65.0,Online,2021,12,4,43.04635761589404
Foot Locker,1185732,2021-06-16,Midwest,Nebraska,Omaha,Women's Street Footwear,35.0,100.0,3500.0,1225.0,Outlet,2021,6,2,35.0
Sports Direct,1197831,2021-05-03,South,Tennessee,Knoxville,Men's Street Footwear,35.0,575.0,20125.0,9056.0,Outlet,2021,5,2,44.998757763975156
Sports Direct,1197831,2021-10-05,South,Alabama,Birmingham,Women's Apparel,56.0,188.0,1053.0,832.0,Online,2021,10,4,79.01234567901234
Foot Locker,1185732,2021-07-11,Midwest,South Dakota,Sioux Falls,Women's Street Footwear,40.0,225.0,9000.0,2700.0,Online,2021,7,3,30.0
West Gear,1128299,2021-05-18,South,Louisiana,New Orleans,Women's Street Footwear,37.0,136.0,503.0,211.0,Outlet,2021,5,2,41.94831013916501
Kohl's,1128299,2021-12-25,West,New Mexico,Albuquerque,Men's Athletic Footwear,47.0,217.0,1020.0,479.0,Outlet,2021,12,4,46.96078431372549
West Gear,1185732,2021-04-03,Midwest,Wisconsin,Milwaukee,Men's Apparel,60.0,100.0,6000.0,3000.0,In-store,2021,4,2,50.0
Amazon,1185732,2021-03-17,Northeast,New Hampshire,Manchester,Men's Street Footwear,49.0,165.0,809.0,404.0,Online,2021,3,1,49.93819530284301
Amazon,1185732,2021-10-25,Northeast,Maine,Portland,Men's Athletic Footwear,40.0,175.0,7000.0,2450.0,Outlet,2021,10,4,35.0
Sports Direct,1185732,2021-11-17,South,Mississippi,Jackson,Women's Apparel,51.0,168.0,857.0,488.0,Outlet,2021,11,4,56.94282380396732
Foot Locker,1197831,2021-03-06,West,Idaho,Boise,Women's Athletic Footwear,35.0,350.0,12250.0,5513.0,Online,2021,3,1,45.00408163265306
Walmart,1197831,2021-07-19,South,Arkansas,Little Rock,Women's Apparel,50.0,198.0,990.0,455.0,Outlet,2021,7,3,45.95959595959596
Kohl's,1185732,2021-09-10,West,Wyoming,Cheyenne,Men's Athletic Footwear,45.0,600.0,27000.0,8100.0,In-store,2021,9,3,30.0
Foot Locker,1185732,2021-06-28,Midwest,Nebraska,Omaha,Women's Street Footwear,34.0,63.0,214.0,96.0,Online,2021,6,2,44.85981308411215
Kohl's,1185732,2021-06-08,Northeast,New Jersey,Newark,Men's Apparel,46.0,65.0,299.0,135.0,Online,2021,6,2,45.1505016722408
Sports Direct,1185732,2021-09-10,Midwest,North Dakota,Fargo,Men's Athletic Footwear,35.0,275.0,9625.0,2888.0,In-store,2021,9,3,30.005194805194808
Kohl's,1185732,2021-10-08,Northeast,New Jersey,Newark,Men's Street Footwear,55.0,425.0,23375.0,8181.0,In-store,2021,10,4,34.99893048128342
Foot Locker,1185732,2021-11-04,Northeast,Connecticut,Hartford,Women's Street Footwear,51.0,80.0,408.0,184.0,Online,2021,11,4,45.09803921568628
West Gear,1128299,2021-02-01,West,California,San Francisco,Women's Street Footwear,50.0,182.0,910.0,382.0,Online,2021,2,1,41.97802197802198
Foot Locker,1128299,2021-03-09,West,Hawaii,Honolulu,Men's Street Footwear,44.0,135.0,594.0,238.0,Online,2021,3,1,40.06734006734007
Kohl's,1197831,2021-03-12,Midwest,Kansas,Wichita,Men's Street Footwear,20.0,153.0,306.0,150.0,Online,2021,3,1,49.01960784313725
Sports Direct,1197831,2021-03-15,South,Tennessee,Knoxville,Women's Apparel,24.0,170.0,408.0,216.0,Outlet,2021,3,1,52.94117647058824
Sports Direct,1185732,2021-11-07,Northeast,New Jersey,Newark,Women's Athletic Footwear,49.0,65.0,319.0,175.0,Online,2021,11,4,54.858934169278996
Sports Direct,1197831,2021-04-07,South,Tennessee,Knoxville,Men's Apparel,41.0,106.0,435.0,213.0,Online,2021,4,2,48.96551724137931
Kohl's,1189833,2021-01-25,Midwest,Montana,Billings,Men's Apparel,45.0,225.0,10125.0,6075.0,Outlet,2021,1,1,60.0
Sports Direct,1197831,2021-01-23,South,Mississippi,Jackson,Men's Athletic Footwear,25.0,131.0,328.0,147.0,Online,2021,1,1,44.81707317073171
Foot Locker,1185732,2021-10-22,Northeast,Maryland,Baltimore,Women's Apparel,60.0,52.0,312.0,125.0,Online,2021,10,4,40.06410256410257
Sports Direct,1197831,2021-09-09,South,Alabama,Birmingham,Women's Athletic Footwear,45.0,575.0,25875.0,15525.0,Outlet,2021,9,3,60.0
Amazon,1185732,2021-07-10,Northeast,Vermont,Burlington,Women's Street Footwear,50.0,350.0,17500.0,6125.0,In-store,2021,7,3,35.0
Kohl's,1128299,2021-12-22,West,Arizona,Phoenix,Men's Apparel,55.0,350.0,19250.0,5775.0,Online,2021,12,4,30.0
Foot Locker,1197831,2021-02-04,South,Louisiana,New Orleans,Women's Street Footwear,28.0,128.0,358.0,125.0,Outlet,2021,2,1,34.91620111731844
Foot Locker,1197831,2021-01-05,South,Louisiana,New Orleans,Women's Athletic Footwear,26.0,166.0,432.0,181.0,Outlet,2021,1,1,41.898148148148145
Amazon,1185732,2021-02-22,West,Alaska,Anchorage,Men's Street Footwear,55.0,575.0,31625.0,11069.0,Outlet,2021,2,1,35.00079051383399
Foot Locker,1185732,2021-10-24,South,Texas,Dallas,Women's Street Footwear,33.0,56.0,185.0,94.0,Online,2021,10,4,50.810810810810814
Sports Direct,1197831,2021-09-01,South,Texas,Dallas,Women's Athletic Footwear,30.0,425.0,12750.0,5738.0,Outlet,2021,9,3,45.003921568627455
West Gear,1185732,2021-11-10,Midwest,Indiana,Indianapolis,Women's Street Footwear,35.0,270.0,9450.0,3308.0,In-store,2021,11,4,35.00529100529101
Kohl's,1128299,2021-08-26,West,New Mexico,Albuquerque,Women's Street Footwear,46.0,163.0,750.0,300.0,Outlet,2021,8,3,40.0
West Gear,1128299,2021-01-10,Northeast,Maine,Portland,Men's Athletic Footwear,41.0,109.0,447.0,147.0,Online,2021,1,1,32.88590604026846
Foot Locker,1185732,2021-11-10,Northeast,Pennsylvania,Philadelphia,Men's Athletic Footwear,37.0,51.0,189.0,60.0,Outlet,2021,11,4,31.746031746031743
Foot Locker,1185732,2021-12-17,Northeast,New Hampshire,Manchester,Women's Street Footwear,47.0,128.0,602.0,217.0,Outlet,2021,12,4,36.04651162790697
Sports Direct,1185732,2021-09-20,Northeast,Maryland,Baltimore,Women's Street Footwear,38.0,36.0,137.0,68.0,Online,2021,9,3,49.63503649635037
Kohl's,1189833,2021-05-17,West,California,Los Angeles,Men's Apparel,60.0,600.0,36000.0,19800.0,Outlet,2021,5,2,55.00000000000001
Foot Locker,1185732,2021-01-24,Northeast,West Virginia,Charleston,Men's Athletic Footwear,35.0,225.0,7875.0,2756.0,In-store,2021,1,1,34.9968253968254
West Gear,1185732,2021-07-16,Northeast,West Virginia,Charleston,Women's Street Footwear,50.0,325.0,16250.0,6500.0,In-store,2021,7,3,40.0
West Gear,1185732,2021-07-02,Midwest,Wisconsin,Milwaukee,Men's Street Footwear,50.0,550.0,27500.0,8250.0,In-store,2021,7,3,30.0
West Gear,1197831,2021-03-06,West,Idaho,Boise,Women's Apparel,35.0,400.0,14000.0,7000.0,Online,2021,3,1,50.0
Amazon,1185732,2021-04-10,Midwest,Ohio,Columbus,Men's Apparel,45.0,375.0,16875.0,5906.0,Online,2021,4,2,34.998518518518516
Kohl's,1189833,2021-01-14,Midwest,Montana,Billings,Women's Apparel,42.0,112.0,470.0,183.0,Online,2021,1,1,38.93617021276596
West Gear,1185732,2021-02-10,Midwest,Wisconsin,Milwaukee,Men's Athletic Footwear,34.0,52.0,177.0,90.0,Online,2021,2,1,50.847457627118644
West Gear,1128299,2021-06-24,West,Oregon,Portland,Men's Athletic Footwear,47.0,202.0,949.0,389.0,Outlet,2021,6,2,40.99051633298208
Foot Locker,1128299,2021-08-24,Southeast,Virginia,Richmond,Men's Athletic Footwear,76.0,202.0,1535.0,737.0,Online,2021,8,3,48.013029315960914
Foot Locker,1128299,2021-10-23,West,Arizona,Phoenix,Women's Apparel,60.0,325.0,19500.0,4875.0,Online,2021,10,4,25.0
Foot Locker,1185732,2021-07-20,Midwest,Nebraska,Omaha,Men's Street Footwear,37.0,84.0,311.0,168.0,Online,2021,7,3,54.019292604501615
West Gear,1185732,2021-06-03,Midwest,Wisconsin,Milwaukee,Men's Athletic Footwear,27.0,90.0,243.0,119.0,Online,2021,6,2,48.971193415637856
West Gear,1197831,2021-03-19,South,Oklahoma,Oklahoma City,Women's Street Footwear,10.0,275.0,2750.0,1100.0,Online,2021,3,1,40.0
Kohl's,1128299,2021-10-26,West,New Mexico,Albuquerque,Men's Apparel,56.0,91.0,510.0,224.0,Online,2021,10,4,43.92156862745098
Sports Direct,1128299,2021-01-13,West,New Mexico,Albuquerque,Women's Apparel,28.0,140.0,392.0,125.0,Outlet,2021,1,1,31.887755102040817
Foot Locker,1197831,2021-01-05,South,Louisiana,New Orleans,Women's Athletic Footwear,33.0,133.0,439.0,233.0,Online,2021,1,1,53.075170842824605
Foot Locker,1185732,2021-03-05,Midwest,Iowa,Des Moines,Women's Street Footwear,9.0,65.0,59.0,23.0,Online,2021,3,1,38.983050847457626
Sports Direct,1185732,2021-01-06,Southeast,South Carolina,Charleston,Women's Athletic Footwear,29.0,173.0,502.0,276.0,Online,2021,1,1,54.980079681274894
Kohl's,1189833,2021-03-22,West,California,Los Angeles,Women's Athletic Footwear,41.0,154.0,631.0,284.0,Online,2021,3,1,45.00792393026941
Sports Direct,1197831,2021-09-08,South,Alabama,Birmingham,Women's Street Footwear,41.0,254.0,1041.0,656.0,Online,2021,9,3,63.016330451488955
West Gear,1185732,2021-09-18,Northeast,West Virginia,Charleston,Men's Street Footwear,35.0,550.0,19250.0,7700.0,In-store,2021,9,3,40.0
Foot Locker,1185732,2021-12-19,Northeast,Pennsylvania,Philadelphia,Men's Apparel,60.0,100.0,6000.0,1800.0,Outlet,2021,12,4,30.0
Walmart,1197831,2021-08-20,South,Arkansas,Little Rock,Men's Athletic Footwear,55.0,525.0,28875.0,10106.0,Online,2021,8,3,34.9991341991342
Sports Direct,1185732,2021-02-17,Southeast,Virginia,Richmond,Men's Street Footwear,26.0,256.0,666.0,366.0,Outlet,2021,2,1,54.95495495495496
West Gear,1128299,2021-01-16,West,California,San Francisco,Men's Apparel,64.0,233.0,1491.0,954.0,Online,2021,1,1,63.983903420523134
West Gear,1185732,2021-07-10,West,Utah,Salt Lake City,Men's Apparel,32.0,128.0,410.0,188.0,Online,2021,7,3,45.85365853658537
Foot Locker,1185732,2021-07-07,Midwest,Nebraska,Omaha,Women's Apparel,44.0,69.0,304.0,182.0,Online,2021,7,3,59.86842105263158
Sports Direct,1185732,2021-07-15,Midwest,Michigan,Detroit,Men's Apparel,54.0,143.0,772.0,394.0,Online,2021,7,3,51.03626943005182
West Gear,1185732,2021-08-09,Northeast,New York,Albany,Men's Athletic Footwear,60.0,700.0,42000.0,14700.0,In-store,2021,8,3,35.0
Amazon,1185732,2021-12-02,Southeast,North Carolina,Charlotte,Women's Apparel,75.0,775.0,58125.0,29063.0,Online,2021,12,4,50.00086021505376
Walmart,1185732,2021-08-17,South,Mississippi,Jackson,Men's Street Footwear,56.0,215.0,1204.0,650.0,Online,2021,8,3,53.98671096345515
Walmart,1128299,2021-04-17,Southeast,Florida,Orlando,Men's Athletic Footwear,51.0,105.0,536.0,145.0,Outlet,2021,4,2,27.05223880597015
Walmart,1128299,2021-06-17,Southeast,Florida,Orlando,Men's Apparel,71.0,153.0,1086.0,239.0,Outlet,2021,6,2,22.007366482504604
West Gear,1128299,2021-08-24,West,Oregon,Portland,Men's Athletic Footwear,80.0,775.0,62000.0,21700.0,In-store,2021,8,3,35.0
West Gear,1197831,2021-04-05,West,Idaho,Boise,Men's Apparel,34.0,72.0,245.0,105.0,Online,2021,4,2,42.857142857142854
Amazon,1185732,2021-09-17,Northeast,New Hampshire,Manchester,Men's Athletic Footwear,43.0,116.0,499.0,209.0,Outlet,2021,9,3,41.883767535070135
Foot Locker,1128299,2021-03-09,West,Hawaii,Honolulu,Men's Athletic Footwear,55.0,350.0,19250.0,3850.0,Outlet,2021,3,1,20.0
Foot Locker,1185732,2021-03-17,Midwest,Missouri,St. Louis,Men's Street Footwear,34.0,186.0,632.0,323.0,Online,2021,3,1,51.10759493670886
Sports Direct,1128299,2021-05-14,Southeast,Georgia,Atlanta,Men's Street Footwear,50.0,550.0,27500.0,11000.0,Online,2021,5,2,40.0
Amazon,1185732,2021-09-10,Northeast,Vermont,Burlington,Women's Street Footwear,46.0,56.0,258.0,129.0,Online,2021,9,3,50.0
Sports Direct,1128299,2021-01-17,West,Hawaii,Honolulu,Men's Apparel,54.0,68.0,367.0,110.0,Online,2021,1,1,29.972752043596728
Walmart,1197831,2021-08-20,South,Arkansas,Little Rock,Women's Athletic Footwear,39.0,104.0,406.0,203.0,Online,2021,8,3,50.0
Foot Locker,1185732,2021-05-23,South,Tennessee,Knoxville,Women's Street Footwear,25.0,225.0,5625.0,1969.0,Outlet,2021,5,2,35.004444444444445
Sports Direct,1197831,2021-09-25,South,Alabama,Birmingham,Men's Athletic Footwear,29.0,158.0,458.0,289.0,Online,2021,9,3,63.1004366812227
Sports Direct,1185732,2021-08-09,Midwest,North Dakota,Fargo,Men's Apparel,46.0,44.0,202.0,93.0,Online,2021,8,3,46.03960396039604
West Gear,1197831,2021-08-20,South,Oklahoma,Oklahoma City,Women's Athletic Footwear,40.0,325.0,13000.0,5200.0,Online,2021,8,3,40.0
West Gear,1185732,2021-09-18,Northeast,West Virginia,Charleston,Men's Apparel,35.0,225.0,7875.0,3150.0,In-store,2021,9,3,40.0
Foot Locker,1197831,2021-02-04,South,Louisiana,New Orleans,Men's Athletic Footwear,32.0,174.0,557.0,234.0,Online,2021,2,1,42.010771992818675
West Gear,1197831,2021-04-20,South,Oklahoma,Oklahoma City,Men's Street Footwear,24.0,152.0,365.0,193.0,Online,2021,4,2,52.87671232876713
Amazon,1185732,2021-12-23,Northeast,Maine,Portland,Women's Street Footwear,41.0,68.0,279.0,139.0,Online,2021,12,4,49.82078853046595
Walmart,1128299,2021-05-18,Southeast,Florida,Orlando,Men's Street Footwear,60.0,575.0,34500.0,10350.0,Outlet,2021,5,2,30.0
West Gear,1185732,2021-11-09,Northeast,New York,Albany,Men's Apparel,62.0,154.0,955.0,430.0,Online,2021,11,4,45.0261780104712
Sports Direct,1197831,2021-08-30,South,Texas,Dallas,Men's Athletic Footwear,21.0,210.0,441.0,176.0,Outlet,2021,8,3,39.909297052154194
West Gear,1128299,2021-01-22,West,California,San Francisco,Men's Apparel,75.0,750.0,56250.0,28125.0,Outlet,2021,1,1,50.0
Walmart,1197831,2021-09-19,South,Arkansas,Little Rock,Women's Athletic Footwear,12.0,104.0,125.0,52.0,Outlet,2021,9,3,41.6
Amazon,1185732,2021-07-21,Southeast,Kentucky,Louisville,Men's Athletic Footwear,45.0,350.0,15750.0,5513.0,Online,2021,7,3,35.0031746031746
Foot Locker,1128299,2021-05-25,Southeast,Virginia,Richmond,Women's Apparel,44.0,168.0,739.0,259.0,Outlet,2021,5,2,35.047361299052774
Sports Direct,1185732,2021-02-17,Southeast,Virginia,Richmond,Men's Athletic Footwear,35.0,450.0,15750.0,6300.0,In-store,2021,2,1,40.0
Foot Locker,1128299,2021-03-23,Southeast,Virginia,Richmond,Men's Athletic Footwear,50.0,325.0,16250.0,5688.0,In-store,2021,3,1,35.003076923076925
Sports Direct,1185732,2021-09-15,Midwest,Michigan,Detroit,Men's Street Footwear,45.0,800.0,36000.0,18000.0,In-store,2021,9,3,50.0
Sports Direct,1197831,2021-04-19,South,Tennessee,Knoxville,Men's Apparel,45.0,550.0,24750.0,9900.0,Outlet,2021,4,2,40.0
Foot Locker,1185732,2021-12-13,Northeast,Pennsylvania,Philadelphia,Men's Apparel,50.0,36.0,180.0,81.0,Online,2021,12,4,45.0
Kohl's,1189833,2021-03-14,West,California,Los Angeles,Men's Athletic Footwear,30.0,215.0,645.0,200.0,Outlet,2021,3,1,31.007751937984494
West Gear,1185732,2021-10-17,Northeast,West Virginia,Charleston,Women's Athletic Footwear,32.0,47.0,150.0,80.0,Online,2021,10,4,53.333333333333336
West Gear,1185732,2021-08-03,Midwest,Wisconsin,Milwaukee,Men's Athletic Footwear,43.0,84.0,361.0,170.0,Online,2021,8,3,47.091412742382275
Foot Locker,1185732,2021-09-13,Northeast,Delaware,Wilmington,Women's Apparel,58.0,84.0,487.0,263.0,Online,2021,9,3,54.00410677618069
Sports Direct,1128299,2021-12-23,Southeast,Virginia,Richmond,Women's Apparel,65.0,190.0,1235.0,432.0,Outlet,2021,12,4,34.97975708502024
Kohl's,1189833,2021-03-20,West,California,Los Angeles,Men's Athletic Footwear,41.0,195.0,800.0,280.0,Online,2021,3,1,35.0
Sports Direct,1185732,2021-08-09,Midwest,North Dakota,Fargo,Women's Street Footwear,37.0,63.0,233.0,96.0,Online,2021,8,3,41.201716738197426
Sports Direct,1185732,2021-01-06,Southeast,South Carolina,Charleston,Men's Street Footwear,33.0,231.0,762.0,381.0,Online,2021,1,1,50.0
Foot Locker,1128299,2021-06-10,West,Hawaii,Honolulu,Women's Street Footwear,75.0,600.0,45000.0,11250.0,Outlet,2021,6,2,25.0
Foot Locker,1197831,2021-08-08,West,Idaho,Boise,Women's Street Footwear,50.0,925.0,46250.0,18500.0,Online,2021,8,3,40.0
Foot Locker,1185732,2021-02-18,South,Mississippi,Jackson,Men's Apparel,26.0,136.0,354.0,138.0,Outlet,2021,2,1,38.983050847457626
West Gear,1197831,2021-06-21,South,Oklahoma,Oklahoma City,Women's Street Footwear,40.0,325.0,13000.0,5200.0,Online,2021,6,2,40.0
Sports Direct,1197831,2021-09-02,South,Texas,Dallas,Men's Apparel,26.0,107.0,278.0,100.0,Outlet,2021,9,3,35.97122302158273
Foot Locker,1185732,2021-05-24,South,Tennessee,Knoxville,Women's Athletic Footwear,30.0,75.0,2250.0,900.0,Outlet,2021,5,2,40.0
Sports Direct,1128299,2021-06-13,Southeast,Georgia,Atlanta,Men's Athletic Footwear,54.0,147.0,794.0,405.0,Online,2021,6,2,51.00755667506297
Foot Locker,1185732,2021-11-26,Northeast,Pennsylvania,Philadelphia,Women's Apparel,70.0,300.0,21000.0,6300.0,Outlet,2021,11,4,30.0
West Gear,1128299,2021-01-24,West,Utah,Salt Lake City,Women's Athletic Footwear,40.0,200.0,8000.0,2800.0,In-store,2021,1,1,35.0
Foot Locker,1185732,2021-11-04,Northeast,Pennsylvania,Philadelphia,Men's Athletic Footwear,50.0,150.0,7500.0,2625.0,Outlet,2021,11,4,35.0
Amazon,1185732,2021-07-21,Southeast,Kentucky,Louisville,Men's Street Footwear,50.0,600.0,30000.0,12000.0,Online,2021,7,3,40.0
Sports Direct,1197831,2021-09-14,South,Alabama,Birmingham,Women's Street Footwear,36.0,278.0,1001.0,530.0,Outlet,2021,9,3,52.94705294705294
Kohl's,1185732,2021-02-12,West,Wyoming,Cheyenne,Women's Athletic Footwear,32.0,123.0,394.0,189.0,Online,2021,2,1,47.96954314720812
Amazon,1185732,2021-11-14,Northeast,Massachusetts,Boston,Women's Street Footwear,50.0,83.0,415.0,149.0,Online,2021,11,4,35.903614457831324
Foot Locker,1185732,2021-06-12,Midwest,Illinois,Chicago,Men's Street Footwear,50.0,495.0,24750.0,9900.0,Outlet,2021,6,2,40.0
Walmart,1197831,2021-09-19,South,Arkansas,Little Rock,Women's Athletic Footwear,14.0,88.0,123.0,64.0,Online,2021,9,3,52.03252032520326
Amazon,1185732,2021-10-12,Northeast,Vermont,Burlington,Women's Athletic Footwear,55.0,46.0,253.0,121.0,Online,2021,10,4,47.82608695652174
Sports Direct,1197831,2021-08-12,South,Alabama,Birmingham,Women's Apparel,27.0,144.0,389.0,222.0,Outlet,2021,8,3,57.0694087403599
Foot Locker,1197831,2021-01-05,South,Louisiana,New Orleans,Men's Apparel,36.0,85.0,306.0,113.0,Online,2021,1,1,36.9281045751634
Sports Direct,1185732,2021-04-09,Midwest,North Dakota,Fargo,Men's Athletic Footwear,28.0,44.0,123.0,53.0,Online,2021,4,2,43.08943089430895
West Gear,1128299,2021-02-15,West,California,San Francisco,Men's Apparel,65.0,700.0,45500.0,20475.0,Outlet,2021,2,1,45.0
Foot Locker,1185732,2021-12-15,Midwest,Michigan,Detroit,Women's Athletic Footwear,50.0,550.0,27500.0,9625.0,In-store,2021,12,4,35.0
West Gear,1185732,2021-04-17,Northeast,West Virginia,Charleston,Men's Apparel,60.0,56.0,336.0,185.0,Online,2021,4,2,55.05952380952381
Foot Locker,1185732,2021-02-15,Northeast,Maryland,Baltimore,Men's Street Footwear,40.0,575.0,23000.0,8050.0,In-store,2021,2,1,35.0
Sports Direct,1197831,2021-09-04,South,Texas,Dallas,Men's Street Footwear,13.0,233.0,303.0,115.0,Outlet,2021,9,3,37.95379537953795
Foot Locker,1185732,2021-04-18,Midwest,Missouri,St. Louis,Men's Athletic Footwear,27.0,72.0,194.0,95.0,Online,2021,4,2,48.96907216494845
Foot Locker,1128299,2021-04-10,West,Hawaii,Honolulu,Men's Athletic Footwear,65.0,300.0,19500.0,3900.0,Outlet,2021,4,2,20.0
West Gear,1128299,2021-06-24,West,Oregon,Portland,Women's Apparel,105.0,700.0,73500.0,22050.0,In-store,2021,6,2,30.0
Kohl's,1197831,2021-09-12,Midwest,Kansas,Wichita,Men's Athletic Footwear,38.0,91.0,346.0,156.0,Online,2021,9,3,45.08670520231214
Foot Locker,1128299,2021-02-23,West,Idaho,Boise,Women's Street Footwear,40.0,375.0,15000.0,5250.0,Online,2021,2,1,35.0
Kohl's,1189833,2021-04-10,West,California,Los Angeles,Women's Athletic Footwear,43.0,152.0,654.0,320.0,Online,2021,4,2,48.92966360856269
Foot Locker,1185732,2021-03-06,Northeast,Rhode Island,Providence,Women's Street Footwear,17.0,56.0,95.0,45.0,Outlet,2021,3,1,47.368421052631575
Amazon,1185732,2021-10-12,Northeast,Vermont,Burlington,Men's Athletic Footwear,60.0,300.0,18000.0,8100.0,In-store,2021,10,4,45.0
Sports Direct,1185732,2021-07-13,Northeast,Massachusetts,Boston,Men's Athletic Footwear,50.0,350.0,17500.0,5250.0,In-store,2021,7,3,30.0
Sports Direct,1197831,2021-04-20,South,Tennessee,Knoxville,Women's Apparel,52.0,223.0,1160.0,812.0,Online,2021,4,2,70.0
Kohl's,1189833,2021-03-12,West,California,Los Angeles,Women's Apparel,41.0,182.0,746.0,231.0,Online,2021,3,1,30.96514745308311
Foot Locker,1185732,2021-05-30,Midwest,Nebraska,Omaha,Women's Athletic Footwear,30.0,50.0,1500.0,600.0,Outlet,2021,5,2,40.0
Sports Direct,1197831,2021-09-05,West,Idaho,Boise,Women's Athletic Footwear,55.0,116.0,638.0,402.0,Online,2021,9,3,63.00940438871473
Sports Direct,1185732,2021-02-05,Northeast,New Jersey,Newark,Women's Street Footwear,29.0,65.0,189.0,85.0,Online,2021,2,1,44.97354497354497
West Gear,1185732,2021-06-10,Northeast,New York,Albany,Men's Street Footwear,60.0,875.0,52500.0,23625.0,In-store,2021,6,2,45.0
West Gear,1185732,2021-11-09,Northeast,New York,Albany,Men's Street Footwear,60.0,775.0,46500.0,20925.0,In-store,2021,11,4,45.0
Kohl's,1128299,2021-08-26,West,New Mexico,Albuquerque,Men's Street Footwear,40.0,224.0,896.0,332.0,Outlet,2021,8,3,37.05357142857143
Amazon,1185732,2021-09-20,West,Alaska,Anchorage,Men's Athletic Footwear,55.0,91.0,501.0,240.0,Online,2021,9,3,47.90419161676647
Amazon,1185732,2021-11-08,Northeast,Maine,Portland,Women's Athletic Footwear,41.0,34.0,139.0,56.0,Online,2021,11,4,40.28776978417266
Amazon,1185732,2021-11-14,Northeast,Massachusetts,Boston,Men's Athletic Footwear,52.0,90.0,468.0,206.0,Online,2021,11,4,44.01709401709402
Sports Direct,1185732,2021-03-03,Northeast,Connecticut,Hartford,Women's Athletic Footwear,32.0,30.0,96.0,40.0,Online,2021,3,1,41.66666666666667
Foot Locker,1185732,2021-05-28,Midwest,Nebraska,Omaha,Men's Athletic Footwear,33.0,38.0,125.0,63.0,Online,2021,5,2,50.4
Amazon,1185732,2021-07-10,Northeast,Vermont,Burlington,Men's Athletic Footwear,42.0,145.0,609.0,305.0,Outlet,2021,7,3,50.08210180623974
Kohl's,1189833,2021-05-26,West,California,Los Angeles,Men's Athletic Footwear,50.0,243.0,1215.0,462.0,Online,2021,5,2,38.02469135802469
Walmart,1197831,2021-08-20,South,Arkansas,Little Rock,Men's Apparel,48.0,113.0,542.0,266.0,Online,2021,8,3,49.07749077490775
Amazon,1185732,2021-10-20,Northeast,Maine,Portland,Women's Street Footwear,30.0,200.0,6000.0,2400.0,Outlet,2021,10,4,40.0
Kohl's,1197831,2021-07-12,Midwest,Kansas,Wichita,Women's Athletic Footwear,45.0,300.0,13500.0,4725.0,Online,2021,7,3,35.0
West Gear,1185732,2021-01-10,Midwest,Wisconsin,Milwaukee,Men's Apparel,41.0,58.0,238.0,105.0,Online,2021,1,1,44.11764705882353
Foot Locker,1128299,2021-03-22,West,Arizona,Phoenix,Women's Athletic Footwear,47.0,68.0,320.0,147.0,Online,2021,3,1,45.9375
West Gear,1185732,2021-02-11,West,Utah,Salt Lake City,Men's Apparel,32.0,101.0,323.0,145.0,Online,2021,2,1,44.89164086687307
West Gear,1197831,2021-07-19,South,Oklahoma,Oklahoma City,Men's Athletic Footwear,45.0,117.0,527.0,263.0,Online,2021,7,3,49.905123339658445
Foot Locker,1185732,2021-12-10,West,Wyoming,Cheyenne,Women's Athletic Footwear,45.0,500.0,22500.0,7875.0,In-store,2021,12,4,35.0
Kohl's,1128299,2021-09-27,West,New Mexico,Albuquerque,Men's Street Footwear,49.0,163.0,799.0,359.0,Online,2021,9,3,44.931163954943685
Sports Direct,1197831,2021-09-29,South,Alabama,Birmingham,Women's Apparel,40.0,475.0,19000.0,12350.0,Outlet,2021,9,3,65.0
Foot Locker,1185732,2021-11-20,Northeast,Pennsylvania,Philadelphia,Women's Apparel,70.0,250.0,17500.0,5250.0,Outlet,2021,11,4,30.0
West Gear,1128299,2021-05-18,South,Louisiana,New Orleans,Men's Apparel,32.0,77.0,246.0,118.0,Outlet,2021,5,2,47.96747967479675
Foot Locker,1185732,2021-07-30,Midwest,Nebraska,Omaha,Men's Apparel,45.0,39.0,176.0,84.0,Online,2021,7,3,47.72727272727273
Foot Locker,1185732,2021-07-07,Midwest,Illinois,Chicago,Men's Athletic Footwear,43.0,81.0,348.0,157.0,Online,2021,7,3,45.11494252873563
Foot Locker,1185732,2021-11-18,Midwest,Missouri,St. Louis,Women's Athletic Footwear,25.0,325.0,8125.0,3250.0,In-store,2021,11,4,40.0
Kohl's,1189833,2021-04-29,West,California,Los Angeles,Men's Apparel,50.0,700.0,35000.0,19250.0,Outlet,2021,4,2,55.00000000000001
West Gear,1185732,2021-11-06,Midwest,Iowa,Des Moines,Women's Athletic Footwear,34.0,52.0,177.0,72.0,Online,2021,11,4,40.67796610169492
Foot Locker,1185732,2021-06-07,Southeast,South Carolina,Charleston,Women's Athletic Footwear,50.0,750.0,37500.0,11250.0,Online,2021,6,2,30.0
Foot Locker,1185732,2021-12-16,Northeast,West Virginia,Charleston,Men's Street Footwear,65.0,650.0,42250.0,16900.0,In-store,2021,12,4,40.0
West Gear,1128299,2021-02-17,South,Louisiana,New Orleans,Men's Apparel,48.0,51.0,245.0,147.0,Online,2021,2,1,60.0
Kohl's,1185732,2021-01-14,Northeast,New York,Albany,Men's Street Footwear,39.0,216.0,842.0,531.0,Online,2021,1,1,63.064133016627075
Amazon,1185732,2021-03-21,Southeast,Kentucky,Louisville,Women's Athletic Footwear,36.0,27.0,97.0,51.0,Online,2021,3,1,52.57731958762887
Foot Locker,1185732,2021-10-17,Northeast,West Virginia,Charleston,Women's Apparel,47.0,84.0,395.0,197.0,Online,2021,10,4,49.87341772151899
West Gear,1197831,2021-12-19,South,Arkansas,Little Rock,Men's Athletic Footwear,54.0,140.0,756.0,355.0,Online,2021,12,4,46.95767195767196
Foot Locker,1185732,2021-04-06,Midwest,Iowa,Des Moines,Women's Street Footwear,10.0,53.0,53.0,23.0,Online,2021,4,2,43.39622641509434
Foot Locker,1185732,2021-01-24,Northeast,New Hampshire,Manchester,Women's Apparel,54.0,78.0,421.0,190.0,Online,2021,1,1,45.13064133016627
Foot Locker,1185732,2021-12-16,Northeast,West Virginia,Charleston,Women's Apparel,70.0,450.0,31500.0,12600.0,In-store,2021,12,4,40.0
West Gear,1185732,2021-09-08,Northeast,New York,Albany,Men's Street Footwear,50.0,238.0,1190.0,702.0,Online,2021,9,3,58.991596638655466
Foot Locker,1185732,2021-12-17,Northeast,New Hampshire,Manchester,Men's Street Footwear,75.0,625.0,46875.0,18750.0,Outlet,2021,12,4,40.0
Kohl's,1197831,2021-06-14,Midwest,Kansas,Wichita,Men's Apparel,55.0,275.0,15125.0,5294.0,Online,2021,6,2,35.001652892561985
Walmart,1128299,2021-10-10,West,Hawaii,Honolulu,Men's Athletic Footwear,65.0,475.0,30875.0,6175.0,Outlet,2021,10,4,20.0
Sports Direct,1197831,2021-03-13,Midwest,Montana,Billings,Women's Athletic Footwear,35.0,500.0,17500.0,7875.0,Outlet,2021,3,1,45.0
Foot Locker,1128299,2021-06-23,West,Arizona,Phoenix,Men's Apparel,51.0,68.0,347.0,146.0,Online,2021,6,2,42.07492795389049
Sports Direct,1197831,2021-08-31,South,Texas,Dallas,Women's Street Footwear,20.0,179.0,358.0,140.0,Outlet,2021,8,3,39.10614525139665
West Gear,1185732,2021-01-12,Southeast,Florida,Orlando,Women's Street Footwear,35.0,650.0,22750.0,5688.0,In-store,2021,1,1,25.002197802197802
West Gear,1185732,2021-11-03,Midwest,Wisconsin,Milwaukee,Men's Street Footwear,41.0,104.0,426.0,183.0,Online,2021,11,4,42.95774647887324
Kohl's,1189833,2021-04-16,West,California,Los Angeles,Women's Athletic Footwear,41.0,154.0,631.0,303.0,Online,2021,4,2,48.01901743264659
Kohl's,1197831,2021-06-14,Midwest,Kansas,Wichita,Women's Athletic Footwear,38.0,80.0,304.0,137.0,Online,2021,6,2,45.06578947368421
Amazon,1185732,2021-11-18,Northeast,Maine,Portland,Women's Apparel,67.0,63.0,422.0,228.0,Online,2021,11,4,54.02843601895735
Walmart,1128299,2021-06-17,Southeast,Florida,Orlando,Men's Athletic Footwear,64.0,203.0,1299.0,455.0,Online,2021,6,2,35.026943802925324
Foot Locker,1185732,2021-02-15,Northeast,Delaware,Wilmington,Men's Apparel,45.0,65.0,293.0,120.0,Online,2021,2,1,40.955631399317404
Foot Locker,1185732,2021-12-14,Northeast,Pennsylvania,Philadelphia,Women's Apparel,60.0,225.0,13500.0,3375.0,Outlet,2021,12,4,25.0
Amazon,1185732,2021-10-19,Northeast,Maine,Portland,Women's Athletic Footwear,50.0,26.0,130.0,52.0,Online,2021,10,4,40.0
West Gear,1128299,2021-08-17,South,Louisiana,New Orleans,Men's Apparel,65.0,475.0,30875.0,13894.0,Online,2021,8,3,45.000809716599186
Foot Locker,1185732,2021-12-22,Northeast,Pennsylvania,Philadelphia,Men's Athletic Footwear,60.0,200.0,12000.0,4200.0,Outlet,2021,12,4,35.0
Foot Locker,1185732,2021-11-04,Northeast,Connecticut,Hartford,Women's Street Footwear,36.0,103.0,371.0,137.0,Outlet,2021,11,4,36.92722371967655
West Gear,1128299,2021-02-03,West,California,San Francisco,Men's Apparel,50.0,221.0,1105.0,519.0,Outlet,2021,2,1,46.9683257918552
West Gear,1185732,2021-05-11,Midwest,Indiana,Indianapolis,Men's Apparel,45.0,200.0,9000.0,2700.0,In-store,2021,5,2,30.0
West Gear,1197831,2021-05-19,South,Oklahoma,Oklahoma City,Men's Apparel,33.0,80.0,264.0,108.0,Outlet,2021,5,2,40.909090909090914
Foot Locker,1185732,2021-01-17,Northeast,Maryland,Baltimore,Men's Street Footwear,36.0,137.0,493.0,222.0,Online,2021,1,1,45.030425963488845
Foot Locker,1185732,2021-01-24,Northeast,New Hampshire,Manchester,Women's Street Footwear,45.0,300.0,13500.0,3375.0,Outlet,2021,1,1,25.0
Sports Direct,1128299,2021-12-23,Southeast,Virginia,Richmond,Men's Apparel,80.0,475.0,38000.0,15200.0,In-store,2021,12,4,40.0
West Gear,1185732,2021-11-09,Northeast,New York,Albany,Men's Athletic Footwear,50.0,600.0,30000.0,10500.0,In-store,2021,11,4,35.0
Walmart,1185732,2021-09-16,South,Mississippi,Jackson,Women's Street Footwear,15.0,145.0,218.0,102.0,Outlet,2021,9,3,46.788990825688074
Sports Direct,1197831,2021-04-02,South,Tennessee,Knoxville,Women's Apparel,18.0,196.0,353.0,215.0,Outlet,2021,4,2,60.90651558073654
Amazon,1185732,2021-12-13,Northeast,Massachusetts,Boston,Women's Apparel,51.0,128.0,653.0,215.0,Outlet,2021,12,4,32.92496171516079
West Gear,1185732,2021-01-10,Midwest,Wisconsin,Milwaukee,Women's Street Footwear,25.0,300.0,7500.0,2625.0,In-store,2021,1,1,35.0
Foot Locker,1185732,2021-12-10,Northeast,Pennsylvania,Philadelphia,Men's Athletic Footwear,40.0,91.0,364.0,124.0,Outlet,2021,12,4,34.065934065934066
Walmart,1185732,2021-09-16,South,Mississippi,Jackson,Men's Street Footwear,50.0,725.0,36250.0,14500.0,Online,2021,9,3,40.0
Sports Direct,1185732,2021-02-05,Northeast,Connecticut,Hartford,Women's Apparel,39.0,84.0,328.0,147.0,Online,2021,2,1,44.81707317073171
Sports Direct,1185732,2021-08-21,Northeast,Maryland,Baltimore,Women's Street Footwear,39.0,60.0,234.0,117.0,Online,2021,8,3,50.0
Foot Locker,1185732,2021-03-06,Northeast,Rhode Island,Providence,Women's Athletic Footwear,30.0,25.0,750.0,300.0,In-store,2021,3,1,40.0
Sports Direct,1197831,2021-08-08,South,Alabama,Birmingham,Men's Athletic Footwear,35.0,600.0,21000.0,8400.0,Outlet,2021,8,3,40.0
Foot Locker,1185732,2021-06-18,Midwest,Missouri,St. Louis,Women's Apparel,45.0,525.0,23625.0,11813.0,In-store,2021,6,2,50.0021164021164
Kohl's,1189833,2021-02-27,Midwest,Montana,Billings,Men's Athletic Footwear,42.0,173.0,727.0,298.0,Online,2021,2,1,40.990371389270976
Amazon,1185732,2021-09-09,Midwest,Ohio,Columbus,Women's Apparel,40.0,550.0,22000.0,11000.0,Online,2021,9,3,50.0
Foot Locker,1185732,2021-06-16,Midwest,Nebraska,Omaha,Women's Street Footwear,32.0,30.0,96.0,46.0,Online,2021,6,2,47.91666666666667
Amazon,1185732,2021-03-20,West,Alaska,Anchorage,Men's Apparel,65.0,175.0,11375.0,2844.0,Outlet,2021,3,1,25.002197802197802
Kohl's,1185732,2021-04-07,Northeast,New Jersey,Newark,Men's Street Footwear,34.0,133.0,452.0,226.0,Online,2021,4,2,50.0
Sports Direct,1185732,2021-10-08,Northeast,New Jersey,Newark,Women's Apparel,65.0,250.0,16250.0,6500.0,In-store,2021,10,4,40.0
West Gear,1185732,2021-06-22,Northeast,Maryland,Baltimore,Men's Athletic Footwear,45.0,250.0,11250.0,3938.0,In-store,2021,6,2,35.004444444444445
Sports Direct,1197831,2021-10-16,South,Texas,Dallas,Men's Street Footwear,60.0,825.0,49500.0,19800.0,Outlet,2021,10,4,40.0
West Gear,1197831,2021-12-19,South,Arkansas,Little Rock,Men's Apparel,70.0,400.0,28000.0,9800.0,Online,2021,12,4,35.0
West Gear,1185732,2021-11-06,Midwest,Iowa,Des Moines,Women's Apparel,65.0,275.0,17875.0,7150.0,In-store,2021,11,4,40.0
Kohl's,1128299,2021-06-26,West,New Mexico,Albuquerque,Women's Athletic Footwear,55.0,425.0,23375.0,8181.0,Online,2021,6,2,34.99893048128342
Foot Locker,1185732,2021-01-09,Southeast,Georgia,Atlanta,Men's Apparel,50.0,725.0,36250.0,12688.0,Online,2021,1,1,35.001379310344824
West Gear,1185732,2021-12-05,Midwest,Iowa,Des Moines,Men's Street Footwear,60.0,525.0,31500.0,9450.0,In-store,2021,12,4,30.0
Sports Direct,1197831,2021-04-15,South,Tennessee,Knoxville,Men's Street Footwear,40.0,825.0,33000.0,14850.0,Outlet,2021,4,2,45.0
West Gear,1128299,2021-11-17,South,Louisiana,New Orleans,Men's Athletic Footwear,42.0,210.0,882.0,459.0,Online,2021,11,4,52.04081632653062
West Gear,1128299,2021-05-25,West,Oregon,Portland,Men's Athletic Footwear,36.0,109.0,392.0,157.0,Outlet,2021,5,2,40.05102040816326
Foot Locker,1185732,2021-06-08,Northeast,Rhode Island,Providence,Women's Street Footwear,39.0,65.0,254.0,139.0,Online,2021,6,2,54.7244094488189
Foot Locker,1185732,2021-11-12,Northeast,Pennsylvania,Philadelphia,Women's Athletic Footwear,45.0,75.0,3375.0,1181.0,Outlet,2021,11,4,34.992592592592594
Sports Direct,1197831,2021-04-11,South,Tennessee,Knoxville,Women's Street Footwear,36.0,169.0,608.0,310.0,Online,2021,4,2,50.98684210526315
Sports Direct,1185732,2021-10-05,Northeast,Connecticut,Hartford,Men's Athletic Footwear,39.0,94.0,367.0,161.0,Outlet,2021,10,4,43.869209809264305
Sports Direct,1185732,2021-03-03,Northeast,Connecticut,Hartford,Women's Apparel,29.0,85.0,247.0,96.0,Outlet,2021,3,1,38.8663967611336
Foot Locker,1197831,2021-12-04,West,Idaho,Boise,Men's Athletic Footwear,51.0,209.0,1066.0,576.0,Online,2021,12,4,54.03377110694184
Foot Locker,1197831,2021-11-13,Midwest,Kansas,Wichita,Men's Street Footwear,25.0,450.0,11250.0,3938.0,Online,2021,11,4,35.004444444444445
Sports Direct,1185732,2021-05-13,Northeast,Massachusetts,Boston,Men's Athletic Footwear,47.0,54.0,254.0,109.0,Online,2021,5,2,42.91338582677165
Foot Locker,1185732,2021-02-07,Southeast,South Carolina,Charleston,Women's Apparel,35.0,800.0,28000.0,14000.0,Online,2021,2,1,50.0
Kohl's,1197831,2021-10-21,South,Oklahoma,Oklahoma City,Women's Apparel,22.0,101.0,222.0,104.0,Outlet,2021,10,4,46.846846846846844
West Gear,1185732,2021-01-12,Southeast,Florida,Orlando,Men's Street Footwear,45.0,850.0,38250.0,17213.0,In-store,2021,1,1,45.00130718954248
Amazon,1185732,2021-11-12,Northeast,Maine,Portland,Men's Athletic Footwear,48.0,77.0,370.0,181.0,Online,2021,11,4,48.91891891891892
West Gear,1185732,2021-10-12,Northeast,Vermont,Burlington,Women's Apparel,54.0,90.0,486.0,224.0,Outlet,2021,10,4,46.09053497942387
Sports Direct,1185732,2021-02-15,Northeast,Rhode Island,Providence,Women's Street Footwear,29.0,60.0,174.0,66.0,Online,2021,2,1,37.93103448275862
Sports Direct,1185732,2021-10-05,Northeast,Connecticut,Hartford,Men's Street Footwear,60.0,450.0,27000.0,10800.0,In-store,2021,10,4,40.0
Kohl's,1197831,2021-07-12,Midwest,Kansas,Wichita,Women's Athletic Footwear,43.0,75.0,323.0,158.0,Online,2021,7,3,48.91640866873065
West Gear,1197831,2021-03-19,South,Oklahoma,Oklahoma City,Women's Athletic Footwear,16.0,39.0,62.0,29.0,Outlet,2021,3,1,46.774193548387096
Sports Direct,1185732,2021-10-15,Northeast,Massachusetts,Boston,Women's Street Footwear,55.0,125.0,6875.0,1719.0,In-store,2021,10,4,25.00363636363636
Foot Locker,1128299,2021-08-23,West,Arizona,Phoenix,Women's Street Footwear,54.0,113.0,610.0,299.0,Online,2021,8,3,49.01639344262295
West Gear,1185732,2021-11-09,Northeast,New York,Albany,Women's Apparel,68.0,176.0,1197.0,766.0,Online,2021,11,4,63.99331662489557
West Gear,1197831,2021-08-20,South,Oklahoma,Oklahoma City,Men's Street Footwear,41.0,230.0,943.0,396.0,Outlet,2021,8,3,41.993637327677625
Foot Locker,1185732,2021-06-22,Northeast,Maryland,Baltimore,Women's Athletic Footwear,40.0,150.0,6000.0,2100.0,In-store,2021,6,2,35.0
Sports Direct,1185732,2021-08-04,Northeast,Connecticut,Hartford,Women's Apparel,60.0,375.0,22500.0,7875.0,In-store,2021,8,3,35.0
West Gear,1185732,2021-08-09,Northeast,New York,Albany,Men's Apparel,52.0,149.0,775.0,372.0,Online,2021,8,3,48.0
Amazon,1185732,2021-01-14,Northeast,Massachusetts,Boston,Men's Apparel,37.0,70.0,259.0,106.0,Outlet,2021,1,1,40.92664092664093
Foot Locker,1128299,2021-12-12,Southeast,Georgia,Atlanta,Women's Apparel,64.0,135.0,864.0,302.0,Online,2021,12,4,34.9537037037037
West Gear,1128299,2021-08-24,West,Oregon,Portland,Men's Apparel,65.0,128.0,832.0,441.0,Online,2021,8,3,53.004807692307686
Foot Locker,1197831,2021-02-04,South,Louisiana,New Orleans,Men's Street Footwear,18.0,200.0,360.0,115.0,Outlet,2021,2,1,31.944444444444443
Foot Locker,1128299,2021-06-10,West,Hawaii,Honolulu,Women's Street Footwear,71.0,180.0,1278.0,460.0,Online,2021,6,2,35.99374021909233
Sports Direct,1128299,2021-05-14,Southeast,Georgia,Atlanta,Women's Athletic Footwear,47.0,91.0,428.0,231.0,Online,2021,5,2,53.97196261682243
West Gear,1185732,2021-06-10,Midwest,Indiana,Indianapolis,Women's Street Footwear,27.0,50.0,135.0,61.0,Online,2021,6,2,45.18518518518518
Foot Locker,1128299,2021-09-24,West,Arizona,Phoenix,Women's Street Footwear,43.0,128.0,550.0,248.0,Online,2021,9,3,45.09090909090909
Amazon,1185732,2021-02-22,West,Alaska,Anchorage,Women's Athletic Footwear,50.0,175.0,8750.0,2188.0,Outlet,2021,2,1,25.005714285714287
Foot Locker,1185732,2021-02-08,Northeast,Rhode Island,Providence,Women's Athletic Footwear,29.0,13.0,38.0,20.0,Online,2021,2,1,52.63157894736842
Amazon,1185732,2021-05-10,Northeast,Vermont,Burlington,Women's Athletic Footwear,40.0,83.0,332.0,133.0,Outlet,2021,5,2,40.06024096385542
Foot Locker,1185732,2021-01-24,Northeast,New Hampshire,Manchester,Men's Athletic Footwear,55.0,300.0,16500.0,5775.0,Outlet,2021,1,1,35.0
Kohl's,1197831,2021-10-14,Midwest,Kansas,Wichita,Women's Street Footwear,19.0,60.0,114.0,54.0,Online,2021,10,4,47.368421052631575
Sports Direct,1185732,2021-11-07,Northeast,New Jersey,Newark,Men's Apparel,55.0,59.0,325.0,143.0,Online,2021,11,4,44.0
Foot Locker,1185732,2021-09-07,Midwest,Iowa,Des Moines,Women's Street Footwear,25.0,175.0,4375.0,1313.0,In-store,2021,9,3,30.01142857142857
Foot Locker,1185732,2021-09-19,Midwest,Missouri,St. Louis,Women's Apparel,28.0,95.0,266.0,170.0,Online,2021,9,3,63.90977443609023
Kohl's,1189833,2021-03-16,West,California,Los Angeles,Women's Athletic Footwear,41.0,152.0,623.0,305.0,Online,2021,3,1,48.95666131621188
Foot Locker,1128299,2021-06-23,West,Arizona,Phoenix,Women's Athletic Footwear,50.0,350.0,17500.0,6125.0,Online,2021,6,2,35.0
Foot Locker,1185732,2021-10-08,Northeast,Rhode Island,Providence,Women's Athletic Footwear,50.0,75.0,3750.0,1500.0,In-store,2021,10,4,40.0
West Gear,1185732,2021-06-17,Northeast,West Virginia,Charleston,Women's Apparel,65.0,425.0,27625.0,11050.0,In-store,2021,6,2,40.0
Foot Locker,1185732,2021-08-06,Midwest,Illinois,Chicago,Men's Athletic Footwear,46.0,75.0,345.0,166.0,Online,2021,8,3,48.11594202898551
Foot Locker,1185732,2021-07-05,Midwest,Nebraska,Omaha,Women's Athletic Footwear,30.0,125.0,3750.0,1500.0,Outlet,2021,7,3,40.0
Foot Locker,1128299,2021-06-24,Southeast,Virginia,Richmond,Women's Street Footwear,58.0,208.0,1206.0,446.0,Outlet,2021,6,2,36.981757877280266
Foot Locker,1185732,2021-10-07,Southeast,South Carolina,Charleston,Women's Street Footwear,41.0,176.0,722.0,281.0,Online,2021,10,4,38.9196675900277
West Gear,1185732,2021-01-03,Midwest,Iowa,Des Moines,Women's Apparel,30.0,250.0,7500.0,3000.0,In-store,2021,1,1,40.0
Sports Direct,1197831,2021-08-17,South,Alabama,Birmingham,Men's Apparel,28.0,88.0,246.0,113.0,Outlet,2021,8,3,45.9349593495935
Foot Locker,1185732,2021-09-06,Northeast,Rhode Island,Providence,Men's Street Footwear,39.0,128.0,499.0,210.0,Outlet,2021,9,3,42.08416833667334
Foot Locker,1128299,2021-06-24,Southeast,Virginia,Richmond,Women's Apparel,82.0,231.0,1894.0,701.0,Outlet,2021,6,2,37.01161562829989
Sports Direct,1185732,2021-11-07,Northeast,Rhode Island,Providence,Women's Athletic Footwear,50.0,200.0,10000.0,4000.0,In-store,2021,11,4,40.0
Foot Locker,1128299,2021-07-23,Southeast,Virginia,Richmond,Men's Athletic Footwear,60.0,224.0,1344.0,511.0,Outlet,2021,7,3,38.02083333333333
Kohl's,1197831,2021-05-12,Midwest,Kansas,Wichita,Men's Athletic Footwear,40.0,275.0,11000.0,3850.0,Online,2021,5,2,35.0
Foot Locker,1128299,2021-01-10,West,Alaska,Anchorage,Men's Apparel,46.0,46.0,212.0,63.0,Online,2021,1,1,29.71698113207547
West Gear,1197831,2021-06-21,South,Oklahoma,Oklahoma City,Women's Athletic Footwear,40.0,300.0,12000.0,4800.0,Online,2021,6,2,40.0
Foot Locker,1128299,2021-08-24,Southeast,Virginia,Richmond,Women's Street Footwear,69.0,189.0,1304.0,626.0,Online,2021,8,3,48.00613496932515
Foot Locker,1185732,2021-05-07,Midwest,Iowa,Des Moines,Men's Street Footwear,57.0,146.0,832.0,350.0,Online,2021,5,2,42.06730769230769
Walmart,1197831,2021-04-20,South,Arkansas,Little Rock,Men's Apparel,31.0,75.0,233.0,86.0,Outlet,2021,4,2,36.9098712446352
Foot Locker,1185732,2021-01-12,Midwest,Kansas,Wichita,Women's Apparel,37.0,72.0,266.0,147.0,Online,2021,1,1,55.26315789473685
Kohl's,1189833,2021-05-19,West,California,Los Angeles,Men's Street Footwear,40.0,272.0,1088.0,500.0,Outlet,2021,5,2,45.955882352941174
Kohl's,1189833,2021-03-09,Midwest,Montana,Billings,Women's Apparel,60.0,500.0,30000.0,7500.0,Outlet,2021,3,1,25.0
Sports Direct,1197831,2021-04-08,South,Tennessee,Knoxville,Women's Apparel,31.0,271.0,840.0,496.0,Outlet,2021,4,2,59.04761904761905
West Gear,1185732,2021-01-17,Midwest,Indiana,Indianapolis,Men's Athletic Footwear,32.0,75.0,240.0,132.0,Online,2021,1,1,55.00000000000001
Foot Locker,1128299,2021-06-23,West,Arizona,Phoenix,Women's Athletic Footwear,38.0,105.0,399.0,160.0,Outlet,2021,6,2,40.100250626566414
Sports Direct,1197831,2021-10-03,South,Alabama,Birmingham,Women's Athletic Footwear,36.0,135.0,486.0,326.0,Outlet,2021,10,4,67.07818930041152
Sports Direct,1185732,2021-12-11,Midwest,South Dakota,Sioux Falls,Women's Athletic Footwear,50.0,200.0,10000.0,3000.0,Online,2021,12,4,30.0
Kohl's,1185732,2021-09-06,Northeast,New Jersey,Newark,Men's Apparel,47.0,41.0,193.0,79.0,Online,2021,9,3,40.932642487046635
Walmart,1128299,2021-10-17,Southeast,Florida,Orlando,Women's Street Footwear,55.0,112.0,616.0,253.0,Online,2021,10,4,41.07142857142857
Sports Direct,1197831,2021-04-07,South,Tennessee,Knoxville,Men's Apparel,45.0,425.0,19125.0,6694.0,Outlet,2021,4,2,35.00130718954249
Sports Direct,1128299,2021-03-16,Southeast,Florida,Orlando,Men's Apparel,44.0,60.0,264.0,69.0,Outlet,2021,3,1,26.136363636363637
Sports Direct,1128299,2021-07-12,Southeast,Georgia,Atlanta,Men's Athletic Footwear,51.0,173.0,882.0,450.0,Online,2021,7,3,51.02040816326531
West Gear,1128299,2021-07-16,South,Louisiana,New Orleans,Men's Street Footwear,86.0,270.0,2322.0,1231.0,Online,2021,7,3,53.01464254952627
Kohl's,1185732,2021-04-11,West,Wyoming,Cheyenne,Women's Street Footwear,28.0,145.0,406.0,187.0,Online,2021,4,2,46.05911330049261
Kohl's,1189833,2021-03-12,West,California,Los Angeles,Women's Apparel,45.0,700.0,31500.0,6300.0,Outlet,2021,3,1,20.0
Kohl's,1185732,2021-08-11,West,Wyoming,Cheyenne,Men's Apparel,50.0,500.0,25000.0,7500.0,In-store,2021,8,3,30.0
Foot Locker,1185732,2021-11-04,Northeast,Connecticut,Hartford,Men's Apparel,60.0,68.0,408.0,180.0,Online,2021,11,4,44.11764705882353
Sports Direct,1185732,2021-09-13,Northeast,Massachusetts,Boston,Men's Apparel,55.0,125.0,6875.0,1719.0,In-store,2021,9,3,25.00363636363636
Foot Locker,1185732,2021-08-07,Northeast,Rhode Island,Providence,Women's Apparel,52.0,87.0,452.0,244.0,Online,2021,8,3,53.98230088495575
Sports Direct,1128299,2021-05-14,Southeast,Georgia,Atlanta,Women's Apparel,53.0,124.0,657.0,204.0,Outlet,2021,5,2,31.05022831050228
Walmart,1128299,2021-10-17,Southeast,Florida,Orlando,Men's Athletic Footwear,59.0,144.0,850.0,323.0,Online,2021,10,4,38.0
Amazon,1185732,2021-10-22,West,Alaska,Anchorage,Women's Street Footwear,59.0,46.0,271.0,109.0,Online,2021,10,4,40.22140221402214
Sports Direct,1185732,2021-09-15,Midwest,Michigan,Detroit,Men's Apparel,45.0,475.0,21375.0,8550.0,In-store,2021,9,3,40.0
Sports Direct,1197831,2021-09-24,South,Texas,Dallas,Women's Street Footwear,46.0,273.0,1256.0,691.0,Online,2021,9,3,55.015923566878975
Walmart,1128299,2021-10-17,Southeast,Florida,Orlando,Women's Athletic Footwear,51.0,113.0,576.0,236.0,Online,2021,10,4,40.97222222222222
West Gear,1128299,2021-01-25,West,California,San Francisco,Men's Athletic Footwear,56.0,268.0,1501.0,420.0,Online,2021,1,1,27.98134576948701
Amazon,1185732,2021-12-13,Northeast,Massachusetts,Boston,Women's Athletic Footwear,55.0,300.0,16500.0,4125.0,In-store,2021,12,4,25.0
Sports Direct,1197831,2021-08-27,South,Texas,Dallas,Men's Apparel,29.0,96.0,278.0,103.0,Outlet,2021,8,3,37.05035971223021
Sports Direct,1185732,2021-01-17,Northeast,Rhode Island,Providence,Men's Apparel,39.0,47.0,183.0,59.0,Outlet,2021,1,1,32.240437158469945
Amazon,1185732,2021-12-17,Northeast,Maine,Portland,Women's Street Footwear,52.0,68.0,354.0,177.0,Online,2021,12,4,50.0
Kohl's,1185732,2021-10-12,West,Wyoming,Cheyenne,Women's Street Footwear,45.0,500.0,22500.0,7875.0,In-store,2021,10,4,35.0
Foot Locker,1128299,2021-11-24,Southeast,Virginia,Richmond,Men's Athletic Footwear,47.0,169.0,794.0,389.0,Online,2021,11,4,48.99244332493703
West Gear,1128299,2021-09-18,South,Louisiana,New Orleans,Men's Apparel,55.0,275.0,15125.0,6806.0,Online,2021,9,3,44.99834710743802
Kohl's,1185732,2021-03-06,Northeast,New Jersey,Newark,Women's Athletic Footwear,27.0,22.0,59.0,31.0,Online,2021,3,1,52.54237288135594
Foot Locker,1185732,2021-02-18,South,Mississippi,Jackson,Men's Apparel,40.0,400.0,16000.0,5600.0,Online,2021,2,1,35.0
Kohl's,1189833,2021-02-26,Midwest,Montana,Billings,Men's Street Footwear,40.0,575.0,23000.0,10350.0,Outlet,2021,2,1,45.0
West Gear,1128299,2021-01-23,West,California,San Francisco,Women's Apparel,76.0,181.0,1376.0,344.0,Online,2021,1,1,25.0
Walmart,1128299,2021-04-17,Southeast,Florida,Orlando,Men's Apparel,47.0,60.0,282.0,62.0,Outlet,2021,4,2,21.98581560283688
Sports Direct,1185732,2021-08-14,Northeast,Massachusetts,Boston,Men's Apparel,40.0,51.0,204.0,55.0,Outlet,2021,8,3,26.96078431372549
Foot Locker,1128299,2021-04-24,Southeast,Virginia,Richmond,Women's Apparel,64.0,78.0,499.0,220.0,Online,2021,4,2,44.08817635270541
Sports Direct,1185732,2021-12-05,Southeast,South Carolina,Charleston,Women's Athletic Footwear,59.0,194.0,1145.0,515.0,Online,2021,12,4,44.97816593886463
West Gear,1185732,2021-08-10,Midwest,Indiana,Indianapolis,Men's Athletic Footwear,41.0,87.0,357.0,193.0,Online,2021,8,3,54.061624649859944
West Gear,1128299,2021-01-10,Northeast,Maine,Portland,Men's Street Footwear,35.0,375.0,13125.0,3281.0,Outlet,2021,1,1,24.99809523809524
Kohl's,1128299,2021-07-25,West,New Mexico,Albuquerque,Men's Athletic Footwear,56.0,180.0,1008.0,544.0,Online,2021,7,3,53.96825396825397
Foot Locker,1128299,2021-07-22,West,Arizona,Phoenix,Men's Athletic Footwear,50.0,142.0,710.0,362.0,Online,2021,7,3,50.985915492957744
Sports Direct,1185732,2021-01-19,Southeast,Virginia,Richmond,Men's Athletic Footwear,28.0,187.0,524.0,246.0,Outlet,2021,1,1,46.94656488549619
Walmart,1197831,2021-10-21,South,Arkansas,Little Rock,Men's Athletic Footwear,14.0,132.0,185.0,74.0,Outlet,2021,10,4,40.0
Amazon,1185732,2021-10-12,Northeast,Vermont,Burlington,Men's Athletic Footwear,44.0,99.0,436.0,213.0,Outlet,2021,10,4,48.853211009174316
West Gear,1185732,2021-02-10,Northeast,New York,Albany,Women's Apparel,42.0,182.0,764.0,489.0,Online,2021,2,1,64.00523560209425
Kohl's,1128299,2021-12-22,West,Arizona,Phoenix,Women's Street Footwear,45.0,425.0,19125.0,6694.0,Online,2021,12,4,35.00130718954249
Kohl's,1185732,2021-02-08,Northeast,New Jersey,Newark,Men's Apparel,45.0,175.0,7875.0,2363.0,In-store,2021,2,1,30.00634920634921
Sports Direct,1185732,2021-03-08,Midwest,North Dakota,Fargo,Men's Street Footwear,30.0,495.0,14850.0,5198.0,Online,2021,3,1,35.003367003367
Foot Locker,1185732,2021-10-08,Northeast,Rhode Island,Providence,Men's Apparel,60.0,75.0,4500.0,1350.0,In-store,2021,10,4,30.0
West Gear,1128299,2021-06-24,West,Oregon,Portland,Men's Street Footwear,51.0,225.0,1148.0,562.0,Online,2021,6,2,48.954703832752614
Kohl's,1197831,2021-09-12,Midwest,Kansas,Wichita,Women's Athletic Footwear,14.0,65.0,91.0,43.0,Online,2021,9,3,47.25274725274725
Sports Direct,1128299,2021-02-13,Southeast,Georgia,Atlanta,Men's Apparel,34.0,60.0,204.0,80.0,Outlet,2021,2,1,39.21568627450981
Foot Locker,1185732,2021-10-23,South,Texas,Dallas,Men's Athletic Footwear,41.0,68.0,279.0,131.0,Online,2021,10,4,46.95340501792115
Walmart,1185732,2021-07-16,South,Mississippi,Jackson,Women's Athletic Footwear,33.0,143.0,472.0,203.0,Outlet,2021,7,3,43.00847457627119
West Gear,1185732,2021-02-17,Midwest,Indiana,Indianapolis,Women's Street Footwear,30.0,300.0,9000.0,3600.0,In-store,2021,2,1,40.0
Sports Direct,1185732,2021-11-17,South,Mississippi,Jackson,Men's Athletic Footwear,18.0,117.0,211.0,95.0,Online,2021,11,4,45.023696682464454
Sports Direct,1185732,2021-11-12,Midwest,South Dakota,Sioux Falls,Women's Athletic Footwear,45.0,175.0,7875.0,2363.0,Online,2021,11,4,30.00634920634921
Foot Locker,1185732,2021-04-18,Midwest,Missouri,St. Louis,Men's Street Footwear,35.0,575.0,20125.0,8050.0,In-store,2021,4,2,40.0
Sports Direct,1197831,2021-09-27,South,Alabama,Birmingham,Women's Athletic Footwear,35.0,325.0,11375.0,6825.0,Outlet,2021,9,3,60.0
Sports Direct,1197831,2021-10-04,South,Texas,Dallas,Men's Street Footwear,40.0,625.0,25000.0,10000.0,Outlet,2021,10,4,40.0
West Gear,1185732,2021-01-12,Southeast,Florida,Orlando,Women's Street Footwear,26.0,202.0,525.0,152.0,Outlet,2021,1,1,28.952380952380953
Foot Locker,1185732,2021-12-17,Midwest,Missouri,St. Louis,Men's Athletic Footwear,32.0,113.0,362.0,174.0,Online,2021,12,4,48.06629834254144
West Gear,1128299,2021-08-17,South,Louisiana,New Orleans,Men's Street Footwear,73.0,255.0,1862.0,875.0,Outlet,2021,8,3,46.99248120300752
Foot Locker,1128299,2021-12-23,Southeast,Virginia,Richmond,Men's Street Footwear,60.0,225.0,1350.0,635.0,Online,2021,12,4,47.03703703703704
West Gear,1197831,2021-05-19,South,Oklahoma,Oklahoma City,Women's Street Footwear,34.0,72.0,245.0,127.0,Online,2021,5,2,51.83673469387755
West Gear,1185732,2021-06-17,Northeast,West Virginia,Charleston,Women's Street Footwear,33.0,81.0,267.0,144.0,Online,2021,6,2,53.93258426966292
Sports Direct,1185732,2021-04-16,Midwest,Michigan,Detroit,Women's Apparel,37.0,152.0,562.0,388.0,Online,2021,4,2,69.03914590747331
Kohl's,1185732,2021-11-11,West,Wyoming,Cheyenne,Women's Athletic Footwear,42.0,135.0,567.0,278.0,Online,2021,11,4,49.029982363315696
Amazon,1185732,2021-09-09,Midwest,Ohio,Columbus,Women's Athletic Footwear,25.0,450.0,11250.0,4500.0,Online,2021,9,3,40.0
Foot Locker,1185732,2021-06-15,Northeast,Delaware,Wilmington,Men's Apparel,50.0,75.0,375.0,150.0,Online,2021,6,2,40.0
West Gear,1185732,2021-11-06,Midwest,Iowa,Des Moines,Women's Athletic Footwear,35.0,200.0,7000.0,2100.0,In-store,2021,11,4,30.0
West Gear,1185732,2021-10-17,Northeast,West Virginia,Charleston,Men's Athletic Footwear,35.0,275.0,9625.0,3850.0,In-store,2021,10,4,40.0
West Gear,1185732,2021-09-04,Midwest,Wisconsin,Milwaukee,Women's Athletic Footwear,25.0,125.0,3125.0,938.0,In-store,2021,9,3,30.016
Amazon,1185732,2021-12-17,Northeast,Maine,Portland,Men's Street Footwear,65.0,475.0,30875.0,10806.0,Outlet,2021,12,4,34.99919028340081
West Gear,1185732,2021-12-09,Midwest,Indiana,Indianapolis,Women's Street Footwear,50.0,350.0,17500.0,6125.0,In-store,2021,12,4,35.0
Sports Direct,1185732,2021-08-04,Northeast,Connecticut,Hartford,Men's Apparel,43.0,62.0,267.0,88.0,Outlet,2021,8,3,32.958801498127336
Kohl's,1197831,2021-02-14,Midwest,Kansas,Wichita,Men's Apparel,35.0,225.0,7875.0,2756.0,Online,2021,2,1,34.9968253968254
Sports Direct,1128299,2021-03-12,Southeast,Georgia,Atlanta,Women's Athletic Footwear,50.0,250.0,12500.0,5000.0,Online,2021,3,1,40.0
Sports Direct,1128299,2021-12-23,Southeast,Virginia,Richmond,Women's Street Footwear,53.0,165.0,875.0,350.0,Outlet,2021,12,4,40.0
Foot Locker,1128299,2021-01-10,West,Alaska,Anchorage,Women's Street Footwear,45.0,375.0,16875.0,4219.0,Outlet,2021,1,1,25.00148148148148
Foot Locker,1185732,2021-11-04,Northeast,Connecticut,Hartford,Men's Athletic Footwear,55.0,300.0,16500.0,6600.0,In-store,2021,11,4,40.0
Kohl's,1185732,2021-03-06,Northeast,New Jersey,Newark,Women's Street Footwear,24.0,59.0,142.0,75.0,Online,2021,3,1,52.816901408450704
Foot Locker,1185732,2021-04-12,Midwest,South Dakota,Sioux Falls,Women's Athletic Footwear,34.0,20.0,68.0,29.0,Online,2021,4,2,42.64705882352941
Sports Direct,1197831,2021-10-14,South,Texas,Dallas,Men's Apparel,60.0,475.0,28500.0,9975.0,Outlet,2021,10,4,35.0
Walmart,1128299,2021-05-18,Southeast,Florida,Orlando,Men's Athletic Footwear,46.0,132.0,607.0,170.0,Outlet,2021,5,2,28.00658978583196
Sports Direct,1185732,2021-06-17,Midwest,Michigan,Detroit,Women's Apparel,65.0,675.0,43875.0,24131.0,In-store,2021,6,2,54.9994301994302
Foot Locker,1185732,2021-05-16,South,Mississippi,Jackson,Men's Apparel,34.0,132.0,449.0,180.0,Outlet,2021,5,2,40.089086859688194
Sports Direct,1185732,2021-08-09,Midwest,North Dakota,Fargo,Women's Athletic Footwear,40.0,200.0,8000.0,2400.0,In-store,2021,8,3,30.0
Sports Direct,1185732,2021-07-03,Northeast,Connecticut,Hartford,Women's Athletic Footwear,34.0,94.0,320.0,115.0,Outlet,2021,7,3,35.9375
Sports Direct,1185732,2021-03-13,Northeast,Massachusetts,Boston,Women's Street Footwear,23.0,60.0,138.0,44.0,Outlet,2021,3,1,31.88405797101449
Kohl's,1185732,2021-12-13,Northeast,Delaware,Wilmington,Men's Athletic Footwear,55.0,400.0,22000.0,7700.0,In-store,2021,12,4,35.0
Sports Direct,1185732,2021-03-03,Northeast,Connecticut,Hartford,Men's Apparel,48.0,39.0,187.0,75.0,Online,2021,3,1,40.106951871657756
West Gear,1185732,2021-11-11,West,Utah,Salt Lake City,Women's Street Footwear,14.0,107.0,150.0,63.0,Outlet,2021,11,4,42.0
Amazon,1185732,2021-08-21,West,Alaska,Anchorage,Men's Athletic Footwear,56.0,106.0,594.0,267.0,Online,2021,8,3,44.94949494949495
Amazon,1185732,2021-02-12,Northeast,Massachusetts,Boston,Men's Street Footwear,45.0,575.0,25875.0,11644.0,In-store,2021,2,1,45.00096618357488
Amazon,1185732,2021-06-22,West,Alaska,Anchorage,Men's Athletic Footwear,55.0,112.0,616.0,308.0,Online,2021,6,2,50.0
Kohl's,1185732,2021-01-10,Northeast,Delaware,Wilmington,Men's Apparel,45.0,175.0,7875.0,2363.0,In-store,2021,1,1,30.00634920634921
Amazon,1185732,2021-09-17,Northeast,New Hampshire,Manchester,Men's Athletic Footwear,60.0,350.0,21000.0,8400.0,Outlet,2021,9,3,40.0
West Gear,1185732,2021-12-05,Midwest,Iowa,Des Moines,Men's Athletic Footwear,50.0,325.0,16250.0,5688.0,In-store,2021,12,4,35.003076923076925
West Gear,1128299,2021-03-23,West,Oregon,Portland,Women's Street Footwear,54.0,88.0,475.0,214.0,Online,2021,3,1,45.05263157894737
Kohl's,1128299,2021-09-27,West,New Mexico,Albuquerque,Women's Athletic Footwear,49.0,123.0,603.0,283.0,Online,2021,9,3,46.93200663349917
Sports Direct,1185732,2021-08-03,Southeast,North Carolina,Charlotte,Women's Apparel,60.0,825.0,49500.0,24750.0,Online,2021,8,3,50.0
West Gear,1185732,2021-08-11,West,Utah,Salt Lake City,Men's Athletic Footwear,35.0,525.0,18375.0,6431.0,In-store,2021,8,3,34.99863945578232
Kohl's,1185732,2021-06-12,West,Wyoming,Cheyenne,Women's Apparel,55.0,650.0,35750.0,8938.0,In-store,2021,6,2,25.0013986013986
Kohl's,1189833,2021-05-28,West,California,Los Angeles,Women's Athletic Footwear,49.0,210.0,1029.0,515.0,Online,2021,5,2,50.0485908649174
Foot Locker,1185732,2021-05-16,South,Mississippi,Jackson,Men's Street Footwear,27.0,238.0,643.0,270.0,Outlet,2021,5,2,41.99066874027994
Foot Locker,1185732,2021-07-06,Northeast,Rhode Island,Providence,Women's Street Footwear,27.0,78.0,211.0,95.0,Outlet,2021,7,3,45.023696682464454
Kohl's,1128299,2021-06-26,West,New Mexico,Albuquerque,Women's Athletic Footwear,54.0,106.0,572.0,258.0,Online,2021,6,2,45.10489510489511
Foot Locker,1197831,2021-11-13,Midwest,Kansas,Wichita,Women's Athletic Footwear,54.0,83.0,448.0,215.0,Online,2021,11,4,47.99107142857143
Sports Direct,1197831,2021-02-21,South,Mississippi,Jackson,Men's Street Footwear,17.0,210.0,357.0,161.0,Outlet,2021,2,1,45.09803921568628
Sports Direct,1197831,2021-05-20,South,Tennessee,Knoxville,Women's Apparel,49.0,225.0,1103.0,695.0,Outlet,2021,5,2,63.00997280145059
Sports Direct,1197831,2021-05-10,South,Tennessee,Knoxville,Men's Athletic Footwear,21.0,223.0,468.0,229.0,Outlet,2021,5,2,48.93162393162393
West Gear,1185732,2021-06-03,Midwest,Wisconsin,Milwaukee,Women's Apparel,51.0,98.0,500.0,275.0,Online,2021,6,2,55.00000000000001
Sports Direct,1197831,2021-04-12,South,Tennessee,Knoxville,Women's Athletic Footwear,36.0,174.0,626.0,382.0,Online,2021,4,2,61.0223642172524
Foot Locker,1185732,2021-06-12,Midwest,Nebraska,Omaha,Men's Apparel,45.0,25.0,1125.0,394.0,Outlet,2021,6,2,35.02222222222222
Foot Locker,1185732,2021-11-18,Northeast,Pennsylvania,Philadelphia,Women's Athletic Footwear,55.0,100.0,5500.0,1925.0,Outlet,2021,11,4,35.0
Foot Locker,1128299,2021-09-25,Southeast,Virginia,Richmond,Men's Street Footwear,50.0,450.0,22500.0,7875.0,In-store,2021,9,3,35.0
Sports Direct,1185732,2021-05-13,Northeast,Massachusetts,Boston,Men's Street Footwear,55.0,495.0,27225.0,8168.0,In-store,2021,5,2,30.001836547291095
West Gear,1128299,2021-01-07,West,California,San Francisco,Men's Athletic Footwear,65.0,825.0,53625.0,13406.0,Outlet,2021,1,1,24.9995337995338
Foot Locker,1185732,2021-02-08,Northeast,Connecticut,Hartford,Men's Athletic Footwear,34.0,36.0,122.0,58.0,Online,2021,2,1,47.540983606557376
Amazon,1185732,2021-06-19,Northeast,New Hampshire,Manchester,Women's Athletic Footwear,52.0,91.0,473.0,199.0,Online,2021,6,2,42.071881606765324
Sports Direct,1128299,2021-12-25,West,New Mexico,Albuquerque,Women's Athletic Footwear,55.0,145.0,798.0,367.0,Online,2021,12,4,45.98997493734336
West Gear,1185732,2021-11-11,West,Utah,Salt Lake City,Men's Street Footwear,30.0,550.0,16500.0,6600.0,In-store,2021,11,4,40.0
West Gear,1185732,2021-07-10,West,Utah,Salt Lake City,Women's Street Footwear,19.0,157.0,298.0,116.0,Outlet,2021,7,3,38.92617449664429
Foot Locker,1185732,2021-05-19,Midwest,Missouri,St. Louis,Women's Athletic Footwear,30.0,225.0,6750.0,2700.0,In-store,2021,5,2,40.0
Sports Direct,1128299,2021-06-13,Southeast,Georgia,Atlanta,Women's Apparel,67.0,150.0,1005.0,352.0,Online,2021,6,2,35.02487562189055
Sports Direct,1185732,2021-08-04,Northeast,Connecticut,Hartford,Men's Athletic Footwear,50.0,400.0,20000.0,8000.0,In-store,2021,8,3,40.0
Foot Locker,1185732,2021-01-09,Southeast,Georgia,Atlanta,Women's Athletic Footwear,25.0,209.0,523.0,183.0,Outlet,2021,1,1,34.990439770554495
Kohl's,1185732,2021-09-06,Northeast,New Jersey,Newark,Men's Athletic Footwear,45.0,275.0,12375.0,4331.0,In-store,2021,9,3,34.9979797979798
Foot Locker,1185732,2021-04-07,Northeast,Rhode Island,Providence,Men's Apparel,33.0,15.0,50.0,16.0,Outlet,2021,4,2,32.0
Foot Locker,1185732,2021-05-30,Midwest,Nebraska,Omaha,Women's Athletic Footwear,29.0,14.0,41.0,20.0,Online,2021,5,2,48.78048780487805
Sports Direct,1128299,2021-09-14,Southeast,Georgia,Atlanta,Women's Apparel,46.0,135.0,621.0,186.0,Outlet,2021,9,3,29.951690821256037
Sports Direct,1185732,2021-10-22,Northeast,Maryland,Baltimore,Men's Athletic Footwear,48.0,58.0,278.0,128.0,Online,2021,10,4,46.043165467625904
West Gear,1197831,2021-03-06,West,Idaho,Boise,Women's Apparel,33.0,116.0,383.0,249.0,Online,2021,3,1,65.0130548302872
Sports Direct,1197831,2021-08-25,South,Alabama,Birmingham,Men's Street Footwear,7.0,224.0,157.0,74.0,Outlet,2021,8,3,47.13375796178344
Foot Locker,1185732,2021-07-12,Midwest,Illinois,Chicago,Men's Street Footwear,49.0,149.0,730.0,372.0,Online,2021,7,3,50.95890410958904
Amazon,1185732,2021-09-17,Northeast,New Hampshire,Manchester,Women's Street Footwear,52.0,75.0,390.0,168.0,Online,2021,9,3,43.07692307692308
West Gear,1185732,2021-08-17,Northeast,West Virginia,Charleston,Men's Street Footwear,50.0,525.0,26250.0,10500.0,In-store,2021,8,3,40.0
Sports Direct,1185732,2021-11-03,Southeast,North Carolina,Charlotte,Women's Apparel,75.0,725.0,54375.0,27188.0,Online,2021,11,4,50.00091954022988
Foot Locker,1197831,2021-08-08,West,Idaho,Boise,Men's Athletic Footwear,55.0,750.0,41250.0,16500.0,Online,2021,8,3,40.0
Foot Locker,1185732,2021-10-08,Northeast,Rhode Island,Providence,Men's Apparel,40.0,23.0,92.0,30.0,Outlet,2021,10,4,32.608695652173914
Foot Locker,1185732,2021-12-20,Northeast,Pennsylvania,Philadelphia,Women's Apparel,65.0,225.0,14625.0,3656.0,Outlet,2021,12,4,24.9982905982906
West Gear,1197831,2021-07-19,South,Oklahoma,Oklahoma City,Women's Apparel,45.0,163.0,734.0,345.0,Outlet,2021,7,3,47.002724795640326
Foot Locker,1185732,2021-06-08,Midwest,Illinois,Chicago,Women's Street Footwear,32.0,61.0,195.0,90.0,Online,2021,6,2,46.15384615384615
Amazon,1185732,2021-10-29,Northeast,Maine,Portland,Women's Apparel,40.0,200.0,8000.0,3200.0,Outlet,2021,10,4,40.0
Foot Locker,1128299,2021-06-23,West,Arizona,Phoenix,Men's Athletic Footwear,55.0,475.0,26125.0,10450.0,Online,2021,6,2,40.0
West Gear,1128299,2021-07-23,West,Oregon,Portland,Men's Athletic Footwear,66.0,217.0,1432.0,587.0,Outlet,2021,7,3,40.99162011173184
West Gear,1197831,2021-04-20,South,Oklahoma,Oklahoma City,Women's Street Footwear,10.0,70.0,70.0,32.0,Outlet,2021,4,2,45.714285714285715
West Gear,1128299,2021-01-02,West,California,San Francisco,Women's Street Footwear,60.0,218.0,1308.0,667.0,Online,2021,1,1,50.99388379204893
Walmart,1128299,2021-09-18,Southeast,Florida,Orlando,Men's Street Footwear,44.0,155.0,682.0,252.0,Outlet,2021,9,3,36.950146627565985
Sports Direct,1185732,2021-11-12,Midwest,South Dakota,Sioux Falls,Men's Athletic Footwear,45.0,250.0,11250.0,3375.0,Online,2021,11,4,30.0
West Gear,1128299,2021-05-18,South,Louisiana,New Orleans,Men's Athletic Footwear,47.0,100.0,470.0,244.0,Online,2021,5,2,51.91489361702127
Sports Direct,1197831,2021-09-10,South,Alabama,Birmingham,Men's Apparel,45.0,131.0,590.0,342.0,Online,2021,9,3,57.96610169491525
Sports Direct,1128299,2021-05-14,Southeast,Georgia,Atlanta,Women's Athletic Footwear,34.0,114.0,388.0,167.0,Outlet,2021,5,2,43.04123711340206
Foot Locker,1185732,2021-07-11,Midwest,South Dakota,Sioux Falls,Men's Athletic Footwear,45.0,300.0,13500.0,4050.0,Online,2021,7,3,30.0
Foot Locker,1185732,2021-06-06,Midwest,Iowa,Des Moines,Women's Apparel,55.0,325.0,17875.0,7150.0,In-store,2021,6,2,40.0
Sports Direct,1185732,2021-06-15,Northeast,Massachusetts,Boston,Women's Street Footwear,42.0,68.0,286.0,103.0,Online,2021,6,2,36.01398601398601
Foot Locker,1128299,2021-07-22,West,Arizona,Phoenix,Men's Apparel,40.0,145.0,580.0,215.0,Outlet,2021,7,3,37.06896551724138
Kohl's,1189833,2021-04-27,West,California,Los Angeles,Women's Street Footwear,47.0,218.0,1025.0,533.0,Online,2021,4,2,52.0
Walmart,1185732,2021-09-16,South,Mississippi,Jackson,Men's Apparel,30.0,400.0,12000.0,4200.0,Online,2021,9,3,35.0
West Gear,1185732,2021-05-11,Midwest,Indiana,Indianapolis,Women's Athletic Footwear,35.0,175.0,6125.0,2144.0,In-store,2021,5,2,35.00408163265306
Foot Locker,1185732,2021-04-06,Midwest,Iowa,Des Moines,Women's Apparel,50.0,250.0,12500.0,5000.0,In-store,2021,4,2,40.0
Foot Locker,1128299,2021-03-22,West,Arizona,Phoenix,Women's Apparel,37.0,107.0,396.0,107.0,Outlet,2021,3,1,27.02020202020202
Sports Direct,1197831,2021-05-06,South,Tennessee,Knoxville,Women's Athletic Footwear,30.0,131.0,393.0,236.0,Outlet,2021,5,2,60.05089058524173
Sports Direct,1197831,2021-11-05,West,Idaho,Boise,Men's Apparel,41.0,149.0,611.0,232.0,Outlet,2021,11,4,37.97054009819967
Walmart,1128299,2021-08-17,Southeast,Florida,Orlando,Men's Athletic Footwear,85.0,825.0,70125.0,17531.0,In-store,2021,8,3,24.99964349376114
Sports Direct,1185732,2021-04-04,Northeast,Connecticut,Hartford,Men's Athletic Footwear,40.0,200.0,8000.0,3200.0,In-store,2021,4,2,40.0
Foot Locker,1185732,2021-06-25,Midwest,Illinois,Chicago,Men's Athletic Footwear,55.0,200.0,11000.0,3850.0,Outlet,2021,6,2,35.0
Walmart,1128299,2021-08-10,West,Hawaii,Honolulu,Men's Apparel,70.0,525.0,36750.0,5513.0,Outlet,2021,8,3,15.001360544217688
Foot Locker,1185732,2021-11-04,Northeast,Pennsylvania,Philadelphia,Men's Athletic Footwear,47.0,38.0,179.0,88.0,Online,2021,11,4,49.162011173184354
Foot Locker,1185732,2021-06-23,Midwest,Illinois,Chicago,Women's Apparel,49.0,65.0,319.0,191.0,Online,2021,6,2,59.87460815047022
Kohl's,1128299,2021-04-26,West,New Mexico,Albuquerque,Men's Apparel,56.0,58.0,325.0,133.0,Online,2021,4,2,40.92307692307692
Sports Direct,1185732,2021-04-14,Northeast,Massachusetts,Boston,Men's Apparel,50.0,125.0,6250.0,1563.0,In-store,2021,4,2,25.008000000000003
Foot Locker,1185732,2021-05-31,West,California,Los Angeles,Men's Street Footwear,44.0,124.0,546.0,284.0,Online,2021,5,2,52.01465201465202
Foot Locker,1128299,2021-02-23,West,Arizona,Phoenix,Women's Apparel,38.0,88.0,334.0,120.0,Online,2021,2,1,35.92814371257485
Foot Locker,1185732,2021-06-04,Midwest,Nebraska,Omaha,Women's Street Footwear,30.0,150.0,4500.0,1575.0,Outlet,2021,6,2,35.0
Kohl's,1189833,2021-04-24,West,California,Los Angeles,Women's Apparel,65.0,800.0,52000.0,10400.0,Outlet,2021,4,2,20.0
Foot Locker,1185732,2021-04-12,Midwest,South Dakota,Sioux Falls,Women's Street Footwear,29.0,45.0,131.0,52.0,Online,2021,4,2,39.69465648854962
Sports Direct,1185732,2021-02-17,Midwest,Michigan,Detroit,Women's Apparel,35.0,550.0,19250.0,10588.0,In-store,2021,2,1,55.002597402597395
Sports Direct,1185732,2021-08-21,Northeast,Maryland,Baltimore,Men's Athletic Footwear,41.0,83.0,340.0,170.0,Online,2021,8,3,50.0
Sports Direct,1185732,2021-06-15,Northeast,Massachusetts,Boston,Men's Apparel,55.0,225.0,12375.0,3094.0,In-store,2021,6,2,25.002020202020205
Sports Direct,1185732,2021-07-20,Northeast,Maryland,Baltimore,Men's Apparel,50.0,175.0,8750.0,2625.0,In-store,2021,7,3,30.0
Foot Locker,1128299,2021-07-22,West,Arizona,Phoenix,Men's Apparel,55.0,425.0,23375.0,7013.0,Online,2021,7,3,30.002139037433157
Sports Direct,1185732,2021-12-11,Midwest,South Dakota,Sioux Falls,Men's Apparel,60.0,200.0,12000.0,4200.0,Online,2021,12,4,35.0
Foot Locker,1185732,2021-09-13,Northeast,Delaware,Wilmington,Men's Street Footwear,50.0,142.0,710.0,348.0,Online,2021,9,3,49.014084507042256
Sports Direct,1185732,2021-10-04,Southeast,North Carolina,Charlotte,Men's Street Footwear,42.0,245.0,1029.0,556.0,Online,2021,10,4,54.033041788143834
Sports Direct,1185732,2021-12-16,South,Mississippi,Jackson,Men's Street Footwear,68.0,194.0,1319.0,699.0,Online,2021,12,4,52.994692949203944
Foot Locker,1185732,2021-12-29,Northeast,Pennsylvania,Philadelphia,Women's Street Footwear,55.0,65.0,358.0,189.0,Online,2021,12,4,52.79329608938548
Amazon,1185732,2021-07-20,West,Alaska,Anchorage,Women's Apparel,70.0,500.0,35000.0,10500.0,Outlet,2021,7,3,30.0
Sports Direct,1185732,2021-05-13,Northeast,Massachusetts,Boston,Men's Apparel,50.0,54.0,270.0,103.0,Online,2021,5,2,38.148148148148145
Kohl's,1185732,2021-01-10,Northeast,Delaware,Wilmington,Women's Athletic Footwear,27.0,38.0,103.0,51.0,Online,2021,1,1,49.51456310679612
Kohl's,1189833,2021-04-28,West,California,Los Angeles,Women's Athletic Footwear,45.0,650.0,29250.0,10238.0,Outlet,2021,4,2,35.001709401709405
West Gear,1185732,2021-09-08,Northeast,New York,Albany,Men's Apparel,51.0,131.0,668.0,321.0,Online,2021,9,3,48.05389221556886
West Gear,1185732,2021-05-11,Midwest,Indiana,Indianapolis,Men's Athletic Footwear,40.0,250.0,10000.0,4000.0,In-store,2021,5,2,40.0
West Gear,1128299,2021-10-17,South,Louisiana,New Orleans,Men's Street Footwear,34.0,112.0,381.0,206.0,Online,2021,10,4,54.06824146981627
Amazon,1185732,2021-05-20,West,Alaska,Anchorage,Women's Apparel,67.0,100.0,670.0,275.0,Online,2021,5,2,41.04477611940299
Foot Locker,1128299,2021-12-12,Southeast,Georgia,Atlanta,Women's Street Footwear,55.0,475.0,26125.0,9144.0,Online,2021,12,4,35.000956937799046
Sports Direct,1197831,2021-08-23,South,Alabama,Birmingham,Men's Apparel,23.0,74.0,170.0,90.0,Online,2021,8,3,52.94117647058824
Sports Direct,1185732,2021-04-14,Northeast,Massachusetts,Boston,Women's Street Footwear,29.0,41.0,119.0,42.0,Online,2021,4,2,35.294117647058826
Foot Locker,1185732,2021-06-07,Southeast,South Carolina,Charleston,Men's Athletic Footwear,49.0,200.0,980.0,441.0,Online,2021,6,2,45.0
Sports Direct,1128299,2021-02-13,Southeast,Georgia,Atlanta,Women's Apparel,28.0,131.0,367.0,106.0,Outlet,2021,2,1,28.882833787465938
Foot Locker,1185732,2021-11-17,Northeast,Pennsylvania,Philadelphia,Women's Street Footwear,38.0,53.0,201.0,75.0,Outlet,2021,11,4,37.3134328358209
Walmart,1185732,2021-07-16,South,Mississippi,Jackson,Women's Street Footwear,48.0,142.0,682.0,341.0,Online,2021,7,3,50.0
Kohl's,1128299,2021-07-25,West,New Mexico,Albuquerque,Women's Street Footwear,58.0,160.0,928.0,445.0,Online,2021,7,3,47.952586206896555
Foot Locker,1197831,2021-08-08,West,Idaho,Boise,Women's Athletic Footwear,48.0,124.0,595.0,387.0,Online,2021,8,3,65.04201680672269
Kohl's,1185732,2021-02-08,Northeast,Delaware,Wilmington,Men's Street Footwear,34.0,147.0,500.0,240.0,Online,2021,2,1,48.0
Kohl's,1197831,2021-12-19,South,Oklahoma,Oklahoma City,Men's Apparel,55.0,98.0,539.0,216.0,Outlet,2021,12,4,40.07421150278293
Foot Locker,1197831,2021-12-04,West,Idaho,Boise,Women's Athletic Footwear,44.0,184.0,810.0,421.0,Outlet,2021,12,4,51.9753086419753
Foot Locker,1185732,2021-03-06,Northeast,Rhode Island,Providence,Women's Athletic Footwear,20.0,8.0,16.0,8.0,Outlet,2021,3,1,50.0
Foot Locker,1185732,2021-08-05,Midwest,Illinois,Chicago,Men's Street Footwear,57.0,150.0,855.0,470.0,Online,2021,8,3,54.97076023391813
Sports Direct,1185732,2021-06-05,Northeast,Connecticut,Hartford,Women's Athletic Footwear,42.0,80.0,336.0,141.0,Online,2021,6,2,41.964285714285715
Kohl's,1128299,2021-05-27,West,New Mexico,Albuquerque,Women's Apparel,56.0,132.0,739.0,214.0,Outlet,2021,5,2,28.95805142083897
Sports Direct,1197831,2021-05-17,South,Tennessee,Knoxville,Women's Street Footwear,60.0,700.0,42000.0,18900.0,Outlet,2021,5,2,45.0
Sports Direct,1185732,2021-10-05,Northeast,Connecticut,Hartford,Women's Athletic Footwear,43.0,45.0,194.0,70.0,Outlet,2021,10,4,36.08247422680412
Foot Locker,1185732,2021-07-09,Midwest,Nebraska,Omaha,Men's Athletic Footwear,35.0,200.0,7000.0,2450.0,Outlet,2021,7,3,35.0
West Gear,1185732,2021-10-11,West,Utah,Salt Lake City,Men's Apparel,20.0,85.0,170.0,66.0,Outlet,2021,10,4,38.82352941176471
Amazon,1185732,2021-06-19,Northeast,New Hampshire,Manchester,Men's Street Footwear,44.0,216.0,950.0,437.0,Outlet,2021,6,2,46.0
Amazon,1185732,2021-07-10,Northeast,Vermont,Burlington,Women's Apparel,61.0,125.0,763.0,397.0,Online,2021,7,3,52.031454783748366
Sports Direct,1197831,2021-09-18,South,Texas,Dallas,Women's Street Footwear,33.0,322.0,1063.0,446.0,Outlet,2021,9,3,41.95672624647225
Sports Direct,1197831,2021-03-22,South,Tennessee,Knoxville,Men's Street Footwear,20.0,221.0,442.0,190.0,Outlet,2021,3,1,42.98642533936652
Amazon,1185732,2021-03-21,Southeast,Kentucky,Louisville,Men's Apparel,55.0,150.0,8250.0,2888.0,Online,2021,3,1,35.00606060606061
Foot Locker,1185732,2021-08-18,Midwest,Missouri,St. Louis,Men's Apparel,35.0,300.0,10500.0,3675.0,In-store,2021,8,3,35.0
West Gear,1128299,2021-01-18,West,California,San Francisco,Men's Street Footwear,45.0,302.0,1359.0,544.0,Outlet,2021,1,1,40.02943340691685
Foot Locker,1185732,2021-09-13,Northeast,Delaware,Wilmington,Men's Athletic Footwear,47.0,85.0,400.0,180.0,Online,2021,9,3,45.0
Sports Direct,1197831,2021-04-04,South,Tennessee,Knoxville,Men's Athletic Footwear,23.0,218.0,501.0,251.0,Online,2021,4,2,50.0998003992016
West Gear,1197831,2021-05-19,South,Oklahoma,Oklahoma City,Men's Athletic Footwear,29.0,93.0,270.0,102.0,Outlet,2021,5,2,37.77777777777778
Sports Direct,1197831,2021-05-04,South,Tennessee,Knoxville,Men's Athletic Footwear,35.0,575.0,20125.0,9056.0,Outlet,2021,5,2,44.998757763975156
Sports Direct,1197831,2021-08-15,South,Alabama,Birmingham,Women's Street Footwear,27.0,117.0,316.0,183.0,Online,2021,8,3,57.91139240506329
Foot Locker,1128299,2021-04-23,West,Arizona,Phoenix,Men's Apparel,55.0,150.0,8250.0,2475.0,Online,2021,4,2,30.0
West Gear,1197831,2021-01-05,South,Louisiana,New Orleans,Women's Apparel,34.0,143.0,486.0,292.0,Online,2021,1,1,60.08230452674898
Amazon,1185732,2021-08-21,West,Alaska,Anchorage,Women's Street Footwear,55.0,350.0,19250.0,4813.0,Outlet,2021,8,3,25.002597402597402
Kohl's,1189833,2021-02-18,West,California,San Francisco,Men's Athletic Footwear,45.0,700.0,31500.0,7875.0,Outlet,2021,2,1,25.0
Walmart,1197831,2021-06-21,South,Arkansas,Little Rock,Men's Apparel,54.0,98.0,529.0,254.0,Online,2021,6,2,48.01512287334593
Kohl's,1185732,2021-12-13,Northeast,Delaware,Wilmington,Women's Athletic Footwear,53.0,98.0,519.0,280.0,Online,2021,12,4,53.94990366088632
Foot Locker,1128299,2021-08-10,West,Hawaii,Honolulu,Men's Street Footwear,85.0,750.0,63750.0,15938.0,Outlet,2021,8,3,25.00078431372549
Foot Locker,1128299,2021-02-23,West,Arizona,Phoenix,Men's Apparel,45.0,150.0,6750.0,2025.0,Online,2021,2,1,30.0
Kohl's,1189833,2021-05-18,West,California,Los Angeles,Women's Apparel,46.0,208.0,957.0,230.0,Outlet,2021,5,2,24.033437826541274
Kohl's,1189833,2021-02-22,Midwest,Montana,Billings,Women's Street Footwear,45.0,400.0,18000.0,8100.0,Outlet,2021,2,1,45.0
West Gear,1185732,2021-09-11,Midwest,Indiana,Indianapolis,Men's Athletic Footwear,30.0,275.0,8250.0,3300.0,In-store,2021,9,3,40.0
West Gear,1185732,2021-04-11,West,Utah,Salt Lake City,Men's Street Footwear,27.0,181.0,489.0,244.0,Online,2021,4,2,49.897750511247445
Sports Direct,1128299,2021-07-12,Southeast,Georgia,Atlanta,Women's Athletic Footwear,39.0,128.0,499.0,225.0,Outlet,2021,7,3,45.09018036072144
Foot Locker,1128299,2021-04-24,Southeast,Virginia,Richmond,Men's Street Footwear,38.0,147.0,559.0,207.0,Outlet,2021,4,2,37.0304114490161
Kohl's,1189833,2021-01-13,Midwest,Montana,Billings,Men's Apparel,50.0,200.0,10000.0,6000.0,Outlet,2021,1,1,60.0
Walmart,1128299,2021-10-17,Southeast,Florida,Orlando,Women's Athletic Footwear,55.0,375.0,20625.0,6188.0,In-store,2021,10,4,30.00242424242424
Foot Locker,1185732,2021-06-12,Midwest,South Dakota,Sioux Falls,Men's Athletic Footwear,39.0,70.0,273.0,109.0,Online,2021,6,2,39.92673992673993
Amazon,1185732,2021-01-21,Northeast,Vermont,Burlington,Women's Street Footwear,28.0,101.0,283.0,102.0,Outlet,2021,1,1,36.042402826855124
Foot Locker,1185732,2021-08-03,Midwest,Illinois,Chicago,Men's Apparel,56.0,41.0,230.0,115.0,Online,2021,8,3,50.0
Sports Direct,1197831,2021-10-10,South,Alabama,Birmingham,Men's Apparel,60.0,500.0,30000.0,13500.0,Outlet,2021,10,4,45.0
West Gear,1197831,2021-04-20,South,Oklahoma,Oklahoma City,Women's Apparel,28.0,94.0,263.0,145.0,Online,2021,4,2,55.13307984790875
Sports Direct,1185732,2021-02-17,Midwest,Michigan,Detroit,Women's Athletic Footwear,30.0,375.0,11250.0,3938.0,In-store,2021,2,1,35.004444444444445
West Gear,1185732,2021-05-18,Northeast,West Virginia,Charleston,Men's Athletic Footwear,40.0,300.0,12000.0,4800.0,In-store,2021,5,2,40.0
West Gear,1128299,2021-05-18,South,Louisiana,New Orleans,Women's Apparel,59.0,167.0,985.0,443.0,Online,2021,5,2,44.9746192893401
West Gear,1185732,2021-04-11,West,Utah,Salt Lake City,Women's Athletic Footwear,18.0,70.0,126.0,67.0,Online,2021,4,2,53.17460317460318
Foot Locker,1185732,2021-06-23,Midwest,Nebraska,Omaha,Women's Athletic Footwear,27.0,39.0,105.0,57.0,Online,2021,6,2,54.285714285714285
West Gear,1128299,2021-02-14,West,California,San Francisco,Women's Athletic Footwear,55.0,775.0,42625.0,10656.0,Outlet,2021,2,1,24.99941348973607
Sports Direct,1185732,2021-07-08,Midwest,North Dakota,Fargo,Women's Athletic Footwear,40.0,175.0,7000.0,2100.0,In-store,2021,7,3,30.0
Sports Direct,1197831,2021-10-04,South,Alabama,Birmingham,Men's Apparel,50.0,425.0,21250.0,9563.0,Outlet,2021,10,4,45.00235294117647
Sports Direct,1128299,2021-04-13,Southeast,Georgia,Atlanta,Men's Street Footwear,50.0,525.0,26250.0,10500.0,Online,2021,4,2,40.0
Sports Direct,1197831,2021-10-02,South,Texas,Dallas,Men's Apparel,55.0,450.0,24750.0,8663.0,Outlet,2021,10,4,35.0020202020202
Foot Locker,1128299,2021-08-24,Southeast,Virginia,Richmond,Men's Athletic Footwear,53.0,240.0,1272.0,534.0,Outlet,2021,8,3,41.9811320754717
West Gear,1128299,2021-02-24,West,Oregon,Portland,Women's Athletic Footwear,29.0,64.0,186.0,76.0,Outlet,2021,2,1,40.86021505376344
Sports Direct,1128299,2021-12-12,Southeast,Georgia,Atlanta,Men's Street Footwear,42.0,209.0,878.0,413.0,Outlet,2021,12,4,47.03872437357631
West Gear,1197831,2021-09-19,South,Oklahoma,Oklahoma City,Men's Athletic Footwear,40.0,375.0,15000.0,5250.0,Online,2021,9,3,35.0
Foot Locker,1185732,2021-11-14,Northeast,Pennsylvania,Philadelphia,Women's Apparel,48.0,54.0,259.0,93.0,Online,2021,11,4,35.907335907335906
West Gear,1128299,2021-09-18,South,Louisiana,New Orleans,Women's Street Footwear,30.0,96.0,288.0,132.0,Outlet,2021,9,3,45.83333333333333
Foot Locker,1185732,2021-05-24,South,Tennessee,Knoxville,Women's Athletic Footwear,27.0,19.0,51.0,27.0,Online,2021,5,2,52.94117647058824
Foot Locker,1185732,2021-01-06,Midwest,North Dakota,Fargo,Women's Street Footwear,19.0,68.0,129.0,58.0,Online,2021,1,1,44.96124031007752
Foot Locker,1185732,2021-11-09,Northeast,Pennsylvania,Philadelphia,Men's Street Footwear,35.0,140.0,490.0,279.0,Outlet,2021,11,4,56.93877551020409
West Gear,1128299,2021-08-17,South,Louisiana,New Orleans,Men's Street Footwear,95.0,850.0,80750.0,32300.0,Online,2021,8,3,40.0
Sports Direct,1197831,2021-03-16,South,Tennessee,Knoxville,Men's Street Footwear,18.0,202.0,364.0,135.0,Outlet,2021,3,1,37.08791208791209
Sports Direct,1197831,2021-09-16,South,Alabama,Birmingham,Men's Apparel,55.0,425.0,23375.0,10519.0,Outlet,2021,9,3,45.00106951871658
West Gear,1185732,2021-03-16,Northeast,West Virginia,Charleston,Men's Street Footwear,30.0,570.0,17100.0,6840.0,In-store,2021,3,1,40.0
Amazon,1185732,2021-05-10,Northeast,Vermont,Burlington,Men's Apparel,60.0,275.0,16500.0,5775.0,In-store,2021,5,2,35.0
Amazon,1185732,2021-09-17,Northeast,New Hampshire,Manchester,Women's Athletic Footwear,41.0,74.0,303.0,112.0,Outlet,2021,9,3,36.96369636963696
Kohl's,1189833,2021-05-24,West,California,Los Angeles,Women's Apparel,65.0,700.0,45500.0,9100.0,Outlet,2021,5,2,20.0
Foot Locker,1185732,2021-09-06,Northeast,Rhode Island,Providence,Men's Athletic Footwear,45.0,225.0,10125.0,3544.0,In-store,2021,9,3,35.002469135802464
Amazon,1185732,2021-07-20,West,Alaska,Anchorage,Women's Street Footwear,53.0,102.0,541.0,195.0,Online,2021,7,3,36.04436229205176
Kohl's,1189833,2021-01-11,Midwest,Montana,Billings,Women's Street Footwear,42.0,128.0,538.0,306.0,Online,2021,1,1,56.877323420074354
West Gear,1185732,2021-04-11,West,Utah,Salt Lake City,Men's Athletic Footwear,20.0,111.0,222.0,82.0,Outlet,2021,4,2,36.93693693693694
Kohl's,1185732,2021-06-08,Northeast,New Jersey,Newark,Men's Street Footwear,50.0,600.0,30000.0,10500.0,In-store,2021,6,2,35.0
Kohl's,1189833,2021-01-20,Midwest,Montana,Billings,Women's Apparel,55.0,101.0,556.0,217.0,Online,2021,1,1,39.02877697841727
West Gear,1128299,2021-01-17,West,Oregon,Portland,Men's Apparel,33.0,68.0,224.0,114.0,Outlet,2021,1,1,50.89285714285714
Foot Locker,1128299,2021-04-24,Southeast,Virginia,Richmond,Women's Street Footwear,41.0,114.0,467.0,173.0,Outlet,2021,4,2,37.04496788008566
Amazon,1185732,2021-08-22,Southeast,Kentucky,Louisville,Women's Street Footwear,36.0,80.0,288.0,156.0,Online,2021,8,3,54.166666666666664
Sports Direct,1128299,2021-10-13,Southeast,Georgia,Atlanta,Women's Athletic Footwear,44.0,88.0,387.0,194.0,Online,2021,10,4,50.129198966408275
Amazon,1185732,2021-04-21,West,Alaska,Anchorage,Women's Apparel,49.0,84.0,412.0,181.0,Online,2021,4,2,43.932038834951456
West Gear,1128299,2021-01-05,West,California,San Francisco,Women's Apparel,58.0,225.0,1305.0,300.0,Outlet,2021,1,1,22.988505747126435
Sports Direct,1185732,2021-02-17,Southeast,Virginia,Richmond,Men's Street Footwear,35.0,800.0,28000.0,14000.0,In-store,2021,2,1,50.0
Walmart,1128299,2021-09-18,Southeast,Florida,Orlando,Men's Street Footwear,60.0,500.0,30000.0,9000.0,In-store,2021,9,3,30.0
Kohl's,1185732,2021-09-06,Northeast,New Jersey,Newark,Women's Athletic Footwear,40.0,150.0,6000.0,2400.0,In-store,2021,9,3,40.0
Sports Direct,1185732,2021-01-19,Southeast,Virginia,Richmond,Women's Athletic Footwear,29.0,116.0,336.0,168.0,Online,2021,1,1,50.0
Amazon,1185732,2021-12-13,Northeast,Massachusetts,Boston,Men's Street Footwear,64.0,150.0,960.0,394.0,Online,2021,12,4,41.041666666666664
Kohl's,1189833,2021-01-31,Midwest,Montana,Billings,Men's Apparel,41.0,75.0,308.0,228.0,Online,2021,1,1,74.02597402597402
Foot Locker,1185732,2021-04-17,South,Mississippi,Jackson,Women's Athletic Footwear,16.0,96.0,154.0,66.0,Outlet,2021,4,2,42.857142857142854
Kohl's,1185732,2021-01-14,Northeast,New York,Albany,Men's Athletic Footwear,39.0,156.0,608.0,274.0,Online,2021,1,1,45.06578947368421
Walmart,1128299,2021-04-17,Southeast,Florida,Orlando,Men's Street Footwear,65.0,550.0,35750.0,10725.0,Outlet,2021,4,2,30.0
Foot Locker,1185732,2021-01-24,Northeast,New Hampshire,Manchester,Men's Street Footwear,52.0,145.0,754.0,347.0,Online,2021,1,1,46.02122015915119
Kohl's,1185732,2021-08-07,Northeast,New Jersey,Newark,Women's Street Footwear,37.0,75.0,278.0,150.0,Online,2021,8,3,53.956834532374096
Foot Locker,1128299,2021-11-24,Southeast,Virginia,Richmond,Women's Athletic Footwear,55.0,450.0,24750.0,8663.0,In-store,2021,11,4,35.0020202020202
Amazon,1185732,2021-07-20,West,Alaska,Anchorage,Men's Athletic Footwear,60.0,425.0,25500.0,8925.0,Outlet,2021,7,3,35.0
Foot Locker,1185732,2021-01-09,Southeast,Georgia,Atlanta,Women's Apparel,37.0,239.0,884.0,531.0,Online,2021,1,1,60.06787330316742
Sports Direct,1197831,2021-05-12,South,Tennessee,Knoxville,Women's Athletic Footwear,55.0,475.0,26125.0,14369.0,Outlet,2021,5,2,55.00095693779904
Sports Direct,1185732,2021-08-14,Northeast,Massachusetts,Boston,Men's Apparel,55.0,150.0,8250.0,2063.0,In-store,2021,8,3,25.006060606060604
West Gear,1185732,2021-05-12,West,Utah,Salt Lake City,Women's Street Footwear,25.0,350.0,8750.0,3063.0,In-store,2021,5,2,35.005714285714284
West Gear,1128299,2021-10-17,South,Louisiana,New Orleans,Women's Street Footwear,33.0,128.0,422.0,190.0,Outlet,2021,10,4,45.023696682464454
West Gear,1128299,2021-10-17,South,Louisiana,New Orleans,Women's Street Footwear,45.0,400.0,18000.0,7200.0,Online,2021,10,4,40.0
Kohl's,1128299,2021-11-26,West,New Mexico,Albuquerque,Men's Athletic Footwear,44.0,180.0,792.0,341.0,Outlet,2021,11,4,43.05555555555556
Foot Locker,1185732,2021-12-08,Midwest,North Dakota,Fargo,Men's Street Footwear,60.0,500.0,30000.0,10500.0,In-store,2021,12,4,35.0
Foot Locker,1185732,2021-11-20,Northeast,Pennsylvania,Philadelphia,Women's Apparel,64.0,63.0,403.0,181.0,Online,2021,11,4,44.91315136476427
Foot Locker,1185732,2021-12-30,Northeast,Pennsylvania,Philadelphia,Women's Athletic Footwear,60.0,175.0,10500.0,4200.0,Outlet,2021,12,4,40.0
Kohl's,1185732,2021-09-06,Northeast,New Jersey,Newark,Women's Street Footwear,39.0,51.0,199.0,105.0,Online,2021,9,3,52.76381909547738
West Gear,1185732,2021-08-10,Midwest,Indiana,Indianapolis,Women's Street Footwear,40.0,225.0,9000.0,3150.0,In-store,2021,8,3,35.0
Foot Locker,1185732,2021-12-19,Northeast,Pennsylvania,Philadelphia,Men's Apparel,43.0,30.0,129.0,43.0,Outlet,2021,12,4,33.33333333333333
Walmart,1128299,2021-07-16,Southeast,Florida,Orlando,Women's Apparel,110.0,650.0,71500.0,32175.0,In-store,2021,7,3,45.0
Walmart,1185732,2021-10-18,South,Mississippi,Jackson,Men's Street Footwear,24.0,216.0,518.0,238.0,Outlet,2021,10,4,45.94594594594595
Amazon,1185732,2021-07-09,Midwest,Ohio,Columbus,Women's Street Footwear,55.0,575.0,31625.0,12650.0,Online,2021,7,3,40.0
Sports Direct,1197831,2021-04-09,South,Tennessee,Knoxville,Men's Street Footwear,40.0,775.0,31000.0,12400.0,Outlet,2021,4,2,40.0
Walmart,1128299,2021-10-10,West,Hawaii,Honolulu,Men's Street Footwear,52.0,124.0,645.0,258.0,Online,2021,10,4,40.0
Amazon,1185732,2021-02-22,Southeast,Kentucky,Louisville,Women's Apparel,39.0,78.0,304.0,155.0,Online,2021,2,1,50.98684210526315
West Gear,1185732,2021-02-11,West,Utah,Salt Lake City,Men's Apparel,35.0,375.0,13125.0,4594.0,In-store,2021,2,1,35.00190476190476
Walmart,1197831,2021-04-20,South,Arkansas,Little Rock,Women's Athletic Footwear,13.0,77.0,100.0,47.0,Outlet,2021,4,2,47.0
Sports Direct,1185732,2021-06-09,Midwest,North Dakota,Fargo,Women's Street Footwear,30.0,200.0,6000.0,1800.0,In-store,2021,6,2,30.0
West Gear,1128299,2021-12-23,West,Oregon,Portland,Men's Apparel,72.0,133.0,958.0,479.0,Online,2021,12,4,50.0
Amazon,1185732,2021-12-22,Northeast,Maine,Portland,Men's Athletic Footwear,49.0,90.0,441.0,207.0,Online,2021,12,4,46.93877551020408
Sports Direct,1128299,2021-08-13,Southeast,Georgia,Atlanta,Women's Street Footwear,54.0,150.0,810.0,373.0,Online,2021,8,3,46.04938271604938
Sports Direct,1197831,2021-01-23,South,Mississippi,Jackson,Men's Apparel,26.0,123.0,320.0,122.0,Outlet,2021,1,1,38.125
West Gear,1128299,2021-05-18,South,Louisiana,New Orleans,Women's Street Footwear,50.0,400.0,20000.0,8000.0,In-store,2021,5,2,40.0
Sports Direct,1185732,2021-07-03,Northeast,Connecticut,Hartford,Women's Apparel,60.0,475.0,28500.0,9975.0,In-store,2021,7,3,35.0
Foot Locker,1185732,2021-12-21,Southeast,Kentucky,Louisville,Men's Apparel,60.0,225.0,13500.0,4725.0,Online,2021,12,4,35.0
Foot Locker,1185732,2021-10-06,Midwest,Iowa,Des Moines,Women's Athletic Footwear,35.0,125.0,4375.0,1313.0,In-store,2021,10,4,30.01142857142857
Sports Direct,1185732,2021-03-13,Northeast,Massachusetts,Boston,Men's Athletic Footwear,40.0,175.0,7000.0,2100.0,In-store,2021,3,1,30.0
Sports Direct,1185732,2021-08-04,Northeast,Connecticut,Hartford,Women's Street Footwear,45.0,325.0,14625.0,4388.0,In-store,2021,8,3,30.003418803418803
West Gear,1128299,2021-11-17,South,Louisiana,New Orleans,Women's Apparel,81.0,174.0,1409.0,677.0,Online,2021,11,4,48.04826117814053
Foot Locker,1185732,2021-07-05,Midwest,Iowa,Des Moines,Men's Athletic Footwear,44.0,87.0,383.0,188.0,Online,2021,7,3,49.08616187989556
Sports Direct,1185732,2021-12-06,Northeast,Rhode Island,Providence,Women's Street Footwear,50.0,275.0,13750.0,5500.0,In-store,2021,12,4,40.0
Foot Locker,1197831,2021-12-04,West,Idaho,Boise,Men's Street Footwear,54.0,233.0,1258.0,679.0,Online,2021,12,4,53.97456279809221
Kohl's,1185732,2021-11-14,Northeast,Delaware,Wilmington,Men's Athletic Footwear,55.0,325.0,17875.0,6256.0,In-store,2021,11,4,34.998601398601394
West Gear,1128299,2021-01-03,West,California,San Francisco,Women's Athletic Footwear,60.0,650.0,39000.0,13650.0,Outlet,2021,1,1,35.0
Walmart,1128299,2021-06-17,Southeast,Florida,Orlando,Men's Street Footwear,61.0,223.0,1360.0,612.0,Online,2021,6,2,45.0
Foot Locker,1185732,2021-06-08,Northeast,Rhode Island,Providence,Women's Athletic Footwear,39.0,60.0,234.0,126.0,Online,2021,6,2,53.84615384615385
Foot Locker,1128299,2021-07-23,Southeast,Virginia,Richmond,Women's Athletic Footwear,82.0,149.0,1222.0,562.0,Online,2021,7,3,45.99018003273322
Foot Locker,1128299,2021-05-24,West,Arizona,Phoenix,Women's Street Footwear,41.0,132.0,541.0,206.0,Outlet,2021,5,2,38.07763401109057
Sports Direct,1197831,2021-10-04,West,Idaho,Boise,Women's Apparel,42.0,142.0,596.0,394.0,Online,2021,10,4,66.10738255033557
Amazon,1185732,2021-08-10,Midwest,Ohio,Columbus,Women's Street Footwear,55.0,575.0,31625.0,12650.0,Online,2021,8,3,40.0
Sports Direct,1185732,2021-05-02,Southeast,North Carolina,Charlotte,Men's Apparel,46.0,150.0,690.0,338.0,Online,2021,5,2,48.98550724637681
Sports Direct,1197831,2021-10-05,South,Alabama,Birmingham,Women's Apparel,60.0,625.0,37500.0,24375.0,Outlet,2021,10,4,65.0
Amazon,1185732,2021-10-12,Northeast,Vermont,Burlington,Women's Street Footwear,40.0,66.0,264.0,98.0,Outlet,2021,10,4,37.121212121212125
Sports Direct,1197831,2021-08-25,South,Alabama,Birmingham,Men's Street Footwear,10.0,700.0,7000.0,3150.0,Outlet,2021,8,3,45.0
Foot Locker,1128299,2021-11-24,Southeast,Virginia,Richmond,Women's Apparel,60.0,176.0,1056.0,348.0,Outlet,2021,11,4,32.95454545454545
West Gear,1128299,2021-09-18,South,Louisiana,New Orleans,Women's Athletic Footwear,45.0,250.0,11250.0,4500.0,Online,2021,9,3,40.0
Sports Direct,1197831,2021-09-22,South,Texas,Dallas,Men's Street Footwear,34.0,248.0,843.0,363.0,Outlet,2021,9,3,43.06049822064057
Kohl's,1185732,2021-10-12,West,Wyoming,Cheyenne,Women's Athletic Footwear,45.0,475.0,21375.0,7481.0,In-store,2021,10,4,34.99883040935672
Amazon,1185732,2021-12-17,Northeast,Maine,Portland,Women's Street Footwear,55.0,250.0,13750.0,5500.0,Outlet,2021,12,4,40.0
Foot Locker,1185732,2021-04-06,Midwest,Iowa,Des Moines,Women's Apparel,46.0,63.0,290.0,151.0,Online,2021,4,2,52.06896551724138
Foot Locker,1185732,2021-12-16,Northeast,West Virginia,Charleston,Men's Athletic Footwear,52.0,135.0,702.0,365.0,Online,2021,12,4,51.99430199430199
Foot Locker,1128299,2021-09-24,West,Arizona,Phoenix,Men's Apparel,55.0,375.0,20625.0,6188.0,Online,2021,9,3,30.00242424242424
Sports Direct,1197831,2021-09-05,West,Idaho,Boise,Men's Street Footwear,41.0,230.0,943.0,434.0,Outlet,2021,9,3,46.02332979851538
Foot Locker,1185732,2021-05-28,Midwest,Nebraska,Omaha,Men's Athletic Footwear,35.0,125.0,4375.0,1531.0,Outlet,2021,5,2,34.994285714285716
