Retailer,Retailer ID,Invoice Date,Region,State,City,Product,Price per Unit,Units Sold,Total Sales,Operating Profit,Sales Method
Foot Locker,1128299,2021-06-24,Southeast,Virginia,Richmond,Men's Street Footwear,$53.00 ,233,"1,235",$580 ,Online
Sports Direct,1197831,2021-08-18,South,Alabama,Birmingham,Women's Apparel,$26.00 ,120,312,$206 ,Outlet
Amazon,1185732,2021-06-11,Midwest,Ohio,Columbus,Women's Apparel,$64.00 ,196,"1,254",$778 ,Online
Foot Locker,1128299,2021-10-23,West,Arizona,Phoenix,Women's Street Footwear,$45.00 ,325,"14,625","$5,119 ",Online
West Gear,1128299,2021-01-31,West,California,San Francisco,Men's Athletic Footwear,$60.00 ,875,"52,500","$7,875 ",Outlet
Sports Direct,1185732,2021-04-16,Midwest,Michigan,Detroit,Women's Athletic Footwear,$35.00 ,375,"13,125","$4,594 ",In-store
Kohl's,1185732,2021-06-12,West,Wyoming,Cheyenne,Men's Apparel,$49.00 ,135,662,$291 ,Online
Amazon,1185732,2021-04-21,West,Alaska,Anchorage,Men's Apparel,$56.00 ,41,230,$85 ,Online
West Gear,1185732,2021-05-20,Northeast,Maryland,Baltimore,Men's Apparel,$49.00 ,36,176,$74 ,Online
Amazon,1185732,2021-08-18,Northeast,New Hampshire,Manchester,Women's Apparel,$70.00 ,425,"29,750","$10,413 ",Outlet
Amazon,1185732,2021-07-10,Northeast,Vermont,Burlington,Men's Apparel,$60.00 ,325,"19,500","$6,825 ",In-store
Foot Locker,1185732,2021-11-06,Northeast,Pennsylvania,Philadelphia,Women's Athletic Footwear,$43.00 ,8,34,$18 ,Online
Sports Direct,1197831,2021-08-29,South,Alabama,Birmingham,Men's Apparel,$50.00 ,400,"20,000","$8,000 ",Outlet
Amazon,1185732,2021-09-17,Northeast,Maine,Portland,Women's Apparel,$60.00 ,225,"13,500","$5,400 ",Outlet
Foot Locker,1185732,2021-11-11,Northeast,Pennsylvania,Philadelphia,Women's Street Footwear,$27.00 ,51,138,$58 ,Outlet
Amazon,1185732,2021-06-12,Northeast,Vermont,Burlington,Women's Athletic Footwear,$47.00 ,90,423,$190 ,Online
Kohl's,1185732,2021-01-14,Northeast,New York,Albany,Women's Apparel,$38.00 ,156,593,$237 ,Online
Foot Locker,1128299,2021-09-24,West,Arizona,Phoenix,Women's Apparel,$60.00 ,425,"25,500","$6,375 ",Online
Amazon,1185732,2021-06-11,Midwest,Ohio,Columbus,Women's Apparel,$70.00 ,675,"47,250","$23,625 ",Online
Kohl's,1189833,2021-05-05,West,California,Los Angeles,Men's Apparel,$60.00 ,675,"40,500","$22,275 ",Outlet
Foot Locker,1185732,2021-11-21,Northeast,Maryland,Baltimore,Women's Street Footwear,$50.00 ,170,"8,500","$2,975 ",In-store
Sports Direct,1185732,2021-01-17,Northeast,Rhode Island,Providence,Men's Street Footwear,$40.00 ,450,"18,000","$5,400 ",In-store
Sports Direct,1197831,2021-10-21,South,Texas,Dallas,Women's Apparel,$70.00 ,775,"54,250","$29,838 ",Outlet
Sports Direct,1185732,2021-07-20,Northeast,Maryland,Baltimore,Men's Athletic Footwear,$42.00 ,72,302,$145 ,Online
West Gear,1197831,2021-05-19,South,Oklahoma,Oklahoma City,Men's Street Footwear,$28.00 ,179,501,$216 ,Outlet
Sports Direct,1185732,2021-06-05,Northeast,Connecticut,Hartford,Men's Street Footwear,$40.00 ,206,824,$387 ,Outlet
Foot Locker,1128299,2021-10-24,Southeast,Virginia,Richmond,Women's Street Footwear,$39.00 ,119,464,$195 ,Outlet
Kohl's,1128299,2021-01-26,West,Arizona,Phoenix,Men's Apparel,$50.00 ,275,"13,750","$4,125 ",Online
Sports Direct,1197831,2021-10-11,South,Alabama,Birmingham,Women's Apparel,$70.00 ,750,"52,500","$34,125 ",Outlet
Amazon,1185732,2021-02-12,Northeast,Vermont,Burlington,Women's Athletic Footwear,$36.00 ,45,162,$75 ,Online
Foot Locker,1185732,2021-04-06,Midwest,Iowa,Des Moines,Men's Apparel,$60.00 ,125,"7,500","$3,750 ",In-store
Sports Direct,1197831,2021-10-15,South,Texas,Dallas,Women's Apparel,$67.00 ,176,"1,179",$766 ,Online
West Gear,1128299,2021-02-24,West,Utah,Salt Lake City,Men's Street Footwear,$29.00 ,117,339,$153 ,Online
Foot Locker,1185732,2021-04-14,Northeast,Delaware,Wilmington,Men's Street Footwear,$36.00 ,131,472,$236 ,Online
Foot Locker,1185732,2021-09-06,Northeast,Rhode Island,Providence,Women's Street Footwear,$36.00 ,38,137,$70 ,Online
Foot Locker,1185732,2021-06-09,Midwest,Nebraska,Omaha,Men's Athletic Footwear,$35.00 ,75,"2,625",$919 ,Outlet
Sports Direct,1197831,2021-04-15,South,Tennessee,Knoxville,Men's Street Footwear,$29.00 ,272,789,$394 ,Outlet
Sports Direct,1185732,2021-10-17,Midwest,Michigan,Detroit,Women's Apparel,$52.00 ,137,712,$499 ,Online
Sports Direct,1185732,2021-08-21,Northeast,Maryland,Baltimore,Women's Apparel,$53.00 ,81,429,$185 ,Online
Sports Direct,1197831,2021-08-12,Midwest,Illinois,Chicago,Men's Athletic Footwear,$30.00 ,725,"21,750","$6,525 ",Outlet
Amazon,1185732,2021-03-20,West,Alaska,Anchorage,Women's Apparel,$53.00 ,72,382,$153 ,Online
Kohl's,1197831,2021-12-19,South,Oklahoma,Oklahoma City,Women's Street Footwear,$60.00 ,375,"22,500","$9,000 ",Online
Foot Locker,1128299,2021-10-23,West,Arizona,Phoenix,Women's Athletic Footwear,$45.00 ,300,"13,500","$4,725 ",Online
West Gear,1185732,2021-03-02,Midwest,Wisconsin,Milwaukee,Women's Street Footwear,$10.00 ,225,"2,250",$675 ,In-store
Walmart,1128299,2021-10-17,Southeast,Florida,Orlando,Men's Street Footwear,$47.00 ,100,470,$207 ,Online
Foot Locker,1128299,2021-04-23,West,Arizona,Phoenix,Women's Athletic Footwear,$40.00 ,78,312,$125 ,Outlet
Kohl's,1185732,2021-07-10,West,Wyoming,Cheyenne,Women's Athletic Footwear,$39.00 ,150,585,$275 ,Online
Sports Direct,1197831,2021-09-10,South,Texas,Dallas,Men's Street Footwear,$45.00 ,800,"36,000","$12,600 ",Outlet
Foot Locker,1128299,2021-01-10,West,Alaska,Anchorage,Men's Street Footwear,$33.00 ,109,360,$137 ,Online
West Gear,1185732,2021-07-16,Northeast,West Virginia,Charleston,Women's Athletic Footwear,$50.00 ,275,"13,750","$5,500 ",In-store
Foot Locker,1185732,2021-10-07,Southeast,South Carolina,Charleston,Men's Athletic Footwear,$45.00 ,800,"36,000","$12,600 ",Online
Foot Locker,1185732,2021-12-28,Northeast,Pennsylvania,Philadelphia,Men's Athletic Footwear,$47.00 ,85,400,$164 ,Outlet
Sports Direct,1185732,2021-10-05,Northeast,Connecticut,Hartford,Men's Street Footwear,$59.00 ,113,667,$367 ,Online
Foot Locker,1128299,2021-07-22,West,Arizona,Phoenix,Men's Apparel,$52.00 ,128,666,$286 ,Online
Amazon,1185732,2021-11-02,Northeast,Maine,Portland,Women's Athletic Footwear,$33.00 ,21,69,$28 ,Online
Sports Direct,1197831,2021-04-24,South,Tennessee,Knoxville,Women's Athletic Footwear,$42.00 ,133,559,$385 ,Online
Amazon,1185732,2021-10-15,Northeast,Massachusetts,Boston,Women's Apparel,$51.00 ,68,347,$121 ,Outlet
Sports Direct,1185732,2021-08-03,Southeast,North Carolina,Charlotte,Men's Apparel,$53.00 ,176,933,$448 ,Online
Foot Locker,1185732,2021-06-12,Midwest,South Dakota,Sioux Falls,Women's Athletic Footwear,$35.00 ,175,"6,125","$1,838 ",Online
Foot Locker,1128299,2021-02-10,West,Hawaii,Honolulu,Women's Apparel,$44.00 ,102,449,$247 ,Online
Foot Locker,1185732,2021-05-13,Northeast,Delaware,Wilmington,Women's Apparel,$60.00 ,400,"24,000","$9,600 ",In-store
Sports Direct,1185732,2021-09-20,Northeast,Maryland,Baltimore,Men's Athletic Footwear,$44.00 ,63,277,$125 ,Online
West Gear,1197831,2021-07-19,South,Oklahoma,Oklahoma City,Women's Street Footwear,$45.00 ,375,"16,875","$6,750 ",Online
Amazon,1185732,2021-10-12,South,Alabama,Birmingham,Men's Street Footwear,$40.00 ,450,"18,000","$6,300 ",Outlet
West Gear,1128299,2021-05-25,West,Oregon,Portland,Women's Street Footwear,$50.00 ,95,475,$238 ,Online
Amazon,1185732,2021-02-19,Northeast,New Hampshire,Manchester,Women's Apparel,$46.00 ,98,451,$216 ,Online
Foot Locker,1128299,2021-09-25,Southeast,Virginia,Richmond,Men's Apparel,$39.00 ,74,289,$136 ,Outlet
Kohl's,1185732,2021-04-11,West,Wyoming,Cheyenne,Women's Apparel,$36.00 ,149,536,$188 ,Online
West Gear,1128299,2021-01-13,West,California,San Francisco,Men's Athletic Footwear,$59.00 ,245,"1,446",$491 ,Online
West Gear,1185732,2021-08-17,Northeast,West Virginia,Charleston,Men's Athletic Footwear,$42.00 ,90,378,$208 ,Online
Foot Locker,1185732,2021-12-08,Northeast,Pennsylvania,Philadelphia,Women's Apparel,$70.00 ,350,"24,500","$7,350 ",Outlet
West Gear,1185732,2021-12-10,West,Utah,Salt Lake City,Women's Athletic Footwear,$30.00 ,400,"12,000","$4,800 ",In-store
Sports Direct,1197831,2021-09-16,South,Alabama,Birmingham,Men's Apparel,$50.00 ,123,615,$363 ,Online
Sports Direct,1197831,2021-03-21,South,Tennessee,Knoxville,Women's Apparel,$28.00 ,143,400,$224 ,Outlet
Walmart,1197831,2021-05-19,South,Arkansas,Little Rock,Men's Street Footwear,$40.00 ,670,"26,800","$10,720 ",Online
Amazon,1185732,2021-10-22,West,Alaska,Anchorage,Women's Street Footwear,$65.00 ,175,"11,375","$2,844 ",Outlet
Sports Direct,1197831,2021-04-16,South,Tennessee,Knoxville,Men's Athletic Footwear,$30.00 ,264,792,$396 ,Outlet
Sports Direct,1185732,2021-01-09,Midwest,South Dakota,Sioux Falls,Women's Street Footwear,$25.00 ,74,185,$74 ,Online
West Gear,1128299,2021-07-16,South,Louisiana,New Orleans,Men's Apparel,$95.00 ,650,"61,750","$27,788 ",Online
Foot Locker,1128299,2021-02-10,West,Hawaii,Honolulu,Women's Athletic Footwear,$41.00 ,56,230,$90 ,Online
Sports Direct,1197831,2021-08-27,South,Alabama,Birmingham,Women's Street Footwear,$15.00 ,575,"8,625","$3,881 ",Outlet
West Gear,1128299,2021-06-17,South,Louisiana,New Orleans,Women's Athletic Footwear,$59.00 ,184,"1,086",$510 ,Outlet
Foot Locker,1128299,2021-08-10,West,Hawaii,Honolulu,Women's Athletic Footwear,$67.00 ,142,951,$362 ,Online
West Gear,1128299,2021-05-18,South,Louisiana,New Orleans,Women's Apparel,$46.00 ,178,819,$328 ,Outlet
Foot Locker,1185732,2021-09-13,Midwest,South Dakota,Sioux Falls,Women's Apparel,$50.00 ,225,"11,250","$4,500 ",Online
Walmart,1128299,2021-05-18,Southeast,Florida,Orlando,Men's Apparel,$52.00 ,68,354,$113 ,Online
Sports Direct,1185732,2021-11-17,South,Mississippi,Jackson,Men's Street Footwear,$28.00 ,163,456,$246 ,Online
Sports Direct,1197831,2021-05-13,South,Tennessee,Knoxville,Men's Apparel,$51.00 ,113,576,$305 ,Online
Foot Locker,1185732,2021-07-11,Midwest,South Dakota,Sioux Falls,Men's Street Footwear,$50.00 ,550,"27,500","$9,625 ",Online
Sports Direct,1197831,2021-08-25,South,Texas,Dallas,Women's Street Footwear,$28.00 ,145,406,$191 ,Online
Kohl's,1189833,2021-04-07,West,California,Los Angeles,Men's Street Footwear,$43.00 ,240,"1,032",$516 ,Online
Kohl's,1197831,2021-04-13,Midwest,Kansas,Wichita,Women's Street Footwear,$14.00 ,60,84,$42 ,Online
West Gear,1197831,2021-04-05,West,Idaho,Boise,Men's Street Footwear,$20.00 ,650,"13,000","$4,550 ",Online
Kohl's,1189833,2021-04-16,West,California,Los Angeles,Women's Athletic Footwear,$45.00 ,550,"24,750","$8,663 ",Outlet
Sports Direct,1185732,2021-04-04,Northeast,Connecticut,Hartford,Women's Street Footwear,$29.00 ,56,162,$70 ,Online
Amazon,1185732,2021-10-11,Midwest,Ohio,Columbus,Women's Apparel,$40.00 ,525,"21,000","$10,500 ",Online
Sports Direct,1197831,2021-09-09,South,Alabama,Birmingham,Women's Athletic Footwear,$36.00 ,196,706,$473 ,Outlet
Foot Locker,1185732,2021-01-17,Northeast,Maryland,Baltimore,Men's Athletic Footwear,$38.00 ,81,308,$154 ,Online
West Gear,1128299,2021-07-23,West,Oregon,Portland,Men's Apparel,$90.00 ,600,"54,000","$21,600 ",In-store
Foot Locker,1185732,2021-04-18,Midwest,Missouri,St. Louis,Men's Apparel,$40.00 ,225,"9,000","$3,150 ",In-store
Amazon,1185732,2021-08-22,Southeast,Kentucky,Louisville,Men's Street Footwear,$46.00 ,167,768,$415 ,Online
West Gear,1185732,2021-01-12,Southeast,Florida,Orlando,Women's Apparel,$35.00 ,221,774,$425 ,Outlet
Foot Locker,1197831,2021-02-04,West,Idaho,Boise,Women's Athletic Footwear,$35.00 ,375,"13,125","$5,250 ",Online
Foot Locker,1185732,2021-01-06,Midwest,North Dakota,Fargo,Men's Apparel,$38.00 ,42,160,$101 ,Online
Sports Direct,1185732,2021-02-09,Midwest,North Dakota,Fargo,Women's Apparel,$23.00 ,69,159,$81 ,Online
West Gear,1128299,2021-01-10,Northeast,Maine,Portland,Women's Street Footwear,$43.00 ,101,434,$174 ,Online
Foot Locker,1185732,2021-10-30,Northeast,Pennsylvania,Philadelphia,Women's Street Footwear,$25.00 ,54,135,$61 ,Outlet
Sports Direct,1197831,2021-08-26,South,Alabama,Birmingham,Men's Athletic Footwear,$20.00 ,725,"14,500","$6,525 ",Outlet
Foot Locker,1185732,2021-06-26,Midwest,Nebraska,Omaha,Men's Street Footwear,$45.00 ,550,"24,750","$9,900 ",Outlet
Foot Locker,1128299,2021-04-23,West,Arizona,Phoenix,Men's Apparel,$43.00 ,47,202,$69 ,Outlet
West Gear,1185732,2021-12-09,Midwest,Ohio,Columbus,Men's Apparel,$75.00 ,525,"39,375","$13,781 ",Online
Foot Locker,1185732,2021-11-16,Northeast,Pennsylvania,Philadelphia,Men's Athletic Footwear,$60.00 ,175,"10,500","$3,150 ",Outlet
Sports Direct,1185732,2021-07-08,Midwest,North Dakota,Fargo,Men's Apparel,$49.00 ,60,294,$135 ,Online
Kohl's,1185732,2021-12-13,Northeast,Delaware,Wilmington,Women's Apparel,$65.00 ,123,800,$400 ,Online
Sports Direct,1185732,2021-11-07,Northeast,New Jersey,Newark,Men's Athletic Footwear,$46.00 ,80,368,$180 ,Online
West Gear,1197831,2021-05-05,West,Idaho,Boise,Men's Athletic Footwear,$30.00 ,725,"21,750","$7,613 ",Online
Kohl's,1189833,2021-03-12,West,California,Los Angeles,Women's Apparel,$29.00 ,210,609,$140 ,Outlet
Foot Locker,1185732,2021-02-07,Southeast,Georgia,Atlanta,Women's Street Footwear,$29.00 ,217,629,$233 ,Online
Foot Locker,1128299,2021-10-24,Southeast,Virginia,Richmond,Men's Street Footwear,$38.00 ,102,388,$174 ,Online
Foot Locker,1185732,2021-09-07,Midwest,Iowa,Des Moines,Men's Street Footwear,$35.00 ,475,"16,625","$4,988 ",In-store
Amazon,1185732,2021-01-22,Midwest,Ohio,Columbus,Women's Street Footwear,$28.00 ,75,210,$109 ,Online
Foot Locker,1185732,2021-03-06,Northeast,Rhode Island,Providence,Women's Street Footwear,$25.00 ,175,"4,375","$1,750 ",In-store
Foot Locker,1128299,2021-06-24,Southeast,Virginia,Richmond,Men's Street Footwear,$37.00 ,233,862,$319 ,Outlet
Sports Direct,1185732,2021-05-13,Northeast,Massachusetts,Boston,Men's Athletic Footwear,$50.00 ,200,"10,000","$3,000 ",In-store
Foot Locker,1128299,2021-10-24,Southeast,Virginia,Richmond,Men's Apparel,$55.00 ,300,"16,500","$6,600 ",In-store
Foot Locker,1128299,2021-07-23,Southeast,Virginia,Richmond,Men's Street Footwear,$60.00 ,272,"1,632",$604 ,Outlet
West Gear,1185732,2021-11-10,Midwest,Indiana,Indianapolis,Women's Street Footwear,$32.00 ,81,259,$124 ,Online
West Gear,1185732,2021-05-12,West,Utah,Salt Lake City,Men's Athletic Footwear,$29.00 ,101,293,$144 ,Online
Foot Locker,1128299,2021-10-24,Southeast,Virginia,Richmond,Men's Athletic Footwear,$51.00 ,142,724,$355 ,Online
Foot Locker,1185732,2021-02-18,Midwest,Missouri,St. Louis,Women's Apparel,$28.00 ,120,336,$212 ,Online
Foot Locker,1185732,2021-01-10,Northeast,Connecticut,Hartford,Men's Apparel,$34.00 ,44,150,$54 ,Outlet
Walmart,1128299,2021-04-17,Southeast,Florida,Orlando,Women's Athletic Footwear,$41.00 ,90,369,$129 ,Outlet
West Gear,1185732,2021-03-09,Midwest,Indiana,Indianapolis,Women's Athletic Footwear,$19.00 ,31,59,$27 ,Online
Foot Locker,1185732,2021-06-22,Northeast,Maryland,Baltimore,Women's Apparel,$53.00 ,84,445,$200 ,Online
Amazon,1185732,2021-11-11,Northeast,Vermont,Burlington,Men's Apparel,$70.00 ,275,"19,250","$6,738 ",In-store
Foot Locker,1185732,2021-10-19,Northeast,New Hampshire,Manchester,Men's Street Footwear,$64.00 ,119,762,$404 ,Online
Walmart,1197831,2021-04-20,South,Arkansas,Little Rock,Women's Street Footwear,$14.00 ,75,105,$55 ,Online
Kohl's,1185732,2021-10-12,West,Wyoming,Cheyenne,Men's Street Footwear,$50.00 ,202,"1,010",$646 ,Online
Sports Direct,1185732,2021-05-02,Southeast,North Carolina,Charlotte,Men's Street Footwear,$41.00 ,246,"1,009",$555 ,Online
Sports Direct,1197831,2021-09-16,South,Texas,Dallas,Men's Street Footwear,$34.00 ,256,870,$366 ,Outlet
Foot Locker,1185732,2021-11-09,Northeast,Pennsylvania,Philadelphia,Men's Street Footwear,$50.00 ,450,"22,500","$11,250 ",Outlet
Walmart,1197831,2021-03-19,South,Arkansas,Little Rock,Men's Street Footwear,$20.00 ,645,"12,900","$5,160 ",Online
Sports Direct,1197831,2021-09-19,South,Alabama,Birmingham,Men's Athletic Footwear,$55.00 ,575,"31,625","$15,813 ",Outlet
West Gear,1185732,2021-04-21,Northeast,Maryland,Baltimore,Women's Street Footwear,$24.00 ,33,79,$39 ,Online
West Gear,1128299,2021-01-14,West,California,San Francisco,Women's Street Footwear,$65.00 ,825,"53,625","$18,769 ",Outlet
West Gear,1128299,2021-01-02,West,California,San Francisco,Women's Street Footwear,$46.00 ,225,"1,035",$455 ,Outlet
West Gear,1128299,2021-01-24,West,California,San Francisco,Men's Street Footwear,$55.00 ,925,"50,875","$15,263 ",Outlet
West Gear,1197831,2021-11-20,South,Arkansas,Little Rock,Men's Athletic Footwear,$14.00 ,94,132,$66 ,Online
West Gear,1128299,2021-06-17,South,Louisiana,New Orleans,Women's Street Footwear,$55.00 ,210,"1,155",$508 ,Outlet
Sports Direct,1197831,2021-03-11,Midwest,Montana,Billings,Men's Athletic Footwear,$29.00 ,182,528,$243 ,Online
Foot Locker,1185732,2021-03-13,Northeast,Delaware,Wilmington,Men's Street Footwear,$36.00 ,158,569,$262 ,Online
Foot Locker,1185732,2021-02-07,Southeast,Georgia,Atlanta,Women's Street Footwear,$30.00 ,775,"23,250","$5,813 ",Online
Foot Locker,1185732,2021-03-05,Midwest,Iowa,Des Moines,Women's Athletic Footwear,$15.00 ,100,"1,500",$450 ,In-store
Amazon,1185732,2021-12-26,Northeast,Maine,Portland,Women's Apparel,$54.00 ,91,491,$265 ,Online
Foot Locker,1185732,2021-03-11,Midwest,South Dakota,Sioux Falls,Women's Apparel,$40.00 ,225,"9,000","$3,600 ",Online
Amazon,1185732,2021-06-22,West,Alaska,Anchorage,Women's Street Footwear,$55.00 ,325,"17,875","$4,469 ",Outlet
Sports Direct,1128299,2021-10-13,Southeast,Georgia,Atlanta,Women's Apparel,$46.00 ,109,501,$155 ,Outlet
Amazon,1185732,2021-08-11,Northeast,Vermont,Burlington,Men's Apparel,$60.00 ,225,"13,500","$4,725 ",In-store
Sports Direct,1185732,2021-08-03,Southeast,North Carolina,Charlotte,Men's Athletic Footwear,$58.00 ,200,"1,160",$522 ,Online
Amazon,1185732,2021-09-20,West,Alaska,Anchorage,Women's Street Footwear,$50.00 ,59,295,$112 ,Online
Amazon,1185732,2021-04-18,Northeast,New Hampshire,Manchester,Men's Apparel,$40.00 ,61,244,$81 ,Outlet
Foot Locker,1185732,2021-08-12,Midwest,South Dakota,Sioux Falls,Women's Street Footwear,$36.00 ,65,234,$94 ,Online
Sports Direct,1197831,2021-09-30,South,Alabama,Birmingham,Men's Street Footwear,$18.00 ,169,304,$195 ,Online
West Gear,1128299,2021-02-17,South,Louisiana,New Orleans,Women's Apparel,$44.00 ,105,462,$222 ,Online
Amazon,1185732,2021-03-17,Northeast,New Hampshire,Manchester,Women's Street Footwear,$40.00 ,300,"12,000","$3,600 ",In-store
Kohl's,1185732,2021-03-10,West,Wyoming,Cheyenne,Men's Apparel,$50.00 ,450,"22,500","$6,750 ",In-store
Amazon,1185732,2021-02-22,West,Alaska,Anchorage,Men's Athletic Footwear,$55.00 ,225,"12,375","$4,331 ",Outlet
Foot Locker,1185732,2021-12-16,Northeast,Pennsylvania,Philadelphia,Men's Athletic Footwear,$47.00 ,63,296,$124 ,Online
Sports Direct,1197831,2021-09-05,West,Idaho,Boise,Men's Athletic Footwear,$50.00 ,188,940,$489 ,Online
West Gear,1197831,2021-06-21,South,Oklahoma,Oklahoma City,Men's Apparel,$51.00 ,87,444,$209 ,Online
Amazon,1185732,2021-04-21,West,Alaska,Anchorage,Women's Street Footwear,$44.00 ,61,268,$107 ,Online
Foot Locker,1185732,2021-05-21,South,Tennessee,Knoxville,Men's Street Footwear,$35.00 ,425,"14,875","$5,950 ",Outlet
Foot Locker,1185732,2021-03-13,Northeast,Delaware,Wilmington,Women's Athletic Footwear,$35.00 ,125,"4,375","$1,750 ",In-store
Kohl's,1189833,2021-01-04,Midwest,Montana,Billings,Men's Athletic Footwear,$45.00 ,425,"19,125","$5,738 ",Outlet
West Gear,1128299,2021-04-24,West,Oregon,Portland,Women's Street Footwear,$47.00 ,114,536,$220 ,Outlet
Sports Direct,1185732,2021-12-16,South,Mississippi,Jackson,Women's Apparel,$53.00 ,178,943,$519 ,Outlet
Sports Direct,1185732,2021-08-09,Midwest,North Dakota,Fargo,Women's Street Footwear,$40.00 ,225,"9,000","$2,700 ",In-store
Foot Locker,1128299,2021-03-23,Southeast,Virginia,Richmond,Men's Athletic Footwear,$35.00 ,98,343,$141 ,Outlet
Foot Locker,1185732,2021-12-08,Midwest,North Dakota,Fargo,Men's Athletic Footwear,$50.00 ,300,"15,000","$4,500 ",In-store
Kohl's,1128299,2021-07-25,West,New Mexico,Albuquerque,Women's Apparel,$49.00 ,160,784,$251 ,Outlet
Foot Locker,1185732,2021-11-18,Midwest,Missouri,St. Louis,Women's Apparel,$48.00 ,108,518,$327 ,Online
Amazon,1185732,2021-10-12,Northeast,Vermont,Burlington,Men's Apparel,$55.00 ,58,319,$118 ,Outlet
Foot Locker,1128299,2021-04-10,West,Hawaii,Honolulu,Women's Apparel,$66.00 ,94,620,$310 ,Online
West Gear,1185732,2021-05-20,Northeast,Maryland,Baltimore,Men's Street Footwear,$50.00 ,470,"23,500","$9,400 ",In-store
Foot Locker,1185732,2021-03-16,South,Mississippi,Jackson,Women's Street Footwear,$15.00 ,425,"6,375","$2,550 ",Online
Kohl's,1197831,2021-09-12,Midwest,Kansas,Wichita,Women's Street Footwear,$15.00 ,250,"3,750","$1,313 ",Online
Foot Locker,1185732,2021-02-06,Midwest,Iowa,Des Moines,Men's Apparel,$40.00 ,150,"6,000","$3,000 ",In-store
Kohl's,1189833,2021-02-18,Midwest,Montana,Billings,Men's Apparel,$50.00 ,100,500,$365 ,Online
Amazon,1185732,2021-10-13,South,Alabama,Birmingham,Men's Athletic Footwear,$40.00 ,250,"10,000","$3,500 ",Outlet
West Gear,1128299,2021-01-28,West,California,San Francisco,Men's Apparel,$65.00 ,725,"47,125","$21,206 ",Outlet
Amazon,1185732,2021-07-09,Midwest,Ohio,Columbus,Men's Apparel,$59.00 ,154,909,$418 ,Online
Foot Locker,1185732,2021-05-24,South,Tennessee,Knoxville,Women's Athletic Footwear,$22.00 ,23,51,$22 ,Outlet
Foot Locker,1185732,2021-04-17,South,Mississippi,Jackson,Women's Apparel,$30.00 ,475,"14,250","$7,125 ",Online
Sports Direct,1197831,2021-08-31,South,Alabama,Birmingham,Men's Street Footwear,$43.00 ,203,873,$480 ,Online
Sports Direct,1128299,2021-06-13,Southeast,Georgia,Atlanta,Men's Street Footwear,$50.00 ,675,"33,750","$13,500 ",Online
Kohl's,1128299,2021-09-27,West,New Mexico,Albuquerque,Women's Street Footwear,$50.00 ,475,"23,750","$8,313 ",Online
Sports Direct,1197831,2021-08-22,South,Alabama,Birmingham,Women's Athletic Footwear,$18.00 ,113,203,$134 ,Online
Kohl's,1185732,2021-07-10,West,Wyoming,Cheyenne,Men's Street Footwear,$50.00 ,875,"43,750","$21,875 ",In-store
West Gear,1185732,2021-07-10,West,Utah,Salt Lake City,Men's Athletic Footwear,$30.00 ,550,"16,500","$5,775 ",In-store
West Gear,1128299,2021-09-18,South,Louisiana,New Orleans,Women's Apparel,$40.00 ,300,"12,000","$4,200 ",Online
Sports Direct,1197831,2021-09-15,South,Alabama,Birmingham,Women's Athletic Footwear,$50.00 ,425,"21,250","$12,750 ",Outlet
Foot Locker,1185732,2021-06-15,Northeast,Delaware,Wilmington,Women's Apparel,$60.00 ,450,"27,000","$10,800 ",In-store
Kohl's,1128299,2021-03-25,West,New Mexico,Albuquerque,Men's Street Footwear,$30.00 ,187,561,$230 ,Outlet
Sports Direct,1128299,2021-06-13,Southeast,Georgia,Atlanta,Women's Apparel,$70.00 ,575,"40,250","$10,063 ",Online
Foot Locker,1185732,2021-05-13,Northeast,Delaware,Wilmington,Men's Apparel,$50.00 ,74,370,$155 ,Online
Foot Locker,1197831,2021-02-04,West,Idaho,Boise,Men's Apparel,$39.00 ,70,273,$96 ,Online
Foot Locker,1185732,2021-02-18,South,Mississippi,Jackson,Women's Athletic Footwear,$25.00 ,91,228,$114 ,Online
Foot Locker,1185732,2021-02-18,Midwest,Michigan,Detroit,Men's Athletic Footwear,$28.00 ,94,263,$129 ,Online
Foot Locker,1185732,2021-09-06,Northeast,Rhode Island,Providence,Men's Apparel,$50.00 ,100,"5,000","$1,500 ",In-store
Sports Direct,1185732,2021-02-17,Southeast,Virginia,Richmond,Men's Athletic Footwear,$27.00 ,153,413,$186 ,Outlet
Foot Locker,1185732,2021-10-06,Midwest,Iowa,Des Moines,Women's Street Footwear,$34.00 ,39,133,$54 ,Online
Foot Locker,1185732,2021-07-21,Midwest,Illinois,Chicago,Women's Athletic Footwear,$36.00 ,44,158,$84 ,Online
Foot Locker,1128299,2021-12-12,Southeast,Georgia,Atlanta,Women's Athletic Footwear,$40.00 ,143,572,$246 ,Outlet
Foot Locker,1185732,2021-07-16,Midwest,Illinois,Chicago,Men's Apparel,$50.00 ,200,"10,000","$3,500 ",Outlet
Sports Direct,1197831,2021-04-12,South,Tennessee,Knoxville,Women's Athletic Footwear,$40.00 ,600,"24,000","$12,000 ",Outlet
Foot Locker,1185732,2021-12-09,Northeast,Pennsylvania,Philadelphia,Men's Street Footwear,$62.00 ,143,887,$532 ,Online
Walmart,1128299,2021-11-10,West,Hawaii,Honolulu,Women's Apparel,$82.00 ,140,"1,148",$597 ,Online
Amazon,1185732,2021-01-21,Northeast,Vermont,Burlington,Women's Apparel,$49.00 ,88,431,$194 ,Online
West Gear,1185732,2021-10-10,Midwest,Indiana,Indianapolis,Women's Street Footwear,$32.00 ,38,122,$57 ,Online
West Gear,1185732,2021-05-20,Northeast,Maryland,Baltimore,Men's Apparel,$50.00 ,125,"6,250","$1,875 ",In-store
Walmart,1128299,2021-11-17,Southeast,Florida,Orlando,Women's Apparel,$90.00 ,600,"54,000","$24,300 ",In-store
West Gear,1185732,2021-08-11,West,Utah,Salt Lake City,Men's Apparel,$23.00 ,109,251,$98 ,Outlet
West Gear,1185732,2021-09-12,West,Utah,Salt Lake City,Women's Athletic Footwear,$7.00 ,111,78,$36 ,Outlet
Amazon,1185732,2021-08-11,Northeast,Vermont,Burlington,Women's Street Footwear,$48.00 ,105,504,$232 ,Online
Sports Direct,1197831,2021-03-30,South,Tennessee,Knoxville,Women's Street Footwear,$20.00 ,500,"10,000","$4,000 ",Outlet
Foot Locker,1185732,2021-09-07,Midwest,Iowa,Des Moines,Women's Apparel,$40.00 ,225,"9,000","$3,600 ",In-store
Foot Locker,1128299,2021-09-24,West,Arizona,Phoenix,Women's Apparel,$43.00 ,132,568,$182 ,Outlet
West Gear,1128299,2021-01-22,West,California,San Francisco,Men's Apparel,$69.00 ,188,"1,297",$791 ,Online
Amazon,1185732,2021-01-13,Southeast,North Carolina,Charlotte,Women's Street Footwear,$24.00 ,167,401,$216 ,Online
Amazon,1185732,2021-08-22,Southeast,Kentucky,Louisville,Men's Apparel,$50.00 ,225,"11,250","$3,938 ",Online
Sports Direct,1128299,2021-11-13,Southeast,Georgia,Atlanta,Women's Athletic Footwear,$37.00 ,140,518,$238 ,Outlet
Sports Direct,1197831,2021-08-26,South,Texas,Dallas,Women's Athletic Footwear,$32.00 ,116,371,$212 ,Online
Kohl's,1197831,2021-07-12,Midwest,Kansas,Wichita,Men's Street Footwear,$51.00 ,182,928,$464 ,Online
Walmart,1128299,2021-06-17,Southeast,Florida,Orlando,Women's Apparel,$103.00 ,218,"2,245","$1,257 ",Online
Kohl's,1189833,2021-02-17,Midwest,Montana,Billings,Women's Athletic Footwear,$41.00 ,116,476,$262 ,Online
Foot Locker,1185732,2021-10-18,Midwest,Missouri,St. Louis,Men's Apparel,$35.00 ,225,"7,875","$2,756 ",In-store
Amazon,1185732,2021-11-08,Northeast,Maine,Portland,Women's Athletic Footwear,$45.00 ,125,"5,625","$1,688 ",Outlet
Foot Locker,1185732,2021-06-18,South,Mississippi,Jackson,Women's Apparel,$65.00 ,625,"40,625","$20,313 ",Online
Foot Locker,1185732,2021-12-06,Northeast,Pennsylvania,Philadelphia,Women's Athletic Footwear,$53.00 ,58,307,$166 ,Online
West Gear,1197831,2021-04-20,South,Oklahoma,Oklahoma City,Men's Street Footwear,$25.00 ,525,"13,125","$5,250 ",Online
Sports Direct,1197831,2021-01-23,South,Mississippi,Jackson,Women's Athletic Footwear,$13.00 ,102,133,$62 ,Outlet
Foot Locker,1185732,2021-06-15,Northeast,Delaware,Wilmington,Men's Athletic Footwear,$50.00 ,400,"20,000","$7,000 ",In-store
West Gear,1185732,2021-04-21,Northeast,Maryland,Baltimore,Women's Athletic Footwear,$30.00 ,50,"1,500",$525 ,In-store
West Gear,1185732,2021-10-17,Northeast,West Virginia,Charleston,Men's Athletic Footwear,$32.00 ,80,256,$133 ,Online
Foot Locker,1185732,2021-04-06,Southeast,South Carolina,Charleston,Women's Street Footwear,$24.00 ,182,437,$166 ,Online
Sports Direct,1185732,2021-07-13,Northeast,Massachusetts,Boston,Men's Apparel,$53.00 ,68,360,$141 ,Online
Sports Direct,1197831,2021-04-25,South,Tennessee,Knoxville,Men's Apparel,$50.00 ,475,"23,750","$9,500 ",Outlet
West Gear,1185732,2021-05-12,West,Utah,Salt Lake City,Men's Apparel,$29.00 ,90,261,$110 ,Outlet
Sports Direct,1197831,2021-08-14,Midwest,Illinois,Chicago,Women's Athletic Footwear,$35.00 ,525,"18,375","$7,350 ",Outlet
Foot Locker,1185732,2021-10-26,Northeast,Pennsylvania,Philadelphia,Men's Apparel,$54.00 ,36,194,$87 ,Online
Sports Direct,1197831,2021-10-02,South,Texas,Dallas,Men's Apparel,$37.00 ,149,551,$221 ,Outlet
Amazon,1185732,2021-11-13,Northeast,Maine,Portland,Women's Street Footwear,$42.00 ,58,244,$124 ,Online
Foot Locker,1185732,2021-04-12,Midwest,South Dakota,Sioux Falls,Men's Athletic Footwear,$40.00 ,150,"6,000","$1,800 ",Online
Kohl's,1197831,2021-07-12,Midwest,Kansas,Wichita,Men's Street Footwear,$55.00 ,675,"37,125","$12,994 ",Online
Sports Direct,1197831,2021-03-29,South,Tennessee,Knoxville,Men's Athletic Footwear,$17.00 ,203,345,$145 ,Outlet
West Gear,1128299,2021-01-17,West,Oregon,Portland,Women's Athletic Footwear,$41.00 ,68,279,$153 ,Online
Amazon,1185732,2021-12-10,Northeast,Vermont,Burlington,Women's Athletic Footwear,$60.00 ,325,"19,500","$6,825 ",In-store
Foot Locker,1128299,2021-06-10,West,Hawaii,Honolulu,Men's Apparel,$83.00 ,88,730,$219 ,Online
West Gear,1197831,2021-12-19,South,Arkansas,Little Rock,Men's Street Footwear,$55.00 ,238,"1,309",$602 ,Outlet
West Gear,1197831,2021-02-21,South,Arkansas,Little Rock,Women's Street Footwear,$12.00 ,98,118,$55 ,Outlet
West Gear,1185732,2021-03-16,Northeast,West Virginia,Charleston,Men's Street Footwear,$28.00 ,165,462,$236 ,Online
Kohl's,1185732,2021-11-14,Northeast,Delaware,Wilmington,Women's Athletic Footwear,$51.00 ,84,428,$227 ,Online
Kohl's,1128299,2021-10-26,West,New Mexico,Albuquerque,Women's Apparel,$75.00 ,375,"28,125","$7,031 ",Online
Kohl's,1128299,2021-05-27,West,New Mexico,Albuquerque,Men's Apparel,$60.00 ,250,"15,000","$4,500 ",Online
Foot Locker,1185732,2021-05-25,Midwest,Nebraska,Omaha,Men's Apparel,$45.00 ,125,"5,625","$1,969 ",Outlet
Amazon,1185732,2021-05-23,Southeast,Kentucky,Louisville,Women's Athletic Footwear,$38.00 ,38,144,$78 ,Online
Kohl's,1189833,2021-04-24,West,California,Los Angeles,Women's Apparel,$48.00 ,264,"1,267",$279 ,Outlet
Walmart,1128299,2021-09-18,Southeast,Florida,Orlando,Women's Apparel,$51.00 ,75,383,$210 ,Online
West Gear,1185732,2021-05-08,Northeast,New York,Albany,Men's Apparel,$56.00 ,137,767,$376 ,Online
Amazon,1185732,2021-11-17,Northeast,Maine,Portland,Men's Street Footwear,$51.00 ,143,729,$357 ,Online
Foot Locker,1185732,2021-05-21,South,Tennessee,Knoxville,Men's Street Footwear,$32.00 ,119,381,$190 ,Online
West Gear,1197831,2021-08-20,South,Oklahoma,Oklahoma City,Men's Athletic Footwear,$37.00 ,140,518,$218 ,Outlet
West Gear,1185732,2021-01-12,Southeast,Florida,Orlando,Women's Apparel,$44.00 ,176,774,$503 ,Online
Foot Locker,1128299,2021-03-23,Southeast,Virginia,Richmond,Men's Apparel,$55.00 ,100,"5,500","$2,200 ",In-store
West Gear,1128299,2021-01-06,West,California,San Francisco,Men's Street Footwear,$56.00 ,273,"1,529",$764 ,Online
West Gear,1197831,2021-10-21,South,Oklahoma,Oklahoma City,Men's Apparel,$30.00 ,200,"6,000","$2,100 ",Online
Kohl's,1185732,2021-11-11,West,Wyoming,Cheyenne,Men's Street Footwear,$53.00 ,218,"1,155",$705 ,Online
Foot Locker,1197831,2021-12-04,West,Idaho,Boise,Men's Apparel,$50.00 ,133,665,$326 ,Online
Amazon,1185732,2021-09-20,West,Alaska,Anchorage,Men's Street Footwear,$65.00 ,525,"34,125","$11,944 ",Outlet
Foot Locker,1185732,2021-12-09,Northeast,Pennsylvania,Philadelphia,Men's Street Footwear,$46.00 ,162,745,$388 ,Outlet
West Gear,1185732,2021-03-10,West,Utah,Salt Lake City,Men's Apparel,$40.00 ,300,"12,000","$4,200 ",In-store
West Gear,1185732,2021-08-10,Midwest,Indiana,Indianapolis,Women's Apparel,$55.00 ,350,"19,250","$7,700 ",In-store
Sports Direct,1185732,2021-06-05,Northeast,Connecticut,Hartford,Women's Street Footwear,$42.00 ,87,365,$164 ,Online
Sports Direct,1185732,2021-11-12,Midwest,South Dakota,Sioux Falls,Men's Apparel,$59.00 ,45,266,$122 ,Online
Amazon,1185732,2021-08-11,Northeast,Vermont,Burlington,Women's Athletic Footwear,$50.00 ,250,"12,500","$4,375 ",In-store
West Gear,1185732,2021-07-10,West,Utah,Salt Lake City,Women's Apparel,$32.00 ,204,653,$359 ,Outlet
Sports Direct,1197831,2021-10-04,West,Idaho,Boise,Women's Apparel,$45.00 ,525,"23,625","$12,994 ",Online
Kohl's,1185732,2021-12-13,Northeast,Delaware,Wilmington,Women's Athletic Footwear,$55.00 ,325,"17,875","$7,150 ",In-store
Sports Direct,1185732,2021-12-06,Northeast,Rhode Island,Providence,Men's Apparel,$60.00 ,225,"13,500","$4,050 ",In-store
Sports Direct,1185732,2021-12-16,South,Mississippi,Jackson,Men's Athletic Footwear,$44.00 ,201,884,$327 ,Outlet
Walmart,1185732,2021-09-16,South,Mississippi,Jackson,Women's Apparel,$35.00 ,500,"17,500","$8,750 ",Online
West Gear,1128299,2021-01-24,West,Utah,Salt Lake City,Women's Apparel,$39.00 ,108,421,$181 ,Online
Foot Locker,1185732,2021-08-01,Midwest,Illinois,Chicago,Women's Street Footwear,$50.00 ,195,"9,750","$3,413 ",Outlet
Foot Locker,1128299,2021-11-23,West,Arizona,Phoenix,Men's Apparel,$44.00 ,99,436,$157 ,Outlet
Foot Locker,1185732,2021-07-28,Midwest,Illinois,Chicago,Men's Apparel,$60.00 ,125,"7,500","$2,625 ",Outlet
West Gear,1128299,2021-05-18,South,Louisiana,New Orleans,Women's Athletic Footwear,$44.00 ,85,374,$191 ,Online
Foot Locker,1185732,2021-12-17,Northeast,Pennsylvania,Philadelphia,Women's Street Footwear,$50.00 ,125,"6,250","$2,188 ",Outlet
West Gear,1128299,2021-10-17,South,Louisiana,New Orleans,Men's Street Footwear,$35.00 ,400,"14,000","$5,600 ",Online
Kohl's,1189833,2021-02-11,Midwest,Montana,Billings,Women's Athletic Footwear,$45.00 ,425,"19,125","$7,650 ",Outlet
Kohl's,1185732,2021-10-12,West,Wyoming,Cheyenne,Women's Apparel,$60.00 ,600,"36,000","$9,000 ",In-store
Kohl's,1197831,2021-12-19,South,Oklahoma,Oklahoma City,Women's Street Footwear,$44.00 ,131,576,$259 ,Outlet
West Gear,1185732,2021-03-09,Midwest,Indiana,Indianapolis,Women's Street Footwear,$14.00 ,72,101,$50 ,Online
Foot Locker,1185732,2021-08-06,Southeast,South Carolina,Charleston,Men's Street Footwear,$62.00 ,326,"2,021","$1,152 ",Online
Sports Direct,1128299,2021-01-17,West,Hawaii,Honolulu,Women's Street Footwear,$50.00 ,425,"21,250","$6,375 ",Outlet
Kohl's,1185732,2021-12-08,Northeast,New York,Albany,Men's Apparel,$60.00 ,155,930,$428 ,Online
West Gear,1128299,2021-05-25,West,Oregon,Portland,Men's Street Footwear,$48.00 ,145,696,$313 ,Online
Amazon,1185732,2021-05-10,Northeast,Vermont,Burlington,Men's Apparel,$55.00 ,72,396,$186 ,Online
West Gear,1185732,2021-03-16,Northeast,West Virginia,Charleston,Women's Athletic Footwear,$25.00 ,175,"4,375","$1,750 ",In-store
Sports Direct,1185732,2021-05-02,Southeast,North Carolina,Charlotte,Women's Street Footwear,$40.00 ,625,"25,000","$10,000 ",Online
Kohl's,1185732,2021-08-11,West,Wyoming,Cheyenne,Women's Street Footwear,$40.00 ,550,"22,000","$7,700 ",In-store
Kohl's,1185732,2021-12-08,Northeast,New York,Albany,Women's Apparel,$69.00 ,182,"1,256",$804 ,Online
Foot Locker,1128299,2021-02-10,West,Alaska,Anchorage,Men's Athletic Footwear,$42.00 ,98,412,$132 ,Online
West Gear,1197831,2021-07-06,West,Idaho,Boise,Women's Athletic Footwear,$50.00 ,525,"26,250","$13,125 ",Online
West Gear,1185732,2021-10-12,Northeast,Vermont,Burlington,Women's Apparel,$71.00 ,81,575,$305 ,Online
Sports Direct,1197831,2021-03-29,South,Tennessee,Knoxville,Men's Athletic Footwear,$25.00 ,675,"16,875","$6,750 ",Outlet
Foot Locker,1185732,2021-07-19,Midwest,Illinois,Chicago,Men's Athletic Footwear,$41.00 ,84,344,$169 ,Online
Foot Locker,1185732,2021-05-19,Midwest,Missouri,St. Louis,Men's Apparel,$44.00 ,70,308,$148 ,Online
Amazon,1185732,2021-03-09,Midwest,Ohio,Columbus,Women's Street Footwear,$20.00 ,475,"9,500","$3,800 ",Online
West Gear,1128299,2021-02-07,West,California,San Francisco,Women's Street Footwear,$50.00 ,210,"1,050",$420 ,Online
Foot Locker,1185732,2021-06-22,Northeast,Maryland,Baltimore,Women's Athletic Footwear,$37.00 ,44,163,$81 ,Online
Foot Locker,1185732,2021-04-17,South,Mississippi,Jackson,Women's Street Footwear,$15.00 ,375,"5,625","$2,250 ",Online
West Gear,1185732,2021-01-11,Midwest,Missouri,St. Louis,Men's Street Footwear,$25.00 ,675,"16,875","$6,750 ",In-store
Amazon,1185732,2021-08-11,Northeast,Vermont,Burlington,Women's Athletic Footwear,$40.00 ,85,340,$143 ,Outlet
Foot Locker,1185732,2021-04-06,Southeast,South Carolina,Charleston,Men's Street Footwear,$35.00 ,975,"34,125","$15,356 ",Online
Kohl's,1189833,2021-05-25,West,California,Los Angeles,Men's Street Footwear,$50.00 ,900,"45,000","$18,000 ",Outlet
West Gear,1128299,2021-10-24,West,Oregon,Portland,Women's Street Footwear,$50.00 ,350,"17,500","$6,125 ",In-store
Amazon,1185732,2021-06-12,Northeast,Vermont,Burlington,Women's Apparel,$62.00 ,117,725,$377 ,Online
Sports Direct,1185732,2021-11-12,Midwest,South Dakota,Sioux Falls,Men's Apparel,$60.00 ,150,"9,000","$3,150 ",Online
Amazon,1185732,2021-06-19,Northeast,New Hampshire,Manchester,Women's Apparel,$50.00 ,162,810,$340 ,Outlet
Sports Direct,1128299,2021-09-14,Southeast,Georgia,Atlanta,Men's Athletic Footwear,$38.00 ,198,752,$331 ,Outlet
West Gear,1128299,2021-01-20,West,California,San Francisco,Women's Street Footwear,$60.00 ,200,"1,200",$564 ,Online
Amazon,1185732,2021-05-20,West,Alaska,Anchorage,Women's Apparel,$70.00 ,400,"28,000","$8,400 ",Outlet
Foot Locker,1185732,2021-08-14,Northeast,Delaware,Wilmington,Men's Apparel,$55.00 ,225,"12,375","$3,713 ",In-store
West Gear,1197831,2021-08-20,South,Oklahoma,Oklahoma City,Women's Athletic Footwear,$37.00 ,88,326,$169 ,Online
Kohl's,1128299,2021-07-25,West,New Mexico,Albuquerque,Men's Street Footwear,$41.00 ,248,"1,017",$397 ,Outlet
Sports Direct,1185732,2021-01-19,Southeast,Virginia,Richmond,Men's Street Footwear,$34.00 ,203,690,$421 ,Online
West Gear,1185732,2021-11-11,West,Utah,Salt Lake City,Women's Apparel,$43.00 ,113,486,$316 ,Online
Foot Locker,1185732,2021-07-22,Midwest,Nebraska,Omaha,Women's Street Footwear,$29.00 ,25,73,$34 ,Online
West Gear,1185732,2021-01-10,Midwest,Wisconsin,Milwaukee,Women's Street Footwear,$24.00 ,87,209,$94 ,Online
Sports Direct,1185732,2021-01-07,Northeast,New Jersey,Newark,Men's Apparel,$50.00 ,200,"10,000","$3,000 ",In-store
Sports Direct,1185732,2021-11-17,South,Mississippi,Jackson,Women's Athletic Footwear,$54.00 ,117,632,$335 ,Online
Foot Locker,1128299,2021-11-23,West,Arizona,Phoenix,Men's Apparel,$53.00 ,87,461,$189 ,Online
West Gear,1185732,2021-06-10,Midwest,Indiana,Indianapolis,Men's Athletic Footwear,$32.00 ,94,301,$159 ,Online
West Gear,1197831,2021-11-20,South,Arkansas,Little Rock,Women's Street Footwear,$23.00 ,90,207,$106 ,Online
Sports Direct,1128299,2021-03-12,Southeast,Georgia,Atlanta,Women's Apparel,$40.00 ,112,448,$130 ,Outlet
Foot Locker,1185732,2021-11-25,Northeast,Pennsylvania,Philadelphia,Men's Apparel,$65.00 ,150,"9,750","$3,413 ",Outlet
Walmart,1128299,2021-09-18,Southeast,Florida,Orlando,Women's Street Footwear,$54.00 ,75,405,$182 ,Online
Foot Locker,1185732,2021-11-20,Northeast,Pennsylvania,Philadelphia,Women's Apparel,$51.00 ,78,398,$147 ,Outlet
West Gear,1185732,2021-05-12,West,Utah,Salt Lake City,Men's Street Footwear,$32.00 ,174,557,$284 ,Online
Foot Locker,1185732,2021-10-19,Northeast,New Hampshire,Manchester,Men's Athletic Footwear,$44.00 ,99,436,$192 ,Outlet
Walmart,1128299,2021-10-17,Southeast,Florida,Orlando,Men's Street Footwear,$39.00 ,140,546,$202 ,Outlet
Sports Direct,1185732,2021-09-10,Midwest,North Dakota,Fargo,Men's Street Footwear,$36.00 ,133,479,$239 ,Online
West Gear,1128299,2021-08-17,South,Louisiana,New Orleans,Women's Apparel,$46.00 ,102,469,$178 ,Outlet
West Gear,1185732,2021-07-16,Northeast,West Virginia,Charleston,Men's Apparel,$60.00 ,300,"18,000","$7,200 ",In-store
Kohl's,1197831,2021-03-12,Midwest,Kansas,Wichita,Men's Street Footwear,$20.00 ,545,"10,900","$3,815 ",Online
Kohl's,1197831,2021-05-12,Midwest,Kansas,Wichita,Women's Apparel,$42.00 ,94,395,$178 ,Online
Foot Locker,1128299,2021-10-24,Southeast,Virginia,Richmond,Women's Athletic Footwear,$45.00 ,325,"14,625","$5,119 ",In-store
West Gear,1185732,2021-09-12,West,Utah,Salt Lake City,Women's Street Footwear,$7.00 ,105,74,$31 ,Outlet
West Gear,1128299,2021-11-17,South,Louisiana,New Orleans,Women's Street Footwear,$30.00 ,158,474,$218 ,Outlet
Amazon,1185732,2021-11-13,Northeast,Maine,Portland,Women's Street Footwear,$45.00 ,200,"9,000","$3,600 ",Outlet
Foot Locker,1185732,2021-04-14,Northeast,Delaware,Wilmington,Women's Apparel,$38.00 ,78,296,$160 ,Online
Amazon,1185732,2021-11-21,Northeast,Maine,Portland,Men's Apparel,$53.00 ,60,318,$121 ,Online
West Gear,1128299,2021-04-24,West,Oregon,Portland,Men's Street Footwear,$51.00 ,124,632,$291 ,Online
Sports Direct,1197831,2021-09-27,South,Alabama,Birmingham,Women's Athletic Footwear,$26.00 ,98,255,$171 ,Outlet
Sports Direct,1197831,2021-08-24,South,Texas,Dallas,Men's Athletic Footwear,$39.00 ,169,659,$330 ,Online
West Gear,1185732,2021-03-10,West,Utah,Salt Lake City,Women's Athletic Footwear,$20.00 ,75,150,$63 ,Outlet
Foot Locker,1185732,2021-04-07,Northeast,Rhode Island,Providence,Men's Street Footwear,$32.00 ,111,355,$174 ,Online
Sports Direct,1128299,2021-02-17,Southeast,Florida,Orlando,Women's Athletic Footwear,$36.00 ,94,338,$125 ,Outlet
Foot Locker,1128299,2021-01-10,West,Alaska,Anchorage,Men's Apparel,$50.00 ,175,"8,750","$1,313 ",Outlet
West Gear,1185732,2021-10-10,Northeast,New York,Albany,Men's Apparel,$60.00 ,500,"30,000","$10,500 ",In-store
Sports Direct,1185732,2021-01-19,Southeast,Virginia,Richmond,Men's Athletic Footwear,$35.00 ,550,"19,250","$7,700 ",In-store
Foot Locker,1185732,2021-12-26,Northeast,Pennsylvania,Philadelphia,Women's Apparel,$71.00 ,65,462,$203 ,Online
West Gear,1128299,2021-01-19,West,California,San Francisco,Men's Athletic Footwear,$70.00 ,925,"64,750","$12,950 ",Outlet
West Gear,1185732,2021-03-08,Northeast,New York,Albany,Women's Athletic Footwear,$39.00 ,106,413,$169 ,Online
Amazon,1185732,2021-12-10,Northeast,Vermont,Burlington,Men's Athletic Footwear,$41.00 ,132,541,$276 ,Outlet
Sports Direct,1185732,2021-05-15,Midwest,Michigan,Detroit,Women's Street Footwear,$45.00 ,475,"21,375","$6,413 ",In-store
Foot Locker,1185732,2021-10-15,Northeast,Delaware,Wilmington,Men's Athletic Footwear,$51.00 ,90,459,$211 ,Online
Amazon,1185732,2021-10-25,Northeast,Maine,Portland,Men's Athletic Footwear,$39.00 ,46,179,$88 ,Online
Foot Locker,1185732,2021-03-16,South,Mississippi,Jackson,Women's Apparel,$17.00 ,136,231,$125 ,Outlet
Walmart,1197831,2021-07-19,South,Arkansas,Little Rock,Men's Apparel,$60.00 ,425,"25,500","$8,925 ",Online
Foot Locker,1185732,2021-09-05,Southeast,South Carolina,Charleston,Women's Athletic Footwear,$39.00 ,210,819,$328 ,Online
Foot Locker,1185732,2021-07-11,Midwest,South Dakota,Sioux Falls,Women's Apparel,$55.00 ,375,"20,625","$8,250 ",Online
West Gear,1185732,2021-01-11,Midwest,Missouri,St. Louis,Women's Street Footwear,$14.00 ,143,200,$94 ,Online
Walmart,1128299,2021-07-16,Southeast,Florida,Orlando,Women's Athletic Footwear,$82.00 ,180,"1,476",$635 ,Online
Sports Direct,1197831,2021-09-21,South,Alabama,Birmingham,Women's Athletic Footwear,$44.00 ,105,462,$305 ,Outlet
West Gear,1185732,2021-10-11,West,Utah,Salt Lake City,Men's Athletic Footwear,$20.00 ,400,"8,000","$2,800 ",In-store
West Gear,1197831,2021-06-21,South,Oklahoma,Oklahoma City,Men's Athletic Footwear,$35.00 ,350,"12,250","$4,288 ",Online
Kohl's,1185732,2021-05-10,West,Wyoming,Cheyenne,Women's Athletic Footwear,$40.00 ,450,"18,000","$6,300 ",In-store
Foot Locker,1185732,2021-04-06,Southeast,South Carolina,Charleston,Women's Apparel,$39.00 ,209,815,$514 ,Online
Walmart,1197831,2021-07-19,South,Arkansas,Little Rock,Women's Athletic Footwear,$41.00 ,116,476,$257 ,Online
Amazon,1185732,2021-08-18,Northeast,New Hampshire,Manchester,Men's Street Footwear,$48.00 ,203,974,$448 ,Outlet
West Gear,1128299,2021-11-17,South,Louisiana,New Orleans,Women's Athletic Footwear,$40.00 ,155,620,$285 ,Outlet
West Gear,1185732,2021-01-17,Midwest,Indiana,Indianapolis,Women's Apparel,$34.00 ,75,255,$128 ,Online
Kohl's,1197831,2021-02-14,South,Oklahoma,Oklahoma City,Men's Athletic Footwear,$25.00 ,250,"6,250","$2,188 ",Online
Foot Locker,1185732,2021-05-13,Midwest,South Dakota,Sioux Falls,Men's Athletic Footwear,$45.00 ,60,270,$122 ,Online
Sports Direct,1197831,2021-10-15,South,Texas,Dallas,Women's Apparel,$51.00 ,236,"1,204",$734 ,Outlet
Sports Direct,1185732,2021-09-10,Midwest,North Dakota,Fargo,Men's Apparel,$36.00 ,42,151,$74 ,Online
Foot Locker,1185732,2021-10-18,Midwest,Missouri,St. Louis,Men's Street Footwear,$35.00 ,525,"18,375","$7,350 ",In-store
West Gear,1185732,2021-03-02,Midwest,Wisconsin,Milwaukee,Men's Street Footwear,$19.00 ,141,268,$110 ,Online
Kohl's,1128299,2021-03-25,West,New Mexico,Albuquerque,Women's Street Footwear,$44.00 ,124,546,$207 ,Outlet
Foot Locker,1185732,2021-12-03,Northeast,Connecticut,Hartford,Women's Street Footwear,$50.00 ,88,440,$198 ,Online
West Gear,1128299,2021-03-23,West,Oregon,Portland,Women's Athletic Footwear,$49.00 ,65,319,$153 ,Online
Sports Direct,1128299,2021-01-17,West,Hawaii,Honolulu,Men's Street Footwear,$40.00 ,425,"17,000","$5,100 ",Outlet
Sports Direct,1197831,2021-04-05,South,Tennessee,Knoxville,Women's Street Footwear,$19.00 ,180,342,$185 ,Online
Kohl's,1185732,2021-03-10,West,Wyoming,Cheyenne,Men's Street Footwear,$40.00 ,820,"32,800","$16,400 ",In-store
Foot Locker,1185732,2021-06-07,Southeast,South Carolina,Charleston,Men's Apparel,$62.00 ,195,"1,209",$544 ,Online
Sports Direct,1128299,2021-01-13,West,New Mexico,Albuquerque,Men's Apparel,$45.00 ,250,"11,250","$3,938 ",Online
Amazon,1185732,2021-03-17,Northeast,New Hampshire,Manchester,Men's Apparel,$58.00 ,60,348,$157 ,Online
West Gear,1185732,2021-09-04,Midwest,Wisconsin,Milwaukee,Women's Street Footwear,$25.00 ,150,"3,750","$1,125 ",In-store
Foot Locker,1185732,2021-07-03,Midwest,Illinois,Chicago,Women's Athletic Footwear,$40.00 ,175,"7,000","$2,800 ",Outlet
Amazon,1185732,2021-08-22,Southeast,Kentucky,Louisville,Women's Street Footwear,$40.00 ,275,"11,000","$4,400 ",Online
Sports Direct,1128299,2021-12-25,West,New Mexico,Albuquerque,Women's Apparel,$75.00 ,525,"39,375","$9,844 ",Online
Walmart,1185732,2021-10-18,South,Mississippi,Jackson,Women's Street Footwear,$24.00 ,98,235,$127 ,Online
Sports Direct,1128299,2021-12-09,West,Hawaii,Honolulu,Women's Athletic Footwear,$73.00 ,145,"1,059",$370 ,Online
West Gear,1197831,2021-10-21,South,Arkansas,Little Rock,Women's Apparel,$20.00 ,132,264,$119 ,Outlet
Foot Locker,1185732,2021-01-10,Northeast,Connecticut,Hartford,Women's Athletic Footwear,$24.00 ,24,58,$26 ,Outlet
Sports Direct,1197831,2021-08-27,South,Texas,Dallas,Men's Apparel,$40.00 ,300,"12,000","$3,600 ",Outlet
Sports Direct,1197831,2021-09-17,South,Alabama,Birmingham,Women's Apparel,$59.00 ,182,"1,074",$827 ,Online
Sports Direct,1185732,2021-11-17,South,Mississippi,Jackson,Men's Street Footwear,$22.00 ,206,453,$199 ,Outlet
Amazon,1185732,2021-02-22,West,Alaska,Anchorage,Men's Apparel,$65.00 ,250,"16,250","$4,063 ",Outlet
Sports Direct,1185732,2021-10-17,Midwest,Michigan,Detroit,Men's Street Footwear,$50.00 ,750,"37,500","$18,750 ",In-store
Sports Direct,1197831,2021-02-21,South,Mississippi,Jackson,Women's Street Footwear,$11.00 ,136,150,$63 ,Outlet
Foot Locker,1128299,2021-10-23,West,Arizona,Phoenix,Women's Street Footwear,$31.00 ,111,344,$127 ,Outlet
Kohl's,1185732,2021-02-12,Northeast,New York,Albany,Women's Street Footwear,$29.00 ,143,415,$203 ,Online
Foot Locker,1185732,2021-07-05,Southeast,South Carolina,Charleston,Women's Apparel,$70.00 ,975,"68,250","$34,125 ",Online
Amazon,1185732,2021-10-12,Northeast,Vermont,Burlington,Men's Apparel,$70.00 ,175,"12,250","$4,288 ",In-store
Sports Direct,1197831,2021-10-04,West,Idaho,Boise,Men's Athletic Footwear,$27.00 ,190,513,$221 ,Outlet
Foot Locker,1128299,2021-03-23,Southeast,Virginia,Richmond,Women's Athletic Footwear,$50.00 ,250,"12,500","$4,375 ",In-store
Foot Locker,1185732,2021-02-12,Midwest,Kansas,Wichita,Men's Athletic Footwear,$39.00 ,47,183,$81 ,Online
Amazon,1185732,2021-06-19,Northeast,New Hampshire,Manchester,Women's Street Footwear,$55.00 ,350,"19,250","$5,775 ",In-store
Sports Direct,1185732,2021-09-02,Southeast,North Carolina,Charlotte,Men's Street Footwear,$55.00 ,925,"50,875","$20,350 ",Online
West Gear,1185732,2021-12-02,Midwest,Wisconsin,Milwaukee,Women's Apparel,$59.00 ,88,519,$270 ,Online
Amazon,1185732,2021-03-10,Northeast,Vermont,Burlington,Women's Apparel,$41.00 ,80,328,$180 ,Online
Sports Direct,1185732,2021-05-15,Midwest,Michigan,Detroit,Women's Apparel,$55.00 ,150,825,$578 ,Online
Kohl's,1185732,2021-04-11,West,Wyoming,Cheyenne,Men's Street Footwear,$40.00 ,800,"32,000","$16,000 ",In-store
West Gear,1128299,2021-01-23,West,California,San Francisco,Women's Apparel,$80.00 ,725,"58,000","$8,700 ",Outlet
Foot Locker,1128299,2021-01-23,West,Idaho,Boise,Women's Apparel,$27.00 ,140,378,$102 ,Outlet
West Gear,1128299,2021-05-18,South,Louisiana,New Orleans,Men's Apparel,$40.00 ,225,"9,000","$4,050 ",In-store
Foot Locker,1185732,2021-09-06,Northeast,Rhode Island,Providence,Women's Street Footwear,$40.00 ,125,"5,000","$2,000 ",In-store
Foot Locker,1185732,2021-11-06,Southeast,South Carolina,Charleston,Men's Street Footwear,$50.00 ,278,"1,390",$792 ,Online
West Gear,1185732,2021-02-03,Midwest,Iowa,Des Moines,Men's Athletic Footwear,$29.00 ,39,113,$55 ,Online
West Gear,1197831,2021-02-21,South,Arkansas,Little Rock,Men's Athletic Footwear,$25.00 ,275,"6,875","$2,406 ",Online
Foot Locker,1185732,2021-07-14,Midwest,Illinois,Chicago,Women's Street Footwear,$38.00 ,75,285,$140 ,Online
Walmart,1197831,2021-10-21,South,Arkansas,Little Rock,Men's Apparel,$27.00 ,83,224,$105 ,Online
Kohl's,1189833,2021-02-05,Midwest,Montana,Billings,Women's Athletic Footwear,$40.00 ,450,"18,000","$7,200 ",Outlet
West Gear,1185732,2021-10-10,Northeast,New York,Albany,Men's Street Footwear,$60.00 ,800,"48,000","$21,600 ",In-store
Amazon,1185732,2021-05-09,Midwest,Ohio,Columbus,Women's Street Footwear,$40.00 ,475,"19,000","$7,600 ",Online
Kohl's,1185732,2021-04-11,West,Wyoming,Cheyenne,Women's Apparel,$40.00 ,550,"22,000","$5,500 ",In-store
Foot Locker,1185732,2021-09-19,Midwest,Missouri,St. Louis,Women's Street Footwear,$15.00 ,300,"4,500","$1,575 ",In-store
West Gear,1128299,2021-01-19,West,California,San Francisco,Men's Athletic Footwear,$47.00 ,278,"1,307",$287 ,Outlet
Kohl's,1185732,2021-09-10,West,Wyoming,Cheyenne,Women's Street Footwear,$40.00 ,525,"21,000","$7,350 ",In-store
Sports Direct,1197831,2021-09-21,South,Texas,Dallas,Women's Apparel,$47.00 ,272,"1,278",$729 ,Outlet
Sports Direct,1128299,2021-12-23,Southeast,Virginia,Richmond,Women's Athletic Footwear,$51.00 ,176,898,$350 ,Outlet
West Gear,1197831,2021-01-23,South,Arkansas,Little Rock,Men's Street Footwear,$17.00 ,178,303,$142 ,Outlet
Sports Direct,1128299,2021-10-13,Southeast,Georgia,Atlanta,Women's Athletic Footwear,$45.00 ,325,"14,625","$5,850 ",Online
Amazon,1185732,2021-09-20,West,Alaska,Anchorage,Women's Street Footwear,$55.00 ,225,"12,375","$3,094 ",Outlet
Foot Locker,1185732,2021-06-18,Midwest,Missouri,St. Louis,Women's Athletic Footwear,$25.00 ,350,"8,750","$3,500 ",In-store
Walmart,1128299,2021-08-17,Southeast,Florida,Orlando,Women's Apparel,$81.00 ,87,705,$409 ,Online
Foot Locker,1128299,2021-01-24,West,Wyoming,Cheyenne,Women's Street Footwear,$40.00 ,350,"14,000","$4,900 ",In-store
Sports Direct,1185732,2021-01-17,Northeast,Rhode Island,Providence,Women's Street Footwear,$27.00 ,73,197,$71 ,Online
Sports Direct,1197831,2021-09-26,South,Texas,Dallas,Men's Apparel,$43.00 ,158,679,$279 ,Outlet
West Gear,1185732,2021-08-09,Northeast,New York,Albany,Women's Athletic Footwear,$45.00 ,575,"25,875","$7,763 ",In-store
Foot Locker,1128299,2021-10-23,West,Arizona,Phoenix,Men's Street Footwear,$41.00 ,135,554,$266 ,Online
West Gear,1128299,2021-03-16,South,Louisiana,New Orleans,Men's Street Footwear,$44.00 ,147,647,$330 ,Online
West Gear,1185732,2021-05-18,Northeast,West Virginia,Charleston,Women's Athletic Footwear,$35.00 ,200,"7,000","$2,800 ",In-store
Amazon,1185732,2021-08-21,West,Alaska,Anchorage,Men's Street Footwear,$65.00 ,650,"42,250","$14,788 ",Outlet
West Gear,1185732,2021-03-16,Northeast,West Virginia,Charleston,Women's Apparel,$29.00 ,81,235,$127 ,Online
Foot Locker,1185732,2021-01-24,Northeast,New Hampshire,Manchester,Men's Street Footwear,$55.00 ,500,"27,500","$9,625 ",Outlet
West Gear,1128299,2021-01-10,Northeast,Maine,Portland,Women's Athletic Footwear,$45.00 ,225,"10,125","$2,531 ",Outlet
Foot Locker,1197831,2021-08-08,West,Idaho,Boise,Men's Athletic Footwear,$37.00 ,255,944,$406 ,Outlet
Foot Locker,1185732,2021-06-18,Midwest,Illinois,Chicago,Men's Street Footwear,$50.00 ,450,"22,500","$9,000 ",Outlet
Foot Locker,1185732,2021-05-27,Midwest,Nebraska,Omaha,Men's Street Footwear,$35.00 ,475,"16,625","$6,650 ",Outlet
Foot Locker,1185732,2021-06-07,Midwest,Nebraska,Omaha,Women's Apparel,$40.00 ,150,"6,000","$3,000 ",Outlet
Foot Locker,1128299,2021-05-11,West,Hawaii,Honolulu,Women's Athletic Footwear,$55.00 ,275,"15,125","$3,781 ",Outlet
West Gear,1128299,2021-02-17,South,Louisiana,New Orleans,Women's Apparel,$32.00 ,131,419,$155 ,Outlet
Sports Direct,1185732,2021-06-09,Midwest,North Dakota,Fargo,Women's Apparel,$55.00 ,325,"17,875","$7,150 ",In-store
Amazon,1185732,2021-04-11,Northeast,Vermont,Burlington,Women's Street Footwear,$32.00 ,65,208,$104 ,Online
Foot Locker,1128299,2021-03-23,Southeast,Virginia,Richmond,Men's Apparel,$51.00 ,30,153,$80 ,Online
West Gear,1197831,2021-03-19,South,Oklahoma,Oklahoma City,Men's Street Footwear,$20.00 ,570,"11,400","$4,560 ",Online
Walmart,1128299,2021-06-17,Southeast,Florida,Orlando,Men's Street Footwear,$50.00 ,272,"1,360",$435 ,Outlet
Sports Direct,1128299,2021-06-13,Southeast,Georgia,Atlanta,Women's Athletic Footwear,$50.00 ,400,"20,000","$8,000 ",Online
West Gear,1128299,2021-02-07,West,California,San Francisco,Women's Street Footwear,$55.00 ,725,"39,875","$11,963 ",Outlet
West Gear,1185732,2021-06-03,Midwest,Wisconsin,Milwaukee,Women's Street Footwear,$25.00 ,200,"5,000","$1,500 ",In-store
Sports Direct,1185732,2021-08-21,Northeast,Maryland,Baltimore,Men's Athletic Footwear,$45.00 ,275,"12,375","$4,331 ",In-store
Sports Direct,1185732,2021-07-03,Northeast,Connecticut,Hartford,Women's Athletic Footwear,$42.00 ,80,336,$148 ,Online
Kohl's,1189833,2021-03-10,West,California,San Francisco,Women's Athletic Footwear,$41.00 ,160,656,$321 ,Online
West Gear,1185732,2021-05-08,Northeast,New York,Albany,Men's Athletic Footwear,$55.00 ,575,"31,625","$11,069 ",In-store
Foot Locker,1128299,2021-12-22,West,Arizona,Phoenix,Men's Street Footwear,$35.00 ,194,679,$272 ,Outlet
Kohl's,1189833,2021-03-04,Midwest,Montana,Billings,Men's Street Footwear,$45.00 ,675,"30,375","$13,669 ",Outlet
Foot Locker,1185732,2021-07-13,Midwest,Nebraska,Omaha,Women's Apparel,$35.00 ,150,"5,250","$2,625 ",Outlet
Sports Direct,1197831,2021-08-23,South,Alabama,Birmingham,Men's Apparel,$25.00 ,275,"6,875","$2,750 ",Outlet
Foot Locker,1185732,2021-06-07,Southeast,South Carolina,Charleston,Women's Street Footwear,$50.00 ,775,"38,750","$9,688 ",Online
Foot Locker,1185732,2021-11-21,Northeast,Maryland,Baltimore,Men's Apparel,$56.00 ,31,174,$76 ,Online
Kohl's,1185732,2021-02-08,Northeast,Delaware,Wilmington,Women's Street Footwear,$24.00 ,63,151,$77 ,Online
Foot Locker,1128299,2021-03-22,West,Arizona,Phoenix,Women's Street Footwear,$50.00 ,350,"17,500","$6,125 ",Online
Walmart,1197831,2021-05-19,South,Arkansas,Little Rock,Men's Apparel,$32.00 ,111,355,$139 ,Outlet
Kohl's,1189833,2021-05-06,West,California,Los Angeles,Women's Apparel,$46.00 ,208,957,$220 ,Outlet
Sports Direct,1185732,2021-04-09,Midwest,North Dakota,Fargo,Men's Street Footwear,$28.00 ,113,316,$155 ,Online
Kohl's,1128299,2021-05-27,West,New Mexico,Albuquerque,Men's Street Footwear,$43.00 ,184,791,$324 ,Outlet
Foot Locker,1185732,2021-05-05,Southeast,South Carolina,Charleston,Men's Athletic Footwear,$50.00 ,750,"37,500","$13,125 ",Online
Amazon,1185732,2021-01-13,Southeast,North Carolina,Charlotte,Men's Street Footwear,$32.00 ,194,621,$323 ,Online
Sports Direct,1185732,2021-12-11,Midwest,South Dakota,Sioux Falls,Men's Street Footwear,$58.00 ,140,812,$374 ,Online
Foot Locker,1185732,2021-10-19,Northeast,New Hampshire,Manchester,Men's Apparel,$71.00 ,46,327,$140 ,Online
Foot Locker,1185732,2021-12-17,Northeast,New Hampshire,Manchester,Women's Street Footwear,$62.00 ,108,670,$281 ,Online
Kohl's,1185732,2021-03-06,Northeast,New Jersey,Newark,Men's Athletic Footwear,$35.00 ,200,"7,000","$2,450 ",In-store
Amazon,1185732,2021-06-22,Southeast,Kentucky,Louisville,Men's Athletic Footwear,$33.00 ,77,254,$125 ,Online
Amazon,1185732,2021-10-22,West,Alaska,Anchorage,Men's Athletic Footwear,$60.00 ,77,462,$222 ,Online
Foot Locker,1185732,2021-01-24,Northeast,New Hampshire,Manchester,Women's Athletic Footwear,$33.00 ,51,168,$47 ,Outlet
Foot Locker,1197831,2021-12-04,West,Idaho,Boise,Women's Apparel,$65.00 ,725,"47,125","$25,919 ",Online
West Gear,1128299,2021-04-24,West,Oregon,Portland,Men's Street Footwear,$44.00 ,166,730,$285 ,Outlet
Foot Locker,1128299,2021-07-09,West,Hawaii,Honolulu,Women's Apparel,$100.00 ,550,"55,000","$22,000 ",Outlet
Foot Locker,1185732,2021-07-21,Midwest,Nebraska,Omaha,Men's Athletic Footwear,$29.00 ,41,119,$55 ,Online
Sports Direct,1197831,2021-11-05,West,Idaho,Boise,Women's Apparel,$63.00 ,163,"1,027",$688 ,Online
Amazon,1185732,2021-02-22,Midwest,Ohio,Columbus,Women's Street Footwear,$30.00 ,250,"7,500","$3,000 ",Online
Foot Locker,1185732,2021-05-07,Midwest,Iowa,Des Moines,Women's Apparel,$46.00 ,69,317,$165 ,Online
Walmart,1197831,2021-03-19,South,Arkansas,Little Rock,Men's Apparel,$24.00 ,88,211,$84 ,Outlet
Foot Locker,1185732,2021-03-16,South,Mississippi,Jackson,Women's Street Footwear,$11.00 ,136,150,$70 ,Outlet
Sports Direct,1128299,2021-05-14,Southeast,Georgia,Atlanta,Women's Apparel,$64.00 ,120,768,$307 ,Online
Kohl's,1189833,2021-05-14,West,California,Los Angeles,Men's Athletic Footwear,$55.00 ,800,"44,000","$11,000 ",Outlet
Walmart,1128299,2021-11-17,Southeast,Florida,Orlando,Men's Street Footwear,$55.00 ,625,"34,375","$10,313 ",In-store
Walmart,1185732,2021-08-17,South,Mississippi,Jackson,Men's Apparel,$35.00 ,158,553,$232 ,Outlet
Walmart,1128299,2021-05-18,Southeast,Florida,Orlando,Women's Street Footwear,$65.00 ,425,"27,625","$8,288 ",Outlet
Sports Direct,1185732,2021-09-20,Northeast,Maryland,Baltimore,Women's Street Footwear,$40.00 ,125,"5,000","$1,750 ",In-store
Walmart,1128299,2021-09-18,Southeast,Florida,Orlando,Women's Athletic Footwear,$44.00 ,78,343,$127 ,Outlet
Foot Locker,1185732,2021-06-08,Northeast,Rhode Island,Providence,Women's Athletic Footwear,$26.00 ,70,182,$84 ,Outlet
Foot Locker,1185732,2021-01-12,Midwest,Kansas,Wichita,Men's Athletic Footwear,$40.00 ,275,"11,000","$3,300 ",Online
Walmart,1128299,2021-10-17,Southeast,Florida,Orlando,Men's Apparel,$47.00 ,116,545,$120 ,Outlet
Foot Locker,1185732,2021-12-16,Northeast,West Virginia,Charleston,Women's Athletic Footwear,$53.00 ,102,541,$276 ,Online
West Gear,1185732,2021-07-10,West,Utah,Salt Lake City,Men's Apparel,$35.00 ,425,"14,875","$5,206 ",In-store
Foot Locker,1185732,2021-12-05,Southeast,South Carolina,Charleston,Men's Street Footwear,$70.00 ,"1,075","75,250","$33,863 ",Online
Amazon,1185732,2021-12-13,Northeast,Massachusetts,Boston,Women's Apparel,$65.00 ,112,728,$320 ,Online
Foot Locker,1185732,2021-12-08,Northeast,Pennsylvania,Philadelphia,Women's Apparel,$64.00 ,95,608,$261 ,Online
Kohl's,1185732,2021-05-10,West,Wyoming,Cheyenne,Men's Apparel,$50.00 ,475,"23,750","$7,125 ",In-store
Foot Locker,1185732,2021-07-26,Midwest,Nebraska,Omaha,Men's Street Footwear,$50.00 ,450,"22,500","$9,000 ",Outlet
Walmart,1197831,2021-05-19,South,Arkansas,Little Rock,Men's Athletic Footwear,$28.00 ,116,325,$136 ,Outlet
West Gear,1185732,2021-04-17,Northeast,West Virginia,Charleston,Women's Apparel,$47.00 ,94,442,$225 ,Online
Sports Direct,1185732,2021-08-16,Midwest,Michigan,Detroit,Men's Street Footwear,$60.00 ,875,"52,500","$26,250 ",In-store
Kohl's,1185732,2021-08-07,Northeast,New Jersey,Newark,Women's Street Footwear,$40.00 ,300,"12,000","$4,800 ",In-store
Kohl's,1197831,2021-10-14,Midwest,Kansas,Wichita,Men's Street Footwear,$30.00 ,500,"15,000","$5,250 ",Online
Kohl's,1189833,2021-02-09,Midwest,Montana,Billings,Men's Athletic Footwear,$54.00 ,188,"1,015",$437 ,Online
Sports Direct,1197831,2021-05-16,South,Tennessee,Knoxville,Men's Athletic Footwear,$51.00 ,240,"1,224",$673 ,Online
Amazon,1185732,2021-07-10,Northeast,Vermont,Burlington,Women's Street Footwear,$33.00 ,109,360,$133 ,Outlet
Foot Locker,1128299,2021-03-09,West,Hawaii,Honolulu,Men's Street Footwear,$45.00 ,500,"22,500","$5,625 ",Outlet
Amazon,1185732,2021-01-13,Southeast,North Carolina,Charlotte,Men's Apparel,$45.00 ,475,"21,375","$7,481 ",Online
Foot Locker,1185732,2021-01-24,Northeast,West Virginia,Charleston,Women's Athletic Footwear,$30.00 ,75,"2,250",$788 ,In-store
Sports Direct,1128299,2021-08-13,Southeast,Georgia,Atlanta,Men's Apparel,$60.00 ,126,756,$363 ,Online
West Gear,1128299,2021-08-17,South,Louisiana,New Orleans,Women's Apparel,$70.00 ,300,"21,000","$7,350 ",Online
Walmart,1128299,2021-11-17,Southeast,Florida,Orlando,Men's Street Footwear,$41.00 ,188,771,$262 ,Outlet
Sports Direct,1185732,2021-08-04,Northeast,Connecticut,Hartford,Men's Athletic Footwear,$48.00 ,108,518,$285 ,Online
Amazon,1185732,2021-04-11,Northeast,Vermont,Burlington,Women's Athletic Footwear,$36.00 ,44,158,$79 ,Online
Foot Locker,1128299,2021-08-10,West,Hawaii,Honolulu,Women's Street Footwear,$70.00 ,600,"42,000","$10,500 ",Outlet
Amazon,1185732,2021-03-09,Midwest,Ohio,Columbus,Men's Street Footwear,$27.00 ,231,624,$324 ,Online
West Gear,1128299,2021-09-18,South,Louisiana,New Orleans,Men's Street Footwear,$43.00 ,145,624,$343 ,Online
Sports Direct,1185732,2021-12-06,Northeast,Rhode Island,Providence,Women's Street Footwear,$40.00 ,88,352,$165 ,Outlet
Sports Direct,1197831,2021-08-08,West,Idaho,Boise,Men's Apparel,$55.00 ,475,"26,125","$9,144 ",Online
Sports Direct,1197831,2021-10-11,South,Texas,Dallas,Men's Athletic Footwear,$27.00 ,218,589,$265 ,Outlet
West Gear,1185732,2021-08-09,Northeast,New York,Albany,Women's Apparel,$60.00 ,725,"43,500","$21,750 ",In-store
Sports Direct,1185732,2021-08-14,Northeast,Massachusetts,Boston,Men's Athletic Footwear,$47.00 ,88,414,$170 ,Online
West Gear,1185732,2021-01-11,Midwest,Missouri,St. Louis,Women's Apparel,$24.00 ,138,331,$212 ,Online
West Gear,1197831,2021-10-21,South,Oklahoma,Oklahoma City,Men's Street Footwear,$29.00 ,137,397,$215 ,Online
West Gear,1128299,2021-09-25,West,Oregon,Portland,Women's Athletic Footwear,$50.00 ,200,"10,000","$3,500 ",In-store
Sports Direct,1185732,2021-12-06,Northeast,New Jersey,Newark,Men's Athletic Footwear,$50.00 ,350,"17,500","$6,125 ",In-store
West Gear,1185732,2021-03-10,West,Utah,Salt Lake City,Women's Street Footwear,$18.00 ,112,202,$101 ,Online
Foot Locker,1128299,2021-07-23,Southeast,Virginia,Richmond,Women's Street Footwear,$90.00 ,650,"58,500","$20,475 ",In-store
Sports Direct,1197831,2021-03-30,South,Tennessee,Knoxville,Women's Street Footwear,$15.00 ,170,255,$112 ,Outlet
Amazon,1185732,2021-08-18,Northeast,New Hampshire,Manchester,Women's Street Footwear,$52.00 ,105,546,$246 ,Online
Sports Direct,1185732,2021-02-15,Northeast,Massachusetts,Boston,Men's Apparel,$48.00 ,41,197,$75 ,Online
Kohl's,1128299,2021-08-26,West,New Mexico,Albuquerque,Women's Street Footwear,$60.00 ,525,"31,500","$11,025 ",Online
Kohl's,1185732,2021-01-10,Northeast,Delaware,Wilmington,Men's Street Footwear,$32.00 ,138,442,$221 ,Online
Foot Locker,1128299,2021-03-09,West,Hawaii,Honolulu,Women's Street Footwear,$57.00 ,101,576,$225 ,Online
Walmart,1128299,2021-10-10,West,Hawaii,Honolulu,Women's Street Footwear,$56.00 ,87,487,$171 ,Online
West Gear,1185732,2021-04-11,West,Utah,Salt Lake City,Women's Street Footwear,$15.00 ,325,"4,875","$1,706 ",In-store
Sports Direct,1185732,2021-05-10,Midwest,North Dakota,Fargo,Men's Apparel,$50.00 ,125,"6,250","$2,188 ",In-store
West Gear,1128299,2021-02-12,West,California,San Francisco,Men's Athletic Footwear,$60.00 ,975,"58,500","$8,775 ",Outlet
West Gear,1128299,2021-02-04,West,California,San Francisco,Women's Apparel,$70.00 ,700,"49,000","$4,900 ",Outlet
West Gear,1185732,2021-09-11,Midwest,Indiana,Indianapolis,Women's Street Footwear,$25.00 ,175,"4,375","$1,531 ",In-store
Sports Direct,1185732,2021-03-13,Northeast,Massachusetts,Boston,Women's Athletic Footwear,$34.00 ,87,296,$106 ,Online
West Gear,1185732,2021-10-03,Midwest,Wisconsin,Milwaukee,Men's Apparel,$44.00 ,33,145,$91 ,Online
Amazon,1185732,2021-12-13,Northeast,Massachusetts,Boston,Women's Street Footwear,$55.00 ,350,"19,250","$4,813 ",In-store
West Gear,1128299,2021-04-24,West,Oregon,Portland,Men's Street Footwear,$55.00 ,475,"26,125","$9,144 ",In-store
Sports Direct,1185732,2021-10-15,Northeast,Massachusetts,Boston,Men's Apparel,$65.00 ,100,"6,500","$1,625 ",In-store
Amazon,1185732,2021-08-10,Midwest,Ohio,Columbus,Men's Athletic Footwear,$58.00 ,195,"1,131",$520 ,Online
Amazon,1185732,2021-08-11,Northeast,Vermont,Burlington,Women's Street Footwear,$50.00 ,350,"17,500","$6,125 ",In-store
Foot Locker,1197831,2021-02-04,West,Idaho,Boise,Women's Athletic Footwear,$32.00 ,109,349,$188 ,Online
Sports Direct,1197831,2021-09-23,South,Alabama,Birmingham,Women's Apparel,$26.00 ,190,494,$356 ,Outlet
West Gear,1128299,2021-03-16,South,Louisiana,New Orleans,Women's Apparel,$41.00 ,95,390,$175 ,Online
Foot Locker,1185732,2021-04-12,Midwest,South Dakota,Sioux Falls,Women's Apparel,$50.00 ,225,"11,250","$4,500 ",Online
Foot Locker,1185732,2021-07-18,Midwest,Illinois,Chicago,Men's Street Footwear,$50.00 ,500,"25,000","$10,000 ",Outlet
Amazon,1185732,2021-10-22,West,Alaska,Anchorage,Men's Street Footwear,$70.00 ,450,"31,500","$11,025 ",Outlet
Kohl's,1185732,2021-03-10,West,Wyoming,Cheyenne,Men's Athletic Footwear,$40.00 ,525,"21,000","$6,300 ",In-store
Sports Direct,1185732,2021-11-16,Midwest,Michigan,Detroit,Women's Athletic Footwear,$41.00 ,138,566,$277 ,Online
Amazon,1185732,2021-10-26,Northeast,Maine,Portland,Women's Street Footwear,$30.00 ,200,"6,000","$2,400 ",Outlet
Kohl's,1189833,2021-02-07,Midwest,Montana,Billings,Women's Apparel,$60.00 ,475,"28,500","$7,125 ",Outlet
Sports Direct,1197831,2021-08-27,South,Alabama,Birmingham,Women's Street Footwear,$11.00 ,190,209,$109 ,Outlet
Amazon,1185732,2021-12-09,Midwest,Ohio,Columbus,Men's Athletic Footwear,$60.00 ,181,"1,086",$510 ,Online
Sports Direct,1185732,2021-05-03,Northeast,Connecticut,Hartford,Men's Street Footwear,$54.00 ,142,767,$391 ,Online
Kohl's,1189833,2021-01-15,Midwest,Montana,Billings,Men's Street Footwear,$44.00 ,161,708,$418 ,Online
Kohl's,1185732,2021-01-14,Northeast,New York,Albany,Men's Athletic Footwear,$40.00 ,600,"24,000","$7,200 ",In-store
Sports Direct,1185732,2021-10-09,Midwest,North Dakota,Fargo,Men's Athletic Footwear,$40.00 ,250,"10,000","$3,000 ",In-store
Foot Locker,1128299,2021-08-24,Southeast,Virginia,Richmond,Women's Street Footwear,$70.00 ,650,"45,500","$15,925 ",In-store
Kohl's,1197831,2021-01-16,South,Oklahoma,Oklahoma City,Women's Athletic Footwear,$19.00 ,56,106,$52 ,Online
Sports Direct,1185732,2021-10-08,Northeast,Rhode Island,Providence,Women's Apparel,$64.00 ,58,371,$189 ,Online
West Gear,1197831,2021-06-21,South,Oklahoma,Oklahoma City,Men's Athletic Footwear,$25.00 ,123,308,$120 ,Outlet
Sports Direct,1128299,2021-02-13,Southeast,Georgia,Atlanta,Women's Athletic Footwear,$40.00 ,250,"10,000","$4,000 ",Online
Walmart,1197831,2021-08-20,South,Arkansas,Little Rock,Women's Street Footwear,$47.00 ,126,592,$308 ,Online
Amazon,1185732,2021-02-22,West,Alaska,Anchorage,Men's Street Footwear,$51.00 ,173,882,$415 ,Online
Sports Direct,1128299,2021-12-12,Southeast,Georgia,Atlanta,Men's Athletic Footwear,$58.00 ,189,"1,096",$581 ,Online
Sports Direct,1185732,2021-01-17,Northeast,Rhode Island,Providence,Men's Athletic Footwear,$38.00 ,68,258,$114 ,Online
Amazon,1185732,2021-12-30,Northeast,Maine,Portland,Women's Athletic Footwear,$42.00 ,36,151,$68 ,Online
Kohl's,1185732,2021-11-11,West,Wyoming,Cheyenne,Men's Street Footwear,$55.00 ,750,"41,250","$20,625 ",In-store
Foot Locker,1185732,2021-10-15,Northeast,Delaware,Wilmington,Women's Street Footwear,$50.00 ,52,260,$143 ,Online
Sports Direct,1128299,2021-05-14,Southeast,Georgia,Atlanta,Men's Street Footwear,$37.00 ,187,692,$318 ,Outlet
Amazon,1185732,2021-05-17,Northeast,New Hampshire,Manchester,Women's Street Footwear,$55.00 ,325,"17,875","$5,363 ",In-store
Sports Direct,1185732,2021-07-20,Northeast,Maryland,Baltimore,Women's Athletic Footwear,$36.00 ,45,162,$76 ,Online
Kohl's,1197831,2021-03-12,Midwest,Kansas,Wichita,Women's Apparel,$23.00 ,65,150,$75 ,Online
Sports Direct,1185732,2021-03-13,Northeast,Massachusetts,Boston,Men's Apparel,$36.00 ,31,112,$33 ,Outlet
Foot Locker,1128299,2021-11-24,Southeast,Virginia,Richmond,Men's Apparel,$56.00 ,136,762,$335 ,Outlet
Foot Locker,1185732,2021-01-17,Northeast,Maryland,Baltimore,Women's Athletic Footwear,$32.00 ,47,150,$83 ,Online
Foot Locker,1185732,2021-12-03,Northeast,Connecticut,Hartford,Men's Apparel,$42.00 ,99,416,$146 ,Outlet
Foot Locker,1197831,2021-12-04,West,Idaho,Boise,Women's Apparel,$47.00 ,232,"1,090",$665 ,Outlet
Foot Locker,1185732,2021-03-16,South,Mississippi,Jackson,Men's Street Footwear,$20.00 ,223,446,$205 ,Outlet
Kohl's,1197831,2021-07-12,Midwest,Kansas,Wichita,Women's Apparel,$60.00 ,140,840,$412 ,Online
Foot Locker,1185732,2021-07-06,Northeast,Rhode Island,Providence,Men's Street Footwear,$50.00 ,575,"28,750","$10,063 ",In-store
Foot Locker,1185732,2021-10-15,Northeast,Delaware,Wilmington,Men's Street Footwear,$56.00 ,128,717,$323 ,Online
Sports Direct,1185732,2021-02-05,Northeast,New Jersey,Newark,Men's Athletic Footwear,$40.00 ,200,"8,000","$3,200 ",In-store
Sports Direct,1197831,2021-09-29,South,Texas,Dallas,Men's Athletic Footwear,$55.00 ,675,"37,125","$14,850 ",Outlet
Foot Locker,1185732,2021-02-18,Midwest,Michigan,Detroit,Women's Street Footwear,$20.00 ,375,"7,500","$2,625 ",In-store
Sports Direct,1185732,2021-09-03,Northeast,Connecticut,Hartford,Women's Apparel,$54.00 ,83,448,$220 ,Online
Kohl's,1189833,2021-05-23,West,California,Los Angeles,Men's Apparel,$46.00 ,204,938,$535 ,Outlet
Amazon,1185732,2021-12-02,Southeast,North Carolina,Charlotte,Women's Street Footwear,$55.00 ,218,"1,199",$611 ,Online
Walmart,1197831,2021-07-19,South,Arkansas,Little Rock,Men's Street Footwear,$39.00 ,271,"1,057",$444 ,Outlet
Foot Locker,1185732,2021-11-16,Northeast,Pennsylvania,Philadelphia,Men's Athletic Footwear,$40.00 ,54,216,$71 ,Outlet
Sports Direct,1185732,2021-01-09,Midwest,South Dakota,Sioux Falls,Women's Street Footwear,$25.00 ,275,"6,875","$2,063 ",Online
Kohl's,1128299,2021-07-25,West,New Mexico,Albuquerque,Women's Athletic Footwear,$39.00 ,149,581,$244 ,Outlet
Sports Direct,1185732,2021-12-11,Midwest,South Dakota,Sioux Falls,Women's Apparel,$64.00 ,75,480,$250 ,Online
West Gear,1128299,2021-01-24,West,Utah,Salt Lake City,Men's Apparel,$35.00 ,53,186,$85 ,Outlet
Walmart,1128299,2021-11-10,West,Hawaii,Honolulu,Men's Apparel,$85.00 ,375,"31,875","$4,781 ",Outlet
Kohl's,1189833,2021-01-07,Midwest,Montana,Billings,Men's Apparel,$48.00 ,59,283,$204 ,Online
West Gear,1185732,2021-09-18,Northeast,West Virginia,Charleston,Men's Apparel,$32.00 ,61,195,$102 ,Online
Kohl's,1128299,2021-10-26,West,New Mexico,Albuquerque,Women's Street Footwear,$50.00 ,375,"18,750","$6,563 ",Online
West Gear,1197831,2021-01-23,South,Arkansas,Little Rock,Men's Street Footwear,$24.00 ,167,401,$212 ,Online
West Gear,1185732,2021-02-03,Midwest,Iowa,Des Moines,Women's Street Footwear,$20.00 ,200,"4,000","$1,200 ",In-store
Amazon,1185732,2021-06-22,West,Alaska,Anchorage,Men's Street Footwear,$65.00 ,650,"42,250","$14,788 ",Outlet
Kohl's,1189833,2021-05-22,West,California,Los Angeles,Women's Athletic Footwear,$50.00 ,650,"32,500","$11,375 ",Outlet
Sports Direct,1197831,2021-09-27,South,Texas,Dallas,Women's Apparel,$43.00 ,240,"1,032",$619 ,Outlet
West Gear,1185732,2021-02-10,Midwest,Wisconsin,Milwaukee,Women's Street Footwear,$25.00 ,250,"6,250","$2,188 ",In-store
Foot Locker,1185732,2021-01-17,Northeast,Maryland,Baltimore,Men's Apparel,$50.00 ,225,"11,250","$3,375 ",In-store
Kohl's,1185732,2021-01-10,Northeast,Delaware,Wilmington,Men's Apparel,$41.00 ,47,193,$77 ,Online
Sports Direct,1197831,2021-10-01,South,Texas,Dallas,Women's Athletic Footwear,$41.00 ,135,554,$304 ,Outlet
Foot Locker,1185732,2021-04-06,Midwest,Iowa,Des Moines,Women's Athletic Footwear,$15.00 ,28,42,$19 ,Online
Sports Direct,1197831,2021-11-05,West,Idaho,Boise,Women's Street Footwear,$58.00 ,150,870,$470 ,Online
West Gear,1185732,2021-09-12,West,Utah,Salt Lake City,Men's Apparel,$20.00 ,325,"6,500","$2,275 ",In-store
Amazon,1185732,2021-08-10,Midwest,Ohio,Columbus,Men's Apparel,$55.00 ,500,"27,500","$9,625 ",Online
West Gear,1185732,2021-11-09,Northeast,New York,Albany,Women's Athletic Footwear,$50.00 ,575,"28,750","$8,625 ",In-store
Sports Direct,1185732,2021-12-11,Midwest,South Dakota,Sioux Falls,Women's Athletic Footwear,$45.00 ,50,225,$101 ,Online
West Gear,1128299,2021-01-08,West,California,San Francisco,Women's Street Footwear,$42.00 ,281,"1,180",$531 ,Outlet
Foot Locker,1185732,2021-01-09,Southeast,Georgia,Atlanta,Men's Street Footwear,$40.00 ,"1,025","41,000","$18,450 ",Online
Sports Direct,1185732,2021-09-02,Southeast,North Carolina,Charlotte,Men's Apparel,$38.00 ,156,593,$273 ,Online
Sports Direct,1185732,2021-08-21,Northeast,Maryland,Baltimore,Women's Street Footwear,$40.00 ,200,"8,000","$2,800 ",In-store
Amazon,1185732,2021-11-10,Midwest,Ohio,Columbus,Men's Street Footwear,$34.00 ,169,575,$299 ,Online
Sports Direct,1185732,2021-07-08,Midwest,North Dakota,Fargo,Women's Apparel,$54.00 ,98,529,$286 ,Online
Foot Locker,1185732,2021-06-05,Midwest,Illinois,Chicago,Women's Apparel,$41.00 ,69,283,$170 ,Online
West Gear,1128299,2021-09-25,West,Oregon,Portland,Men's Street Footwear,$34.00 ,149,507,$187 ,Outlet
Sports Direct,1185732,2021-03-03,Northeast,Connecticut,Hartford,Women's Apparel,$38.00 ,73,277,$136 ,Online
Foot Locker,1185732,2021-12-31,Northeast,Pennsylvania,Philadelphia,Men's Apparel,$46.00 ,56,258,$100 ,Outlet
Sports Direct,1185732,2021-08-14,Northeast,Massachusetts,Boston,Women's Apparel,$58.00 ,91,528,$238 ,Online
Foot Locker,1185732,2021-08-01,Midwest,Illinois,Chicago,Women's Street Footwear,$48.00 ,49,235,$111 ,Online
West Gear,1197831,2021-07-19,South,Oklahoma,Oklahoma City,Women's Apparel,$61.00 ,142,866,$468 ,Online
Kohl's,1128299,2021-08-26,West,New Mexico,Albuquerque,Men's Street Footwear,$60.00 ,700,"42,000","$14,700 ",Online
Foot Locker,1185732,2021-10-12,Midwest,South Dakota,Sioux Falls,Women's Street Footwear,$43.00 ,42,181,$72 ,Online
West Gear,1128299,2021-01-10,Northeast,Maine,Portland,Men's Street Footwear,$33.00 ,98,323,$113 ,Online
Foot Locker,1128299,2021-08-23,West,Arizona,Phoenix,Men's Street Footwear,$55.00 ,625,"34,375","$12,031 ",Online
West Gear,1185732,2021-02-11,Midwest,Missouri,St. Louis,Men's Street Footwear,$25.00 ,725,"18,125","$7,250 ",In-store
Sports Direct,1197831,2021-09-19,South,Texas,Dallas,Women's Athletic Footwear,$45.00 ,575,"25,875","$12,938 ",Outlet
Kohl's,1197831,2021-04-13,Midwest,Kansas,Wichita,Women's Apparel,$29.00 ,81,235,$115 ,Online
Sports Direct,1185732,2021-06-15,Northeast,Massachusetts,Boston,Women's Athletic Footwear,$45.00 ,225,"10,125","$2,531 ",In-store
Kohl's,1189833,2021-02-28,Midwest,Montana,Billings,Women's Street Footwear,$37.00 ,123,455,$259 ,Online
Foot Locker,1185732,2021-10-24,South,Texas,Dallas,Women's Street Footwear,$28.00 ,72,202,$85 ,Outlet
Walmart,1128299,2021-06-17,Southeast,Florida,Orlando,Women's Athletic Footwear,$66.00 ,196,"1,294",$479 ,Outlet
Sports Direct,1128299,2021-05-14,Southeast,Georgia,Atlanta,Men's Athletic Footwear,$52.00 ,108,562,$292 ,Online
Foot Locker,1185732,2021-10-08,Northeast,Rhode Island,Providence,Women's Street Footwear,$45.00 ,29,131,$68 ,Online
Foot Locker,1185732,2021-07-13,Northeast,Delaware,Wilmington,Men's Athletic Footwear,$47.00 ,119,559,$252 ,Online
Sports Direct,1185732,2021-08-03,Southeast,North Carolina,Charlotte,Men's Street Footwear,$61.00 ,308,"1,879",$996 ,Online
Foot Locker,1185732,2021-11-21,Northeast,Maryland,Baltimore,Women's Apparel,$65.00 ,225,"14,625","$4,388 ",In-store
Foot Locker,1185732,2021-07-31,Midwest,Illinois,Chicago,Men's Athletic Footwear,$46.00 ,65,299,$141 ,Online
Kohl's,1189833,2021-04-06,West,California,Los Angeles,Women's Apparel,$41.00 ,188,771,$270 ,Online
Foot Locker,1185732,2021-02-12,Midwest,South Dakota,Sioux Falls,Men's Apparel,$48.00 ,46,221,$99 ,Online
Sports Direct,1185732,2021-01-07,Northeast,New Jersey,Newark,Women's Apparel,$37.00 ,81,300,$150 ,Online
West Gear,1185732,2021-10-03,Midwest,Wisconsin,Milwaukee,Women's Apparel,$50.00 ,250,"12,500","$5,000 ",In-store
Sports Direct,1128299,2021-02-17,Southeast,Florida,Orlando,Men's Apparel,$44.00 ,62,273,$65 ,Outlet
Amazon,1185732,2021-06-22,Southeast,Kentucky,Louisville,Men's Athletic Footwear,$35.00 ,275,"9,625","$3,369 ",Online
Foot Locker,1185732,2021-12-04,Northeast,Pennsylvania,Philadelphia,Men's Athletic Footwear,$44.00 ,102,449,$188 ,Outlet
West Gear,1197831,2021-07-06,West,Idaho,Boise,Men's Street Footwear,$48.00 ,217,"1,042",$521 ,Online
Foot Locker,1185732,2021-07-05,Southeast,South Carolina,Charleston,Men's Apparel,$65.00 ,800,"52,000","$18,200 ",Online
Kohl's,1189833,2021-01-29,Midwest,Montana,Billings,Women's Street Footwear,$44.00 ,165,726,$399 ,Online
Kohl's,1189833,2021-04-09,West,California,Los Angeles,Women's Street Footwear,$50.00 ,625,"31,250","$12,500 ",Outlet
Foot Locker,1185732,2021-04-12,Midwest,South Dakota,Sioux Falls,Men's Apparel,$56.00 ,29,162,$75 ,Online
West Gear,1197831,2021-08-20,South,Oklahoma,Oklahoma City,Men's Street Footwear,$60.00 ,675,"40,500","$16,200 ",Online
West Gear,1197831,2021-11-20,South,Arkansas,Little Rock,Men's Street Footwear,$18.00 ,176,317,$146 ,Outlet
Amazon,1185732,2021-07-20,West,Alaska,Anchorage,Men's Apparel,$61.00 ,91,555,$216 ,Online
Foot Locker,1185732,2021-12-03,Northeast,Connecticut,Hartford,Men's Street Footwear,$59.00 ,150,885,$451 ,Online
Amazon,1185732,2021-01-13,Southeast,North Carolina,Charlotte,Men's Apparel,$44.00 ,128,563,$282 ,Online
Foot Locker,1185732,2021-07-27,Midwest,Illinois,Chicago,Women's Athletic Footwear,$50.00 ,125,"6,250","$2,500 ",Outlet
Foot Locker,1185732,2021-12-05,Southeast,South Carolina,Charleston,Men's Athletic Footwear,$58.00 ,219,"1,270",$572 ,Online
Sports Direct,1185732,2021-07-02,Southeast,North Carolina,Charlotte,Women's Apparel,$64.00 ,263,"1,683","$1,060 ",Online
Sports Direct,1197831,2021-05-15,South,Tennessee,Knoxville,Men's Street Footwear,$55.00 ,800,"44,000","$19,800 ",Outlet
Foot Locker,1185732,2021-10-23,South,Texas,Dallas,Men's Athletic Footwear,$34.00 ,68,231,$90 ,Outlet
Foot Locker,1185732,2021-06-02,Midwest,Nebraska,Omaha,Men's Street Footwear,$38.00 ,122,464,$250 ,Online
Amazon,1185732,2021-02-22,West,Alaska,Anchorage,Men's Apparel,$60.00 ,75,450,$171 ,Online
Sports Direct,1197831,2021-08-15,South,Alabama,Birmingham,Women's Street Footwear,$30.00 ,450,"13,500","$6,075 ",Outlet
Amazon,1185732,2021-01-13,Southeast,North Carolina,Charlotte,Men's Street Footwear,$35.00 ,775,"27,125","$10,850 ",Online
Amazon,1185732,2021-10-14,South,Alabama,Birmingham,Women's Street Footwear,$23.00 ,83,191,$80 ,Outlet
Amazon,1185732,2021-01-21,Northeast,Vermont,Burlington,Women's Apparel,$50.00 ,325,"16,250","$5,688 ",In-store
Foot Locker,1185732,2021-06-15,Northeast,Delaware,Wilmington,Men's Street Footwear,$55.00 ,650,"35,750","$12,513 ",In-store
Kohl's,1189833,2021-03-18,West,California,Los Angeles,Women's Apparel,$32.00 ,208,666,$173 ,Outlet
Foot Locker,1185732,2021-09-06,Northeast,Rhode Island,Providence,Women's Athletic Footwear,$40.00 ,100,"4,000","$1,600 ",In-store
Foot Locker,1185732,2021-12-17,Northeast,New Hampshire,Manchester,Men's Athletic Footwear,$65.00 ,425,"27,625","$11,050 ",Outlet
Kohl's,1185732,2021-12-13,Northeast,Delaware,Wilmington,Men's Athletic Footwear,$50.00 ,100,500,$240 ,Online
Walmart,1128299,2021-07-16,Southeast,Florida,Orlando,Men's Athletic Footwear,$74.00 ,263,"1,946",$545 ,Outlet
West Gear,1185732,2021-08-03,Midwest,Wisconsin,Milwaukee,Women's Apparel,$55.00 ,350,"19,250","$7,700 ",In-store
Sports Direct,1197831,2021-09-27,South,Alabama,Birmingham,Women's Athletic Footwear,$32.00 ,91,291,$213 ,Online
Amazon,1185732,2021-12-17,Northeast,Maine,Portland,Women's Apparel,$70.00 ,300,"21,000","$8,400 ",Outlet
Kohl's,1128299,2021-09-27,West,New Mexico,Albuquerque,Women's Apparel,$59.00 ,133,785,$282 ,Online
Kohl's,1189833,2021-02-17,West,California,San Francisco,Men's Street Footwear,$35.00 ,700,"24,500","$9,800 ",Outlet
Foot Locker,1128299,2021-07-09,West,Hawaii,Honolulu,Men's Athletic Footwear,$85.00 ,650,"55,250","$11,050 ",Outlet
Sports Direct,1197831,2021-04-30,South,Tennessee,Knoxville,Women's Athletic Footwear,$55.00 ,400,"22,000","$12,100 ",Outlet
Foot Locker,1128299,2021-11-23,West,Arizona,Phoenix,Men's Athletic Footwear,$50.00 ,525,"26,250","$10,500 ",Online
Amazon,1185732,2021-12-20,West,Alaska,Anchorage,Men's Athletic Footwear,$65.00 ,400,"26,000","$9,100 ",Outlet
Kohl's,1197831,2021-08-13,Midwest,Kansas,Wichita,Women's Athletic Footwear,$40.00 ,300,"12,000","$4,200 ",Online
Sports Direct,1197831,2021-10-19,South,Texas,Dallas,Women's Athletic Footwear,$65.00 ,575,"37,375","$18,688 ",Outlet
Kohl's,1197831,2021-06-14,Midwest,Kansas,Wichita,Men's Athletic Footwear,$32.00 ,94,301,$144 ,Online
Foot Locker,1185732,2021-11-21,Northeast,Maryland,Baltimore,Men's Street Footwear,$58.00 ,88,510,$281 ,Online
West Gear,1185732,2021-07-10,West,Utah,Salt Lake City,Women's Athletic Footwear,$25.00 ,425,"10,625","$4,250 ",In-store
Kohl's,1189833,2021-01-27,Midwest,Montana,Billings,Men's Street Footwear,$40.00 ,675,"27,000","$12,150 ",Outlet
Walmart,1185732,2021-07-16,South,Mississippi,Jackson,Women's Athletic Footwear,$48.00 ,124,595,$315 ,Online
Sports Direct,1197831,2021-10-12,South,Texas,Dallas,Women's Street Footwear,$51.00 ,228,"1,163",$512 ,Outlet
Foot Locker,1185732,2021-05-16,South,Mississippi,Jackson,Women's Street Footwear,$26.00 ,136,354,$152 ,Outlet
Sports Direct,1185732,2021-08-14,Northeast,Massachusetts,Boston,Women's Athletic Footwear,$42.00 ,51,214,$77 ,Online
Sports Direct,1185732,2021-11-16,Midwest,Michigan,Detroit,Women's Apparel,$59.00 ,169,997,$688 ,Online
Sports Direct,1197831,2021-10-01,South,Alabama,Birmingham,Men's Athletic Footwear,$20.00 ,625,"12,500","$6,250 ",Outlet
Foot Locker,1185732,2021-04-06,Southeast,South Carolina,Charleston,Women's Athletic Footwear,$30.00 ,600,"18,000","$5,400 ",Online
Amazon,1185732,2021-07-21,Southeast,Kentucky,Louisville,Men's Apparel,$50.00 ,250,"12,500","$4,375 ",Online
Kohl's,1128299,2021-04-26,West,New Mexico,Albuquerque,Men's Street Footwear,$41.00 ,165,677,$284 ,Outlet
Foot Locker,1185732,2021-06-12,Midwest,South Dakota,Sioux Falls,Women's Apparel,$50.00 ,94,470,$249 ,Online
Sports Direct,1197831,2021-09-30,South,Texas,Dallas,Women's Street Footwear,$60.00 ,725,"43,500","$17,400 ",Outlet
Kohl's,1189833,2021-05-10,West,California,Los Angeles,Women's Athletic Footwear,$46.00 ,176,810,$405 ,Online
Foot Locker,1185732,2021-06-15,Northeast,Delaware,Wilmington,Men's Apparel,$55.00 ,300,"16,500","$4,950 ",In-store
Sports Direct,1185732,2021-08-04,Northeast,Connecticut,Hartford,Men's Street Footwear,$51.00 ,163,831,$457 ,Online
Kohl's,1128299,2021-11-26,West,New Mexico,Albuquerque,Women's Street Footwear,$54.00 ,117,632,$303 ,Online
West Gear,1185732,2021-07-02,Midwest,Wisconsin,Milwaukee,Men's Apparel,$50.00 ,200,"10,000","$5,000 ",In-store
Sports Direct,1128299,2021-12-25,West,New Mexico,Albuquerque,Women's Street Footwear,$60.00 ,500,"30,000","$10,500 ",Online
Sports Direct,1197831,2021-04-23,South,Tennessee,Knoxville,Women's Street Footwear,$46.00 ,285,"1,311",$787 ,Online
Foot Locker,1185732,2021-11-18,Northeast,New Hampshire,Manchester,Women's Apparel,$61.00 ,120,732,$300 ,Outlet
Amazon,1185732,2021-12-09,Midwest,Ohio,Columbus,Men's Street Footwear,$75.00 ,825,"61,875","$24,750 ",Online
West Gear,1185732,2021-07-08,Northeast,New York,Albany,Men's Athletic Footwear,$56.00 ,196,"1,098",$494 ,Online
Foot Locker,1185732,2021-11-07,Northeast,Pennsylvania,Philadelphia,Men's Apparel,$58.00 ,20,116,$46 ,Online
Sports Direct,1197831,2021-08-30,South,Texas,Dallas,Men's Athletic Footwear,$30.00 ,700,"21,000","$7,350 ",Outlet
Foot Locker,1185732,2021-09-19,Midwest,Missouri,St. Louis,Women's Apparel,$30.00 ,350,"10,500","$5,250 ",In-store
Sports Direct,1185732,2021-05-15,Midwest,Michigan,Detroit,Men's Street Footwear,$48.00 ,207,994,$606 ,Online
Foot Locker,1185732,2021-05-07,Midwest,Iowa,Des Moines,Men's Apparel,$45.00 ,150,"6,750","$3,375 ",In-store
Kohl's,1185732,2021-03-10,West,Wyoming,Cheyenne,Women's Street Footwear,$27.00 ,149,402,$181 ,Online
West Gear,1185732,2021-04-11,West,Utah,Salt Lake City,Men's Athletic Footwear,$25.00 ,325,"8,125","$2,844 ",In-store
Kohl's,1189833,2021-03-08,Midwest,Montana,Billings,Men's Apparel,$55.00 ,400,"22,000","$13,200 ",Outlet
Foot Locker,1185732,2021-06-24,Midwest,Nebraska,Omaha,Men's Apparel,$45.00 ,150,"6,750","$2,363 ",Outlet
West Gear,1128299,2021-03-16,South,Louisiana,New Orleans,Women's Apparel,$29.00 ,109,316,$117 ,Outlet
Foot Locker,1128299,2021-01-24,West,Wyoming,Cheyenne,Men's Athletic Footwear,$36.00 ,105,378,$174 ,Online
Kohl's,1128299,2021-12-22,West,Arizona,Phoenix,Women's Athletic Footwear,$32.00 ,128,410,$168 ,Outlet
Foot Locker,1185732,2021-10-22,Northeast,Maryland,Baltimore,Women's Apparel,$65.00 ,200,"13,000","$3,900 ",In-store
West Gear,1197831,2021-10-21,South,Oklahoma,Oklahoma City,Women's Street Footwear,$20.00 ,56,112,$57 ,Online
Walmart,1185732,2021-09-16,South,Mississippi,Jackson,Women's Apparel,$32.00 ,130,416,$258 ,Online
West Gear,1185732,2021-07-10,West,Utah,Salt Lake City,Women's Apparel,$40.00 ,600,"24,000","$12,000 ",In-store
Sports Direct,1185732,2021-02-05,Northeast,Connecticut,Hartford,Women's Athletic Footwear,$35.00 ,125,"4,375","$1,313 ",In-store
Kohl's,1185732,2021-01-14,Northeast,New York,Albany,Women's Street Footwear,$30.00 ,600,"18,000","$6,300 ",In-store
Foot Locker,1197831,2021-07-06,West,Idaho,Boise,Women's Apparel,$65.00 ,800,"52,000","$28,600 ",Online
West Gear,1185732,2021-06-22,Northeast,Maryland,Baltimore,Men's Street Footwear,$47.00 ,125,588,$294 ,Online
West Gear,1185732,2021-12-02,Midwest,Wisconsin,Milwaukee,Men's Athletic Footwear,$49.00 ,102,500,$235 ,Online
West Gear,1185732,2021-03-20,Northeast,Maryland,Baltimore,Men's Athletic Footwear,$34.00 ,39,133,$62 ,Online
Foot Locker,1185732,2021-08-07,Northeast,Rhode Island,Providence,Women's Apparel,$55.00 ,300,"16,500","$6,600 ",In-store
Foot Locker,1128299,2021-05-24,West,Arizona,Phoenix,Women's Apparel,$70.00 ,375,"26,250","$6,563 ",Online
West Gear,1128299,2021-01-03,West,California,San Francisco,Women's Athletic Footwear,$56.00 ,182,"1,019",$459 ,Online
West Gear,1128299,2021-06-24,West,Oregon,Portland,Men's Apparel,$67.00 ,140,938,$431 ,Outlet
West Gear,1197831,2021-08-20,South,Oklahoma,Oklahoma City,Men's Apparel,$47.00 ,81,381,$171 ,Online
Foot Locker,1185732,2021-12-15,Midwest,Michigan,Detroit,Men's Apparel,$55.00 ,143,787,$409 ,Online
Amazon,1185732,2021-06-19,Northeast,New Hampshire,Manchester,Men's Apparel,$65.00 ,325,"21,125","$6,338 ",In-store
Sports Direct,1197831,2021-08-10,South,Alabama,Birmingham,Women's Athletic Footwear,$32.00 ,98,314,$194 ,Online
Kohl's,1128299,2021-04-26,West,New Mexico,Albuquerque,Women's Athletic Footwear,$55.00 ,300,"16,500","$5,775 ",Online
Foot Locker,1185732,2021-12-03,Northeast,Pennsylvania,Philadelphia,Men's Street Footwear,$65.00 ,525,"34,125","$18,769 ",Outlet
Kohl's,1189833,2021-05-12,West,California,Los Angeles,Women's Apparel,$49.00 ,210,"1,029",$226 ,Outlet
Foot Locker,1185732,2021-10-15,Northeast,Delaware,Wilmington,Women's Athletic Footwear,$52.00 ,44,229,$114 ,Online
Kohl's,1128299,2021-01-26,West,Arizona,Phoenix,Women's Athletic Footwear,$30.00 ,101,303,$115 ,Outlet
West Gear,1185732,2021-06-22,Northeast,Maryland,Baltimore,Men's Street Footwear,$50.00 ,500,"25,000","$10,000 ",In-store
Kohl's,1197831,2021-01-16,South,Oklahoma,Oklahoma City,Men's Apparel,$28.00 ,88,246,$101 ,Outlet
Foot Locker,1185732,2021-01-18,Midwest,Michigan,Detroit,Women's Street Footwear,$20.00 ,425,"8,500","$2,975 ",In-store
Foot Locker,1185732,2021-12-17,Midwest,Missouri,St. Louis,Men's Athletic Footwear,$35.00 ,450,"15,750","$5,513 ",In-store
Kohl's,1185732,2021-02-12,West,Wyoming,Cheyenne,Women's Apparel,$40.00 ,600,"24,000","$6,000 ",In-store
Foot Locker,1128299,2021-01-24,West,Wyoming,Cheyenne,Men's Street Footwear,$29.00 ,91,264,$121 ,Online
Sports Direct,1197831,2021-04-10,South,Tennessee,Knoxville,Men's Athletic Footwear,$45.00 ,775,"34,875","$13,950 ",Outlet
Foot Locker,1128299,2021-08-24,Southeast,Virginia,Richmond,Men's Apparel,$64.00 ,106,678,$346 ,Online
Foot Locker,1197831,2021-12-04,West,Idaho,Boise,Women's Street Footwear,$47.00 ,223,"1,048",$461 ,Outlet
Amazon,1185732,2021-07-17,Northeast,New Hampshire,Manchester,Women's Street Footwear,$54.00 ,109,589,$241 ,Online
West Gear,1185732,2021-06-17,Northeast,West Virginia,Charleston,Women's Athletic Footwear,$33.00 ,69,228,$118 ,Online
Sports Direct,1185732,2021-01-17,Northeast,Rhode Island,Providence,Women's Street Footwear,$22.00 ,75,165,$48 ,Outlet
Sports Direct,1185732,2021-03-15,Midwest,Michigan,Detroit,Women's Street Footwear,$25.00 ,475,"11,875","$3,563 ",In-store
Foot Locker,1185732,2021-01-10,Northeast,Connecticut,Hartford,Men's Apparel,$45.00 ,125,"5,625","$1,688 ",In-store
Foot Locker,1185732,2021-10-12,Midwest,South Dakota,Sioux Falls,Men's Street Footwear,$54.00 ,104,562,$258 ,Online
Kohl's,1128299,2021-04-26,West,New Mexico,Albuquerque,Women's Apparel,$75.00 ,375,"28,125","$7,031 ",Online
Amazon,1185732,2021-04-18,Northeast,New Hampshire,Manchester,Women's Athletic Footwear,$45.00 ,175,"7,875","$2,363 ",In-store
Sports Direct,1185732,2021-06-04,Southeast,North Carolina,Charlotte,Men's Street Footwear,$50.00 ,950,"47,500","$19,000 ",Online
Kohl's,1185732,2021-07-06,Northeast,New Jersey,Newark,Men's Apparel,$50.00 ,275,"13,750","$4,125 ",In-store
Kohl's,1189833,2021-01-26,Midwest,Montana,Billings,Women's Apparel,$60.00 ,400,"24,000","$6,000 ",Outlet
Foot Locker,1185732,2021-10-31,Northeast,Pennsylvania,Philadelphia,Women's Athletic Footwear,$39.00 ,13,51,$26 ,Online
Sports Direct,1128299,2021-03-12,Southeast,Georgia,Atlanta,Women's Apparel,$50.00 ,350,"17,500","$4,375 ",Online
Sports Direct,1185732,2021-01-06,Southeast,South Carolina,Charleston,Women's Street Footwear,$25.00 ,725,"18,125","$7,250 ",Online
Foot Locker,1185732,2021-03-06,Northeast,Rhode Island,Providence,Women's Apparel,$32.00 ,51,163,$88 ,Online
Sports Direct,1185732,2021-11-07,Northeast,Rhode Island,Providence,Women's Apparel,$46.00 ,83,382,$168 ,Outlet
Sports Direct,1185732,2021-02-04,Southeast,South Carolina,Charleston,Men's Athletic Footwear,$34.00 ,188,639,$307 ,Online
Foot Locker,1185732,2021-06-18,South,Mississippi,Jackson,Men's Athletic Footwear,$29.00 ,150,435,$170 ,Outlet
Foot Locker,1185732,2021-08-12,Midwest,South Dakota,Sioux Falls,Men's Athletic Footwear,$42.00 ,78,328,$147 ,Online
West Gear,1185732,2021-01-03,Midwest,Iowa,Des Moines,Men's Athletic Footwear,$29.00 ,70,203,$93 ,Online
Kohl's,1197831,2021-12-19,South,Oklahoma,Oklahoma City,Women's Apparel,$51.00 ,128,653,$281 ,Outlet
Sports Direct,1197831,2021-03-17,South,Tennessee,Knoxville,Men's Athletic Footwear,$33.00 ,181,597,$287 ,Online
Sports Direct,1128299,2021-03-12,Southeast,Georgia,Atlanta,Women's Athletic Footwear,$47.00 ,73,343,$178 ,Online
Amazon,1185732,2021-06-11,Midwest,Ohio,Columbus,Women's Athletic Footwear,$49.00 ,140,686,$350 ,Online
Sports Direct,1185732,2021-09-13,Northeast,Massachusetts,Boston,Men's Apparel,$52.00 ,34,177,$64 ,Online
Sports Direct,1128299,2021-07-12,Southeast,Georgia,Atlanta,Men's Apparel,$55.00 ,475,"26,125","$9,144 ",Online
West Gear,1185732,2021-10-10,Northeast,New York,Albany,Women's Street Footwear,$46.00 ,137,630,$252 ,Online
West Gear,1185732,2021-09-12,West,Utah,Salt Lake City,Men's Street Footwear,$23.00 ,228,524,$236 ,Outlet
Amazon,1185732,2021-04-10,Midwest,Ohio,Columbus,Women's Apparel,$34.00 ,137,466,$303 ,Online
Amazon,1185732,2021-09-10,Northeast,Vermont,Burlington,Women's Street Footwear,$50.00 ,225,"11,250","$3,938 ",In-store
Sports Direct,1185732,2021-01-17,Northeast,Rhode Island,Providence,Men's Athletic Footwear,$28.00 ,88,246,$84 ,Outlet
Kohl's,1197831,2021-12-19,South,Oklahoma,Oklahoma City,Men's Apparel,$70.00 ,325,"22,750","$7,963 ",Online
Amazon,1185732,2021-09-17,Northeast,Maine,Portland,Women's Apparel,$57.00 ,59,336,$175 ,Online
Sports Direct,1197831,2021-04-23,South,Tennessee,Knoxville,Women's Street Footwear,$39.00 ,314,"1,225",$576 ,Outlet
Sports Direct,1185732,2021-06-17,Midwest,Michigan,Detroit,Women's Athletic Footwear,$45.00 ,525,"23,625","$8,269 ",In-store
West Gear,1197831,2021-03-19,South,Oklahoma,Oklahoma City,Men's Apparel,$35.00 ,175,"6,125","$2,144 ",Online
Kohl's,1128299,2021-05-27,West,New Mexico,Albuquerque,Women's Street Footwear,$46.00 ,135,621,$255 ,Outlet
Kohl's,1185732,2021-12-13,Northeast,Delaware,Wilmington,Men's Street Footwear,$62.00 ,168,"1,042",$490 ,Online
Amazon,1185732,2021-08-11,Northeast,Vermont,Burlington,Women's Apparel,$61.00 ,104,634,$324 ,Online
Foot Locker,1128299,2021-09-24,West,Arizona,Phoenix,Women's Street Footwear,$45.00 ,425,"19,125","$6,694 ",Online
Sports Direct,1185732,2021-07-02,Southeast,North Carolina,Charlotte,Men's Athletic Footwear,$60.00 ,800,"48,000","$16,800 ",Online
West Gear,1185732,2021-08-09,Northeast,New York,Albany,Women's Street Footwear,$55.00 ,625,"34,375","$8,594 ",In-store
Foot Locker,1128299,2021-10-24,Southeast,Virginia,Richmond,Women's Street Footwear,$46.00 ,95,437,$201 ,Online
Amazon,1185732,2021-11-10,Midwest,Ohio,Columbus,Women's Apparel,$74.00 ,167,"1,236",$791 ,Online
West Gear,1197831,2021-03-19,South,Oklahoma,Oklahoma City,Women's Apparel,$23.00 ,69,159,$86 ,Online
Kohl's,1189833,2021-02-16,Midwest,Montana,Billings,Women's Street Footwear,$45.00 ,450,"20,250","$9,113 ",Outlet
Kohl's,1185732,2021-11-11,West,Wyoming,Cheyenne,Women's Apparel,$55.00 ,161,886,$345 ,Online
Kohl's,1128299,2021-04-26,West,New Mexico,Albuquerque,Women's Street Footwear,$44.00 ,140,616,$259 ,Outlet
West Gear,1185732,2021-02-11,West,Utah,Salt Lake City,Women's Apparel,$25.00 ,450,"11,250","$5,625 ",In-store
Foot Locker,1185732,2021-10-18,Midwest,Missouri,St. Louis,Women's Athletic Footwear,$25.00 ,225,"5,625","$2,250 ",In-store
Kohl's,1189833,2021-04-07,West,California,Los Angeles,Men's Street Footwear,$45.00 ,800,"36,000","$14,400 ",Outlet
Amazon,1185732,2021-12-13,Northeast,Massachusetts,Boston,Men's Street Footwear,$65.00 ,575,"37,375","$11,213 ",In-store
Amazon,1185732,2021-05-09,Midwest,Ohio,Columbus,Men's Street Footwear,$45.00 ,795,"35,775","$14,310 ",Online
Foot Locker,1185732,2021-07-09,Midwest,Illinois,Chicago,Women's Athletic Footwear,$40.00 ,200,"8,000","$3,200 ",Outlet
Foot Locker,1197831,2021-02-04,South,Louisiana,New Orleans,Men's Street Footwear,$25.00 ,625,"15,625","$4,688 ",Online
West Gear,1128299,2021-07-16,South,Louisiana,New Orleans,Women's Apparel,$110.00 ,650,"71,500","$25,025 ",Online
Sports Direct,1185732,2021-02-09,Midwest,North Dakota,Fargo,Men's Apparel,$45.00 ,175,"7,875","$2,756 ",Online
Amazon,1185732,2021-09-23,Southeast,Kentucky,Louisville,Men's Street Footwear,$48.00 ,137,658,$349 ,Online
West Gear,1197831,2021-08-20,South,Oklahoma,Oklahoma City,Women's Apparel,$55.00 ,475,"26,125","$10,450 ",Online
Sports Direct,1197831,2021-10-09,South,Texas,Dallas,Women's Apparel,$45.00 ,161,725,$507 ,Online
Foot Locker,1128299,2021-05-24,West,Arizona,Phoenix,Men's Athletic Footwear,$55.00 ,375,"20,625","$8,250 ",Online
Foot Locker,1185732,2021-07-15,Midwest,Nebraska,Omaha,Men's Athletic Footwear,$30.00 ,150,"4,500","$1,575 ",Outlet
West Gear,1185732,2021-01-03,Midwest,Iowa,Des Moines,Women's Street Footwear,$18.00 ,65,117,$48 ,Online
Sports Direct,1185732,2021-06-15,Northeast,Massachusetts,Boston,Men's Apparel,$39.00 ,74,289,$92 ,Outlet
Sports Direct,1197831,2021-09-05,South,Alabama,Birmingham,Women's Apparel,$50.00 ,245,"1,225",$882 ,Online
Sports Direct,1185732,2021-12-05,Southeast,South Carolina,Charleston,Women's Athletic Footwear,$60.00 ,775,"46,500","$13,950 ",Online
Foot Locker,1185732,2021-08-06,Southeast,South Carolina,Charleston,Women's Street Footwear,$50.00 ,231,"1,155",$462 ,Online
Foot Locker,1185732,2021-10-22,South,Texas,Dallas,Men's Street Footwear,$44.00 ,111,488,$342 ,Online
Kohl's,1128299,2021-05-27,West,New Mexico,Albuquerque,Women's Street Footwear,$56.00 ,126,706,$332 ,Online
Sports Direct,1185732,2021-02-15,Northeast,Massachusetts,Boston,Women's Athletic Footwear,$35.00 ,250,"8,750","$2,188 ",In-store
Sports Direct,1197831,2021-08-30,South,Alabama,Birmingham,Women's Apparel,$45.00 ,750,"33,750","$20,250 ",Outlet
Foot Locker,1185732,2021-12-08,Midwest,North Dakota,Fargo,Women's Athletic Footwear,$47.00 ,54,254,$104 ,Online
Foot Locker,1185732,2021-07-10,Midwest,Illinois,Chicago,Men's Apparel,$47.00 ,56,263,$121 ,Online
Amazon,1185732,2021-12-20,West,Alaska,Anchorage,Men's Street Footwear,$69.00 ,174,"1,201",$564 ,Online
Sports Direct,1185732,2021-10-04,Southeast,North Carolina,Charlotte,Men's Apparel,$42.00 ,149,626,$294 ,Online
Sports Direct,1185732,2021-03-13,Northeast,Massachusetts,Boston,Women's Apparel,$40.00 ,200,"8,000","$2,400 ",In-store
Walmart,1128299,2021-04-17,Southeast,Florida,Orlando,Women's Street Footwear,$70.00 ,400,"28,000","$8,400 ",Outlet
Kohl's,1197831,2021-10-14,Midwest,Kansas,Wichita,Men's Athletic Footwear,$20.00 ,325,"6,500","$2,275 ",Online
Walmart,1128299,2021-06-17,Southeast,Florida,Orlando,Men's Athletic Footwear,$70.00 ,700,"49,000","$12,250 ",In-store
West Gear,1185732,2021-11-10,Midwest,Indiana,Indianapolis,Men's Apparel,$60.00 ,250,"15,000","$4,500 ",In-store
Sports Direct,1128299,2021-12-09,West,Hawaii,Honolulu,Men's Apparel,$84.00 ,128,"1,075",$280 ,Online
Kohl's,1189833,2021-03-16,West,California,Los Angeles,Women's Athletic Footwear,$45.00 ,525,"23,625","$8,269 ",Outlet
West Gear,1185732,2021-04-17,Northeast,West Virginia,Charleston,Men's Apparel,$65.00 ,200,"13,000","$5,200 ",In-store
Sports Direct,1185732,2021-08-03,Southeast,North Carolina,Charlotte,Women's Apparel,$54.00 ,231,"1,247",$798 ,Online
Sports Direct,1185732,2021-06-04,Southeast,North Carolina,Charlotte,Women's Street Footwear,$50.00 ,675,"33,750","$13,500 ",Online
Kohl's,1185732,2021-02-08,Northeast,Delaware,Wilmington,Men's Athletic Footwear,$35.00 ,175,"6,125","$2,144 ",In-store
Sports Direct,1197831,2021-09-03,South,Alabama,Birmingham,Women's Athletic Footwear,$31.00 ,210,651,$391 ,Outlet
Foot Locker,1185732,2021-08-09,Midwest,Illinois,Chicago,Men's Apparel,$60.00 ,200,"12,000","$4,200 ",Outlet
Amazon,1185732,2021-02-11,Southeast,North Carolina,Charlotte,Men's Street Footwear,$32.00 ,231,739,$370 ,Online
Kohl's,1185732,2021-10-08,Northeast,New Jersey,Newark,Women's Athletic Footwear,$48.00 ,31,149,$77 ,Online
Sports Direct,1185732,2021-07-13,Northeast,Massachusetts,Boston,Women's Apparel,$41.00 ,132,541,$173 ,Outlet
Amazon,1185732,2021-04-21,West,Alaska,Anchorage,Women's Athletic Footwear,$47.00 ,44,207,$77 ,Online
West Gear,1185732,2021-01-03,Midwest,Iowa,Des Moines,Men's Street Footwear,$30.00 ,450,"13,500","$4,050 ",In-store
West Gear,1185732,2021-02-17,Midwest,Indiana,Indianapolis,Men's Athletic Footwear,$38.00 ,50,190,$105 ,Online
West Gear,1185732,2021-10-11,West,Utah,Salt Lake City,Women's Apparel,$25.00 ,140,350,$189 ,Outlet
West Gear,1128299,2021-06-17,South,Louisiana,New Orleans,Men's Athletic Footwear,$70.00 ,700,"49,000","$19,600 ",Online
Amazon,1185732,2021-10-15,South,Alabama,Birmingham,Women's Athletic Footwear,$35.00 ,100,"3,500","$1,050 ",Outlet
West Gear,1197831,2021-04-05,West,Idaho,Boise,Men's Street Footwear,$15.00 ,215,323,$135 ,Outlet
West Gear,1128299,2021-12-16,South,Louisiana,New Orleans,Men's Street Footwear,$46.00 ,272,"1,251",$576 ,Outlet
Sports Direct,1197831,2021-08-09,South,Alabama,Birmingham,Women's Street Footwear,$26.00 ,136,354,$156 ,Outlet
Amazon,1185732,2021-10-30,Northeast,Maine,Portland,Men's Street Footwear,$37.00 ,122,451,$217 ,Online
Foot Locker,1128299,2021-08-10,West,Hawaii,Honolulu,Men's Street Footwear,$79.00 ,210,"1,659",$614 ,Online
Sports Direct,1185732,2021-04-09,Midwest,North Dakota,Fargo,Men's Athletic Footwear,$30.00 ,150,"4,500","$1,350 ",Online
West Gear,1185732,2021-12-09,Midwest,Ohio,Columbus,Women's Apparel,$80.00 ,625,"50,000","$25,000 ",Online
Sports Direct,1185732,2021-04-14,Northeast,Massachusetts,Boston,Men's Apparel,$33.00 ,44,145,$39 ,Outlet
Sports Direct,1128299,2021-10-13,Southeast,Georgia,Atlanta,Men's Apparel,$41.00 ,102,418,$167 ,Outlet
Sports Direct,1185732,2021-06-17,Midwest,Michigan,Detroit,Women's Athletic Footwear,$43.00 ,158,679,$326 ,Online
Amazon,1185732,2021-06-12,Northeast,Vermont,Burlington,Women's Athletic Footwear,$50.00 ,300,"15,000","$5,250 ",In-store
Foot Locker,1185732,2021-06-15,Northeast,Delaware,Wilmington,Women's Apparel,$56.00 ,135,756,$401 ,Online
Amazon,1185732,2021-05-20,West,Alaska,Anchorage,Men's Apparel,$62.00 ,69,428,$163 ,Online
Amazon,1185732,2021-11-21,West,Alaska,Anchorage,Women's Street Footwear,$59.00 ,93,549,$214 ,Online
Foot Locker,1197831,2021-11-13,Midwest,Kansas,Wichita,Men's Apparel,$68.00 ,70,476,$219 ,Online
West Gear,1197831,2021-05-19,South,Oklahoma,Oklahoma City,Women's Athletic Footwear,$35.00 ,225,"7,875","$3,150 ",Online
Sports Direct,1197831,2021-04-27,South,Tennessee,Knoxville,Men's Street Footwear,$40.00 ,209,836,$418 ,Outlet
Kohl's,1185732,2021-12-10,West,Wyoming,Cheyenne,Men's Street Footwear,$52.00 ,224,"1,165",$711 ,Online
Sports Direct,1128299,2021-10-13,Southeast,Georgia,Atlanta,Men's Street Footwear,$45.00 ,525,"23,625","$9,450 ",Online
Kohl's,1128299,2021-02-26,West,New Mexico,Albuquerque,Women's Athletic Footwear,$45.00 ,275,"12,375","$4,331 ",Online
Foot Locker,1185732,2021-10-30,Northeast,Pennsylvania,Philadelphia,Women's Street Footwear,$35.00 ,175,"6,125","$2,450 ",Outlet
Walmart,1128299,2021-12-09,West,Hawaii,Honolulu,Men's Street Footwear,$68.00 ,189,"1,285",$514 ,Online
Foot Locker,1128299,2021-02-23,West,Idaho,Boise,Women's Street Footwear,$38.00 ,105,399,$188 ,Online
Foot Locker,1185732,2021-02-06,Midwest,North Dakota,Fargo,Men's Athletic Footwear,$28.00 ,45,126,$58 ,Online
Kohl's,1185732,2021-05-06,Northeast,New Jersey,Newark,Women's Athletic Footwear,$38.00 ,56,213,$106 ,Online
Sports Direct,1197831,2021-09-13,South,Texas,Dallas,Women's Athletic Footwear,$43.00 ,174,748,$412 ,Online
Foot Locker,1185732,2021-01-12,Midwest,Kansas,Wichita,Women's Street Footwear,$27.00 ,83,224,$99 ,Online
Kohl's,1189833,2021-01-23,Midwest,Montana,Billings,Women's Street Footwear,$44.00 ,111,488,$269 ,Online
Foot Locker,1185732,2021-02-15,Northeast,Maryland,Baltimore,Men's Street Footwear,$39.00 ,144,562,$281 ,Online
Kohl's,1189833,2021-05-22,West,California,Los Angeles,Women's Athletic Footwear,$47.00 ,176,827,$372 ,Online
West Gear,1185732,2021-01-10,Midwest,Wisconsin,Milwaukee,Women's Athletic Footwear,$28.00 ,44,123,$59 ,Online
Foot Locker,1185732,2021-06-22,Northeast,Maryland,Baltimore,Men's Apparel,$50.00 ,150,"7,500","$2,250 ",In-store
Foot Locker,1185732,2021-03-17,Midwest,Missouri,St. Louis,Men's Apparel,$41.00 ,75,308,$151 ,Online
Foot Locker,1185732,2021-03-05,Southeast,South Carolina,Charleston,Women's Apparel,$32.00 ,189,605,$381 ,Online
West Gear,1197831,2021-06-04,West,Idaho,Boise,Women's Athletic Footwear,$33.00 ,187,617,$302 ,Outlet
Foot Locker,1185732,2021-07-06,Northeast,Rhode Island,Providence,Women's Apparel,$50.00 ,116,580,$290 ,Online
Sports Direct,1197831,2021-08-01,Midwest,Nebraska,Omaha,Men's Street Footwear,$19.00 ,203,386,$204 ,Online
West Gear,1185732,2021-02-10,Southeast,Florida,Orlando,Women's Street Footwear,$23.00 ,204,469,$150 ,Outlet
West Gear,1185732,2021-07-09,Midwest,Indiana,Indianapolis,Men's Athletic Footwear,$49.00 ,84,412,$206 ,Online
Amazon,1185732,2021-02-22,Midwest,Ohio,Columbus,Men's Street Footwear,$38.00 ,138,524,$278 ,Online
Foot Locker,1128299,2021-03-09,West,Hawaii,Honolulu,Women's Apparel,$50.00 ,85,425,$234 ,Online
Sports Direct,1128299,2021-07-12,Southeast,Georgia,Atlanta,Women's Apparel,$51.00 ,157,801,$232 ,Outlet
Sports Direct,1197831,2021-04-30,South,Tennessee,Knoxville,Women's Athletic Footwear,$53.00 ,100,530,$371 ,Online
Foot Locker,1197831,2021-02-04,West,Idaho,Boise,Women's Apparel,$26.00 ,135,351,$183 ,Outlet
Foot Locker,1185732,2021-06-23,Midwest,Illinois,Chicago,Women's Apparel,$50.00 ,225,"11,250","$5,625 ",Outlet
West Gear,1185732,2021-03-10,West,Utah,Salt Lake City,Men's Street Footwear,$20.00 ,228,456,$196 ,Outlet
Sports Direct,1185732,2021-06-04,Southeast,North Carolina,Charlotte,Women's Apparel,$67.00 ,231,"1,548",$929 ,Online
Sports Direct,1185732,2021-02-04,Southeast,South Carolina,Charleston,Men's Street Footwear,$34.00 ,263,894,$447 ,Online
Kohl's,1185732,2021-05-06,Northeast,New Jersey,Newark,Women's Apparel,$55.00 ,350,"19,250","$7,700 ",In-store
Amazon,1185732,2021-04-21,West,Alaska,Anchorage,Women's Athletic Footwear,$50.00 ,150,"7,500","$1,875 ",Outlet
West Gear,1128299,2021-04-17,South,Louisiana,New Orleans,Women's Street Footwear,$40.00 ,120,480,$202 ,Outlet
Amazon,1185732,2021-06-11,Midwest,Ohio,Columbus,Women's Athletic Footwear,$50.00 ,500,"25,000","$10,000 ",Online
Foot Locker,1185732,2021-08-14,Northeast,Delaware,Wilmington,Men's Athletic Footwear,$47.00 ,128,602,$277 ,Online
Foot Locker,1185732,2021-01-09,Southeast,Georgia,Atlanta,Women's Athletic Footwear,$34.00 ,203,690,$304 ,Online
Sports Direct,1128299,2021-05-14,Southeast,Georgia,Atlanta,Men's Street Footwear,$47.00 ,160,752,$406 ,Online
Foot Locker,1185732,2021-12-26,Northeast,Pennsylvania,Philadelphia,Women's Apparel,$53.00 ,75,398,$143 ,Outlet
Sports Direct,1185732,2021-10-18,South,Mississippi,Jackson,Women's Apparel,$27.00 ,162,437,$236 ,Outlet
Sports Direct,1128299,2021-12-23,Southeast,Virginia,Richmond,Women's Street Footwear,$70.00 ,550,"38,500","$13,475 ",In-store
Foot Locker,1197831,2021-02-04,South,Louisiana,New Orleans,Women's Street Footwear,$35.00 ,425,"14,875","$4,463 ",Online
West Gear,1185732,2021-08-10,Midwest,Indiana,Indianapolis,Men's Street Footwear,$47.00 ,152,714,$393 ,Online
Kohl's,1128299,2021-10-26,West,New Mexico,Albuquerque,Men's Street Footwear,$50.00 ,550,"27,500","$9,625 ",Online
Sports Direct,1197831,2021-05-18,South,Tennessee,Knoxville,Women's Athletic Footwear,$44.00 ,176,774,$465 ,Outlet
Foot Locker,1185732,2021-01-20,Southeast,Kentucky,Louisville,Women's Athletic Footwear,$23.00 ,101,232,$123 ,Online
Amazon,1185732,2021-10-19,Northeast,Maine,Portland,Women's Street Footwear,$52.00 ,31,161,$89 ,Online
Foot Locker,1185732,2021-01-09,Southeast,Georgia,Atlanta,Men's Athletic Footwear,$30.00 ,256,768,$307 ,Outlet
Foot Locker,1185732,2021-08-04,Midwest,Illinois,Chicago,Women's Apparel,$65.00 ,250,"16,250","$8,125 ",Outlet
West Gear,1185732,2021-04-21,Northeast,Maryland,Baltimore,Men's Street Footwear,$35.00 ,425,"14,875","$5,950 ",In-store
West Gear,1185732,2021-02-17,Midwest,Indiana,Indianapolis,Women's Street Footwear,$27.00 ,75,203,$103 ,Online
Sports Direct,1128299,2021-05-14,Southeast,Georgia,Atlanta,Men's Athletic Footwear,$55.00 ,400,"22,000","$8,800 ",Online
Kohl's,1128299,2021-04-26,West,New Mexico,Albuquerque,Men's Athletic Footwear,$59.00 ,98,578,$289 ,Online
Foot Locker,1197831,2021-12-04,West,Idaho,Boise,Men's Athletic Footwear,$41.00 ,240,984,$453 ,Outlet
Foot Locker,1185732,2021-08-06,Midwest,Iowa,Des Moines,Men's Athletic Footwear,$42.00 ,78,328,$151 ,Online
West Gear,1185732,2021-05-04,Midwest,Wisconsin,Milwaukee,Men's Apparel,$45.00 ,175,"7,875","$3,938 ",In-store
Sports Direct,1128299,2021-12-25,West,New Mexico,Albuquerque,Men's Apparel,$70.00 ,425,"29,750","$8,925 ",Online
Foot Locker,1185732,2021-02-12,Midwest,Kansas,Wichita,Men's Street Footwear,$37.00 ,158,585,$292 ,Online
West Gear,1128299,2021-01-15,West,California,San Francisco,Women's Athletic Footwear,$46.00 ,247,"1,136",$409 ,Outlet
Sports Direct,1185732,2021-05-13,Northeast,Massachusetts,Boston,Women's Street Footwear,$41.00 ,56,230,$92 ,Online
Sports Direct,1185732,2021-04-03,Southeast,North Carolina,Charlotte,Men's Athletic Footwear,$30.00 ,575,"17,250","$6,038 ",Online
Amazon,1185732,2021-11-14,Northeast,Maine,Portland,Women's Athletic Footwear,$45.00 ,175,"7,875","$2,363 ",Outlet
West Gear,1185732,2021-04-03,Midwest,Wisconsin,Milwaukee,Men's Athletic Footwear,$20.00 ,150,"3,000","$1,050 ",In-store
Kohl's,1128299,2021-08-26,West,New Mexico,Albuquerque,Men's Street Footwear,$56.00 ,175,980,$490 ,Online
Sports Direct,1185732,2021-05-10,Midwest,North Dakota,Fargo,Men's Street Footwear,$55.00 ,129,710,$341 ,Online
Foot Locker,1185732,2021-09-07,Midwest,Iowa,Des Moines,Women's Athletic Footwear,$25.00 ,150,"3,750","$1,125 ",In-store
West Gear,1197831,2021-10-21,South,Oklahoma,Oklahoma City,Women's Street Footwear,$14.00 ,74,104,$44 ,Outlet
Sports Direct,1197831,2021-09-14,South,Texas,Dallas,Men's Apparel,$50.00 ,500,"25,000","$7,500 ",Outlet
Walmart,1197831,2021-05-19,South,Arkansas,Little Rock,Men's Athletic Footwear,$38.00 ,113,429,$215 ,Online
Sports Direct,1197831,2021-08-17,South,Alabama,Birmingham,Men's Apparel,$37.00 ,73,270,$135 ,Online
Foot Locker,1185732,2021-06-01,West,California,Los Angeles,Men's Athletic Footwear,$31.00 ,91,282,$116 ,Outlet
Foot Locker,1128299,2021-06-23,West,Arizona,Phoenix,Men's Athletic Footwear,$51.00 ,138,704,$366 ,Online
Foot Locker,1128299,2021-05-25,Southeast,Virginia,Richmond,Men's Street Footwear,$50.00 ,500,"25,000","$8,750 ",In-store
Sports Direct,1197831,2021-03-25,South,Tennessee,Knoxville,Women's Athletic Footwear,$35.00 ,375,"13,125","$6,563 ",Outlet
Kohl's,1189833,2021-05-11,West,California,Los Angeles,Men's Apparel,$58.00 ,163,945,$633 ,Online
Kohl's,1189833,2021-05-29,West,California,Los Angeles,Men's Apparel,$43.00 ,219,942,$584 ,Outlet
Amazon,1185732,2021-01-21,Northeast,Vermont,Burlington,Women's Apparel,$35.00 ,101,354,$141 ,Outlet
Foot Locker,1185732,2021-11-04,Northeast,Connecticut,Hartford,Men's Street Footwear,$60.00 ,111,666,$333 ,Online
West Gear,1185732,2021-06-11,West,Utah,Salt Lake City,Women's Street Footwear,$19.00 ,115,219,$107 ,Online
Amazon,1185732,2021-05-09,Midwest,Ohio,Columbus,Men's Athletic Footwear,$44.00 ,135,594,$291 ,Online
Sports Direct,1185732,2021-10-08,Northeast,Rhode Island,Providence,Women's Apparel,$65.00 ,200,"13,000","$5,200 ",In-store
Sports Direct,1197831,2021-04-25,South,Tennessee,Knoxville,Men's Apparel,$49.00 ,133,652,$345 ,Online
Sports Direct,1197831,2021-05-03,South,Tennessee,Knoxville,Men's Street Footwear,$33.00 ,173,571,$325 ,Online
Amazon,1185732,2021-02-22,West,Alaska,Anchorage,Women's Street Footwear,$45.00 ,275,"12,375","$3,094 ",Outlet
Amazon,1185732,2021-04-18,Northeast,New Hampshire,Manchester,Women's Apparel,$50.00 ,325,"16,250","$5,688 ",In-store
Kohl's,1185732,2021-01-10,Northeast,Delaware,Wilmington,Women's Apparel,$35.00 ,275,"9,625","$3,850 ",In-store
Walmart,1197831,2021-03-19,South,Arkansas,Little Rock,Women's Street Footwear,$10.00 ,350,"3,500","$1,400 ",Online
Foot Locker,1128299,2021-07-22,West,Arizona,Phoenix,Women's Street Footwear,$55.00 ,475,"26,125","$9,144 ",Online
Foot Locker,1185732,2021-08-12,Midwest,South Dakota,Sioux Falls,Women's Athletic Footwear,$40.00 ,200,"8,000","$2,400 ",Online
Sports Direct,1128299,2021-09-14,Southeast,Georgia,Atlanta,Women's Apparel,$60.00 ,450,"27,000","$6,750 ",Online
Sports Direct,1197831,2021-04-23,South,Tennessee,Knoxville,Women's Street Footwear,$50.00 ,950,"47,500","$21,375 ",Outlet
Sports Direct,1197831,2021-08-27,South,Alabama,Birmingham,Women's Street Footwear,$15.00 ,173,260,$145 ,Online
Kohl's,1128299,2021-05-27,West,New Mexico,Albuquerque,Men's Street Footwear,$55.00 ,575,"31,625","$11,069 ",Online
Foot Locker,1185732,2021-01-06,Midwest,North Dakota,Fargo,Women's Apparel,$28.00 ,75,210,$109 ,Online
Amazon,1185732,2021-11-21,West,Alaska,Anchorage,Women's Athletic Footwear,$62.00 ,90,558,$212 ,Online
Kohl's,1189833,2021-04-21,West,California,Los Angeles,Women's Street Footwear,$35.00 ,233,816,$343 ,Outlet
Foot Locker,1185732,2021-07-23,Midwest,Illinois,Chicago,Women's Apparel,$55.00 ,250,"13,750","$6,875 ",Outlet
Amazon,1185732,2021-08-18,Northeast,New Hampshire,Manchester,Men's Athletic Footwear,$58.00 ,135,783,$423 ,Online
Sports Direct,1185732,2021-03-13,Northeast,Massachusetts,Boston,Women's Athletic Footwear,$35.00 ,300,"10,500","$2,625 ",In-store
Sports Direct,1197831,2021-03-19,South,Tennessee,Knoxville,Women's Athletic Footwear,$33.00 ,108,356,$214 ,Online
Sports Direct,1197831,2021-08-20,South,Texas,Dallas,Women's Athletic Footwear,$28.00 ,136,381,$171 ,Outlet
Sports Direct,1185732,2021-11-07,Northeast,New Jersey,Newark,Men's Street Footwear,$59.00 ,108,637,$306 ,Online
Foot Locker,1128299,2021-08-24,Southeast,Virginia,Richmond,Women's Athletic Footwear,$52.00 ,136,707,$276 ,Outlet
West Gear,1197831,2021-09-19,South,Oklahoma,Oklahoma City,Women's Street Footwear,$14.00 ,69,97,$49 ,Online
Kohl's,1189833,2021-05-13,West,California,Los Angeles,Men's Street Footwear,$49.00 ,224,"1,098",$549 ,Online
West Gear,1185732,2021-12-05,Midwest,Iowa,Des Moines,Men's Street Footwear,$54.00 ,147,794,$333 ,Online
Kohl's,1197831,2021-10-21,South,Oklahoma,Oklahoma City,Women's Apparel,$29.00 ,91,264,$145 ,Online
Amazon,1185732,2021-08-18,Northeast,New Hampshire,Manchester,Men's Apparel,$65.00 ,250,"16,250","$4,875 ",Outlet
West Gear,1185732,2021-04-17,Northeast,West Virginia,Charleston,Women's Athletic Footwear,$25.00 ,47,118,$61 ,Online
Foot Locker,1185732,2021-03-13,Northeast,Delaware,Wilmington,Men's Street Footwear,$40.00 ,545,"21,800","$7,630 ",In-store
West Gear,1197831,2021-11-20,South,Arkansas,Little Rock,Women's Athletic Footwear,$41.00 ,128,525,$231 ,Outlet
Foot Locker,1128299,2021-11-24,Southeast,Virginia,Richmond,Women's Athletic Footwear,$52.00 ,113,588,$282 ,Online
Foot Locker,1185732,2021-03-17,Midwest,Missouri,St. Louis,Men's Apparel,$45.00 ,250,"11,250","$3,938 ",In-store
Walmart,1197831,2021-05-19,South,Arkansas,Little Rock,Men's Athletic Footwear,$40.00 ,375,"15,000","$5,250 ",Online
Foot Locker,1185732,2021-08-06,Midwest,Illinois,Chicago,Men's Athletic Footwear,$50.00 ,300,"15,000","$5,250 ",Outlet
Foot Locker,1185732,2021-07-11,Midwest,Nebraska,Omaha,Women's Athletic Footwear,$19.00 ,23,44,$23 ,Online
West Gear,1197831,2021-04-05,West,Idaho,Boise,Women's Athletic Footwear,$30.00 ,375,"11,250","$5,063 ",Online
Kohl's,1185732,2021-04-07,Northeast,New Jersey,Newark,Men's Athletic Footwear,$33.00 ,51,168,$77 ,Online
Sports Direct,1197831,2021-10-12,South,Texas,Dallas,Women's Street Footwear,$65.00 ,650,"42,250","$16,900 ",Outlet
Foot Locker,1185732,2021-02-12,Midwest,South Dakota,Sioux Falls,Women's Athletic Footwear,$35.00 ,100,"3,500","$1,050 ",Online
Foot Locker,1185732,2021-11-18,Midwest,Missouri,St. Louis,Women's Apparel,$50.00 ,400,"20,000","$10,000 ",In-store
Sports Direct,1197831,2021-09-14,South,Texas,Dallas,Men's Apparel,$45.00 ,145,653,$281 ,Online
Sports Direct,1197831,2021-10-18,South,Texas,Dallas,Women's Street Footwear,$46.00 ,239,"1,099",$484 ,Outlet
Kohl's,1189833,2021-04-17,West,California,Los Angeles,Men's Apparel,$50.00 ,450,"22,500","$12,375 ",Outlet
Amazon,1185732,2021-03-10,Northeast,Vermont,Burlington,Men's Street Footwear,$44.00 ,142,625,$375 ,Online
Foot Locker,1128299,2021-02-23,West,Arizona,Phoenix,Women's Athletic Footwear,$40.00 ,225,"9,000","$3,150 ",Online
Sports Direct,1185732,2021-01-07,Northeast,New Jersey,Newark,Women's Athletic Footwear,$33.00 ,42,139,$61 ,Online
West Gear,1128299,2021-09-25,West,Oregon,Portland,Women's Apparel,$36.00 ,85,306,$98 ,Outlet
West Gear,1128299,2021-11-17,South,Louisiana,New Orleans,Men's Athletic Footwear,$45.00 ,700,"31,500","$12,600 ",Online
West Gear,1197831,2021-02-21,South,Arkansas,Little Rock,Men's Street Footwear,$18.00 ,206,371,$163 ,Outlet
Sports Direct,1197831,2021-03-23,South,Tennessee,Knoxville,Men's Athletic Footwear,$40.00 ,650,"26,000","$10,400 ",Outlet
West Gear,1128299,2021-06-24,West,Oregon,Portland,Women's Athletic Footwear,$74.00 ,158,"1,169",$585 ,Online
Kohl's,1189833,2021-05-01,West,California,Los Angeles,Men's Street Footwear,$47.00 ,252,"1,184",$616 ,Online
Amazon,1185732,2021-11-18,Northeast,Maine,Portland,Women's Athletic Footwear,$55.00 ,175,"9,625","$2,888 ",Outlet
Foot Locker,1185732,2021-06-05,Midwest,Nebraska,Omaha,Women's Athletic Footwear,$33.00 ,0,0,$0 ,Online
Amazon,1185732,2021-03-09,Midwest,Ohio,Columbus,Men's Athletic Footwear,$27.00 ,126,340,$153 ,Online
Sports Direct,1185732,2021-06-15,Northeast,Massachusetts,Boston,Women's Apparel,$47.00 ,120,564,$197 ,Outlet
Foot Locker,1185732,2021-02-08,Northeast,Connecticut,Hartford,Men's Athletic Footwear,$24.00 ,41,98,$38 ,Outlet
Foot Locker,1197831,2021-08-08,West,Idaho,Boise,Women's Athletic Footwear,$33.00 ,162,535,$294 ,Outlet
Sports Direct,1185732,2021-01-09,Midwest,South Dakota,Sioux Falls,Men's Street Footwear,$33.00 ,128,422,$190 ,Online
Foot Locker,1185732,2021-12-21,Southeast,Kentucky,Louisville,Men's Street Footwear,$65.00 ,525,"34,125","$13,650 ",Online
Sports Direct,1128299,2021-03-16,Southeast,Florida,Orlando,Men's Apparel,$61.00 ,44,268,$89 ,Online
Foot Locker,1185732,2021-02-22,Northeast,New Hampshire,Manchester,Men's Street Footwear,$55.00 ,575,"31,625","$11,069 ",Outlet
Sports Direct,1185732,2021-07-08,Midwest,North Dakota,Fargo,Women's Street Footwear,$37.00 ,59,218,$87 ,Online
Sports Direct,1128299,2021-01-13,West,New Mexico,Albuquerque,Men's Athletic Footwear,$40.00 ,450,"18,000","$7,200 ",Online
Foot Locker,1185732,2021-02-22,Northeast,West Virginia,Charleston,Men's Street Footwear,$32.00 ,138,442,$234 ,Online
Foot Locker,1185732,2021-04-17,South,Mississippi,Jackson,Women's Apparel,$28.00 ,124,347,$212 ,Online
West Gear,1185732,2021-04-11,West,Utah,Salt Lake City,Men's Street Footwear,$20.00 ,194,388,$178 ,Outlet
Sports Direct,1197831,2021-08-26,South,Alabama,Birmingham,Men's Athletic Footwear,$19.00 ,189,359,$212 ,Online
West Gear,1185732,2021-06-11,West,Utah,Salt Lake City,Women's Athletic Footwear,$13.00 ,132,172,$74 ,Outlet
Sports Direct,1197831,2021-08-16,South,Alabama,Birmingham,Women's Athletic Footwear,$35.00 ,350,"12,250","$6,738 ",Outlet
Walmart,1197831,2021-08-20,South,Arkansas,Little Rock,Women's Athletic Footwear,$29.00 ,132,383,$172 ,Outlet
Sports Direct,1128299,2021-01-13,West,New Mexico,Albuquerque,Women's Athletic Footwear,$39.00 ,75,293,$146 ,Online
West Gear,1185732,2021-05-11,Midwest,Indiana,Indianapolis,Men's Apparel,$44.00 ,58,255,$115 ,Online
West Gear,1128299,2021-01-28,West,California,San Francisco,Men's Apparel,$43.00 ,225,968,$464 ,Outlet
Foot Locker,1185732,2021-12-07,Northeast,Pennsylvania,Philadelphia,Men's Apparel,$65.00 ,175,"11,375","$3,981 ",Outlet
Foot Locker,1185732,2021-07-17,Midwest,Missouri,St. Louis,Women's Athletic Footwear,$29.00 ,101,293,$155 ,Online
Foot Locker,1185732,2021-11-26,Northeast,Pennsylvania,Philadelphia,Women's Apparel,$52.00 ,105,546,$191 ,Outlet
Foot Locker,1185732,2021-05-13,Midwest,South Dakota,Sioux Falls,Women's Apparel,$60.00 ,250,"15,000","$6,000 ",Online
Walmart,1128299,2021-04-17,Southeast,Florida,Orlando,Men's Street Footwear,$47.00 ,171,804,$289 ,Outlet
Foot Locker,1185732,2021-05-06,Northeast,Rhode Island,Providence,Women's Apparel,$55.00 ,300,"16,500","$6,600 ",In-store
Sports Direct,1197831,2021-09-15,South,Texas,Dallas,Women's Apparel,$55.00 ,875,"48,125","$24,063 ",Outlet
Sports Direct,1197831,2021-09-17,South,Texas,Dallas,Men's Athletic Footwear,$48.00 ,215,"1,032",$557 ,Online
Kohl's,1189833,2021-04-15,West,California,Los Angeles,Women's Street Footwear,$45.00 ,163,734,$381 ,Online
Sports Direct,1197831,2021-08-17,South,Texas,Dallas,Men's Street Footwear,$19.00 ,230,437,$140 ,Outlet
Amazon,1185732,2021-08-21,West,Alaska,Anchorage,Women's Apparel,$67.00 ,104,697,$293 ,Online
Sports Direct,1185732,2021-04-09,Midwest,North Dakota,Fargo,Women's Apparel,$50.00 ,225,"11,250","$4,500 ",In-store
Sports Direct,1185732,2021-09-15,Midwest,Michigan,Detroit,Women's Athletic Footwear,$35.00 ,475,"16,625","$5,819 ",In-store
Foot Locker,1185732,2021-05-16,South,Mississippi,Jackson,Women's Street Footwear,$35.00 ,425,"14,875","$5,950 ",Online
Kohl's,1128299,2021-01-26,West,Arizona,Phoenix,Women's Apparel,$45.00 ,475,"21,375","$5,344 ",Online
Amazon,1185732,2021-07-09,Midwest,Ohio,Columbus,Men's Street Footwear,$63.00 ,252,"1,588",$826 ,Online
Foot Locker,1128299,2021-05-24,West,Arizona,Phoenix,Men's Athletic Footwear,$36.00 ,116,418,$175 ,Outlet
Sports Direct,1197831,2021-04-14,South,Tennessee,Knoxville,Women's Apparel,$37.00 ,306,"1,132",$668 ,Outlet
Sports Direct,1185732,2021-09-02,Southeast,North Carolina,Charlotte,Women's Street Footwear,$28.00 ,175,490,$250 ,Online
Walmart,1128299,2021-11-17,Southeast,Florida,Orlando,Men's Athletic Footwear,$54.00 ,175,945,$359 ,Online
Amazon,1185732,2021-03-10,Northeast,Vermont,Burlington,Men's Athletic Footwear,$42.00 ,70,294,$168 ,Online
West Gear,1185732,2021-01-17,Midwest,Indiana,Indianapolis,Women's Street Footwear,$25.00 ,300,"7,500","$3,000 ",In-store
Sports Direct,1197831,2021-09-26,South,Texas,Dallas,Men's Apparel,$53.00 ,142,753,$361 ,Online
Foot Locker,1185732,2021-06-30,Midwest,Nebraska,Omaha,Men's Apparel,$41.00 ,44,180,$88 ,Online
Walmart,1128299,2021-09-11,West,Hawaii,Honolulu,Women's Athletic Footwear,$65.00 ,325,"21,125","$5,281 ",Outlet
Walmart,1197831,2021-07-19,South,Arkansas,Little Rock,Men's Apparel,$40.00 ,149,596,$238 ,Outlet
Kohl's,1185732,2021-12-08,Northeast,New York,Albany,Women's Athletic Footwear,$55.00 ,575,"31,625","$9,488 ",In-store
Amazon,1185732,2021-02-11,Midwest,Ohio,Columbus,Women's Athletic Footwear,$29.00 ,101,293,$146 ,Online
Kohl's,1185732,2021-04-11,West,Wyoming,Cheyenne,Men's Apparel,$50.00 ,425,"21,250","$6,375 ",In-store
Foot Locker,1197831,2021-12-04,West,Idaho,Boise,Women's Apparel,$60.00 ,196,"1,176",$811 ,Online
Sports Direct,1185732,2021-01-07,Northeast,New Jersey,Newark,Men's Athletic Footwear,$37.00 ,87,322,$167 ,Online
Walmart,1197831,2021-03-19,South,Arkansas,Little Rock,Women's Apparel,$25.00 ,350,"8,750","$3,500 ",Online
Foot Locker,1185732,2021-06-20,Midwest,Nebraska,Omaha,Men's Street Footwear,$40.00 ,400,"16,000","$6,400 ",Outlet
Foot Locker,1185732,2021-10-27,Northeast,Pennsylvania,Philadelphia,Women's Apparel,$32.00 ,70,224,$76 ,Outlet
Kohl's,1128299,2021-03-25,West,New Mexico,Albuquerque,Men's Street Footwear,$45.00 ,550,"24,750","$8,663 ",Online
Foot Locker,1185732,2021-04-07,Northeast,Rhode Island,Providence,Men's Apparel,$44.00 ,15,66,$26 ,Online
Kohl's,1189833,2021-04-10,West,California,Los Angeles,Women's Athletic Footwear,$31.00 ,173,536,$204 ,Outlet
Sports Direct,1197831,2021-05-14,South,Tennessee,Knoxville,Women's Apparel,$65.00 ,650,"42,250","$25,350 ",Outlet
West Gear,1197831,2021-11-20,South,Arkansas,Little Rock,Men's Street Footwear,$24.00 ,143,343,$172 ,Online
West Gear,1197831,2021-05-05,West,Idaho,Boise,Men's Apparel,$50.00 ,400,"20,000","$6,000 ",Online
Foot Locker,1185732,2021-07-16,South,Mississippi,Jackson,Men's Street Footwear,$60.00 ,850,"51,000","$20,400 ",Online
West Gear,1128299,2021-08-24,West,Oregon,Portland,Women's Street Footwear,$50.00 ,215,"1,075",$430 ,Outlet
Amazon,1185732,2021-06-11,Midwest,Ohio,Columbus,Men's Athletic Footwear,$45.00 ,550,"24,750","$8,663 ",Online
Walmart,1128299,2021-05-18,Southeast,Florida,Orlando,Women's Athletic Footwear,$39.00 ,107,417,$142 ,Outlet
Sports Direct,1128299,2021-01-13,West,New Mexico,Albuquerque,Men's Apparel,$41.00 ,63,258,$116 ,Online
West Gear,1197831,2021-05-05,West,Idaho,Boise,Women's Street Footwear,$18.00 ,184,331,$129 ,Outlet
Foot Locker,1185732,2021-11-30,Northeast,Pennsylvania,Philadelphia,Women's Athletic Footwear,$55.00 ,175,"9,625","$3,850 ",Outlet
West Gear,1185732,2021-08-11,West,Utah,Salt Lake City,Men's Athletic Footwear,$28.00 ,179,501,$211 ,Outlet
West Gear,1197831,2021-08-20,South,Oklahoma,Oklahoma City,Women's Street Footwear,$50.00 ,375,"18,750","$7,500 ",Online
Kohl's,1189833,2021-02-17,West,California,San Francisco,Men's Street Footwear,$26.00 ,224,582,$250 ,Outlet
Foot Locker,1185732,2021-06-18,South,Mississippi,Jackson,Men's Apparel,$57.00 ,135,770,$346 ,Online
Sports Direct,1197831,2021-08-28,South,Alabama,Birmingham,Women's Athletic Footwear,$26.00 ,165,429,$262 ,Outlet
Kohl's,1189833,2021-03-17,West,California,Los Angeles,Men's Apparel,$46.00 ,113,520,$353 ,Online
Foot Locker,1185732,2021-07-18,Midwest,Nebraska,Omaha,Men's Apparel,$40.00 ,25,"1,000",$350 ,Outlet
Kohl's,1189833,2021-04-28,West,California,Los Angeles,Women's Athletic Footwear,$44.00 ,189,832,$399 ,Online
Foot Locker,1185732,2021-03-11,Midwest,South Dakota,Sioux Falls,Men's Street Footwear,$39.00 ,124,484,$237 ,Online
Amazon,1185732,2021-01-22,Midwest,Ohio,Columbus,Women's Athletic Footwear,$34.00 ,42,143,$71 ,Online
Kohl's,1189833,2021-05-28,West,California,Los Angeles,Women's Athletic Footwear,$35.00 ,224,784,$314 ,Outlet
Amazon,1185732,2021-12-24,Northeast,Maine,Portland,Women's Athletic Footwear,$45.00 ,175,"7,875","$2,363 ",Outlet
Foot Locker,1185732,2021-11-22,Northeast,Pennsylvania,Philadelphia,Men's Athletic Footwear,$60.00 ,250,"15,000","$5,250 ",Outlet
Sports Direct,1128299,2021-12-25,West,New Mexico,Albuquerque,Men's Apparel,$64.00 ,119,762,$343 ,Online
Foot Locker,1128299,2021-10-24,Southeast,Virginia,Richmond,Women's Athletic Footwear,$41.00 ,98,402,$197 ,Online
Sports Direct,1185732,2021-09-10,Midwest,North Dakota,Fargo,Men's Apparel,$40.00 ,150,"6,000","$2,100 ",In-store
Foot Locker,1185732,2021-11-21,Northeast,Maryland,Baltimore,Men's Apparel,$60.00 ,125,"7,500","$2,250 ",In-store
Foot Locker,1185732,2021-04-06,Midwest,Iowa,Des Moines,Men's Street Footwear,$20.00 ,124,248,$112 ,Online
Amazon,1185732,2021-04-18,Northeast,New Hampshire,Manchester,Women's Street Footwear,$38.00 ,73,277,$122 ,Online
Foot Locker,1185732,2021-12-18,Northeast,Pennsylvania,Philadelphia,Women's Athletic Footwear,$50.00 ,100,"5,000","$1,750 ",Outlet
Sports Direct,1185732,2021-12-11,Midwest,South Dakota,Sioux Falls,Women's Street Footwear,$45.00 ,73,329,$138 ,Online
Sports Direct,1185732,2021-04-09,Midwest,North Dakota,Fargo,Men's Street Footwear,$30.00 ,450,"13,500","$4,725 ",Online
Kohl's,1128299,2021-03-25,West,New Mexico,Albuquerque,Women's Athletic Footwear,$50.00 ,83,415,$191 ,Online
Foot Locker,1128299,2021-02-23,West,Arizona,Phoenix,Men's Apparel,$36.00 ,51,184,$68 ,Outlet
West Gear,1128299,2021-10-24,West,Oregon,Portland,Women's Apparel,$60.00 ,350,"21,000","$6,300 ",In-store
Kohl's,1189833,2021-02-25,Midwest,Montana,Billings,Women's Apparel,$58.00 ,108,626,$244 ,Online
Foot Locker,1185732,2021-11-27,Northeast,Pennsylvania,Philadelphia,Men's Street Footwear,$60.00 ,145,870,$583 ,Online
Amazon,1185732,2021-05-23,Southeast,Kentucky,Louisville,Men's Apparel,$50.00 ,150,"7,500","$2,625 ",Online
Walmart,1128299,2021-04-17,Southeast,Florida,Orlando,Women's Apparel,$72.00 ,109,785,$471 ,Online
Walmart,1128299,2021-11-10,West,Hawaii,Honolulu,Men's Street Footwear,$51.00 ,158,806,$298 ,Online
West Gear,1185732,2021-06-11,West,Utah,Salt Lake City,Women's Street Footwear,$20.00 ,425,"8,500","$2,975 ",In-store
Foot Locker,1185732,2021-11-04,Northeast,Connecticut,Hartford,Men's Athletic Footwear,$51.00 ,84,428,$223 ,Online
Amazon,1185732,2021-08-21,West,Alaska,Anchorage,Men's Athletic Footwear,$60.00 ,425,"25,500","$8,925 ",Outlet
Amazon,1185732,2021-08-10,Midwest,Ohio,Columbus,Men's Street Footwear,$61.00 ,228,"1,391",$695 ,Online
West Gear,1128299,2021-07-23,West,Oregon,Portland,Women's Apparel,$105.00 ,600,"63,000","$18,900 ",In-store
Foot Locker,1197831,2021-11-13,Midwest,Kansas,Wichita,Women's Street Footwear,$25.00 ,220,"5,500","$1,925 ",Online
West Gear,1197831,2021-11-20,South,Arkansas,Little Rock,Men's Athletic Footwear,$15.00 ,375,"5,625","$1,969 ",Online
Foot Locker,1185732,2021-09-06,Northeast,Rhode Island,Providence,Women's Apparel,$52.00 ,58,302,$154 ,Online
Sports Direct,1197831,2021-08-28,South,Texas,Dallas,Women's Apparel,$35.00 ,450,"15,750","$7,875 ",Outlet
West Gear,1185732,2021-04-10,Midwest,Indiana,Indianapolis,Men's Apparel,$65.00 ,150,"9,750","$2,925 ",In-store
Sports Direct,1197831,2021-05-08,South,Tennessee,Knoxville,Women's Apparel,$45.00 ,525,"23,625","$14,175 ",Outlet
Foot Locker,1185732,2021-06-18,South,Mississippi,Jackson,Women's Apparel,$51.00 ,219,"1,117",$592 ,Outlet
Foot Locker,1128299,2021-01-23,West,Idaho,Boise,Women's Street Footwear,$37.00 ,106,392,$192 ,Online
Foot Locker,1185732,2021-01-17,Northeast,Maryland,Baltimore,Women's Apparel,$40.00 ,325,"13,000","$5,200 ",In-store
Foot Locker,1185732,2021-12-20,Northeast,Maryland,Baltimore,Men's Street Footwear,$60.00 ,450,"27,000","$10,800 ",In-store
West Gear,1185732,2021-08-11,West,Utah,Salt Lake City,Men's Street Footwear,$27.00 ,248,670,$315 ,Outlet
Foot Locker,1185732,2021-10-07,Southeast,South Carolina,Charleston,Women's Apparel,$60.00 ,775,"46,500","$23,250 ",Online
West Gear,1185732,2021-11-11,West,Utah,Salt Lake City,Men's Athletic Footwear,$14.00 ,136,190,$74 ,Outlet
Walmart,1128299,2021-09-11,West,Hawaii,Honolulu,Women's Apparel,$60.00 ,375,"22,500","$9,000 ",Outlet
Kohl's,1189833,2021-03-13,West,California,Los Angeles,Men's Street Footwear,$35.00 ,750,"26,250","$10,500 ",Outlet
Foot Locker,1185732,2021-12-21,Southeast,Kentucky,Louisville,Women's Street Footwear,$51.00 ,74,377,$208 ,Online
Sports Direct,1197831,2021-08-19,South,Alabama,Birmingham,Men's Street Footwear,$19.00 ,195,371,$215 ,Online
West Gear,1128299,2021-02-17,South,Louisiana,New Orleans,Women's Athletic Footwear,$33.00 ,75,248,$116 ,Outlet
Kohl's,1185732,2021-03-10,West,Wyoming,Cheyenne,Women's Apparel,$37.00 ,165,611,$226 ,Online
Foot Locker,1185732,2021-10-28,Northeast,Pennsylvania,Philadelphia,Men's Street Footwear,$32.00 ,166,531,$319 ,Outlet
Sports Direct,1197831,2021-08-02,Midwest,Nebraska,Omaha,Men's Athletic Footwear,$29.00 ,196,568,$307 ,Online
Foot Locker,1185732,2021-11-11,Northeast,Pennsylvania,Philadelphia,Women's Street Footwear,$40.00 ,150,"6,000","$2,100 ",Outlet
Sports Direct,1128299,2021-11-13,Southeast,Georgia,Atlanta,Men's Apparel,$60.00 ,102,612,$288 ,Online
Amazon,1185732,2021-05-23,Southeast,Kentucky,Louisville,Men's Street Footwear,$50.00 ,520,"26,000","$10,400 ",Online
Foot Locker,1185732,2021-11-17,Northeast,West Virginia,Charleston,Women's Street Footwear,$35.00 ,295,"10,325","$4,130 ",In-store
Walmart,1185732,2021-07-16,South,Mississippi,Jackson,Men's Apparel,$59.00 ,150,885,$425 ,Online
Amazon,1185732,2021-02-19,Northeast,Vermont,Burlington,Men's Athletic Footwear,$50.00 ,250,"12,500","$5,000 ",In-store
Foot Locker,1185732,2021-07-05,Midwest,Iowa,Des Moines,Women's Athletic Footwear,$37.00 ,47,174,$71 ,Online
Foot Locker,1185732,2021-11-05,Northeast,Pennsylvania,Philadelphia,Women's Street Footwear,$36.00 ,51,184,$99 ,Online
Sports Direct,1197831,2021-09-08,South,Texas,Dallas,Men's Apparel,$38.00 ,153,581,$209 ,Outlet
Sports Direct,1185732,2021-12-06,Northeast,Rhode Island,Providence,Men's Athletic Footwear,$37.00 ,102,377,$140 ,Outlet
Amazon,1185732,2021-12-10,Northeast,Vermont,Burlington,Men's Apparel,$70.00 ,325,"22,750","$7,963 ",In-store
Sports Direct,1185732,2021-05-15,Midwest,Michigan,Detroit,Men's Apparel,$52.00 ,124,645,$342 ,Online
Foot Locker,1185732,2021-06-22,Midwest,Illinois,Chicago,Men's Apparel,$60.00 ,100,"6,000","$2,100 ",Outlet
West Gear,1185732,2021-09-08,Northeast,New York,Albany,Women's Apparel,$59.00 ,156,920,$552 ,Online
West Gear,1128299,2021-11-24,West,Oregon,Portland,Women's Athletic Footwear,$39.00 ,149,581,$238 ,Outlet
West Gear,1185732,2021-12-10,West,Utah,Salt Lake City,Men's Athletic Footwear,$28.00 ,145,406,$199 ,Online
Foot Locker,1128299,2021-07-22,West,Arizona,Phoenix,Men's Athletic Footwear,$55.00 ,525,"28,875","$11,550 ",Online
West Gear,1185732,2021-04-11,West,Utah,Salt Lake City,Women's Apparel,$25.00 ,400,"10,000","$5,000 ",In-store
Sports Direct,1185732,2021-02-09,Midwest,South Dakota,Sioux Falls,Women's Street Footwear,$24.00 ,68,163,$69 ,Online
Foot Locker,1128299,2021-09-25,Southeast,Virginia,Richmond,Men's Street Footwear,$46.00 ,113,520,$260 ,Online
West Gear,1185732,2021-10-10,Northeast,New York,Albany,Men's Apparel,$59.00 ,150,885,$416 ,Online
Foot Locker,1185732,2021-11-04,Northeast,Pennsylvania,Philadelphia,Men's Athletic Footwear,$33.00 ,53,175,$65 ,Outlet
West Gear,1185732,2021-01-10,Midwest,Wisconsin,Milwaukee,Women's Apparel,$35.00 ,300,"10,500","$4,200 ",In-store
West Gear,1185732,2021-04-10,Midwest,Indiana,Indianapolis,Women's Street Footwear,$14.00 ,52,73,$36 ,Online
West Gear,1185732,2021-12-09,Midwest,Indiana,Indianapolis,Men's Apparel,$60.00 ,300,"18,000","$5,400 ",In-store
Sports Direct,1185732,2021-02-15,Northeast,Massachusetts,Boston,Women's Apparel,$40.00 ,250,"10,000","$3,000 ",In-store
Kohl's,1197831,2021-04-13,Midwest,Kansas,Wichita,Women's Athletic Footwear,$19.00 ,35,67,$30 ,Online
Sports Direct,1128299,2021-03-16,Southeast,Florida,Orlando,Women's Street Footwear,$59.00 ,115,679,$292 ,Online
Foot Locker,1185732,2021-05-06,Northeast,Rhode Island,Providence,Women's Apparel,$36.00 ,93,335,$147 ,Outlet
Foot Locker,1185732,2021-05-16,South,Mississippi,Jackson,Women's Apparel,$35.00 ,150,525,$294 ,Outlet
West Gear,1185732,2021-04-17,Northeast,West Virginia,Charleston,Men's Street Footwear,$27.00 ,143,386,$197 ,Online
Walmart,1185732,2021-08-17,South,Mississippi,Jackson,Men's Athletic Footwear,$55.00 ,600,"33,000","$11,550 ",Online
Sports Direct,1197831,2021-09-05,West,Idaho,Boise,Women's Apparel,$36.00 ,200,720,$418 ,Outlet
Amazon,1185732,2021-12-10,Northeast,Vermont,Burlington,Men's Athletic Footwear,$60.00 ,400,"24,000","$10,800 ",In-store
Kohl's,1185732,2021-05-06,Northeast,New Jersey,Newark,Women's Street Footwear,$38.00 ,75,285,$143 ,Online
Foot Locker,1197831,2021-02-04,South,Louisiana,New Orleans,Men's Athletic Footwear,$35.00 ,600,"21,000","$6,300 ",Online
Foot Locker,1185732,2021-10-08,Northeast,Rhode Island,Providence,Women's Street Footwear,$50.00 ,100,"5,000","$2,000 ",In-store
Amazon,1185732,2021-07-09,Midwest,Ohio,Columbus,Women's Apparel,$69.00 ,181,"1,249",$787 ,Online
Kohl's,1189833,2021-02-13,Midwest,Montana,Billings,Women's Apparel,$60.00 ,400,"24,000","$6,000 ",Outlet
Kohl's,1189833,2021-01-07,Midwest,Montana,Billings,Men's Apparel,$50.00 ,225,"11,250","$6,750 ",Outlet
Foot Locker,1185732,2021-09-19,Midwest,Missouri,St. Louis,Men's Athletic Footwear,$28.00 ,100,280,$132 ,Online
Kohl's,1185732,2021-08-07,Northeast,New Jersey,Newark,Men's Apparel,$46.00 ,46,212,$91 ,Online
Foot Locker,1185732,2021-07-22,Midwest,Illinois,Chicago,Men's Apparel,$50.00 ,175,"8,750","$3,063 ",Outlet
Kohl's,1189833,2021-04-23,West,California,Los Angeles,Men's Apparel,$50.00 ,500,"25,000","$13,750 ",Outlet
Kohl's,1128299,2021-02-26,West,Arizona,Phoenix,Men's Athletic Footwear,$36.00 ,136,490,$230 ,Outlet
Foot Locker,1185732,2021-08-06,Southeast,South Carolina,Charleston,Women's Street Footwear,$55.00 ,825,"45,375","$11,344 ",Online
West Gear,1185732,2021-03-20,Northeast,Maryland,Baltimore,Men's Apparel,$43.00 ,22,95,$41 ,Online
Foot Locker,1128299,2021-07-22,West,Arizona,Phoenix,Women's Athletic Footwear,$48.00 ,101,485,$218 ,Online
Walmart,1197831,2021-06-21,South,Arkansas,Little Rock,Women's Athletic Footwear,$40.00 ,375,"15,000","$6,000 ",Online
Foot Locker,1128299,2021-03-09,West,Hawaii,Honolulu,Women's Athletic Footwear,$55.00 ,275,"15,125","$3,781 ",Outlet
Sports Direct,1197831,2021-04-30,South,Tennessee,Knoxville,Women's Athletic Footwear,$40.00 ,136,544,$310 ,Outlet
Sports Direct,1185732,2021-12-06,Northeast,Rhode Island,Providence,Men's Apparel,$56.00 ,68,381,$164 ,Online
Foot Locker,1185732,2021-12-05,Southeast,South Carolina,Charleston,Men's Athletic Footwear,$60.00 ,875,"52,500","$18,375 ",Online
Foot Locker,1197831,2021-03-06,West,Idaho,Boise,Men's Athletic Footwear,$40.00 ,625,"25,000","$8,750 ",Online
Sports Direct,1185732,2021-02-09,Midwest,North Dakota,Fargo,Women's Athletic Footwear,$30.00 ,100,"3,000",$900 ,Online
West Gear,1197831,2021-08-20,South,Oklahoma,Oklahoma City,Women's Apparel,$50.00 ,124,620,$322 ,Online
Foot Locker,1185732,2021-08-06,Midwest,Iowa,Des Moines,Women's Athletic Footwear,$37.00 ,54,200,$82 ,Online
Kohl's,1185732,2021-11-14,Northeast,Delaware,Wilmington,Men's Street Footwear,$60.00 ,135,810,$381 ,Online
Foot Locker,1128299,2021-12-16,South,Louisiana,New Orleans,Women's Street Footwear,$53.00 ,192,"1,018",$438 ,Outlet
Kohl's,1128299,2021-03-25,West,New Mexico,Albuquerque,Men's Apparel,$41.00 ,53,217,$70 ,Outlet
West Gear,1128299,2021-12-16,Southeast,Florida,Orlando,Women's Street Footwear,$64.00 ,204,"1,306",$431 ,Outlet
West Gear,1197831,2021-03-06,West,Idaho,Boise,Men's Apparel,$40.00 ,250,"10,000","$3,000 ",Online
Walmart,1185732,2021-07-16,South,Mississippi,Jackson,Men's Athletic Footwear,$53.00 ,156,827,$372 ,Online
Foot Locker,1185732,2021-02-15,Northeast,Maryland,Baltimore,Men's Athletic Footwear,$37.00 ,61,226,$104 ,Online
Sports Direct,1185732,2021-04-14,Northeast,Massachusetts,Boston,Men's Apparel,$49.00 ,33,162,$61 ,Online
Sports Direct,1197831,2021-09-22,South,Texas,Dallas,Men's Street Footwear,$50.00 ,800,"40,000","$16,000 ",Outlet
Foot Locker,1185732,2021-02-22,Northeast,New Hampshire,Manchester,Women's Street Footwear,$43.00 ,83,357,$143 ,Online
Sports Direct,1197831,2021-08-14,South,Alabama,Birmingham,Men's Athletic Footwear,$40.00 ,625,"25,000","$11,250 ",Outlet
Sports Direct,1197831,2021-04-10,South,Tennessee,Knoxville,Men's Athletic Footwear,$32.00 ,240,768,$361 ,Outlet
Sports Direct,1197831,2021-08-21,South,Texas,Dallas,Men's Apparel,$38.00 ,75,285,$100 ,Online
Foot Locker,1128299,2021-02-24,West,Wyoming,Cheyenne,Men's Athletic Footwear,$40.00 ,350,"14,000","$4,900 ",In-store
Sports Direct,1197831,2021-08-29,South,Alabama,Birmingham,Men's Apparel,$39.00 ,132,515,$216 ,Outlet
Kohl's,1197831,2021-04-13,Midwest,Kansas,Wichita,Men's Apparel,$40.00 ,150,"6,000","$2,100 ",Online
West Gear,1128299,2021-01-24,West,Utah,Salt Lake City,Women's Street Footwear,$39.00 ,105,410,$197 ,Online
Sports Direct,1128299,2021-03-16,Southeast,Florida,Orlando,Men's Street Footwear,$46.00 ,160,736,$302 ,Online
Foot Locker,1185732,2021-02-18,Southeast,Kentucky,Louisville,Women's Street Footwear,$18.00 ,124,223,$123 ,Online
West Gear,1197831,2021-04-05,West,Idaho,Boise,Men's Athletic Footwear,$29.00 ,195,566,$271 ,Online
West Gear,1185732,2021-01-03,Midwest,Iowa,Des Moines,Women's Street Footwear,$20.00 ,250,"5,000","$1,500 ",In-store
West Gear,1185732,2021-12-02,Midwest,Wisconsin,Milwaukee,Women's Apparel,$65.00 ,350,"22,750","$9,100 ",In-store
Foot Locker,1185732,2021-05-26,Midwest,Nebraska,Omaha,Women's Apparel,$35.00 ,225,"7,875","$3,938 ",Outlet
West Gear,1197831,2021-03-19,South,Oklahoma,Oklahoma City,Men's Street Footwear,$14.00 ,182,255,$117 ,Outlet
Kohl's,1189833,2021-05-16,West,California,Los Angeles,Women's Athletic Footwear,$33.00 ,213,703,$295 ,Outlet
West Gear,1185732,2021-08-17,Northeast,West Virginia,Charleston,Women's Apparel,$55.00 ,425,"23,375","$9,350 ",In-store
Kohl's,1197831,2021-06-14,Midwest,Kansas,Wichita,Women's Apparel,$58.00 ,117,679,$333 ,Online
Amazon,1185732,2021-10-12,Northeast,Vermont,Burlington,Women's Street Footwear,$59.00 ,54,319,$159 ,Online
Sports Direct,1185732,2021-08-03,Southeast,North Carolina,Charlotte,Women's Street Footwear,$54.00 ,210,"1,134",$601 ,Online
Sports Direct,1197831,2021-10-06,South,Texas,Dallas,Women's Street Footwear,$32.00 ,190,608,$268 ,Outlet
Kohl's,1128299,2021-01-26,West,Arizona,Phoenix,Men's Athletic Footwear,$45.00 ,475,"21,375","$8,550 ",Online
Sports Direct,1185732,2021-11-07,Northeast,Rhode Island,Providence,Men's Apparel,$43.00 ,61,262,$87 ,Outlet
Foot Locker,1185732,2021-05-05,Southeast,South Carolina,Charleston,Women's Athletic Footwear,$45.00 ,675,"30,375","$9,113 ",Online
Foot Locker,1185732,2021-07-23,Midwest,Nebraska,Omaha,Women's Athletic Footwear,$30.00 ,125,"3,750","$1,500 ",Outlet
Sports Direct,1185732,2021-10-05,Northeast,Connecticut,Hartford,Women's Athletic Footwear,$50.00 ,38,190,$76 ,Online
Sports Direct,1197831,2021-03-30,South,Tennessee,Knoxville,Women's Street Footwear,$19.00 ,135,257,$141 ,Online
Amazon,1185732,2021-10-14,South,Alabama,Birmingham,Women's Street Footwear,$28.00 ,63,176,$92 ,Online
Amazon,1185732,2021-07-10,Northeast,Vermont,Burlington,Men's Street Footwear,$60.00 ,675,"40,500","$18,225 ",In-store
West Gear,1128299,2021-01-24,West,Utah,Salt Lake City,Women's Athletic Footwear,$39.00 ,58,226,$104 ,Online
Sports Direct,1185732,2021-04-04,Northeast,Connecticut,Hartford,Men's Athletic Footwear,$38.00 ,58,220,$121 ,Online
West Gear,1128299,2021-10-17,South,Louisiana,New Orleans,Men's Apparel,$39.00 ,112,437,$210 ,Outlet
Kohl's,1185732,2021-10-15,Northeast,Delaware,Wilmington,Women's Apparel,$63.00 ,78,491,$270 ,Online
West Gear,1128299,2021-01-08,West,California,San Francisco,Women's Street Footwear,$64.00 ,206,"1,318",$725 ,Online
West Gear,1185732,2021-07-09,Midwest,Indiana,Indianapolis,Men's Apparel,$55.00 ,200,"11,000","$3,300 ",In-store
Walmart,1197831,2021-09-19,South,Arkansas,Little Rock,Women's Street Footwear,$14.00 ,88,123,$64 ,Online
Foot Locker,1128299,2021-11-24,Southeast,Virginia,Richmond,Men's Athletic Footwear,$50.00 ,650,"32,500","$11,375 ",In-store
Amazon,1185732,2021-11-10,Midwest,Ohio,Columbus,Men's Apparel,$76.00 ,138,"1,049",$514 ,Online
Sports Direct,1185732,2021-03-02,Southeast,North Carolina,Charlotte,Men's Athletic Footwear,$29.00 ,150,435,$196 ,Online
West Gear,1185732,2021-04-21,Northeast,Maryland,Baltimore,Women's Street Footwear,$25.00 ,125,"3,125","$1,094 ",In-store
Amazon,1185732,2021-01-14,Northeast,Massachusetts,Boston,Men's Street Footwear,$45.00 ,525,"23,625","$10,631 ",In-store
Kohl's,1128299,2021-07-25,West,New Mexico,Albuquerque,Women's Athletic Footwear,$55.00 ,450,"24,750","$8,663 ",Online
West Gear,1197831,2021-08-20,South,Oklahoma,Oklahoma City,Men's Athletic Footwear,$51.00 ,113,576,$271 ,Online
Foot Locker,1185732,2021-01-17,Northeast,Maryland,Baltimore,Women's Athletic Footwear,$35.00 ,175,"6,125","$2,450 ",In-store
Sports Direct,1197831,2021-08-20,South,Alabama,Birmingham,Men's Athletic Footwear,$19.00 ,189,359,$208 ,Online
Sports Direct,1185732,2021-04-16,Midwest,Michigan,Detroit,Women's Athletic Footwear,$32.00 ,109,349,$160 ,Online
Sports Direct,1185732,2021-01-17,Northeast,Rhode Island,Providence,Women's Athletic Footwear,$25.00 ,33,83,$26 ,Outlet
Sports Direct,1185732,2021-05-03,Northeast,Connecticut,Hartford,Women's Street Footwear,$43.00 ,74,318,$127 ,Online
West Gear,1197831,2021-08-20,South,Oklahoma,Oklahoma City,Men's Street Footwear,$56.00 ,189,"1,058",$540 ,Online
Foot Locker,1185732,2021-05-06,Northeast,Rhode Island,Providence,Men's Apparel,$50.00 ,175,"8,750","$2,625 ",In-store
Foot Locker,1185732,2021-11-08,Northeast,Pennsylvania,Philadelphia,Women's Apparel,$47.00 ,44,207,$72 ,Online
Foot Locker,1128299,2021-01-23,West,Idaho,Boise,Women's Athletic Footwear,$38.00 ,77,293,$135 ,Online
West Gear,1197831,2021-01-23,South,Arkansas,Little Rock,Men's Apparel,$35.00 ,275,"9,625","$3,369 ",Online
Amazon,1185732,2021-11-18,Northeast,Maine,Portland,Men's Athletic Footwear,$55.00 ,200,"11,000","$3,850 ",Outlet
Foot Locker,1128299,2021-04-10,West,Hawaii,Honolulu,Women's Athletic Footwear,$50.00 ,250,"12,500","$3,125 ",Outlet
Foot Locker,1197831,2021-01-05,South,Louisiana,New Orleans,Men's Street Footwear,$20.00 ,675,"13,500","$4,050 ",Online
Foot Locker,1185732,2021-05-06,Northeast,Rhode Island,Providence,Men's Athletic Footwear,$43.00 ,49,211,$95 ,Online
Kohl's,1189833,2021-02-11,Midwest,Montana,Billings,Women's Athletic Footwear,$41.00 ,106,435,$235 ,Online
Walmart,1197831,2021-10-21,South,Arkansas,Little Rock,Men's Athletic Footwear,$20.00 ,425,"8,500","$2,975 ",Online
Foot Locker,1185732,2021-04-18,Midwest,Missouri,St. Louis,Women's Street Footwear,$18.00 ,83,149,$73 ,Online
Sports Direct,1197831,2021-01-23,South,Mississippi,Jackson,Women's Street Footwear,$14.00 ,117,164,$84 ,Online
Amazon,1185732,2021-09-10,Northeast,Vermont,Burlington,Men's Athletic Footwear,$42.00 ,111,466,$238 ,Outlet
Sports Direct,1128299,2021-02-17,Southeast,Florida,Orlando,Women's Apparel,$50.00 ,400,"20,000","$9,000 ",Outlet
West Gear,1197831,2021-07-19,South,Oklahoma,Oklahoma City,Men's Apparel,$59.00 ,98,578,$266 ,Online
Sports Direct,1197831,2021-05-15,South,Tennessee,Knoxville,Men's Street Footwear,$39.00 ,248,967,$464 ,Outlet
Kohl's,1189833,2021-05-25,West,California,Los Angeles,Men's Street Footwear,$39.00 ,315,"1,229",$565 ,Outlet
West Gear,1185732,2021-10-10,Northeast,New York,Albany,Men's Athletic Footwear,$50.00 ,625,"31,250","$10,938 ",In-store
Sports Direct,1185732,2021-02-17,Midwest,Michigan,Detroit,Women's Athletic Footwear,$28.00 ,109,305,$150 ,Online
Kohl's,1197831,2021-12-19,South,Oklahoma,Oklahoma City,Women's Street Footwear,$55.00 ,101,556,$278 ,Online
Sports Direct,1197831,2021-08-16,South,Texas,Dallas,Women's Apparel,$35.00 ,525,"18,375","$8,269 ",Outlet
Walmart,1185732,2021-07-16,South,Mississippi,Jackson,Women's Apparel,$49.00 ,209,"1,024",$543 ,Outlet
Sports Direct,1128299,2021-02-13,Southeast,Georgia,Atlanta,Women's Athletic Footwear,$30.00 ,80,240,$106 ,Outlet
West Gear,1197831,2021-05-05,West,Idaho,Boise,Men's Apparel,$47.00 ,120,564,$226 ,Online
Foot Locker,1128299,2021-04-24,Southeast,Virginia,Richmond,Men's Athletic Footwear,$44.00 ,85,374,$153 ,Outlet
Kohl's,1189833,2021-02-10,Midwest,Montana,Billings,Women's Street Footwear,$50.00 ,500,"25,000","$11,250 ",Outlet
Foot Locker,1185732,2021-09-19,Midwest,Missouri,St. Louis,Men's Athletic Footwear,$30.00 ,400,"12,000","$4,200 ",In-store
Foot Locker,1185732,2021-05-19,Midwest,Missouri,St. Louis,Women's Street Footwear,$30.00 ,300,"9,000","$3,150 ",In-store
Sports Direct,1185732,2021-08-04,Northeast,Connecticut,Hartford,Men's Street Footwear,$55.00 ,625,"34,375","$13,750 ",In-store
Foot Locker,1185732,2021-06-11,Midwest,Illinois,Chicago,Women's Apparel,$45.00 ,275,"12,375","$6,188 ",Outlet
West Gear,1185732,2021-09-18,Northeast,West Virginia,Charleston,Women's Street Footwear,$24.00 ,68,163,$88 ,Online
Sports Direct,1185732,2021-06-05,Northeast,Connecticut,Hartford,Men's Athletic Footwear,$50.00 ,375,"18,750","$7,500 ",In-store
Kohl's,1185732,2021-02-08,Northeast,New Jersey,Newark,Men's Apparel,$41.00 ,47,193,$77 ,Online
Amazon,1185732,2021-01-14,Northeast,Massachusetts,Boston,Women's Street Footwear,$32.00 ,91,291,$131 ,Online
Foot Locker,1197831,2021-03-06,West,Idaho,Boise,Men's Athletic Footwear,$27.00 ,188,508,$198 ,Outlet
West Gear,1185732,2021-03-02,Midwest,Wisconsin,Milwaukee,Women's Apparel,$18.00 ,63,113,$61 ,Online
Foot Locker,1185732,2021-06-17,Midwest,Illinois,Chicago,Women's Apparel,$45.00 ,63,284,$179 ,Online
Foot Locker,1185732,2021-09-13,Midwest,South Dakota,Sioux Falls,Men's Athletic Footwear,$39.00 ,80,312,$125 ,Online
Kohl's,1128299,2021-12-22,West,Arizona,Phoenix,Women's Athletic Footwear,$45.00 ,425,"19,125","$6,694 ",Online
Kohl's,1197831,2021-12-19,South,Oklahoma,Oklahoma City,Women's Athletic Footwear,$45.00 ,114,513,$231 ,Outlet
Sports Direct,1197831,2021-08-29,South,Texas,Dallas,Men's Street Footwear,$13.00 ,231,300,$120 ,Outlet
Walmart,1197831,2021-04-20,South,Arkansas,Little Rock,Men's Apparel,$37.00 ,73,270,$130 ,Online
Kohl's,1189833,2021-05-06,West,California,Los Angeles,Women's Apparel,$65.00 ,650,"42,250","$8,450 ",Outlet
West Gear,1185732,2021-08-03,Midwest,Wisconsin,Milwaukee,Women's Athletic Footwear,$40.00 ,200,"8,000","$2,400 ",In-store
Kohl's,1189833,2021-02-24,Midwest,Montana,Billings,Men's Apparel,$54.00 ,98,529,$397 ,Online
Foot Locker,1185732,2021-11-15,Northeast,Pennsylvania,Philadelphia,Men's Street Footwear,$58.00 ,136,789,$497 ,Online
Kohl's,1128299,2021-11-26,West,New Mexico,Albuquerque,Women's Street Footwear,$46.00 ,149,685,$254 ,Outlet
Sports Direct,1185732,2021-08-03,Southeast,North Carolina,Charlotte,Men's Street Footwear,$65.00 ,"1,025","66,625","$26,650 ",Online
Foot Locker,1185732,2021-03-16,South,Mississippi,Jackson,Women's Street Footwear,$14.00 ,128,179,$95 ,Online
Foot Locker,1185732,2021-12-08,Midwest,North Dakota,Fargo,Men's Apparel,$60.00 ,200,"12,000","$4,200 ",In-store
Kohl's,1197831,2021-07-12,Midwest,Kansas,Wichita,Women's Street Footwear,$45.00 ,350,"15,750","$5,513 ",Online
Sports Direct,1185732,2021-05-10,Midwest,North Dakota,Fargo,Men's Athletic Footwear,$45.00 ,200,"9,000","$2,700 ",In-store
Amazon,1185732,2021-09-09,Midwest,Ohio,Columbus,Women's Street Footwear,$23.00 ,138,317,$175 ,Online
Foot Locker,1185732,2021-11-09,Midwest,North Dakota,Fargo,Women's Street Footwear,$39.00 ,53,207,$91 ,Online
Walmart,1185732,2021-08-17,South,Mississippi,Jackson,Women's Athletic Footwear,$39.00 ,128,499,$260 ,Online
West Gear,1128299,2021-01-06,West,California,San Francisco,Men's Street Footwear,$60.00 ,975,"58,500","$23,400 ",Outlet
West Gear,1197831,2021-11-20,South,Arkansas,Little Rock,Women's Apparel,$75.00 ,450,"33,750","$13,500 ",Online
Kohl's,1189833,2021-04-11,West,California,Los Angeles,Men's Apparel,$38.00 ,149,566,$345 ,Outlet
Sports Direct,1197831,2021-08-16,South,Texas,Dallas,Women's Apparel,$33.00 ,147,485,$267 ,Online
West Gear,1128299,2021-04-24,West,Oregon,Portland,Men's Apparel,$36.00 ,39,140,$59 ,Outlet
Kohl's,1128299,2021-01-26,West,Arizona,Phoenix,Men's Street Footwear,$27.00 ,152,410,$168 ,Outlet
Sports Direct,1197831,2021-08-11,South,Alabama,Birmingham,Men's Apparel,$29.00 ,85,247,$96 ,Outlet
West Gear,1185732,2021-12-10,West,Utah,Salt Lake City,Women's Athletic Footwear,$22.00 ,136,299,$126 ,Outlet
Amazon,1185732,2021-04-18,Northeast,New Hampshire,Manchester,Men's Street Footwear,$48.00 ,154,739,$392 ,Online
Sports Direct,1185732,2021-12-16,South,Mississippi,Jackson,Women's Apparel,$71.00 ,144,"1,022",$624 ,Online
Amazon,1185732,2021-02-22,Southeast,Kentucky,Louisville,Women's Athletic Footwear,$34.00 ,34,116,$62 ,Online
Foot Locker,1185732,2021-03-17,Midwest,Missouri,St. Louis,Women's Athletic Footwear,$28.00 ,54,151,$77 ,Online
Sports Direct,1185732,2021-05-03,Northeast,Connecticut,Hartford,Men's Apparel,$50.00 ,70,350,$154 ,Online
Sports Direct,1197831,2021-10-01,South,Texas,Dallas,Women's Athletic Footwear,$60.00 ,450,"27,000","$13,500 ",Outlet
Foot Locker,1185732,2021-01-24,Northeast,West Virginia,Charleston,Women's Street Footwear,$25.00 ,225,"5,625","$1,969 ",In-store
Foot Locker,1185732,2021-09-07,Midwest,Iowa,Des Moines,Women's Street Footwear,$24.00 ,49,118,$47 ,Online
Foot Locker,1185732,2021-01-24,Northeast,West Virginia,Charleston,Women's Apparel,$35.00 ,225,"7,875","$2,363 ",In-store
Foot Locker,1185732,2021-11-01,Northeast,Pennsylvania,Philadelphia,Men's Apparel,$51.00 ,36,184,$84 ,Online
Sports Direct,1197831,2021-09-14,South,Alabama,Birmingham,Women's Street Footwear,$55.00 ,925,"50,875","$25,438 ",Outlet
Amazon,1185732,2021-01-21,Northeast,Vermont,Burlington,Men's Street Footwear,$34.00 ,173,588,$253 ,Outlet
Foot Locker,1185732,2021-07-10,Midwest,Nebraska,Omaha,Women's Street Footwear,$18.00 ,25,45,$22 ,Online
West Gear,1128299,2021-10-24,West,Oregon,Portland,Men's Street Footwear,$40.00 ,350,"14,000","$4,900 ",In-store
Sports Direct,1197831,2021-01-23,South,Mississippi,Jackson,Women's Apparel,$18.00 ,158,284,$122 ,Outlet
Foot Locker,1128299,2021-07-23,Southeast,Virginia,Richmond,Men's Apparel,$85.00 ,162,"1,377",$757 ,Online
Amazon,1185732,2021-05-17,Northeast,New Hampshire,Manchester,Men's Street Footwear,$47.00 ,196,921,$396 ,Outlet
Sports Direct,1197831,2021-09-13,South,Alabama,Birmingham,Men's Athletic Footwear,$39.00 ,233,909,$491 ,Outlet
West Gear,1185732,2021-06-17,Northeast,West Virginia,Charleston,Men's Street Footwear,$45.00 ,600,"27,000","$10,800 ",In-store
Amazon,1185732,2021-10-19,Northeast,Maine,Portland,Women's Athletic Footwear,$55.00 ,100,"5,500","$1,650 ",Outlet
Amazon,1185732,2021-10-23,Northeast,Maine,Portland,Women's Apparel,$40.00 ,250,"10,000","$4,000 ",Outlet
Sports Direct,1128299,2021-09-14,Southeast,Georgia,Atlanta,Women's Street Footwear,$45.00 ,450,"20,250","$7,088 ",Online
Kohl's,1189833,2021-03-17,West,California,Los Angeles,Men's Apparel,$50.00 ,450,"22,500","$12,375 ",Outlet
Amazon,1185732,2021-10-22,Southeast,Kentucky,Louisville,Men's Street Footwear,$53.00 ,126,668,$367 ,Online
Foot Locker,1185732,2021-12-17,Northeast,New Hampshire,Manchester,Women's Apparel,$80.00 ,450,"36,000","$12,600 ",Outlet
Foot Locker,1128299,2021-12-22,West,Arizona,Phoenix,Men's Athletic Footwear,$49.00 ,175,858,$463 ,Online
West Gear,1128299,2021-03-16,South,Louisiana,New Orleans,Men's Apparel,$56.00 ,39,218,$131 ,Online
Kohl's,1189833,2021-03-06,Midwest,Montana,Billings,Women's Street Footwear,$42.00 ,133,559,$335 ,Online
Foot Locker,1185732,2021-01-18,Midwest,Michigan,Detroit,Men's Apparel,$39.00 ,98,382,$187 ,Online
Amazon,1185732,2021-09-17,Northeast,New Hampshire,Manchester,Men's Street Footwear,$51.00 ,193,984,$433 ,Outlet
West Gear,1128299,2021-06-24,West,Oregon,Portland,Men's Athletic Footwear,$62.00 ,169,"1,048",$513 ,Online
Foot Locker,1185732,2021-12-23,Northeast,Pennsylvania,Philadelphia,Women's Street Footwear,$55.00 ,55,303,$160 ,Online
Amazon,1185732,2021-06-19,Northeast,New Hampshire,Manchester,Men's Street Footwear,$59.00 ,169,997,$528 ,Online
Kohl's,1189833,2021-04-28,West,California,Los Angeles,Women's Athletic Footwear,$29.00 ,228,661,$264 ,Outlet
West Gear,1197831,2021-12-19,South,Arkansas,Little Rock,Women's Street Footwear,$43.00 ,149,641,$282 ,Outlet
Amazon,1185732,2021-11-03,Northeast,Maine,Portland,Men's Apparel,$50.00 ,75,"3,750",$938 ,Outlet
Amazon,1185732,2021-07-10,Northeast,Vermont,Burlington,Men's Apparel,$54.00 ,94,508,$239 ,Online
Sports Direct,1185732,2021-12-16,South,Mississippi,Jackson,Men's Street Footwear,$48.00 ,256,"1,229",$578 ,Outlet
Foot Locker,1185732,2021-06-25,Midwest,Nebraska,Omaha,Women's Apparel,$49.00 ,85,417,$258 ,Online
Foot Locker,1185732,2021-05-13,Northeast,Delaware,Wilmington,Women's Athletic Footwear,$45.00 ,250,"11,250","$4,500 ",In-store
West Gear,1128299,2021-01-22,West,California,San Francisco,Men's Apparel,$59.00 ,263,"1,552",$884 ,Outlet
Sports Direct,1185732,2021-10-09,Midwest,North Dakota,Fargo,Men's Street Footwear,$50.00 ,400,"20,000","$7,000 ",In-store
Sports Direct,1185732,2021-01-06,Southeast,South Carolina,Charleston,Women's Apparel,$35.00 ,725,"25,375","$12,688 ",Online
West Gear,1185732,2021-04-11,West,Utah,Salt Lake City,Women's Athletic Footwear,$20.00 ,250,"5,000","$2,000 ",In-store
Foot Locker,1185732,2021-07-22,Midwest,Nebraska,Omaha,Women's Street Footwear,$30.00 ,95,"2,850",$998 ,Outlet
Walmart,1197831,2021-03-19,South,Arkansas,Little Rock,Women's Apparel,$20.00 ,112,224,$103 ,Outlet
Sports Direct,1128299,2021-12-09,West,Hawaii,Honolulu,Women's Street Footwear,$80.00 ,500,"40,000","$10,000 ",Outlet
West Gear,1185732,2021-08-10,Midwest,Indiana,Indianapolis,Men's Athletic Footwear,$45.00 ,300,"13,500","$5,400 ",In-store
Sports Direct,1185732,2021-06-09,Midwest,North Dakota,Fargo,Men's Apparel,$38.00 ,47,179,$82 ,Online
Foot Locker,1185732,2021-06-09,Midwest,Nebraska,Omaha,Men's Athletic Footwear,$32.00 ,23,74,$33 ,Online
Foot Locker,1185732,2021-12-17,Northeast,New Hampshire,Manchester,Men's Apparel,$74.00 ,105,777,$334 ,Online
Foot Locker,1185732,2021-05-05,Southeast,South Carolina,Charleston,Women's Street Footwear,$41.00 ,210,861,$319 ,Online
West Gear,1197831,2021-07-19,South,Oklahoma,Oklahoma City,Women's Apparel,$65.00 ,525,"34,125","$13,650 ",Online
Sports Direct,1185732,2021-07-03,Northeast,Connecticut,Hartford,Men's Athletic Footwear,$48.00 ,112,538,$285 ,Online
West Gear,1185732,2021-01-17,Midwest,Indiana,Indianapolis,Women's Athletic Footwear,$29.00 ,45,131,$70 ,Online
Amazon,1185732,2021-02-12,Northeast,Massachusetts,Boston,Men's Street Footwear,$41.00 ,167,685,$383 ,Online
Amazon,1185732,2021-03-20,West,Alaska,Anchorage,Men's Apparel,$64.00 ,53,339,$132 ,Online
West Gear,1128299,2021-02-17,South,Louisiana,New Orleans,Men's Apparel,$33.00 ,53,175,$82 ,Outlet
Amazon,1185732,2021-08-22,Southeast,Kentucky,Louisville,Men's Apparel,$49.00 ,65,319,$156 ,Online
West Gear,1185732,2021-02-22,Northeast,Maryland,Baltimore,Women's Apparel,$35.00 ,225,"7,875","$2,363 ",In-store
Amazon,1185732,2021-10-19,Northeast,Maine,Portland,Women's Apparel,$70.00 ,225,"15,750","$6,300 ",Outlet
Kohl's,1189833,2021-01-01,Midwest,Montana,Billings,Men's Apparel,$50.00 ,275,"13,750","$8,250 ",Outlet
Foot Locker,1185732,2021-08-18,Midwest,Missouri,St. Louis,Women's Street Footwear,$32.00 ,120,384,$177 ,Online
Sports Direct,1128299,2021-03-16,Southeast,Florida,Orlando,Men's Athletic Footwear,$44.00 ,124,546,$169 ,Outlet
Foot Locker,1185732,2021-08-09,Midwest,Illinois,Chicago,Men's Apparel,$59.00 ,58,342,$154 ,Online
Foot Locker,1185732,2021-01-09,Southeast,Georgia,Atlanta,Women's Street Footwear,$30.00 ,825,"24,750","$6,188 ",Online
West Gear,1185732,2021-01-12,Southeast,Florida,Orlando,Women's Athletic Footwear,$40.00 ,500,"20,000","$6,000 ",In-store
Sports Direct,1197831,2021-05-13,South,Tennessee,Knoxville,Men's Apparel,$43.00 ,140,602,$277 ,Outlet
Amazon,1185732,2021-08-18,Northeast,New Hampshire,Manchester,Women's Athletic Footwear,$51.00 ,72,367,$154 ,Online
Walmart,1197831,2021-04-20,South,Arkansas,Little Rock,Women's Apparel,$30.00 ,400,"12,000","$4,800 ",Online
Foot Locker,1185732,2021-12-20,Northeast,Pennsylvania,Philadelphia,Women's Apparel,$42.00 ,74,311,$99 ,Outlet
Foot Locker,1185732,2021-09-13,Midwest,South Dakota,Sioux Falls,Women's Athletic Footwear,$35.00 ,150,"5,250","$1,575 ",Online
West Gear,1185732,2021-10-11,West,Utah,Salt Lake City,Women's Athletic Footwear,$13.00 ,94,122,$56 ,Outlet
Sports Direct,1197831,2021-08-14,South,Alabama,Birmingham,Men's Athletic Footwear,$32.00 ,194,621,$292 ,Outlet
West Gear,1197831,2021-02-21,South,Arkansas,Little Rock,Women's Street Footwear,$15.00 ,325,"4,875","$1,950 ",Online
Walmart,1128299,2021-08-17,Southeast,Florida,Orlando,Men's Athletic Footwear,$60.00 ,272,"1,632",$441 ,Outlet
West Gear,1128299,2021-11-24,West,Oregon,Portland,Women's Street Footwear,$32.00 ,152,486,$204 ,Outlet
Kohl's,1185732,2021-09-10,West,Wyoming,Cheyenne,Men's Street Footwear,$50.00 ,800,"40,000","$20,000 ",In-store
West Gear,1128299,2021-11-17,South,Louisiana,New Orleans,Women's Apparel,$85.00 ,600,"51,000","$17,850 ",Online
Walmart,1128299,2021-07-16,Southeast,Florida,Orlando,Men's Athletic Footwear,$95.00 ,750,"71,250","$17,813 ",In-store
West Gear,1128299,2021-01-24,West,Utah,Salt Lake City,Women's Athletic Footwear,$30.00 ,68,204,$78 ,Outlet
West Gear,1197831,2021-05-05,West,Idaho,Boise,Men's Street Footwear,$18.00 ,203,365,$183 ,Online
West Gear,1185732,2021-08-11,West,Utah,Salt Lake City,Women's Athletic Footwear,$14.00 ,124,174,$82 ,Outlet
Walmart,1128299,2021-06-17,Southeast,Florida,Orlando,Women's Athletic Footwear,$77.00 ,155,"1,194",$501 ,Online
West Gear,1128299,2021-12-23,West,Oregon,Portland,Men's Apparel,$80.00 ,475,"38,000","$15,200 ",In-store
Kohl's,1189833,2021-01-10,Midwest,Montana,Billings,Men's Athletic Footwear,$41.00 ,115,472,$193 ,Online
Kohl's,1189833,2021-04-19,West,California,Los Angeles,Men's Street Footwear,$44.00 ,270,"1,188",$653 ,Online
Foot Locker,1185732,2021-06-10,Midwest,Nebraska,Omaha,Women's Street Footwear,$23.00 ,21,48,$22 ,Online
West Gear,1185732,2021-05-18,Northeast,West Virginia,Charleston,Women's Apparel,$55.00 ,350,"19,250","$7,700 ",In-store
Foot Locker,1128299,2021-06-24,Southeast,Virginia,Richmond,Women's Apparel,$105.00 ,700,"73,500","$22,050 ",In-store
Sports Direct,1197831,2021-08-28,South,Texas,Dallas,Women's Apparel,$32.00 ,135,432,$272 ,Online
Sports Direct,1185732,2021-01-09,Midwest,South Dakota,Sioux Falls,Women's Apparel,$33.00 ,72,238,$121 ,Online
Foot Locker,1197831,2021-08-08,West,Idaho,Boise,Men's Street Footwear,$46.00 ,210,966,$531 ,Online
Kohl's,1189833,2021-05-03,West,California,Los Angeles,Women's Street Footwear,$34.00 ,232,789,$347 ,Outlet
Foot Locker,1128299,2021-05-24,West,Arizona,Phoenix,Men's Street Footwear,$38.00 ,184,699,$266 ,Outlet
West Gear,1185732,2021-04-03,Midwest,Wisconsin,Milwaukee,Men's Street Footwear,$20.00 ,450,"9,000","$2,700 ",In-store
Walmart,1197831,2021-09-19,South,Arkansas,Little Rock,Women's Athletic Footwear,$15.00 ,325,"4,875","$1,950 ",Online
Foot Locker,1128299,2021-06-23,West,Arizona,Phoenix,Men's Street Footwear,$37.00 ,194,718,$280 ,Outlet
Sports Direct,1197831,2021-04-26,South,Tennessee,Knoxville,Women's Apparel,$53.00 ,181,959,$681 ,Online
Walmart,1128299,2021-06-17,Southeast,Florida,Orlando,Women's Street Footwear,$85.00 ,700,"59,500","$17,850 ",In-store
Foot Locker,1128299,2021-03-09,West,Hawaii,Honolulu,Men's Apparel,$55.00 ,36,198,$51 ,Online
West Gear,1128299,2021-07-16,South,Louisiana,New Orleans,Men's Athletic Footwear,$92.00 ,203,"1,868","$1,027 ",Online
Amazon,1185732,2021-03-21,Southeast,Kentucky,Louisville,Men's Apparel,$52.00 ,44,229,$105 ,Online
Foot Locker,1185732,2021-02-07,Southeast,Georgia,Atlanta,Men's Street Footwear,$31.00 ,376,"1,166",$559 ,Outlet
Foot Locker,1185732,2021-05-16,South,Mississippi,Jackson,Men's Athletic Footwear,$37.00 ,131,485,$218 ,Online
Amazon,1185732,2021-09-17,Northeast,New Hampshire,Manchester,Women's Street Footwear,$55.00 ,250,"13,750","$4,125 ",Outlet
West Gear,1197831,2021-04-20,South,Oklahoma,Oklahoma City,Women's Apparel,$22.00 ,111,244,$105 ,Outlet
Kohl's,1197831,2021-11-20,South,Oklahoma,Oklahoma City,Men's Street Footwear,$16.00 ,166,266,$117 ,Outlet
West Gear,1185732,2021-09-18,Northeast,West Virginia,Charleston,Men's Athletic Footwear,$29.00 ,91,264,$140 ,Online
West Gear,1128299,2021-07-16,South,Louisiana,New Orleans,Men's Athletic Footwear,$67.00 ,248,"1,662",$764 ,Outlet
Walmart,1197831,2021-02-21,South,Arkansas,Little Rock,Women's Athletic Footwear,$18.00 ,70,126,$63 ,Online
West Gear,1128299,2021-08-17,South,Louisiana,New Orleans,Women's Athletic Footwear,$74.00 ,128,947,$502 ,Online
Amazon,1185732,2021-11-21,Northeast,Maine,Portland,Men's Apparel,$55.00 ,200,"11,000","$2,750 ",Outlet
Foot Locker,1185732,2021-01-17,Northeast,Maryland,Baltimore,Women's Street Footwear,$29.00 ,91,264,$140 ,Online
Kohl's,1189833,2021-03-03,Midwest,Montana,Billings,Women's Apparel,$56.00 ,133,745,$283 ,Online
Foot Locker,1128299,2021-02-24,West,Wyoming,Cheyenne,Men's Street Footwear,$27.00 ,113,305,$140 ,Online
Kohl's,1128299,2021-01-26,West,Arizona,Phoenix,Men's Street Footwear,$35.00 ,475,"16,625","$5,819 ",Online
West Gear,1185732,2021-12-09,Midwest,Ohio,Columbus,Women's Athletic Footwear,$63.00 ,147,926,$463 ,Online
Foot Locker,1185732,2021-08-06,Midwest,Iowa,Des Moines,Women's Apparel,$55.00 ,350,"19,250","$7,700 ",In-store
Kohl's,1189833,2021-02-28,Midwest,Montana,Billings,Women's Street Footwear,$40.00 ,425,"17,000","$7,650 ",Outlet
Amazon,1185732,2021-01-21,Northeast,Vermont,Burlington,Men's Apparel,$60.00 ,225,"13,500","$4,050 ",In-store
Foot Locker,1185732,2021-11-18,Northeast,New Hampshire,Manchester,Men's Apparel,$75.00 ,300,"22,500","$6,750 ",Outlet
Sports Direct,1185732,2021-12-16,South,Mississippi,Jackson,Men's Apparel,$70.00 ,475,"33,250","$11,638 ",Online
West Gear,1185732,2021-11-06,Midwest,Iowa,Des Moines,Men's Apparel,$55.00 ,49,270,$162 ,Online
Sports Direct,1197831,2021-10-04,South,Alabama,Birmingham,Men's Apparel,$37.00 ,149,551,$265 ,Outlet
Sports Direct,1185732,2021-05-10,Midwest,North Dakota,Fargo,Women's Apparel,$52.00 ,75,390,$199 ,Online
Foot Locker,1197831,2021-08-08,West,Idaho,Boise,Women's Street Footwear,$46.00 ,250,"1,150",$610 ,Online
Foot Locker,1128299,2021-05-25,Southeast,Virginia,Richmond,Women's Apparel,$56.00 ,152,851,$366 ,Online
Amazon,1185732,2021-09-17,Northeast,New Hampshire,Manchester,Women's Apparel,$68.00 ,98,666,$307 ,Online
Sports Direct,1128299,2021-04-13,Southeast,Georgia,Atlanta,Men's Street Footwear,$45.00 ,142,639,$326 ,Online
Sports Direct,1185732,2021-12-16,South,Mississippi,Jackson,Women's Athletic Footwear,$60.00 ,475,"28,500","$11,400 ",Online
Foot Locker,1185732,2021-06-12,Midwest,South Dakota,Sioux Falls,Women's Athletic Footwear,$32.00 ,49,157,$71 ,Online
Walmart,1185732,2021-07-16,South,Mississippi,Jackson,Women's Apparel,$61.00 ,176,"1,074",$655 ,Online
Walmart,1185732,2021-09-16,South,Mississippi,Jackson,Men's Athletic Footwear,$42.00 ,147,617,$278 ,Online
Sports Direct,1197831,2021-03-27,South,Tennessee,Knoxville,Women's Apparel,$33.00 ,111,366,$242 ,Online
Amazon,1185732,2021-09-17,Northeast,New Hampshire,Manchester,Women's Apparel,$53.00 ,104,551,$204 ,Outlet
Kohl's,1189833,2021-04-13,West,California,Los Angeles,Men's Street Footwear,$32.00 ,240,768,$361 ,Outlet
Kohl's,1185732,2021-07-10,West,Wyoming,Cheyenne,Women's Street Footwear,$40.00 ,550,"22,000","$7,700 ",In-store
Foot Locker,1185732,2021-10-12,Midwest,South Dakota,Sioux Falls,Men's Street Footwear,$55.00 ,400,"22,000","$7,700 ",Online
Foot Locker,1185732,2021-06-25,Midwest,Illinois,Chicago,Men's Athletic Footwear,$53.00 ,54,286,$129 ,Online
Kohl's,1185732,2021-07-06,Northeast,New Jersey,Newark,Men's Athletic Footwear,$45.00 ,375,"16,875","$5,906 ",In-store
Sports Direct,1197831,2021-09-13,South,Alabama,Birmingham,Men's Athletic Footwear,$52.00 ,210,"1,092",$710 ,Online
Foot Locker,1185732,2021-07-06,Northeast,Rhode Island,Providence,Women's Street Footwear,$40.00 ,250,"10,000","$4,000 ",In-store
Sports Direct,1197831,2021-03-29,South,Tennessee,Knoxville,Men's Athletic Footwear,$24.00 ,176,422,$215 ,Online
Foot Locker,1185732,2021-12-25,Northeast,Pennsylvania,Philadelphia,Men's Apparel,$51.00 ,48,245,$95 ,Outlet
Foot Locker,1185732,2021-10-12,Midwest,South Dakota,Sioux Falls,Men's Athletic Footwear,$45.00 ,250,"11,250","$3,375 ",Online
Foot Locker,1185732,2021-07-05,Midwest,Iowa,Des Moines,Men's Street Footwear,$49.00 ,138,676,$298 ,Online
West Gear,1128299,2021-08-17,South,Louisiana,New Orleans,Women's Athletic Footwear,$55.00 ,143,787,$370 ,Outlet
West Gear,1128299,2021-05-25,West,Oregon,Portland,Men's Street Footwear,$39.00 ,155,605,$254 ,Outlet
Sports Direct,1197831,2021-08-17,South,Texas,Dallas,Men's Street Footwear,$23.00 ,176,405,$174 ,Online
Foot Locker,1185732,2021-05-13,Northeast,Delaware,Wilmington,Men's Athletic Footwear,$47.00 ,69,324,$146 ,Online
Foot Locker,1185732,2021-01-12,Midwest,Kansas,Wichita,Women's Street Footwear,$30.00 ,275,"8,250","$2,475 ",Online
Foot Locker,1128299,2021-03-23,Southeast,Virginia,Richmond,Women's Apparel,$50.00 ,300,"15,000","$4,500 ",In-store
Kohl's,1185732,2021-08-07,Northeast,New Jersey,Newark,Men's Street Footwear,$47.00 ,180,846,$406 ,Online
Foot Locker,1185732,2021-09-13,Midwest,South Dakota,Sioux Falls,Women's Street Footwear,$32.00 ,53,170,$68 ,Online
Kohl's,1197831,2021-04-13,Midwest,Kansas,Wichita,Women's Apparel,$30.00 ,300,"9,000","$3,150 ",Online
Sports Direct,1185732,2021-08-04,Northeast,Connecticut,Hartford,Men's Apparel,$51.00 ,52,265,$117 ,Online
Foot Locker,1185732,2021-09-06,Northeast,Rhode Island,Providence,Women's Apparel,$41.00 ,64,262,$118 ,Outlet
Sports Direct,1197831,2021-08-08,West,Idaho,Boise,Women's Apparel,$44.00 ,239,"1,052",$641 ,Outlet
West Gear,1197831,2021-06-04,West,Idaho,Boise,Men's Athletic Footwear,$46.00 ,188,865,$415 ,Online
Amazon,1185732,2021-05-20,West,Alaska,Anchorage,Men's Street Footwear,$59.00 ,160,944,$472 ,Online
Sports Direct,1185732,2021-11-07,Northeast,New Jersey,Newark,Men's Apparel,$60.00 ,225,"13,500","$4,050 ",In-store
Sports Direct,1197831,2021-09-28,South,Alabama,Birmingham,Men's Apparel,$29.00 ,78,226,$136 ,Online
Sports Direct,1185732,2021-06-15,Northeast,Massachusetts,Boston,Men's Athletic Footwear,$36.00 ,114,410,$131 ,Outlet
Foot Locker,1128299,2021-08-24,Southeast,Virginia,Richmond,Men's Street Footwear,$83.00 ,240,"1,992",$896 ,Online
West Gear,1185732,2021-10-10,Northeast,New York,Albany,Women's Athletic Footwear,$45.00 ,135,608,$249 ,Online
Foot Locker,1185732,2021-01-24,Northeast,West Virginia,Charleston,Men's Apparel,$42.00 ,33,139,$60 ,Online
Foot Locker,1185732,2021-01-18,Midwest,Michigan,Detroit,Men's Athletic Footwear,$29.00 ,123,357,$168 ,Online
Foot Locker,1185732,2021-03-06,Northeast,Rhode Island,Providence,Men's Street Footwear,$34.00 ,111,377,$189 ,Online
Foot Locker,1185732,2021-07-11,Midwest,Illinois,Chicago,Women's Apparel,$55.00 ,400,"22,000","$11,000 ",Outlet
Amazon,1185732,2021-05-10,Northeast,Vermont,Burlington,Women's Apparel,$47.00 ,120,564,$259 ,Outlet
Sports Direct,1197831,2021-09-29,South,Alabama,Birmingham,Women's Apparel,$36.00 ,143,515,$386 ,Online
Sports Direct,1197831,2021-08-24,South,Alabama,Birmingham,Women's Apparel,$14.00 ,165,231,$155 ,Outlet
Foot Locker,1185732,2021-07-13,Northeast,Delaware,Wilmington,Men's Athletic Footwear,$50.00 ,425,"21,250","$7,438 ",In-store
Amazon,1185732,2021-12-17,Northeast,Maine,Portland,Men's Apparel,$60.00 ,54,324,$117 ,Online
Kohl's,1128299,2021-09-27,West,New Mexico,Albuquerque,Men's Street Footwear,$50.00 ,625,"31,250","$10,938 ",Online
Sports Direct,1185732,2021-06-17,Midwest,Michigan,Detroit,Men's Apparel,$57.00 ,152,866,$477 ,Online
Sports Direct,1197831,2021-02-21,South,Mississippi,Jackson,Men's Athletic Footwear,$17.00 ,112,190,$74 ,Outlet
West Gear,1128299,2021-01-24,West,Utah,Salt Lake City,Men's Street Footwear,$30.00 ,350,"10,500","$3,675 ",In-store
Sports Direct,1197831,2021-08-15,South,Texas,Dallas,Men's Apparel,$26.00 ,113,294,$79 ,Outlet
Walmart,1185732,2021-09-16,South,Mississippi,Jackson,Men's Athletic Footwear,$45.00 ,525,"23,625","$8,269 ",Online
Amazon,1185732,2021-05-10,Northeast,Vermont,Burlington,Men's Athletic Footwear,$54.00 ,80,432,$242 ,Online
Amazon,1185732,2021-09-23,Southeast,Kentucky,Louisville,Men's Street Footwear,$50.00 ,525,"26,250","$10,500 ",Online
West Gear,1185732,2021-03-10,West,Utah,Salt Lake City,Men's Athletic Footwear,$22.00 ,105,231,$92 ,Outlet
Amazon,1185732,2021-02-12,Northeast,Massachusetts,Boston,Women's Street Footwear,$33.00 ,74,244,$122 ,Online
Walmart,1128299,2021-04-17,Southeast,Florida,Orlando,Women's Athletic Footwear,$52.00 ,84,437,$197 ,Online
Foot Locker,1185732,2021-11-06,Southeast,South Carolina,Charleston,Men's Athletic Footwear,$44.00 ,188,827,$372 ,Online
Foot Locker,1185732,2021-06-06,Midwest,Iowa,Des Moines,Men's Apparel,$34.00 ,44,150,$96 ,Online
Foot Locker,1185732,2021-09-06,Northeast,Rhode Island,Providence,Women's Street Footwear,$29.00 ,39,113,$49 ,Outlet
Kohl's,1189833,2021-05-18,West,California,Los Angeles,Women's Apparel,$62.00 ,176,"1,091",$382 ,Online
West Gear,1197831,2021-06-04,West,Idaho,Boise,Women's Street Footwear,$47.00 ,174,818,$393 ,Online
Foot Locker,1128299,2021-02-23,West,Arizona,Phoenix,Men's Apparel,$42.00 ,44,185,$81 ,Online
Kohl's,1197831,2021-08-13,Midwest,Kansas,Wichita,Women's Athletic Footwear,$37.00 ,90,333,$163 ,Online
Amazon,1185732,2021-09-10,Northeast,Vermont,Burlington,Men's Apparel,$60.00 ,200,"12,000","$4,200 ",In-store
Sports Direct,1197831,2021-04-20,South,Tennessee,Knoxville,Women's Apparel,$55.00 ,825,"45,375","$27,225 ",Outlet
Foot Locker,1185732,2021-07-14,Midwest,Nebraska,Omaha,Men's Street Footwear,$40.00 ,325,"13,000","$5,200 ",Outlet
Sports Direct,1185732,2021-01-17,Northeast,Rhode Island,Providence,Men's Street Footwear,$38.00 ,126,479,$206 ,Online
Sports Direct,1185732,2021-06-09,Midwest,North Dakota,Fargo,Women's Athletic Footwear,$30.00 ,175,"5,250","$1,575 ",In-store
Amazon,1185732,2021-02-12,Northeast,Vermont,Burlington,Women's Apparel,$43.00 ,85,366,$197 ,Online
Foot Locker,1185732,2021-11-09,Midwest,North Dakota,Fargo,Men's Street Footwear,$50.00 ,400,"20,000","$7,000 ",In-store
Foot Locker,1128299,2021-08-24,Southeast,Virginia,Richmond,Men's Apparel,$51.00 ,132,673,$303 ,Outlet
Foot Locker,1128299,2021-04-24,Southeast,Virginia,Richmond,Men's Athletic Footwear,$60.00 ,275,"16,500","$5,775 ",In-store
Foot Locker,1185732,2021-04-07,Northeast,Rhode Island,Providence,Women's Apparel,$35.00 ,200,"7,000","$2,800 ",In-store
Amazon,1185732,2021-02-12,Northeast,Massachusetts,Boston,Men's Street Footwear,$33.00 ,184,607,$285 ,Outlet
Amazon,1185732,2021-08-11,Northeast,Vermont,Burlington,Women's Apparel,$65.00 ,400,"26,000","$10,400 ",In-store
Sports Direct,1185732,2021-12-06,Northeast,Rhode Island,Providence,Women's Athletic Footwear,$48.00 ,65,312,$156 ,Online
Kohl's,1128299,2021-10-26,West,New Mexico,Albuquerque,Men's Apparel,$60.00 ,325,"19,500","$5,850 ",Online
Sports Direct,1197831,2021-08-19,South,Texas,Dallas,Women's Street Footwear,$27.00 ,143,386,$135 ,Outlet
Sports Direct,1197831,2021-03-10,Midwest,Montana,Billings,Men's Street Footwear,$20.00 ,700,"14,000","$4,900 ",Outlet
Foot Locker,1185732,2021-06-06,Midwest,Iowa,Des Moines,Men's Street Footwear,$35.00 ,525,"18,375","$5,513 ",In-store
Sports Direct,1185732,2021-05-03,Northeast,Connecticut,Hartford,Women's Apparel,$55.00 ,113,622,$305 ,Online
Kohl's,1189833,2021-04-19,West,California,Los Angeles,Men's Street Footwear,$45.00 ,900,"40,500","$16,200 ",Outlet
West Gear,1197831,2021-12-19,South,Arkansas,Little Rock,Women's Street Footwear,$60.00 ,450,"27,000","$10,800 ",Online
Amazon,1185732,2021-12-10,Northeast,Vermont,Burlington,Women's Street Footwear,$55.00 ,113,622,$292 ,Online
Foot Locker,1128299,2021-04-24,Southeast,Virginia,Richmond,Women's Athletic Footwear,$45.00 ,225,"10,125","$3,544 ",In-store
Foot Locker,1185732,2021-04-06,Southeast,South Carolina,Charleston,Men's Apparel,$47.00 ,188,884,$442 ,Online
Walmart,1128299,2021-09-18,Southeast,Florida,Orlando,Women's Apparel,$55.00 ,300,"16,500","$7,425 ",In-store
Foot Locker,1128299,2021-10-24,Southeast,Virginia,Richmond,Women's Athletic Footwear,$31.00 ,101,313,$116 ,Outlet
Foot Locker,1128299,2021-06-23,West,Arizona,Phoenix,Women's Street Footwear,$55.00 ,475,"26,125","$9,144 ",Online
Sports Direct,1197831,2021-05-20,South,Tennessee,Knoxville,Women's Apparel,$65.00 ,750,"48,750","$29,250 ",Outlet
Sports Direct,1185732,2021-12-06,Northeast,Rhode Island,Providence,Men's Athletic Footwear,$45.00 ,78,351,$168 ,Online
Sports Direct,1185732,2021-09-20,Northeast,Maryland,Baltimore,Men's Street Footwear,$50.00 ,425,"21,250","$8,500 ",In-store
Kohl's,1128299,2021-08-26,West,New Mexico,Albuquerque,Men's Apparel,$67.00 ,124,831,$332 ,Online
Sports Direct,1185732,2021-04-14,Northeast,Massachusetts,Boston,Women's Athletic Footwear,$23.00 ,39,90,$25 ,Outlet
Kohl's,1185732,2021-06-12,West,Wyoming,Cheyenne,Women's Athletic Footwear,$40.00 ,500,"20,000","$7,000 ",In-store
West Gear,1128299,2021-07-16,South,Louisiana,New Orleans,Women's Athletic Footwear,$62.00 ,198,"1,228",$552 ,Outlet
Foot Locker,1185732,2021-06-15,Northeast,Delaware,Wilmington,Women's Athletic Footwear,$45.00 ,300,"13,500","$5,400 ",In-store
Amazon,1185732,2021-10-19,Northeast,Maine,Portland,Women's Apparel,$68.00 ,56,381,$202 ,Online
Sports Direct,1185732,2021-05-03,Northeast,Connecticut,Hartford,Women's Street Footwear,$45.00 ,275,"12,375","$3,713 ",In-store
Sports Direct,1197831,2021-08-11,Midwest,Illinois,Chicago,Men's Street Footwear,$20.00 ,189,378,$151 ,Online
Walmart,1197831,2021-05-19,South,Arkansas,Little Rock,Men's Street Footwear,$26.00 ,228,593,$273 ,Outlet
Amazon,1185732,2021-01-13,Southeast,North Carolina,Charlotte,Women's Apparel,$35.00 ,575,"20,125","$10,063 ",Online
Sports Direct,1128299,2021-05-14,Southeast,Georgia,Atlanta,Women's Street Footwear,$40.00 ,145,580,$226 ,Outlet
Foot Locker,1128299,2021-02-24,West,Wyoming,Cheyenne,Women's Street Footwear,$39.00 ,88,343,$154 ,Online
Walmart,1185732,2021-09-16,South,Mississippi,Jackson,Women's Athletic Footwear,$19.00 ,100,190,$105 ,Online
Sports Direct,1128299,2021-03-16,Southeast,Florida,Orlando,Women's Apparel,$54.00 ,101,545,$327 ,Online
Walmart,1128299,2021-08-17,Southeast,Florida,Orlando,Women's Apparel,$60.00 ,96,576,$282 ,Outlet
Amazon,1185732,2021-06-19,Northeast,New Hampshire,Manchester,Women's Street Footwear,$53.00 ,88,466,$205 ,Online
Foot Locker,1185732,2021-06-21,Midwest,Illinois,Chicago,Women's Athletic Footwear,$45.00 ,75,"3,375","$1,350 ",Outlet
Kohl's,1128299,2021-05-27,West,New Mexico,Albuquerque,Women's Street Footwear,$60.00 ,450,"27,000","$9,450 ",Online
Kohl's,1128299,2021-05-27,West,New Mexico,Albuquerque,Men's Street Footwear,$51.00 ,150,765,$344 ,Online
West Gear,1185732,2021-09-08,Northeast,New York,Albany,Women's Street Footwear,$41.00 ,138,566,$198 ,Online
Sports Direct,1197831,2021-10-14,South,Texas,Dallas,Men's Apparel,$46.00 ,162,745,$291 ,Outlet
West Gear,1128299,2021-02-17,West,Oregon,Portland,Men's Athletic Footwear,$41.00 ,116,476,$243 ,Online
West Gear,1185732,2021-08-17,Northeast,West Virginia,Charleston,Women's Street Footwear,$40.00 ,300,"12,000","$4,800 ",In-store
Kohl's,1185732,2021-01-10,Northeast,Delaware,Wilmington,Men's Athletic Footwear,$33.00 ,77,254,$119 ,Online
Foot Locker,1185732,2021-12-17,Northeast,New Hampshire,Manchester,Men's Street Footwear,$49.00 ,200,980,$461 ,Outlet
Sports Direct,1185732,2021-05-03,Northeast,Connecticut,Hartford,Men's Apparel,$55.00 ,250,"13,750","$4,125 ",In-store
Sports Direct,1197831,2021-01-23,South,Mississippi,Jackson,Men's Apparel,$35.00 ,350,"12,250","$4,288 ",Online
Kohl's,1197831,2021-02-14,South,Oklahoma,Oklahoma City,Men's Street Footwear,$25.00 ,600,"15,000","$5,250 ",Online
Sports Direct,1185732,2021-07-03,Northeast,Connecticut,Hartford,Women's Athletic Footwear,$45.00 ,275,"12,375","$3,713 ",In-store
Walmart,1197831,2021-07-19,South,Arkansas,Little Rock,Women's Athletic Footwear,$45.00 ,400,"18,000","$7,200 ",Online
Kohl's,1189833,2021-04-17,West,California,Los Angeles,Men's Apparel,$38.00 ,140,532,$314 ,Outlet
Foot Locker,1185732,2021-10-19,Northeast,New Hampshire,Manchester,Men's Athletic Footwear,$62.00 ,84,521,$276 ,Online
Sports Direct,1197831,2021-09-12,South,Alabama,Birmingham,Men's Street Footwear,$38.00 ,225,855,$522 ,Online
Foot Locker,1185732,2021-01-12,Midwest,Kansas,Wichita,Men's Street Footwear,$38.00 ,138,524,$257 ,Online
Kohl's,1189833,2021-01-21,Midwest,Montana,Billings,Men's Street Footwear,$39.00 ,150,585,$333 ,Online
West Gear,1128299,2021-02-01,West,California,San Francisco,Women's Street Footwear,$55.00 ,700,"38,500","$11,550 ",Outlet
Foot Locker,1128299,2021-04-10,West,Hawaii,Honolulu,Women's Street Footwear,$65.00 ,350,"22,750","$5,688 ",Outlet
West Gear,1128299,2021-03-16,South,Louisiana,New Orleans,Women's Athletic Footwear,$43.00 ,96,413,$178 ,Outlet
Kohl's,1189833,2021-04-20,West,California,Los Angeles,Men's Athletic Footwear,$47.00 ,225,"1,058",$370 ,Online
Amazon,1185732,2021-04-18,Northeast,New Hampshire,Manchester,Men's Athletic Footwear,$38.00 ,85,323,$136 ,Outlet
Sports Direct,1197831,2021-04-17,South,Tennessee,Knoxville,Women's Street Footwear,$40.00 ,975,"39,000","$17,550 ",Outlet
Foot Locker,1185732,2021-11-17,Northeast,West Virginia,Charleston,Men's Apparel,$65.00 ,300,"19,500","$7,800 ",In-store
West Gear,1185732,2021-07-10,West,Utah,Salt Lake City,Men's Street Footwear,$34.00 ,224,762,$396 ,Online
Sports Direct,1185732,2021-02-15,Northeast,Rhode Island,Providence,Men's Athletic Footwear,$40.00 ,150,"6,000","$1,800 ",In-store
Amazon,1185732,2021-08-10,Midwest,Ohio,Columbus,Women's Athletic Footwear,$45.00 ,525,"23,625","$9,450 ",Online
Amazon,1185732,2021-02-12,Northeast,Vermont,Burlington,Women's Apparel,$35.00 ,107,375,$176 ,Outlet
Foot Locker,1185732,2021-06-08,Northeast,Rhode Island,Providence,Women's Apparel,$55.00 ,350,"19,250","$7,700 ",In-store
Foot Locker,1185732,2021-12-20,Northeast,Maryland,Baltimore,Men's Athletic Footwear,$46.00 ,65,299,$150 ,Online
Amazon,1185732,2021-07-10,Northeast,Vermont,Burlington,Men's Apparel,$39.00 ,114,445,$169 ,Outlet
Walmart,1185732,2021-09-16,South,Mississippi,Jackson,Women's Street Footwear,$19.00 ,123,234,$117 ,Online
Foot Locker,1185732,2021-11-09,Midwest,North Dakota,Fargo,Women's Athletic Footwear,$40.00 ,175,"7,000","$2,100 ",In-store
Sports Direct,1197831,2021-08-11,South,Alabama,Birmingham,Men's Apparel,$40.00 ,250,"10,000","$3,500 ",Outlet
Foot Locker,1185732,2021-08-14,Northeast,Delaware,Wilmington,Men's Apparel,$50.00 ,63,315,$142 ,Online
Sports Direct,1128299,2021-02-17,West,Hawaii,Honolulu,Men's Street Footwear,$36.00 ,137,493,$207 ,Online
Kohl's,1128299,2021-11-26,West,New Mexico,Albuquerque,Women's Apparel,$56.00 ,170,952,$286 ,Outlet
Foot Locker,1185732,2021-02-18,Midwest,Missouri,St. Louis,Men's Apparel,$40.00 ,325,"13,000","$4,550 ",In-store
West Gear,1128299,2021-10-24,West,Oregon,Portland,Women's Street Footwear,$46.00 ,91,419,$205 ,Online
Foot Locker,1185732,2021-12-31,Northeast,Pennsylvania,Philadelphia,Men's Apparel,$70.00 ,175,"12,250","$4,288 ",Outlet
Sports Direct,1185732,2021-07-20,Northeast,Maryland,Baltimore,Women's Apparel,$54.00 ,102,551,$231 ,Online
Kohl's,1189833,2021-02-20,Midwest,Montana,Billings,Men's Street Footwear,$44.00 ,160,704,$394 ,Online
Foot Locker,1185732,2021-07-03,Midwest,Nebraska,Omaha,Men's Athletic Footwear,$45.00 ,275,"12,375","$4,331 ",Outlet
Sports Direct,1128299,2021-09-14,Southeast,Georgia,Atlanta,Men's Apparel,$54.00 ,100,540,$259 ,Online
West Gear,1128299,2021-01-15,West,California,San Francisco,Women's Athletic Footwear,$60.00 ,725,"43,500","$13,050 ",Outlet
West Gear,1128299,2021-02-10,West,California,San Francisco,Women's Apparel,$56.00 ,256,"1,434",$215 ,Outlet
Foot Locker,1185732,2021-04-07,Northeast,Rhode Island,Providence,Men's Street Footwear,$35.00 ,425,"14,875","$5,206 ",In-store
Foot Locker,1185732,2021-12-24,Northeast,Pennsylvania,Philadelphia,Women's Athletic Footwear,$43.00 ,60,258,$119 ,Outlet
Amazon,1185732,2021-04-22,Southeast,Kentucky,Louisville,Men's Athletic Footwear,$41.00 ,49,201,$96 ,Online
Foot Locker,1128299,2021-10-24,Southeast,Virginia,Richmond,Men's Apparel,$53.00 ,87,461,$249 ,Online
Sports Direct,1185732,2021-11-03,Southeast,North Carolina,Charlotte,Men's Athletic Footwear,$32.00 ,195,624,$293 ,Online
Foot Locker,1185732,2021-06-12,Midwest,South Dakota,Sioux Falls,Women's Street Footwear,$32.00 ,54,173,$74 ,Online
Sports Direct,1185732,2021-07-08,Midwest,North Dakota,Fargo,Women's Apparel,$55.00 ,375,"20,625","$8,250 ",In-store
Amazon,1185732,2021-02-22,West,Alaska,Anchorage,Women's Apparel,$55.00 ,350,"19,250","$5,775 ",Outlet
Sports Direct,1185732,2021-05-13,Northeast,Massachusetts,Boston,Men's Apparel,$39.00 ,60,234,$66 ,Outlet
Walmart,1197831,2021-03-19,South,Arkansas,Little Rock,Women's Apparel,$24.00 ,102,245,$125 ,Online
Sports Direct,1185732,2021-03-13,Northeast,Massachusetts,Boston,Men's Street Footwear,$40.00 ,470,"18,800","$5,640 ",In-store
Kohl's,1189833,2021-01-15,Midwest,Montana,Billings,Men's Street Footwear,$45.00 ,575,"25,875","$11,644 ",Outlet
Sports Direct,1197831,2021-08-29,South,Texas,Dallas,Men's Street Footwear,$18.00 ,182,328,$147 ,Online
Amazon,1185732,2021-05-23,Southeast,Kentucky,Louisville,Women's Apparel,$51.00 ,83,423,$216 ,Online
Foot Locker,1185732,2021-10-27,Northeast,Pennsylvania,Philadelphia,Women's Apparel,$43.00 ,61,262,$115 ,Online
Foot Locker,1185732,2021-12-03,Northeast,Connecticut,Hartford,Men's Street Footwear,$65.00 ,575,"37,375","$14,950 ",In-store
Sports Direct,1185732,2021-12-11,Midwest,South Dakota,Sioux Falls,Men's Apparel,$56.00 ,50,280,$126 ,Online
Amazon,1185732,2021-10-28,Northeast,Maine,Portland,Men's Apparel,$49.00 ,29,142,$51 ,Online
Sports Direct,1197831,2021-04-04,South,Tennessee,Knoxville,Men's Athletic Footwear,$20.00 ,240,480,$211 ,Outlet
Sports Direct,1185732,2021-10-18,South,Mississippi,Jackson,Women's Apparel,$33.00 ,124,409,$262 ,Online
Foot Locker,1185732,2021-04-17,South,Mississippi,Jackson,Men's Athletic Footwear,$25.00 ,375,"9,375","$3,281 ",Online
Sports Direct,1185732,2021-09-03,Northeast,Connecticut,Hartford,Men's Apparel,$50.00 ,51,255,$107 ,Online
Foot Locker,1185732,2021-02-12,Midwest,South Dakota,Sioux Falls,Women's Apparel,$35.00 ,275,"9,625","$3,850 ",Online
Sports Direct,1197831,2021-05-01,South,Tennessee,Knoxville,Men's Apparel,$47.00 ,120,564,$288 ,Online
Sports Direct,1185732,2021-02-15,Northeast,Massachusetts,Boston,Women's Apparel,$30.00 ,80,240,$77 ,Outlet
Sports Direct,1185732,2021-12-05,Southeast,South Carolina,Charleston,Men's Apparel,$66.00 ,225,"1,485",$668 ,Online
Foot Locker,1185732,2021-10-07,Southeast,South Carolina,Charleston,Women's Street Footwear,$45.00 ,675,"30,375","$7,594 ",Online
West Gear,1185732,2021-03-10,West,Utah,Salt Lake City,Women's Athletic Footwear,$23.00 ,73,168,$89 ,Online
Walmart,1128299,2021-07-16,Southeast,Florida,Orlando,Men's Street Footwear,$68.00 ,297,"2,020",$747 ,Outlet
Sports Direct,1197831,2021-10-17,South,Texas,Dallas,Men's Athletic Footwear,$39.00 ,248,967,$406 ,Outlet
Kohl's,1197831,2021-03-12,Midwest,Kansas,Wichita,Women's Apparel,$25.00 ,250,"6,250","$2,188 ",Online
Sports Direct,1197831,2021-04-08,South,Tennessee,Knoxville,Women's Apparel,$38.00 ,202,768,$514 ,Online
Foot Locker,1185732,2021-11-12,Northeast,Pennsylvania,Philadelphia,Women's Athletic Footwear,$36.00 ,24,86,$33 ,Outlet
Amazon,1185732,2021-05-09,Midwest,Ohio,Columbus,Women's Street Footwear,$39.00 ,143,558,$284 ,Online
West Gear,1197831,2021-11-20,South,Arkansas,Little Rock,Women's Athletic Footwear,$55.00 ,375,"20,625","$8,250 ",Online
Sports Direct,1197831,2021-09-30,South,Texas,Dallas,Women's Street Footwear,$47.00 ,254,"1,194",$537 ,Outlet
Sports Direct,1197831,2021-03-31,South,Tennessee,Knoxville,Women's Athletic Footwear,$25.00 ,400,"10,000","$5,000 ",Outlet
Kohl's,1128299,2021-07-25,West,New Mexico,Albuquerque,Men's Street Footwear,$54.00 ,203,"1,096",$515 ,Online
Sports Direct,1197831,2021-04-14,South,Tennessee,Knoxville,Women's Apparel,$50.00 ,875,"43,750","$24,063 ",Outlet
West Gear,1197831,2021-01-05,South,Louisiana,New Orleans,Women's Apparel,$23.00 ,147,338,$169 ,Outlet
West Gear,1128299,2021-03-16,South,Louisiana,New Orleans,Men's Street Footwear,$29.00 ,179,519,$239 ,Outlet
Amazon,1185732,2021-07-10,Northeast,Vermont,Burlington,Women's Athletic Footwear,$46.00 ,90,414,$203 ,Online
Amazon,1185732,2021-06-19,Northeast,New Hampshire,Manchester,Women's Apparel,$66.00 ,138,911,$428 ,Online
Amazon,1185732,2021-02-22,West,Alaska,Anchorage,Women's Athletic Footwear,$49.00 ,46,225,$88 ,Online
Sports Direct,1185732,2021-02-05,Northeast,Connecticut,Hartford,Women's Apparel,$40.00 ,300,"12,000","$4,200 ",In-store
Walmart,1128299,2021-06-17,Southeast,Florida,Orlando,Women's Athletic Footwear,$85.00 ,575,"48,875","$14,663 ",In-store
West Gear,1185732,2021-02-11,West,Utah,Salt Lake City,Men's Apparel,$28.00 ,120,336,$141 ,Outlet
West Gear,1185732,2021-01-11,Midwest,Missouri,St. Louis,Men's Apparel,$35.00 ,375,"13,125","$4,594 ",In-store
West Gear,1185732,2021-10-11,West,Utah,Salt Lake City,Women's Athletic Footwear,$19.00 ,72,137,$75 ,Online
Walmart,1128299,2021-10-10,West,Hawaii,Honolulu,Men's Apparel,$63.00 ,70,441,$123 ,Online
Walmart,1197831,2021-10-21,South,Arkansas,Little Rock,Men's Apparel,$21.00 ,91,191,$71 ,Outlet
Sports Direct,1197831,2021-08-31,South,Alabama,Birmingham,Men's Street Footwear,$30.00 ,225,675,$324 ,Outlet
West Gear,1185732,2021-09-18,Northeast,West Virginia,Charleston,Men's Athletic Footwear,$30.00 ,350,"10,500","$4,200 ",In-store
Amazon,1185732,2021-01-21,Northeast,Vermont,Burlington,Men's Athletic Footwear,$50.00 ,325,"16,250","$6,500 ",In-store
Foot Locker,1128299,2021-11-24,Southeast,Virginia,Richmond,Men's Street Footwear,$45.00 ,575,"25,875","$9,056 ",In-store
Foot Locker,1185732,2021-06-12,Midwest,South Dakota,Sioux Falls,Men's Street Footwear,$45.00 ,500,"22,500","$7,875 ",Online
West Gear,1185732,2021-02-10,Southeast,Florida,Orlando,Men's Street Footwear,$44.00 ,234,"1,030",$566 ,Online
Sports Direct,1197831,2021-05-01,South,Tennessee,Knoxville,Men's Apparel,$39.00 ,120,468,$201 ,Outlet
Foot Locker,1185732,2021-07-11,Midwest,South Dakota,Sioux Falls,Women's Athletic Footwear,$38.00 ,44,167,$72 ,Online
Sports Direct,1185732,2021-10-05,Northeast,Connecticut,Hartford,Men's Apparel,$65.00 ,150,"9,750","$2,925 ",In-store
Sports Direct,1185732,2021-10-05,Northeast,Connecticut,Hartford,Men's Apparel,$64.00 ,42,269,$113 ,Online
West Gear,1185732,2021-08-11,West,Utah,Salt Lake City,Women's Street Footwear,$29.00 ,113,328,$161 ,Online
West Gear,1185732,2021-12-17,Midwest,Missouri,St. Louis,Women's Athletic Footwear,$35.00 ,350,"12,250","$4,900 ",In-store
Sports Direct,1185732,2021-01-07,Northeast,New Jersey,Newark,Men's Street Footwear,$40.00 ,500,"20,000","$8,000 ",In-store
Amazon,1185732,2021-05-17,Northeast,New Hampshire,Manchester,Women's Athletic Footwear,$41.00 ,91,373,$127 ,Outlet
Foot Locker,1185732,2021-12-05,Southeast,South Carolina,Charleston,Men's Street Footwear,$67.00 ,290,"1,943","$1,166 ",Online
Sports Direct,1197831,2021-08-18,South,Texas,Dallas,Men's Athletic Footwear,$23.00 ,215,495,$178 ,Outlet
Sports Direct,1197831,2021-10-04,West,Idaho,Boise,Men's Apparel,$25.00 ,123,308,$120 ,Outlet
Sports Direct,1128299,2021-04-13,Southeast,Georgia,Atlanta,Men's Athletic Footwear,$40.00 ,111,444,$186 ,Outlet
Sports Direct,1128299,2021-01-13,West,New Mexico,Albuquerque,Men's Athletic Footwear,$39.00 ,135,527,$269 ,Online
Foot Locker,1185732,2021-11-12,Northeast,Pennsylvania,Philadelphia,Women's Athletic Footwear,$42.00 ,20,84,$39 ,Online
Sports Direct,1185732,2021-05-03,Northeast,Connecticut,Hartford,Men's Apparel,$37.00 ,83,307,$107 ,Outlet
Foot Locker,1185732,2021-06-18,Midwest,Missouri,St. Louis,Men's Street Footwear,$32.00 ,168,538,$290 ,Online
Amazon,1185732,2021-10-12,South,Alabama,Birmingham,Men's Street Footwear,$38.00 ,117,445,$222 ,Online
West Gear,1128299,2021-01-01,West,California,San Francisco,Men's Athletic Footwear,$51.00 ,233,"1,188",$321 ,Outlet
Foot Locker,1185732,2021-10-19,Northeast,New Hampshire,Manchester,Men's Street Footwear,$52.00 ,162,842,$354 ,Outlet
Kohl's,1185732,2021-09-10,West,Wyoming,Cheyenne,Women's Street Footwear,$38.00 ,137,521,$239 ,Online
Kohl's,1128299,2021-10-26,West,New Mexico,Albuquerque,Men's Athletic Footwear,$55.00 ,550,"30,250","$12,100 ",Online
Sports Direct,1185732,2021-07-03,Northeast,Connecticut,Hartford,Men's Street Footwear,$42.00 ,195,819,$369 ,Outlet
West Gear,1185732,2021-03-09,Midwest,Indiana,Indianapolis,Men's Street Footwear,$23.00 ,151,347,$177 ,Online
Kohl's,1128299,2021-12-25,West,New Mexico,Albuquerque,Men's Street Footwear,$60.00 ,700,"42,000","$14,700 ",Online
West Gear,1128299,2021-08-17,South,Louisiana,New Orleans,Women's Apparel,$63.00 ,90,567,$278 ,Online
West Gear,1185732,2021-05-18,Northeast,West Virginia,Charleston,Men's Apparel,$45.00 ,225,"10,125","$4,050 ",In-store
Sports Direct,1185732,2021-11-03,Southeast,North Carolina,Charlotte,Women's Street Footwear,$38.00 ,167,635,$343 ,Online
Sports Direct,1128299,2021-06-13,Southeast,Georgia,Atlanta,Men's Athletic Footwear,$41.00 ,163,668,$294 ,Outlet
Sports Direct,1128299,2021-03-16,Southeast,Florida,Orlando,Women's Street Footwear,$47.00 ,149,700,$224 ,Outlet
Sports Direct,1185732,2021-12-15,Midwest,Michigan,Detroit,Men's Athletic Footwear,$50.00 ,650,"32,500","$13,000 ",In-store
Kohl's,1185732,2021-04-11,West,Wyoming,Cheyenne,Women's Street Footwear,$30.00 ,500,"15,000","$5,250 ",In-store
Foot Locker,1185732,2021-09-05,Southeast,South Carolina,Charleston,Men's Apparel,$48.00 ,175,840,$386 ,Online
Kohl's,1189833,2021-02-17,Midwest,Montana,Billings,Women's Athletic Footwear,$45.00 ,400,"18,000","$7,200 ",Outlet
Sports Direct,1128299,2021-12-25,West,New Mexico,Albuquerque,Women's Athletic Footwear,$45.00 ,160,720,$288 ,Outlet
Kohl's,1189833,2021-01-22,Midwest,Montana,Billings,Men's Athletic Footwear,$45.00 ,425,"19,125","$5,738 ",Outlet
Sports Direct,1185732,2021-08-03,Southeast,North Carolina,Charlotte,Men's Athletic Footwear,$60.00 ,800,"48,000","$16,800 ",Online
Sports Direct,1197831,2021-03-22,South,Tennessee,Knoxville,Men's Street Footwear,$27.00 ,189,510,$260 ,Online
Kohl's,1189833,2021-05-20,West,California,Los Angeles,Men's Athletic Footwear,$55.00 ,825,"45,375","$11,344 ",Outlet
Foot Locker,1128299,2021-02-10,West,Hawaii,Honolulu,Women's Apparel,$45.00 ,350,"15,750","$6,300 ",Outlet
Sports Direct,1185732,2021-02-15,Northeast,Rhode Island,Providence,Women's Street Footwear,$24.00 ,70,168,$49 ,Outlet
West Gear,1185732,2021-12-02,Midwest,Wisconsin,Milwaukee,Men's Apparel,$60.00 ,250,"15,000","$7,500 ",In-store
Foot Locker,1185732,2021-09-13,Northeast,Delaware,Wilmington,Women's Athletic Footwear,$45.00 ,200,"9,000","$3,600 ",In-store
Kohl's,1185732,2021-09-06,Northeast,New Jersey,Newark,Men's Athletic Footwear,$41.00 ,72,295,$148 ,Online
Foot Locker,1185732,2021-01-24,Northeast,New Hampshire,Manchester,Men's Athletic Footwear,$36.00 ,93,335,$134 ,Outlet
Amazon,1185732,2021-09-10,Northeast,Vermont,Burlington,Men's Street Footwear,$44.00 ,179,788,$386 ,Outlet
Amazon,1185732,2021-02-12,Northeast,Massachusetts,Boston,Men's Athletic Footwear,$45.00 ,225,"10,125","$4,556 ",In-store
Foot Locker,1185732,2021-07-05,Southeast,South Carolina,Charleston,Men's Athletic Footwear,$58.00 ,270,"1,566",$767 ,Online
West Gear,1197831,2021-07-19,South,Oklahoma,Oklahoma City,Women's Athletic Footwear,$41.00 ,85,349,$185 ,Online
Amazon,1185732,2021-11-18,Northeast,Maine,Portland,Men's Apparel,$65.00 ,150,"9,750","$2,438 ",Outlet
Amazon,1185732,2021-10-22,Southeast,Kentucky,Louisville,Women's Apparel,$53.00 ,83,440,$220 ,Online
Foot Locker,1185732,2021-12-08,Midwest,North Dakota,Fargo,Men's Athletic Footwear,$46.00 ,75,345,$155 ,Online
Sports Direct,1197831,2021-08-08,West,Idaho,Boise,Men's Apparel,$39.00 ,166,647,$272 ,Outlet
Sports Direct,1128299,2021-07-12,Southeast,Georgia,Atlanta,Men's Apparel,$54.00 ,138,745,$358 ,Online
Kohl's,1189833,2021-05-26,West,California,Los Angeles,Men's Athletic Footwear,$55.00 ,900,"49,500","$12,375 ",Outlet
Foot Locker,1185732,2021-04-14,Northeast,Delaware,Wilmington,Women's Street Footwear,$27.00 ,59,159,$88 ,Online
Foot Locker,1128299,2021-06-24,Southeast,Virginia,Richmond,Women's Athletic Footwear,$72.00 ,142,"1,022",$501 ,Online
Sports Direct,1128299,2021-12-09,West,Hawaii,Honolulu,Women's Apparel,$95.00 ,525,"49,875","$19,950 ",Outlet
Foot Locker,1185732,2021-07-22,Midwest,Illinois,Chicago,Men's Apparel,$49.00 ,49,240,$110 ,Online
Sports Direct,1197831,2021-01-23,South,Mississippi,Jackson,Women's Street Footwear,$11.00 ,140,154,$68 ,Outlet
West Gear,1197831,2021-07-06,West,Idaho,Boise,Men's Athletic Footwear,$52.00 ,202,"1,050",$546 ,Online
West Gear,1185732,2021-06-10,Midwest,Indiana,Indianapolis,Men's Street Footwear,$40.00 ,575,"23,000","$9,200 ",In-store
Amazon,1185732,2021-07-10,Northeast,Vermont,Burlington,Men's Athletic Footwear,$51.00 ,115,587,$328 ,Online
Amazon,1185732,2021-03-09,Midwest,Ohio,Columbus,Women's Athletic Footwear,$25.00 ,325,"8,125","$3,250 ",Online
Foot Locker,1185732,2021-10-18,Midwest,Missouri,St. Louis,Women's Apparel,$38.00 ,88,334,$214 ,Online
Foot Locker,1185732,2021-07-05,Midwest,Nebraska,Omaha,Women's Athletic Footwear,$29.00 ,38,110,$56 ,Online
Foot Locker,1185732,2021-11-18,Midwest,Missouri,St. Louis,Men's Apparel,$45.00 ,300,"13,500","$4,725 ",In-store
Amazon,1185732,2021-08-22,Southeast,Kentucky,Louisville,Women's Athletic Footwear,$40.00 ,250,"10,000","$4,000 ",Online
Foot Locker,1128299,2021-09-25,Southeast,Virginia,Richmond,Women's Apparel,$45.00 ,250,"11,250","$3,375 ",In-store
West Gear,1128299,2021-05-25,West,Oregon,Portland,Women's Apparel,$60.00 ,525,"31,500","$9,450 ",In-store
Foot Locker,1185732,2021-10-18,Midwest,Missouri,St. Louis,Men's Street Footwear,$34.00 ,131,445,$227 ,Online
Foot Locker,1185732,2021-10-09,Midwest,North Dakota,Fargo,Women's Apparel,$55.00 ,250,"13,750","$5,500 ",In-store
Sports Direct,1185732,2021-11-07,Northeast,Rhode Island,Providence,Men's Street Footwear,$60.00 ,350,"21,000","$7,350 ",In-store
Sports Direct,1185732,2021-02-15,Northeast,Rhode Island,Providence,Men's Street Footwear,$36.00 ,140,504,$207 ,Online
Kohl's,1189833,2021-05-07,West,California,Los Angeles,Men's Street Footwear,$47.00 ,213,"1,001",$541 ,Online
Foot Locker,1185732,2021-08-12,Midwest,South Dakota,Sioux Falls,Women's Apparel,$53.00 ,88,466,$233 ,Online
Amazon,1185732,2021-08-22,Southeast,Kentucky,Louisville,Men's Street Footwear,$50.00 ,575,"28,750","$11,500 ",Online
West Gear,1185732,2021-09-12,West,Utah,Salt Lake City,Women's Street Footwear,$9.00 ,91,82,$41 ,Online
West Gear,1128299,2021-09-18,South,Louisiana,New Orleans,Men's Athletic Footwear,$40.00 ,175,700,$301 ,Outlet
Sports Direct,1197831,2021-09-14,South,Alabama,Birmingham,Women's Street Footwear,$51.00 ,268,"1,367",$820 ,Online
Foot Locker,1185732,2021-10-05,Northeast,Connecticut,Hartford,Women's Apparel,$63.00 ,74,466,$233 ,Online
Kohl's,1189833,2021-04-12,West,California,Los Angeles,Women's Apparel,$62.00 ,174,"1,079",$356 ,Online
Walmart,1185732,2021-10-18,South,Mississippi,Jackson,Men's Apparel,$32.00 ,98,314,$157 ,Online
Kohl's,1197831,2021-11-20,South,Oklahoma,Oklahoma City,Women's Street Footwear,$25.00 ,245,"6,125","$2,450 ",Online
Sports Direct,1185732,2021-01-06,Southeast,South Carolina,Charleston,Men's Athletic Footwear,$35.00 ,725,"25,375","$8,881 ",Online
Amazon,1185732,2021-04-11,Northeast,Vermont,Burlington,Men's Street Footwear,$41.00 ,137,562,$315 ,Online
West Gear,1185732,2021-04-10,Midwest,Indiana,Indianapolis,Men's Apparel,$61.00 ,45,275,$121 ,Online
Amazon,1185732,2021-02-22,Southeast,Kentucky,Louisville,Women's Athletic Footwear,$35.00 ,125,"4,375","$1,750 ",Online
Foot Locker,1185732,2021-08-07,Northeast,Rhode Island,Providence,Women's Athletic Footwear,$29.00 ,47,136,$59 ,Outlet
West Gear,1197831,2021-08-20,South,Oklahoma,Oklahoma City,Women's Street Footwear,$47.00 ,113,531,$281 ,Online
Sports Direct,1197831,2021-05-06,South,Tennessee,Knoxville,Women's Athletic Footwear,$40.00 ,375,"15,000","$8,250 ",Outlet
Amazon,1185732,2021-10-22,Northeast,Maine,Portland,Men's Apparel,$50.00 ,150,"7,500","$1,875 ",Outlet
Sports Direct,1185732,2021-12-06,Northeast,Rhode Island,Providence,Women's Athletic Footwear,$34.00 ,77,262,$113 ,Outlet
Foot Locker,1185732,2021-05-06,Northeast,Rhode Island,Providence,Women's Street Footwear,$40.00 ,200,"8,000","$3,200 ",In-store
Foot Locker,1128299,2021-07-22,West,Arizona,Phoenix,Women's Athletic Footwear,$36.00 ,113,407,$155 ,Outlet
Sports Direct,1197831,2021-08-23,South,Texas,Dallas,Men's Street Footwear,$29.00 ,182,528,$264 ,Online
West Gear,1128299,2021-01-26,West,California,San Francisco,Women's Street Footwear,$52.00 ,225,"1,170",$468 ,Online
West Gear,1185732,2021-02-03,Midwest,Iowa,Des Moines,Men's Street Footwear,$30.00 ,500,"15,000","$4,500 ",In-store
Foot Locker,1128299,2021-03-22,West,Arizona,Phoenix,Women's Apparel,$47.00 ,88,414,$165 ,Online
Amazon,1185732,2021-03-09,Midwest,Ohio,Columbus,Men's Athletic Footwear,$30.00 ,450,"13,500","$4,725 ",Online
Sports Direct,1185732,2021-04-04,Northeast,Connecticut,Hartford,Men's Street Footwear,$28.00 ,155,434,$200 ,Outlet
West Gear,1197831,2021-07-19,South,Oklahoma,Oklahoma City,Men's Street Footwear,$50.00 ,182,910,$473 ,Online
West Gear,1197831,2021-03-19,South,Oklahoma,Oklahoma City,Women's Apparel,$18.00 ,88,158,$73 ,Outlet
West Gear,1185732,2021-02-10,Southeast,Florida,Orlando,Men's Athletic Footwear,$31.00 ,165,512,$210 ,Outlet
West Gear,1185732,2021-08-09,Northeast,New York,Albany,Men's Apparel,$55.00 ,550,"30,250","$10,588 ",In-store
Kohl's,1197831,2021-02-14,South,Oklahoma,Oklahoma City,Men's Street Footwear,$23.00 ,162,373,$175 ,Online
Sports Direct,1185732,2021-12-06,Northeast,New Jersey,Newark,Women's Apparel,$65.00 ,375,"24,375","$9,750 ",In-store
Walmart,1128299,2021-05-18,Southeast,Florida,Orlando,Women's Street Footwear,$46.00 ,132,607,$219 ,Outlet
Walmart,1185732,2021-07-16,South,Mississippi,Jackson,Women's Street Footwear,$37.00 ,168,622,$261 ,Outlet
Foot Locker,1185732,2021-06-18,South,Mississippi,Jackson,Women's Street Footwear,$45.00 ,475,"21,375","$8,550 ",Online
Foot Locker,1185732,2021-11-22,Northeast,Pennsylvania,Philadelphia,Men's Athletic Footwear,$41.00 ,85,349,$136 ,Outlet
Foot Locker,1185732,2021-02-18,South,Mississippi,Jackson,Women's Apparel,$20.00 ,160,320,$182 ,Outlet
Amazon,1185732,2021-10-22,West,Alaska,Anchorage,Women's Apparel,$80.00 ,275,"22,000","$6,600 ",Outlet
Amazon,1185732,2021-01-24,West,Alaska,Anchorage,Women's Apparel,$52.00 ,84,437,$179 ,Online
Amazon,1185732,2021-11-22,Southeast,Kentucky,Louisville,Men's Street Footwear,$50.00 ,425,"21,250","$8,500 ",Online
Foot Locker,1128299,2021-04-24,Southeast,Virginia,Richmond,Women's Apparel,$47.00 ,90,423,$152 ,Outlet
Sports Direct,1197831,2021-09-18,South,Alabama,Birmingham,Men's Street Footwear,$38.00 ,206,783,$431 ,Outlet
Amazon,1185732,2021-10-11,Midwest,Ohio,Columbus,Men's Street Footwear,$40.00 ,725,"29,000","$11,600 ",Online
Sports Direct,1185732,2021-05-13,Northeast,Massachusetts,Boston,Women's Apparel,$43.00 ,104,447,$152 ,Outlet
Foot Locker,1185732,2021-02-08,Northeast,Rhode Island,Providence,Women's Athletic Footwear,$20.00 ,16,32,$14 ,Outlet
Sports Direct,1185732,2021-01-07,Northeast,New Jersey,Newark,Women's Street Footwear,$28.00 ,90,252,$101 ,Online
Kohl's,1128299,2021-09-27,West,New Mexico,Albuquerque,Men's Athletic Footwear,$39.00 ,188,733,$337 ,Outlet
Amazon,1185732,2021-01-22,Midwest,Ohio,Columbus,Women's Street Footwear,$30.00 ,300,"9,000","$3,600 ",Online
Sports Direct,1197831,2021-09-18,South,Texas,Dallas,Women's Street Footwear,$45.00 ,975,"43,875","$17,550 ",Outlet
Walmart,1185732,2021-08-17,South,Mississippi,Jackson,Men's Athletic Footwear,$50.00 ,168,840,$403 ,Online
Foot Locker,1185732,2021-11-04,Northeast,Connecticut,Hartford,Men's Athletic Footwear,$37.00 ,105,389,$179 ,Outlet
Foot Locker,1185732,2021-04-14,Northeast,Delaware,Wilmington,Women's Apparel,$40.00 ,300,"12,000","$4,800 ",In-store
Sports Direct,1185732,2021-05-10,Midwest,North Dakota,Fargo,Men's Athletic Footwear,$41.00 ,54,221,$97 ,Online
Foot Locker,1128299,2021-05-11,West,Hawaii,Honolulu,Women's Athletic Footwear,$52.00 ,80,416,$166 ,Online
Sports Direct,1128299,2021-10-13,Southeast,Georgia,Atlanta,Men's Apparel,$50.00 ,90,450,$207 ,Online
Sports Direct,1185732,2021-02-09,Midwest,South Dakota,Sioux Falls,Men's Athletic Footwear,$35.00 ,175,"6,125","$1,838 ",Online
West Gear,1128299,2021-04-24,West,Oregon,Portland,Women's Apparel,$49.00 ,90,441,$150 ,Outlet
West Gear,1185732,2021-12-17,Midwest,Missouri,St. Louis,Men's Apparel,$45.00 ,350,"15,750","$5,513 ",In-store
Foot Locker,1185732,2021-06-12,Midwest,Illinois,Chicago,Men's Street Footwear,$47.00 ,144,677,$372 ,Online
West Gear,1128299,2021-02-03,West,California,San Francisco,Men's Apparel,$65.00 ,650,"42,250","$19,013 ",Outlet
Amazon,1185732,2021-07-21,Southeast,Kentucky,Louisville,Men's Apparel,$46.00 ,75,345,$159 ,Online
Kohl's,1189833,2021-05-25,West,California,Los Angeles,Men's Street Footwear,$49.00 ,225,"1,103",$562 ,Online
Foot Locker,1128299,2021-04-10,West,Hawaii,Honolulu,Men's Street Footwear,$60.00 ,500,"30,000","$7,500 ",Outlet
Foot Locker,1185732,2021-02-12,Midwest,Kansas,Wichita,Men's Street Footwear,$40.00 ,525,"21,000","$7,350 ",Online
Foot Locker,1197831,2021-03-06,West,Idaho,Boise,Women's Athletic Footwear,$33.00 ,105,347,$201 ,Online
Amazon,1185732,2021-06-22,West,Alaska,Anchorage,Women's Athletic Footwear,$55.00 ,300,"16,500","$4,125 ",Outlet
Kohl's,1197831,2021-01-16,South,Oklahoma,Oklahoma City,Women's Apparel,$25.00 ,350,"8,750","$3,063 ",Online
Foot Locker,1128299,2021-02-24,Southeast,Virginia,Richmond,Women's Apparel,$30.00 ,107,321,$116 ,Outlet
Amazon,1185732,2021-08-18,Northeast,New Hampshire,Manchester,Men's Athletic Footwear,$39.00 ,135,527,$247 ,Outlet
Amazon,1185732,2021-01-22,Midwest,Ohio,Columbus,Men's Street Footwear,$40.00 ,500,"20,000","$8,000 ",Online
Kohl's,1189833,2021-03-07,Midwest,Montana,Billings,Women's Athletic Footwear,$45.00 ,475,"21,375","$8,550 ",Outlet
West Gear,1185732,2021-09-04,Midwest,Wisconsin,Milwaukee,Men's Apparel,$35.00 ,125,"4,375","$2,188 ",In-store
Foot Locker,1185732,2021-06-19,Midwest,Nebraska,Omaha,Women's Apparel,$51.00 ,41,209,$130 ,Online
Sports Direct,1185732,2021-09-13,Northeast,Massachusetts,Boston,Men's Street Footwear,$53.00 ,135,716,$301 ,Online
West Gear,1185732,2021-08-10,Midwest,Indiana,Indianapolis,Men's Apparel,$47.00 ,53,249,$112 ,Online
Foot Locker,1128299,2021-03-22,West,Arizona,Phoenix,Women's Athletic Footwear,$38.00 ,68,258,$96 ,Outlet
Amazon,1185732,2021-11-17,Northeast,Maine,Portland,Men's Street Footwear,$55.00 ,550,"30,250","$10,588 ",Outlet
West Gear,1185732,2021-05-11,Midwest,Indiana,Indianapolis,Men's Street Footwear,$60.00 ,545,"32,700","$13,080 ",In-store
West Gear,1185732,2021-03-10,West,Utah,Salt Lake City,Women's Athletic Footwear,$25.00 ,250,"6,250","$2,500 ",In-store
Kohl's,1185732,2021-12-08,Northeast,New York,Albany,Women's Street Footwear,$52.00 ,163,848,$331 ,Online
Amazon,1185732,2021-04-11,Northeast,Vermont,Burlington,Men's Athletic Footwear,$35.00 ,68,238,$112 ,Outlet
Foot Locker,1185732,2021-05-31,West,California,Los Angeles,Men's Street Footwear,$45.00 ,475,"21,375","$8,550 ",Outlet
Foot Locker,1185732,2021-05-06,Northeast,Rhode Island,Providence,Women's Apparel,$52.00 ,81,421,$223 ,Online
Sports Direct,1197831,2021-09-10,South,Texas,Dallas,Men's Street Footwear,$41.00 ,224,918,$413 ,Online
Foot Locker,1185732,2021-07-06,Northeast,Rhode Island,Providence,Women's Apparel,$55.00 ,400,"22,000","$8,800 ",In-store
Sports Direct,1197831,2021-09-11,South,Texas,Dallas,Men's Athletic Footwear,$50.00 ,800,"40,000","$14,000 ",Outlet
Foot Locker,1185732,2021-09-19,Midwest,Missouri,St. Louis,Men's Apparel,$23.00 ,77,177,$83 ,Online
West Gear,1197831,2021-11-20,South,Arkansas,Little Rock,Men's Apparel,$69.00 ,91,628,$295 ,Online
West Gear,1128299,2021-03-23,West,Oregon,Portland,Men's Apparel,$54.00 ,26,140,$74 ,Online
Amazon,1185732,2021-01-14,Northeast,Massachusetts,Boston,Men's Athletic Footwear,$45.00 ,325,"14,625","$6,581 ",In-store
West Gear,1185732,2021-12-17,Midwest,Missouri,St. Louis,Men's Apparel,$42.00 ,88,370,$185 ,Online
Foot Locker,1128299,2021-03-23,Southeast,Virginia,Richmond,Men's Athletic Footwear,$45.00 ,85,383,$180 ,Online
Sports Direct,1197831,2021-05-17,South,Tennessee,Knoxville,Women's Street Footwear,$44.00 ,210,924,$471 ,Outlet
Kohl's,1189833,2021-02-22,Midwest,Montana,Billings,Women's Street Footwear,$41.00 ,116,476,$271 ,Online
Foot Locker,1185732,2021-02-08,Northeast,Rhode Island,Providence,Men's Apparel,$34.00 ,40,136,$49 ,Outlet
Kohl's,1128299,2021-05-27,West,New Mexico,Albuquerque,Women's Apparel,$69.00 ,115,794,$309 ,Online
West Gear,1185732,2021-03-10,West,Utah,Salt Lake City,Men's Apparel,$28.00 ,90,252,$101 ,Outlet
West Gear,1185732,2021-03-10,West,Utah,Salt Lake City,Women's Apparel,$29.00 ,100,290,$186 ,Online
Amazon,1185732,2021-10-15,Northeast,Massachusetts,Boston,Women's Apparel,$66.00 ,65,429,$189 ,Online
Foot Locker,1185732,2021-01-24,Northeast,West Virginia,Charleston,Men's Athletic Footwear,$34.00 ,68,231,$109 ,Online
West Gear,1185732,2021-03-10,West,Utah,Salt Lake City,Men's Street Footwear,$30.00 ,670,"20,100","$8,040 ",In-store
Foot Locker,1185732,2021-12-25,Northeast,Pennsylvania,Philadelphia,Men's Apparel,$64.00 ,42,269,$129 ,Online
Kohl's,1189833,2021-01-08,Midwest,Montana,Billings,Women's Apparel,$45.00 ,425,"19,125","$4,781 ",Outlet
Amazon,1185732,2021-10-17,Northeast,Maine,Portland,Women's Apparel,$40.00 ,250,"10,000","$4,000 ",Outlet
Sports Direct,1185732,2021-12-06,Northeast,Rhode Island,Providence,Men's Street Footwear,$60.00 ,500,"30,000","$10,500 ",In-store
Foot Locker,1185732,2021-02-06,Midwest,Iowa,Des Moines,Women's Athletic Footwear,$25.00 ,75,"1,875",$563 ,In-store
Foot Locker,1185732,2021-08-07,Northeast,Rhode Island,Providence,Men's Athletic Footwear,$31.00 ,111,344,$131 ,Outlet
West Gear,1185732,2021-12-10,West,Utah,Salt Lake City,Men's Athletic Footwear,$22.00 ,170,374,$157 ,Outlet
Foot Locker,1185732,2021-12-01,Northeast,Pennsylvania,Philadelphia,Men's Apparel,$65.00 ,200,"13,000","$4,550 ",Outlet
West Gear,1128299,2021-08-24,West,Oregon,Portland,Women's Apparel,$75.00 ,250,"18,750","$5,625 ",In-store
Kohl's,1189833,2021-05-04,West,California,Los Angeles,Women's Athletic Footwear,$47.00 ,169,794,$381 ,Online
Foot Locker,1185732,2021-06-24,Midwest,Illinois,Chicago,Men's Street Footwear,$58.00 ,134,777,$420 ,Online
Kohl's,1189833,2021-01-30,Midwest,Montana,Billings,Women's Athletic Footwear,$40.00 ,425,"17,000","$6,800 ",Outlet
Foot Locker,1185732,2021-09-13,Northeast,Delaware,Wilmington,Men's Apparel,$55.00 ,200,"11,000","$3,300 ",In-store
Sports Direct,1185732,2021-03-08,Midwest,North Dakota,Fargo,Women's Athletic Footwear,$25.00 ,75,"1,875",$563 ,Online
Sports Direct,1185732,2021-02-05,Northeast,Connecticut,Hartford,Women's Athletic Footwear,$32.00 ,34,109,$48 ,Online
West Gear,1128299,2021-03-23,West,Oregon,Portland,Women's Athletic Footwear,$39.00 ,75,293,$108 ,Outlet
Amazon,1185732,2021-08-11,Northeast,Vermont,Burlington,Men's Athletic Footwear,$53.00 ,106,562,$331 ,Online
Kohl's,1189833,2021-01-23,Midwest,Montana,Billings,Women's Street Footwear,$45.00 ,425,"19,125","$8,606 ",Outlet
Walmart,1197831,2021-10-21,South,Arkansas,Little Rock,Women's Street Footwear,$20.00 ,300,"6,000","$2,400 ",Online
Foot Locker,1185732,2021-05-05,Southeast,South Carolina,Charleston,Women's Athletic Footwear,$43.00 ,182,783,$329 ,Online
Kohl's,1197831,2021-05-12,Midwest,Kansas,Wichita,Women's Apparel,$45.00 ,325,"14,625","$5,119 ",Online
Kohl's,1197831,2021-03-12,Midwest,Kansas,Wichita,Men's Apparel,$35.00 ,150,"5,250","$1,838 ",Online
Kohl's,1185732,2021-07-10,West,Wyoming,Cheyenne,Women's Apparel,$51.00 ,196,"1,000",$360 ,Online
West Gear,1128299,2021-10-24,West,Oregon,Portland,Men's Athletic Footwear,$37.00 ,179,662,$252 ,Outlet
Amazon,1185732,2021-12-31,Northeast,Maine,Portland,Men's Apparel,$55.00 ,125,"6,875","$1,719 ",Outlet
West Gear,1185732,2021-08-03,Midwest,Wisconsin,Milwaukee,Men's Athletic Footwear,$45.00 ,300,"13,500","$4,725 ",In-store
Kohl's,1128299,2021-08-26,West,New Mexico,Albuquerque,Women's Athletic Footwear,$46.00 ,152,699,$259 ,Outlet
Sports Direct,1128299,2021-02-17,West,Hawaii,Honolulu,Women's Street Footwear,$50.00 ,425,"21,250","$6,375 ",Outlet
West Gear,1128299,2021-11-24,West,Oregon,Portland,Women's Street Footwear,$45.00 ,475,"21,375","$7,481 ",In-store
Amazon,1185732,2021-06-22,West,Alaska,Anchorage,Men's Athletic Footwear,$60.00 ,400,"24,000","$8,400 ",Outlet
Foot Locker,1185732,2021-01-24,Northeast,West Virginia,Charleston,Women's Athletic Footwear,$28.00 ,20,56,$28 ,Online
West Gear,1128299,2021-10-17,South,Louisiana,New Orleans,Men's Athletic Footwear,$45.00 ,155,698,$384 ,Online
Sports Direct,1185732,2021-08-16,Midwest,Michigan,Detroit,Men's Athletic Footwear,$50.00 ,195,975,$488 ,Online
Walmart,1197831,2021-06-21,South,Arkansas,Little Rock,Men's Athletic Footwear,$35.00 ,425,"14,875","$5,206 ",Online
Kohl's,1197831,2021-01-16,South,Oklahoma,Oklahoma City,Women's Athletic Footwear,$20.00 ,200,"4,000","$1,400 ",Online
Foot Locker,1197831,2021-12-12,Midwest,Kansas,Wichita,Women's Street Footwear,$58.00 ,95,551,$253 ,Online
Amazon,1185732,2021-09-09,Midwest,Ohio,Columbus,Men's Athletic Footwear,$47.00 ,173,813,$382 ,Online
Walmart,1197831,2021-08-20,South,Arkansas,Little Rock,Men's Street Footwear,$55.00 ,210,"1,155",$624 ,Online
Foot Locker,1185732,2021-10-15,Northeast,Delaware,Wilmington,Men's Apparel,$62.00 ,49,304,$122 ,Online
Kohl's,1185732,2021-08-07,Northeast,New Jersey,Newark,Women's Apparel,$52.00 ,105,546,$289 ,Online
Sports Direct,1185732,2021-10-22,Northeast,Maryland,Baltimore,Women's Street Footwear,$49.00 ,25,123,$56 ,Online
Walmart,1128299,2021-10-17,Southeast,Florida,Orlando,Women's Apparel,$65.00 ,104,676,$392 ,Online
Sports Direct,1197831,2021-10-18,South,Texas,Dallas,Women's Street Footwear,$62.00 ,189,"1,172",$633 ,Online
Foot Locker,1128299,2021-08-23,West,Arizona,Phoenix,Women's Street Footwear,$55.00 ,450,"24,750","$8,663 ",Online
Walmart,1185732,2021-10-18,South,Mississippi,Jackson,Men's Athletic Footwear,$25.00 ,145,363,$163 ,Online
Walmart,1197831,2021-06-21,South,Arkansas,Little Rock,Women's Street Footwear,$40.00 ,400,"16,000","$6,400 ",Online
Sports Direct,1197831,2021-08-15,South,Texas,Dallas,Men's Apparel,$37.00 ,94,348,$122 ,Online
Sports Direct,1185732,2021-02-09,Midwest,South Dakota,Sioux Falls,Men's Street Footwear,$34.00 ,152,517,$233 ,Online
Amazon,1185732,2021-11-06,Northeast,Maine,Portland,Men's Athletic Footwear,$50.00 ,200,"10,000","$3,500 ",Outlet
Kohl's,1197831,2021-02-14,Midwest,Kansas,Wichita,Women's Apparel,$20.00 ,325,"6,500","$2,275 ",Online
Foot Locker,1185732,2021-06-07,Southeast,South Carolina,Charleston,Women's Athletic Footwear,$47.00 ,218,"1,025",$461 ,Online
Kohl's,1128299,2021-10-26,West,New Mexico,Albuquerque,Women's Athletic Footwear,$46.00 ,95,437,$214 ,Online
West Gear,1185732,2021-05-20,Northeast,Maryland,Baltimore,Men's Athletic Footwear,$42.00 ,47,197,$91 ,Online
Kohl's,1185732,2021-02-12,Northeast,New York,Albany,Women's Street Footwear,$30.00 ,550,"16,500","$5,775 ",In-store
Foot Locker,1128299,2021-05-11,West,Hawaii,Honolulu,Men's Street Footwear,$51.00 ,158,806,$298 ,Online
West Gear,1197831,2021-04-20,South,Oklahoma,Oklahoma City,Women's Street Footwear,$14.00 ,68,95,$50 ,Online
Amazon,1185732,2021-11-11,Northeast,Vermont,Burlington,Men's Apparel,$50.00 ,91,455,$177 ,Outlet
Sports Direct,1185732,2021-07-15,Midwest,Michigan,Detroit,Men's Athletic Footwear,$55.00 ,650,"35,750","$14,300 ",In-store
Sports Direct,1185732,2021-11-12,Midwest,South Dakota,Sioux Falls,Men's Street Footwear,$55.00 ,400,"22,000","$7,700 ",Online
Foot Locker,1185732,2021-12-20,Northeast,Maryland,Baltimore,Women's Apparel,$61.00 ,72,439,$184 ,Online
Sports Direct,1185732,2021-08-04,Northeast,Connecticut,Hartford,Women's Apparel,$44.00 ,124,546,$207 ,Outlet
Foot Locker,1185732,2021-11-04,Northeast,Connecticut,Hartford,Women's Athletic Footwear,$39.00 ,83,324,$120 ,Outlet
Sports Direct,1185732,2021-07-15,Midwest,Michigan,Detroit,Women's Athletic Footwear,$50.00 ,525,"26,250","$9,188 ",In-store
West Gear,1185732,2021-12-09,Midwest,Indiana,Indianapolis,Women's Street Footwear,$49.00 ,105,515,$237 ,Online
Foot Locker,1197831,2021-12-12,Midwest,Kansas,Wichita,Women's Apparel,$68.00 ,112,762,$350 ,Online
Kohl's,1189833,2021-04-23,West,California,Los Angeles,Men's Apparel,$45.00 ,125,563,$388 ,Online
Foot Locker,1185732,2021-05-21,South,Tennessee,Knoxville,Men's Street Footwear,$27.00 ,140,378,$166 ,Outlet
Kohl's,1197831,2021-08-13,Midwest,Kansas,Wichita,Women's Street Footwear,$50.00 ,350,"17,500","$6,125 ",Online
Sports Direct,1197831,2021-09-22,South,Alabama,Birmingham,Men's Apparel,$35.00 ,116,406,$195 ,Outlet
West Gear,1128299,2021-01-26,West,California,San Francisco,Women's Street Footwear,$39.00 ,248,967,$329 ,Outlet
Sports Direct,1197831,2021-08-20,South,Alabama,Birmingham,Men's Athletic Footwear,$16.00 ,202,323,$152 ,Outlet
Amazon,1185732,2021-10-22,West,Alaska,Anchorage,Men's Street Footwear,$68.00 ,113,768,$361 ,Online
Foot Locker,1185732,2021-04-18,Midwest,Missouri,St. Louis,Women's Athletic Footwear,$23.00 ,52,120,$62 ,Online
Sports Direct,1197831,2021-09-25,South,Texas,Dallas,Women's Athletic Footwear,$38.00 ,158,600,$324 ,Outlet
Sports Direct,1185732,2021-09-03,Northeast,Connecticut,Hartford,Women's Athletic Footwear,$41.00 ,46,189,$85 ,Online
West Gear,1185732,2021-07-09,Midwest,Indiana,Indianapolis,Women's Athletic Footwear,$45.00 ,175,"7,875","$2,756 ",In-store
West Gear,1128299,2021-06-17,South,Louisiana,New Orleans,Men's Apparel,$70.00 ,153,"1,071",$503 ,Outlet
Sports Direct,1128299,2021-12-23,Southeast,Virginia,Richmond,Women's Athletic Footwear,$67.00 ,160,"1,072",$536 ,Online
Kohl's,1128299,2021-02-26,West,Arizona,Phoenix,Men's Street Footwear,$27.00 ,173,467,$187 ,Outlet
West Gear,1128299,2021-05-25,West,Oregon,Portland,Women's Street Footwear,$55.00 ,350,"19,250","$6,738 ",In-store
West Gear,1128299,2021-04-24,West,Oregon,Portland,Women's Apparel,$59.00 ,84,496,$223 ,Online
Foot Locker,1185732,2021-08-07,Northeast,Rhode Island,Providence,Women's Street Footwear,$40.00 ,250,"10,000","$4,000 ",In-store
Foot Locker,1185732,2021-06-08,Northeast,Rhode Island,Providence,Men's Apparel,$39.00 ,66,257,$90 ,Outlet
Foot Locker,1185732,2021-07-10,Midwest,Nebraska,Omaha,Women's Street Footwear,$20.00 ,100,"2,000",$700 ,Outlet
West Gear,1185732,2021-05-04,Midwest,Wisconsin,Milwaukee,Men's Street Footwear,$58.00 ,134,777,$319 ,Online
West Gear,1128299,2021-01-10,West,California,San Francisco,Men's Apparel,$44.00 ,196,862,$526 ,Outlet
Amazon,1185732,2021-05-17,Northeast,New Hampshire,Manchester,Women's Street Footwear,$42.00 ,101,424,$144 ,Outlet
Kohl's,1185732,2021-08-07,Northeast,New Jersey,Newark,Men's Athletic Footwear,$42.00 ,101,424,$199 ,Online
Kohl's,1197831,2021-11-20,South,Oklahoma,Oklahoma City,Men's Apparel,$75.00 ,275,"20,625","$7,219 ",Online
Sports Direct,1197831,2021-03-10,Midwest,Montana,Billings,Men's Street Footwear,$18.00 ,210,378,$189 ,Online
Amazon,1185732,2021-07-09,Midwest,Ohio,Columbus,Men's Street Footwear,$65.00 ,900,"58,500","$23,400 ",Online
Sports Direct,1197831,2021-09-05,South,Alabama,Birmingham,Women's Apparel,$36.00 ,280,"1,008",$645 ,Outlet
Sports Direct,1185732,2021-03-02,Southeast,North Carolina,Charlotte,Men's Athletic Footwear,$30.00 ,600,"18,000","$6,300 ",Online
Kohl's,1185732,2021-07-06,Northeast,New Jersey,Newark,Women's Apparel,$55.00 ,450,"24,750","$9,900 ",In-store
Amazon,1185732,2021-12-10,Northeast,Vermont,Burlington,Men's Street Footwear,$64.00 ,168,"1,075",$645 ,Online
West Gear,1128299,2021-06-17,South,Louisiana,New Orleans,Women's Street Footwear,$85.00 ,700,"59,500","$23,800 ",Online
West Gear,1185732,2021-04-17,Northeast,West Virginia,Charleston,Women's Street Footwear,$20.00 ,250,"5,000","$2,000 ",In-store
Sports Direct,1185732,2021-08-16,Midwest,Michigan,Detroit,Women's Athletic Footwear,$34.00 ,142,483,$217 ,Online
Foot Locker,1197831,2021-03-06,West,Idaho,Boise,Men's Street Footwear,$21.00 ,200,420,$155 ,Outlet
Foot Locker,1128299,2021-01-24,West,Wyoming,Cheyenne,Women's Athletic Footwear,$38.00 ,54,205,$96 ,Online
Walmart,1128299,2021-08-17,Southeast,Florida,Orlando,Women's Athletic Footwear,$80.00 ,475,"38,000","$11,400 ",In-store
Sports Direct,1185732,2021-10-09,Midwest,North Dakota,Fargo,Men's Apparel,$45.00 ,34,153,$72 ,Online
Sports Direct,1197831,2021-03-25,South,Tennessee,Knoxville,Women's Athletic Footwear,$33.00 ,101,333,$213 ,Online
West Gear,1185732,2021-05-20,Northeast,Maryland,Baltimore,Men's Street Footwear,$49.00 ,118,578,$301 ,Online
Foot Locker,1185732,2021-08-06,Midwest,Iowa,Des Moines,Men's Apparel,$48.00 ,51,245,$147 ,Online
Foot Locker,1128299,2021-04-23,West,Arizona,Phoenix,Women's Athletic Footwear,$50.00 ,250,"12,500","$4,375 ",Online
West Gear,1185732,2021-06-11,West,Utah,Salt Lake City,Women's Apparel,$40.00 ,575,"23,000","$11,500 ",In-store
Sports Direct,1197831,2021-04-15,South,Tennessee,Knoxville,Men's Street Footwear,$36.00 ,215,774,$441 ,Online
Foot Locker,1185732,2021-06-05,Midwest,Illinois,Chicago,Women's Apparel,$45.00 ,275,"12,375","$6,188 ",Outlet
Kohl's,1185732,2021-04-07,Northeast,New Jersey,Newark,Men's Apparel,$44.00 ,27,119,$52 ,Online
West Gear,1185732,2021-07-08,Northeast,New York,Albany,Men's Street Footwear,$59.00 ,247,"1,457",$802 ,Online
Sports Direct,1197831,2021-09-02,South,Alabama,Birmingham,Women's Street Footwear,$35.00 ,228,798,$407 ,Outlet
Foot Locker,1185732,2021-04-12,Midwest,South Dakota,Sioux Falls,Women's Athletic Footwear,$35.00 ,75,"2,625",$788 ,Online
Foot Locker,1185732,2021-05-13,Northeast,Delaware,Wilmington,Women's Street Footwear,$45.00 ,300,"13,500","$5,400 ",In-store
Foot Locker,1185732,2021-11-17,Northeast,Pennsylvania,Philadelphia,Women's Street Footwear,$55.00 ,150,"8,250","$2,888 ",Outlet
West Gear,1185732,2021-11-11,West,Utah,Salt Lake City,Women's Street Footwear,$19.00 ,93,177,$85 ,Online
Kohl's,1128299,2021-04-26,West,New Mexico,Albuquerque,Women's Apparel,$69.00 ,101,697,$265 ,Online
Sports Direct,1185732,2021-03-08,Midwest,North Dakota,Fargo,Men's Apparel,$36.00 ,36,130,$65 ,Online
Foot Locker,1185732,2021-03-05,Southeast,South Carolina,Charleston,Women's Apparel,$35.00 ,725,"25,375","$12,688 ",Online
Sports Direct,1185732,2021-01-19,Southeast,Virginia,Richmond,Men's Street Footwear,$35.00 ,750,"26,250","$13,125 ",In-store
Foot Locker,1185732,2021-06-12,Midwest,South Dakota,Sioux Falls,Men's Apparel,$41.00 ,51,209,$94 ,Online
West Gear,1128299,2021-04-24,West,Oregon,Portland,Women's Street Footwear,$55.00 ,85,468,$224 ,Online
West Gear,1197831,2021-02-21,South,Arkansas,Little Rock,Men's Athletic Footwear,$17.00 ,83,141,$55 ,Outlet
Kohl's,1189833,2021-01-18,Midwest,Montana,Billings,Women's Athletic Footwear,$40.00 ,300,"12,000","$4,800 ",Outlet
Kohl's,1197831,2021-09-12,Midwest,Kansas,Wichita,Women's Street Footwear,$15.00 ,75,113,$53 ,Online
Foot Locker,1185732,2021-09-05,Southeast,South Carolina,Charleston,Women's Apparel,$52.00 ,232,"1,206",$724 ,Online
West Gear,1128299,2021-10-24,West,Oregon,Portland,Men's Apparel,$55.00 ,300,"16,500","$6,600 ",In-store
Walmart,1128299,2021-12-16,Southeast,Florida,Orlando,Men's Street Footwear,$72.00 ,216,"1,555",$622 ,Online
Kohl's,1197831,2021-01-16,South,Oklahoma,Oklahoma City,Women's Apparel,$23.00 ,102,235,$117 ,Online
Kohl's,1185732,2021-10-08,Northeast,New Jersey,Newark,Men's Apparel,$60.00 ,125,"7,500","$2,250 ",In-store
Sports Direct,1197831,2021-10-10,South,Alabama,Birmingham,Men's Apparel,$58.00 ,145,841,$471 ,Online
Foot Locker,1185732,2021-04-07,Northeast,Rhode Island,Providence,Women's Athletic Footwear,$30.00 ,50,"1,500",$600 ,In-store
Sports Direct,1185732,2021-11-07,Northeast,Rhode Island,Providence,Men's Athletic Footwear,$40.00 ,74,296,$124 ,Outlet
West Gear,1185732,2021-05-12,West,Utah,Salt Lake City,Women's Athletic Footwear,$19.00 ,94,179,$77 ,Outlet
Amazon,1185732,2021-11-11,Northeast,Vermont,Burlington,Women's Apparel,$70.00 ,94,658,$349 ,Online
Foot Locker,1185732,2021-07-06,Midwest,Illinois,Chicago,Men's Street Footwear,$50.00 ,575,"28,750","$11,500 ",Outlet
Kohl's,1128299,2021-03-25,West,New Mexico,Albuquerque,Men's Street Footwear,$44.00 ,165,726,$363 ,Online
Sports Direct,1185732,2021-10-15,Northeast,Massachusetts,Boston,Men's Athletic Footwear,$53.00 ,56,297,$134 ,Online
Sports Direct,1197831,2021-10-13,South,Texas,Dallas,Women's Athletic Footwear,$50.00 ,160,800,$416 ,Outlet
Walmart,1128299,2021-08-17,Southeast,Florida,Orlando,Men's Street Footwear,$68.00 ,255,"1,734",$624 ,Outlet
Sports Direct,1185732,2021-01-06,Southeast,South Carolina,Charleston,Women's Athletic Footwear,$30.00 ,575,"17,250","$6,900 ",Online
Foot Locker,1185732,2021-02-18,Southeast,Kentucky,Louisville,Men's Street Footwear,$30.00 ,775,"23,250","$9,300 ",Online
Foot Locker,1128299,2021-02-24,West,Wyoming,Cheyenne,Women's Street Footwear,$40.00 ,350,"14,000","$4,900 ",In-store
Kohl's,1189833,2021-02-23,Midwest,Montana,Billings,Women's Athletic Footwear,$45.00 ,375,"16,875","$6,750 ",Outlet
West Gear,1128299,2021-01-27,West,California,San Francisco,Women's Athletic Footwear,$53.00 ,203,"1,076",$377 ,Online
Kohl's,1128299,2021-12-25,West,New Mexico,Albuquerque,Men's Street Footwear,$55.00 ,210,"1,155",$531 ,Online
Foot Locker,1185732,2021-03-05,Midwest,Iowa,Des Moines,Women's Apparel,$20.00 ,68,136,$72 ,Online
Sports Direct,1185732,2021-03-02,Southeast,North Carolina,Charlotte,Women's Athletic Footwear,$25.00 ,475,"11,875","$4,750 ",Online
Kohl's,1185732,2021-11-14,Northeast,Delaware,Wilmington,Men's Street Footwear,$65.00 ,450,"29,250","$10,238 ",In-store
West Gear,1185732,2021-01-03,Midwest,Iowa,Des Moines,Women's Athletic Footwear,$23.00 ,29,67,$30 ,Online
Walmart,1197831,2021-08-20,South,Arkansas,Little Rock,Women's Apparel,$40.00 ,193,772,$363 ,Outlet
West Gear,1185732,2021-09-11,Midwest,Indiana,Indianapolis,Women's Street Footwear,$23.00 ,49,113,$53 ,Online
West Gear,1185732,2021-06-11,West,Utah,Salt Lake City,Women's Apparel,$38.00 ,150,570,$342 ,Online
Foot Locker,1185732,2021-07-05,Midwest,Iowa,Des Moines,Men's Apparel,$50.00 ,200,"10,000","$5,000 ",In-store
Kohl's,1189833,2021-05-26,West,California,Los Angeles,Men's Athletic Footwear,$42.00 ,288,"1,210",$339 ,Outlet
Sports Direct,1185732,2021-04-04,Northeast,Connecticut,Hartford,Women's Street Footwear,$30.00 ,200,"6,000","$1,800 ",In-store
Kohl's,1189833,2021-01-05,Midwest,Montana,Billings,Women's Street Footwear,$43.00 ,122,525,$299 ,Online
Sports Direct,1185732,2021-11-17,South,Mississippi,Jackson,Women's Street Footwear,$30.00 ,395,"11,850","$4,740 ",Online
Sports Direct,1197831,2021-05-04,South,Tennessee,Knoxville,Men's Athletic Footwear,$25.00 ,178,445,$214 ,Outlet
West Gear,1197831,2021-04-20,South,Oklahoma,Oklahoma City,Women's Athletic Footwear,$20.00 ,150,"3,000","$1,200 ",Online
Sports Direct,1197831,2021-09-09,South,Texas,Dallas,Women's Apparel,$45.00 ,800,"36,000","$18,000 ",Outlet
Kohl's,1185732,2021-05-06,Northeast,New Jersey,Newark,Men's Street Footwear,$48.00 ,130,624,$293 ,Online
Amazon,1185732,2021-03-21,Southeast,Kentucky,Louisville,Men's Street Footwear,$45.00 ,520,"23,400","$9,360 ",Online
West Gear,1128299,2021-01-27,West,California,San Francisco,Women's Athletic Footwear,$55.00 ,725,"39,875","$9,969 ",Outlet
West Gear,1197831,2021-02-21,South,Oklahoma,Oklahoma City,Women's Apparel,$20.00 ,350,"7,000","$2,800 ",Online
Sports Direct,1185732,2021-12-06,Northeast,New Jersey,Newark,Men's Athletic Footwear,$49.00 ,105,515,$247 ,Online
West Gear,1185732,2021-05-12,West,Utah,Salt Lake City,Women's Apparel,$32.00 ,128,410,$233 ,Outlet
West Gear,1185732,2021-03-16,Northeast,West Virginia,Charleston,Women's Athletic Footwear,$23.00 ,49,113,$60 ,Online
West Gear,1185732,2021-03-10,West,Utah,Salt Lake City,Men's Street Footwear,$29.00 ,168,487,$253 ,Online
Sports Direct,1185732,2021-10-15,Northeast,Massachusetts,Boston,Women's Street Footwear,$41.00 ,38,156,$47 ,Outlet
Foot Locker,1185732,2021-10-06,Midwest,Iowa,Des Moines,Men's Street Footwear,$45.00 ,400,"18,000","$5,400 ",In-store
West Gear,1197831,2021-03-06,West,Idaho,Boise,Men's Apparel,$32.00 ,88,282,$99 ,Outlet
West Gear,1128299,2021-09-18,South,Louisiana,New Orleans,Women's Athletic Footwear,$34.00 ,80,272,$114 ,Outlet
West Gear,1185732,2021-04-21,Northeast,Maryland,Baltimore,Men's Apparel,$41.00 ,15,62,$28 ,Online
Walmart,1128299,2021-12-16,Southeast,Florida,Orlando,Men's Athletic Footwear,$82.00 ,200,"1,640",$574 ,Online
West Gear,1185732,2021-12-17,Midwest,Missouri,St. Louis,Women's Street Footwear,$35.00 ,400,"14,000","$4,900 ",In-store
Sports Direct,1197831,2021-04-19,South,Tennessee,Knoxville,Men's Apparel,$33.00 ,182,601,$270 ,Outlet
Sports Direct,1185732,2021-01-07,Northeast,New Jersey,Newark,Men's Street Footwear,$38.00 ,125,475,$242 ,Online
West Gear,1185732,2021-12-08,Northeast,New York,Albany,Men's Street Footwear,$65.00 ,875,"56,875","$25,594 ",In-store
West Gear,1128299,2021-02-24,West,Utah,Salt Lake City,Men's Street Footwear,$30.00 ,450,"13,500","$4,725 ",In-store
Amazon,1185732,2021-09-17,Northeast,New Hampshire,Manchester,Women's Athletic Footwear,$55.00 ,225,"12,375","$3,713 ",Outlet
Foot Locker,1128299,2021-01-10,West,Alaska,Anchorage,Men's Street Footwear,$35.00 ,375,"13,125","$3,281 ",Outlet
Walmart,1197831,2021-05-19,South,Arkansas,Little Rock,Women's Street Footwear,$27.00 ,119,321,$141 ,Outlet
Sports Direct,1128299,2021-08-13,Southeast,Georgia,Atlanta,Women's Athletic Footwear,$55.00 ,450,"24,750","$9,900 ",Online
Kohl's,1128299,2021-01-26,West,Arizona,Phoenix,Women's Apparel,$42.00 ,128,538,$194 ,Online
Foot Locker,1128299,2021-01-24,West,Wyoming,Cheyenne,Women's Apparel,$40.00 ,400,"16,000","$4,800 ",In-store
Foot Locker,1128299,2021-10-23,West,Arizona,Phoenix,Women's Athletic Footwear,$43.00 ,90,387,$190 ,Online
Foot Locker,1128299,2021-01-24,West,Wyoming,Cheyenne,Men's Athletic Footwear,$40.00 ,350,"14,000","$4,900 ",In-store
Foot Locker,1128299,2021-05-11,West,Hawaii,Honolulu,Women's Apparel,$75.00 ,475,"35,625","$14,250 ",Outlet
West Gear,1185732,2021-08-03,Midwest,Wisconsin,Milwaukee,Men's Apparel,$48.00 ,46,221,$144 ,Online
Foot Locker,1185732,2021-02-18,Midwest,Michigan,Detroit,Men's Street Footwear,$30.00 ,675,"20,250","$8,100 ",In-store
Sports Direct,1128299,2021-03-16,Southeast,Florida,Orlando,Men's Street Footwear,$50.00 ,550,"27,500","$8,250 ",Outlet
Foot Locker,1128299,2021-12-16,South,Louisiana,New Orleans,Women's Apparel,$90.00 ,625,"56,250","$19,688 ",Online
West Gear,1128299,2021-06-24,West,Oregon,Portland,Men's Apparel,$86.00 ,108,929,$492 ,Online
Foot Locker,1185732,2021-12-15,Midwest,Michigan,Detroit,Women's Athletic Footwear,$48.00 ,138,662,$318 ,Online
Foot Locker,1128299,2021-04-24,Southeast,Virginia,Richmond,Women's Athletic Footwear,$42.00 ,56,235,$111 ,Online
West Gear,1128299,2021-12-23,West,Oregon,Portland,Women's Athletic Footwear,$70.00 ,550,"38,500","$13,475 ",In-store
West Gear,1197831,2021-09-19,South,Oklahoma,Oklahoma City,Men's Apparel,$23.00 ,68,156,$70 ,Online
West Gear,1128299,2021-06-17,South,Louisiana,New Orleans,Women's Street Footwear,$83.00 ,203,"1,685",$927 ,Online
Amazon,1185732,2021-10-15,South,Alabama,Birmingham,Women's Athletic Footwear,$25.00 ,30,75,$25 ,Outlet
Foot Locker,1185732,2021-12-05,Northeast,Pennsylvania,Philadelphia,Women's Street Footwear,$38.00 ,79,300,$141 ,Outlet
Sports Direct,1185732,2021-05-02,Southeast,North Carolina,Charlotte,Women's Athletic Footwear,$38.00 ,150,570,$308 ,Online
Amazon,1185732,2021-11-14,Northeast,Massachusetts,Boston,Women's Athletic Footwear,$42.00 ,83,349,$101 ,Outlet
Sports Direct,1197831,2021-09-21,South,Texas,Dallas,Women's Apparel,$54.00 ,255,"1,377",$923 ,Online
Sports Direct,1197831,2021-10-02,South,Alabama,Birmingham,Women's Street Footwear,$43.00 ,144,619,$396 ,Online
Foot Locker,1185732,2021-02-06,Midwest,Iowa,Des Moines,Women's Athletic Footwear,$25.00 ,23,58,$25 ,Online
Sports Direct,1197831,2021-03-14,South,Tennessee,Knoxville,Men's Apparel,$40.00 ,350,"14,000","$4,200 ",Outlet
West Gear,1185732,2021-03-16,Northeast,West Virginia,Charleston,Women's Street Footwear,$20.00 ,325,"6,500","$2,600 ",In-store
Amazon,1185732,2021-06-12,Northeast,Vermont,Burlington,Men's Apparel,$44.00 ,105,462,$189 ,Outlet
Sports Direct,1197831,2021-09-07,South,Texas,Dallas,Women's Athletic Footwear,$27.00 ,182,491,$241 ,Outlet
Sports Direct,1185732,2021-04-03,Southeast,North Carolina,Charlotte,Women's Apparel,$32.00 ,189,605,$369 ,Online
Foot Locker,1185732,2021-12-03,Northeast,Connecticut,Hartford,Men's Athletic Footwear,$51.00 ,101,515,$263 ,Online
Kohl's,1189833,2021-02-16,Midwest,Montana,Billings,Women's Street Footwear,$42.00 ,117,491,$275 ,Online
West Gear,1185732,2021-08-17,Northeast,West Virginia,Charleston,Women's Street Footwear,$38.00 ,87,331,$172 ,Online
Foot Locker,1185732,2021-11-29,Northeast,Pennsylvania,Philadelphia,Women's Street Footwear,$55.00 ,225,"12,375","$4,950 ",Outlet
Amazon,1185732,2021-06-19,Northeast,New Hampshire,Manchester,Women's Street Footwear,$43.00 ,109,469,$169 ,Outlet
Foot Locker,1185732,2021-11-18,Midwest,Missouri,St. Louis,Men's Street Footwear,$35.00 ,500,"17,500","$7,000 ",In-store
Foot Locker,1185732,2021-08-07,Northeast,Rhode Island,Providence,Men's Street Footwear,$46.00 ,143,658,$316 ,Online
Amazon,1185732,2021-02-11,Southeast,North Carolina,Charlotte,Men's Street Footwear,$35.00 ,825,"28,875","$11,550 ",Online
Amazon,1185732,2021-10-31,Northeast,Maine,Portland,Men's Athletic Footwear,$37.00 ,44,163,$77 ,Online
Amazon,1185732,2021-11-14,Northeast,Massachusetts,Boston,Women's Apparel,$48.00 ,123,590,$207 ,Outlet
Amazon,1185732,2021-02-11,Southeast,North Carolina,Charlotte,Men's Athletic Footwear,$35.00 ,475,"16,625","$5,819 ",Online
Foot Locker,1197831,2021-10-14,Midwest,Kansas,Wichita,Women's Apparel,$30.00 ,300,"9,000","$3,150 ",Online
Kohl's,1197831,2021-11-20,South,Oklahoma,Oklahoma City,Women's Apparel,$60.00 ,128,768,$330 ,Outlet
Foot Locker,1185732,2021-01-18,Midwest,Michigan,Detroit,Men's Athletic Footwear,$30.00 ,425,"12,750","$4,463 ",In-store
West Gear,1185732,2021-02-22,Northeast,Maryland,Baltimore,Men's Apparel,$41.00 ,31,127,$57 ,Online
Amazon,1185732,2021-01-21,Northeast,Vermont,Burlington,Women's Athletic Footwear,$36.00 ,60,216,$69 ,Outlet
Sports Direct,1185732,2021-08-14,Northeast,Massachusetts,Boston,Women's Athletic Footwear,$31.00 ,58,180,$50 ,Outlet
Foot Locker,1128299,2021-03-22,West,Arizona,Phoenix,Men's Athletic Footwear,$48.00 ,95,456,$251 ,Online
Sports Direct,1197831,2021-11-05,West,Idaho,Boise,Women's Apparel,$65.00 ,625,"40,625","$22,344 ",Online
Sports Direct,1197831,2021-08-08,West,Idaho,Boise,Men's Apparel,$52.00 ,133,692,$318 ,Online
Foot Locker,1185732,2021-02-07,Southeast,Georgia,Atlanta,Women's Street Footwear,$21.00 ,248,521,$156 ,Outlet
Walmart,1185732,2021-09-16,South,Mississippi,Jackson,Men's Street Footwear,$47.00 ,203,954,$515 ,Online
Sports Direct,1128299,2021-02-13,West,New Mexico,Albuquerque,Men's Street Footwear,$23.00 ,150,345,$148 ,Outlet
Foot Locker,1128299,2021-04-24,Southeast,Virginia,Richmond,Women's Street Footwear,$60.00 ,325,"19,500","$6,825 ",In-store
Foot Locker,1185732,2021-07-31,Midwest,Nebraska,Omaha,Women's Apparel,$55.00 ,250,"13,750","$6,875 ",Outlet
Sports Direct,1197831,2021-08-28,South,Alabama,Birmingham,Women's Athletic Footwear,$35.00 ,500,"17,500","$9,625 ",Outlet
West Gear,1185732,2021-12-09,Midwest,Ohio,Columbus,Women's Athletic Footwear,$65.00 ,525,"34,125","$13,650 ",Online
Foot Locker,1128299,2021-08-23,West,Arizona,Phoenix,Men's Athletic Footwear,$60.00 ,575,"34,500","$13,800 ",Online
West Gear,1128299,2021-01-09,West,California,San Francisco,Women's Athletic Footwear,$41.00 ,224,918,$377 ,Outlet
West Gear,1185732,2021-02-17,Northeast,West Virginia,Charleston,Men's Apparel,$50.00 ,250,"12,500","$5,000 ",In-store
West Gear,1197831,2021-04-05,West,Idaho,Boise,Women's Apparel,$30.00 ,550,"16,500","$8,250 ",Online
Sports Direct,1185732,2021-10-15,Northeast,Massachusetts,Boston,Men's Street Footwear,$40.00 ,132,528,$174 ,Outlet
West Gear,1185732,2021-05-18,Northeast,West Virginia,Charleston,Women's Street Footwear,$35.00 ,275,"9,625","$3,850 ",In-store
Walmart,1197831,2021-03-19,South,Arkansas,Little Rock,Women's Athletic Footwear,$19.00 ,60,114,$59 ,Online
Kohl's,1197831,2021-06-14,Midwest,Kansas,Wichita,Men's Apparel,$54.00 ,83,448,$215 ,Online
Foot Locker,1185732,2021-12-07,Northeast,Pennsylvania,Philadelphia,Men's Apparel,$61.00 ,46,281,$129 ,Online
Foot Locker,1185732,2021-07-10,Midwest,Illinois,Chicago,Men's Apparel,$50.00 ,225,"11,250","$3,938 ",Outlet
Sports Direct,1185732,2021-11-07,Northeast,Rhode Island,Providence,Women's Apparel,$65.00 ,275,"17,875","$7,150 ",In-store
West Gear,1185732,2021-04-09,Northeast,New York,Albany,Men's Athletic Footwear,$43.00 ,147,632,$284 ,Online
Sports Direct,1197831,2021-09-08,South,Texas,Dallas,Men's Apparel,$50.00 ,450,"22,500","$6,750 ",Outlet
West Gear,1197831,2021-04-05,West,Idaho,Boise,Women's Apparel,$28.00 ,138,386,$236 ,Online
Sports Direct,1185732,2021-03-03,Northeast,Connecticut,Hartford,Men's Street Footwear,$39.00 ,130,507,$254 ,Online
Foot Locker,1185732,2021-05-07,Midwest,Iowa,Des Moines,Women's Athletic Footwear,$35.00 ,125,"4,375","$1,313 ",In-store
Foot Locker,1185732,2021-01-10,Northeast,Connecticut,Hartford,Men's Street Footwear,$23.00 ,149,343,$144 ,Outlet
West Gear,1197831,2021-01-23,South,Arkansas,Little Rock,Women's Street Footwear,$10.00 ,131,131,$56 ,Outlet
Sports Direct,1185732,2021-07-15,Midwest,Michigan,Detroit,Women's Apparel,$65.00 ,725,"47,125","$25,919 ",In-store
Foot Locker,1128299,2021-04-24,Southeast,Virginia,Richmond,Men's Apparel,$50.00 ,125,"6,250","$2,500 ",In-store
West Gear,1197831,2021-07-19,South,Oklahoma,Oklahoma City,Women's Athletic Footwear,$36.00 ,107,385,$177 ,Outlet
Foot Locker,1128299,2021-09-24,West,Arizona,Phoenix,Men's Athletic Footwear,$34.00 ,201,683,$321 ,Outlet
Kohl's,1128299,2021-04-26,West,New Mexico,Albuquerque,Men's Athletic Footwear,$60.00 ,350,"21,000","$8,400 ",Online
Foot Locker,1197831,2021-03-06,West,Idaho,Boise,Men's Athletic Footwear,$36.00 ,169,608,$280 ,Online
Amazon,1185732,2021-10-12,Northeast,Vermont,Burlington,Men's Street Footwear,$65.00 ,475,"30,875","$13,894 ",In-store
West Gear,1128299,2021-01-24,West,Utah,Salt Lake City,Men's Athletic Footwear,$39.00 ,105,410,$201 ,Online
Foot Locker,1185732,2021-05-27,Midwest,Nebraska,Omaha,Men's Street Footwear,$32.00 ,119,381,$206 ,Online
Sports Direct,1197831,2021-09-10,South,Texas,Dallas,Men's Street Footwear,$30.00 ,256,768,$284 ,Outlet
West Gear,1197831,2021-05-19,South,Oklahoma,Oklahoma City,Women's Apparel,$45.00 ,350,"15,750","$6,300 ",Online
Foot Locker,1128299,2021-12-12,Southeast,Georgia,Atlanta,Women's Street Footwear,$36.00 ,147,529,$222 ,Outlet
Foot Locker,1185732,2021-06-28,Midwest,Nebraska,Omaha,Women's Street Footwear,$35.00 ,225,"7,875","$2,756 ",Outlet
Sports Direct,1128299,2021-07-12,Southeast,Georgia,Atlanta,Men's Street Footwear,$47.00 ,196,921,$461 ,Online
Sports Direct,1185732,2021-05-02,Southeast,North Carolina,Charlotte,Women's Apparel,$51.00 ,203,"1,035",$642 ,Online
Amazon,1185732,2021-09-17,Northeast,New Hampshire,Manchester,Men's Street Footwear,$59.00 ,154,909,$472 ,Online
West Gear,1185732,2021-06-11,West,Utah,Salt Lake City,Men's Athletic Footwear,$24.00 ,112,269,$132 ,Online
Walmart,1197831,2021-10-21,South,Arkansas,Little Rock,Men's Athletic Footwear,$19.00 ,106,201,$91 ,Online
Foot Locker,1185732,2021-06-15,Northeast,Delaware,Wilmington,Women's Street Footwear,$45.00 ,325,"14,625","$5,850 ",In-store
West Gear,1185732,2021-12-10,West,Utah,Salt Lake City,Men's Athletic Footwear,$30.00 ,500,"15,000","$5,250 ",In-store
Sports Direct,1197831,2021-04-22,South,Tennessee,Knoxville,Men's Athletic Footwear,$44.00 ,271,"1,192",$608 ,Outlet
Sports Direct,1128299,2021-01-13,West,New Mexico,Albuquerque,Women's Apparel,$36.00 ,117,421,$164 ,Online
Kohl's,1197831,2021-02-14,South,Oklahoma,Oklahoma City,Men's Athletic Footwear,$23.00 ,65,150,$75 ,Online
Sports Direct,1185732,2021-06-04,Southeast,North Carolina,Charlotte,Women's Street Footwear,$47.00 ,169,794,$429 ,Online
Sports Direct,1185732,2021-05-13,Northeast,Massachusetts,Boston,Women's Athletic Footwear,$44.00 ,47,207,$81 ,Online
West Gear,1185732,2021-12-10,West,Utah,Salt Lake City,Women's Apparel,$45.00 ,500,"22,500","$11,250 ",In-store
Foot Locker,1128299,2021-10-23,West,Arizona,Phoenix,Women's Apparel,$56.00 ,85,476,$181 ,Online
Foot Locker,1185732,2021-12-10,West,Wyoming,Cheyenne,Men's Apparel,$54.00 ,145,783,$352 ,Online
Kohl's,1197831,2021-05-12,Midwest,Kansas,Wichita,Women's Athletic Footwear,$35.00 ,200,"7,000","$2,450 ",Online
Amazon,1185732,2021-11-14,Northeast,Maine,Portland,Women's Athletic Footwear,$41.00 ,51,209,$88 ,Online
Walmart,1197831,2021-05-19,South,Arkansas,Little Rock,Women's Athletic Footwear,$24.00 ,90,216,$102 ,Outlet
Sports Direct,1185732,2021-11-07,Northeast,Rhode Island,Providence,Women's Street Footwear,$37.00 ,68,252,$113 ,Outlet
Kohl's,1197831,2021-06-14,Midwest,Kansas,Wichita,Men's Athletic Footwear,$35.00 ,325,"11,375","$3,981 ",Online
Kohl's,1197831,2021-10-14,Midwest,Kansas,Wichita,Women's Street Footwear,$20.00 ,200,"4,000","$1,400 ",Online
Foot Locker,1185732,2021-09-13,Northeast,Delaware,Wilmington,Women's Street Footwear,$43.00 ,61,262,$134 ,Online
Walmart,1128299,2021-07-16,Southeast,Florida,Orlando,Women's Apparel,$75.00 ,195,"1,463",$687 ,Outlet
Kohl's,1185732,2021-06-08,Northeast,New Jersey,Newark,Women's Street Footwear,$40.00 ,275,"11,000","$4,400 ",In-store
Amazon,1185732,2021-06-19,Northeast,New Hampshire,Manchester,Women's Athletic Footwear,$37.00 ,104,385,$131 ,Outlet
Walmart,1185732,2021-10-18,South,Mississippi,Jackson,Women's Athletic Footwear,$25.00 ,350,"8,750","$3,500 ",Online
West Gear,1185732,2021-06-10,Midwest,Indiana,Indianapolis,Men's Athletic Footwear,$35.00 ,325,"11,375","$4,550 ",In-store
Amazon,1185732,2021-04-22,Southeast,Kentucky,Louisville,Men's Street Footwear,$45.00 ,475,"21,375","$8,550 ",Online
Foot Locker,1128299,2021-08-24,Southeast,Virginia,Richmond,Women's Apparel,$73.00 ,75,548,$230 ,Online
Foot Locker,1185732,2021-06-06,Midwest,Iowa,Des Moines,Women's Athletic Footwear,$25.00 ,175,"4,375","$1,313 ",In-store
Kohl's,1185732,2021-01-10,Northeast,Delaware,Wilmington,Women's Athletic Footwear,$30.00 ,125,"3,750","$1,500 ",In-store
Kohl's,1128299,2021-11-26,West,New Mexico,Albuquerque,Women's Street Footwear,$60.00 ,450,"27,000","$9,450 ",Online
West Gear,1185732,2021-04-03,Midwest,Wisconsin,Milwaukee,Women's Athletic Footwear,$15.00 ,75,"1,125",$338 ,In-store
Sports Direct,1197831,2021-09-29,South,Texas,Dallas,Men's Athletic Footwear,$54.00 ,176,950,$485 ,Online
Foot Locker,1128299,2021-10-23,West,Arizona,Phoenix,Men's Athletic Footwear,$50.00 ,500,"25,000","$10,000 ",Online
Sports Direct,1128299,2021-12-09,West,Hawaii,Honolulu,Women's Apparel,$89.00 ,142,"1,264",$632 ,Online
Foot Locker,1185732,2021-12-16,Northeast,West Virginia,Charleston,Women's Apparel,$68.00 ,122,830,$456 ,Online
Sports Direct,1185732,2021-12-16,South,Mississippi,Jackson,Men's Athletic Footwear,$60.00 ,575,"34,500","$12,075 ",Online
West Gear,1128299,2021-02-09,West,California,San Francisco,Men's Apparel,$51.00 ,228,"1,163",$547 ,Outlet
West Gear,1185732,2021-09-04,Midwest,Wisconsin,Milwaukee,Women's Street Footwear,$24.00 ,44,106,$48 ,Online
Amazon,1185732,2021-02-11,Southeast,North Carolina,Charlotte,Women's Street Footwear,$25.00 ,525,"13,125","$5,250 ",Online
West Gear,1128299,2021-01-17,West,Oregon,Portland,Men's Street Footwear,$28.00 ,120,336,$141 ,Outlet
Foot Locker,1185732,2021-11-18,Midwest,Missouri,St. Louis,Women's Street Footwear,$23.00 ,80,184,$90 ,Online
Foot Locker,1185732,2021-10-29,Northeast,Pennsylvania,Philadelphia,Men's Athletic Footwear,$32.00 ,44,141,$56 ,Outlet
West Gear,1185732,2021-01-12,Southeast,Florida,Orlando,Men's Street Footwear,$41.00 ,255,"1,046",$575 ,Online
West Gear,1128299,2021-09-18,South,Louisiana,New Orleans,Men's Apparel,$51.00 ,77,393,$216 ,Online
Walmart,1197831,2021-07-19,South,Arkansas,Little Rock,Women's Athletic Footwear,$35.00 ,120,420,$181 ,Outlet
Kohl's,1128299,2021-11-26,West,New Mexico,Albuquerque,Men's Street Footwear,$60.00 ,550,"33,000","$11,550 ",Online
Kohl's,1189833,2021-04-29,West,California,Los Angeles,Men's Apparel,$38.00 ,224,851,$511 ,Outlet
Foot Locker,1128299,2021-06-24,Southeast,Virginia,Richmond,Men's Athletic Footwear,$65.00 ,650,"42,250","$14,788 ",In-store
West Gear,1185732,2021-03-09,Midwest,Indiana,Indianapolis,Men's Athletic Footwear,$23.00 ,61,140,$77 ,Online
Foot Locker,1185732,2021-12-21,Southeast,Kentucky,Louisville,Men's Athletic Footwear,$52.00 ,98,510,$245 ,Online
Amazon,1185732,2021-03-21,Southeast,Kentucky,Louisville,Women's Street Footwear,$34.00 ,73,248,$124 ,Online
West Gear,1197831,2021-03-19,South,Oklahoma,Oklahoma City,Women's Apparel,$25.00 ,275,"6,875","$2,750 ",Online
Foot Locker,1185732,2021-07-06,Northeast,Rhode Island,Providence,Men's Athletic Footwear,$32.00 ,114,365,$135 ,Outlet
Walmart,1197831,2021-08-20,South,Arkansas,Little Rock,Women's Apparel,$55.00 ,550,"30,250","$12,100 ",Online
Walmart,1197831,2021-02-21,South,Arkansas,Little Rock,Women's Athletic Footwear,$20.00 ,250,"5,000","$2,000 ",Online
Sports Direct,1128299,2021-04-13,Southeast,Georgia,Atlanta,Women's Athletic Footwear,$50.00 ,275,"13,750","$5,500 ",Online
Foot Locker,1128299,2021-02-23,West,Arizona,Phoenix,Women's Apparel,$40.00 ,350,"14,000","$3,500 ",Online
Kohl's,1189833,2021-04-17,West,California,Los Angeles,Men's Apparel,$45.00 ,131,590,$383 ,Online
Sports Direct,1185732,2021-12-06,Northeast,New Jersey,Newark,Men's Street Footwear,$55.00 ,149,820,$393 ,Online
Sports Direct,1185732,2021-04-14,Northeast,Massachusetts,Boston,Women's Street Footwear,$30.00 ,150,"4,500","$1,125 ",In-store
Foot Locker,1185732,2021-05-29,Midwest,Nebraska,Omaha,Women's Street Footwear,$23.00 ,47,108,$54 ,Online
Kohl's,1185732,2021-07-06,Northeast,New Jersey,Newark,Women's Street Footwear,$37.00 ,81,300,$156 ,Online
Walmart,1185732,2020-05-03,Northeast,New York,New York,Men's Street Footwear,$65.00 ,"1,200","78,000","$39,000 ",Outlet
West Gear,1128299,2020-02-22,West,Nevada,Las Vegas,Women's Athletic Footwear,$60.00 ,400,"24,000","$7,200 ",In-store
Foot Locker,1185732,2020-03-08,Northeast,New York,New York,Men's Apparel,$55.00 ,252,"1,386",$624 ,Online
Walmart,1185732,2020-04-17,Northeast,New York,New York,Men's Apparel,$60.00 ,900,"54,000","$16,200 ",Outlet
West Gear,1128299,2020-11-01,South,Texas,Houston,Men's Street Footwear,$37.00 ,209,773,$348 ,Online
West Gear,1128299,2020-02-16,West,Nevada,Las Vegas,Women's Athletic Footwear,$65.00 ,475,"30,875","$10,806 ",In-store
Foot Locker,1185732,2020-11-28,Midwest,Minnesota,Minneapolis,Men's Street Footwear,$50.00 ,525,"26,250","$9,188 ",Outlet
West Gear,1128299,2020-07-19,West,Washington,Seattle,Men's Street Footwear,$60.00 ,550,"33,000","$9,900 ",In-store
West Gear,1128299,2020-12-29,West,California,San Francisco,Men's Apparel,$65.00 ,525,"34,125","$17,063 ",Outlet
West Gear,1128299,2020-11-03,South,Texas,Houston,Women's Street Footwear,$50.00 ,775,"38,750","$13,563 ",Outlet
Foot Locker,1185732,2020-10-18,Southeast,Florida,Miami,Men's Athletic Footwear,$33.00 ,65,215,$86 ,Online
Foot Locker,1185732,2020-03-10,Northeast,New York,New York,Men's Street Footwear,$59.00 ,319,"1,882","$1,129 ",Online
Foot Locker,1185732,2020-03-16,Northeast,New York,New York,Men's Street Footwear,$41.00 ,375,"1,538",$800 ,Outlet
West Gear,1128299,2020-04-25,West,Colorado,Denver,Women's Apparel,$78.00 ,137,"1,069",$427 ,Online
Foot Locker,1185732,2020-11-08,Midwest,Minnesota,Minneapolis,Men's Apparel,$50.00 ,50,"2,500",$750 ,In-store
West Gear,1128299,2020-01-08,West,Nevada,Las Vegas,Men's Street Footwear,$35.00 ,525,"18,375","$7,350 ",Outlet
West Gear,1128299,2020-04-20,West,Colorado,Denver,Men's Street Footwear,$65.00 ,775,"50,375","$22,669 ",In-store
Foot Locker,1185732,2020-12-22,Midwest,Minnesota,Minneapolis,Men's Street Footwear,$50.00 ,124,620,$310 ,Online
Foot Locker,1185732,2020-11-20,Midwest,Minnesota,Minneapolis,Men's Apparel,$49.00 ,45,221,$93 ,Online
West Gear,1128299,2020-03-23,West,Colorado,Denver,Women's Street Footwear,$38.00 ,123,467,$234 ,Online
Walmart,1185732,2020-04-24,Northeast,New York,New York,Women's Apparel,$59.00 ,280,"1,652",$661 ,Online
West Gear,1128299,2020-02-22,West,Nevada,Las Vegas,Women's Athletic Footwear,$43.00 ,124,533,$187 ,Outlet
Sports Direct,1197831,2020-07-23,South,Texas,Houston,Men's Apparel,$26.00 ,176,458,$156 ,Outlet
Walmart,1197831,2020-08-12,South,Texas,Houston,Men's Street Footwear,$29.00 ,268,777,$373 ,Online
West Gear,1128299,2020-02-03,West,Nevada,Las Vegas,Women's Street Footwear,$65.00 ,550,"35,750","$16,088 ",Outlet
Walmart,1197831,2020-09-03,South,Texas,Houston,Men's Apparel,$41.00 ,169,693,$277 ,Online
West Gear,1128299,2020-11-13,West,California,San Francisco,Men's Street Footwear,$50.00 ,850,"42,500","$14,875 ",Outlet
Walmart,1197831,2020-08-16,South,Texas,Houston,Men's Apparel,$45.00 ,600,"27,000","$8,100 ",Outlet
West Gear,1185732,2020-04-24,Southeast,Florida,Miami,Women's Apparel,$64.00 ,248,"1,587","$1,016 ",Online
Foot Locker,1185732,2020-12-03,Midwest,Minnesota,Minneapolis,Women's Apparel,$46.00 ,88,405,$231 ,Online
West Gear,1128299,2020-02-21,West,Nevada,Las Vegas,Women's Street Footwear,$46.00 ,144,662,$272 ,Outlet
Foot Locker,1185732,2020-11-12,Midwest,Minnesota,Minneapolis,Women's Street Footwear,$40.00 ,125,"5,000","$1,500 ",In-store
West Gear,1128299,2020-02-02,West,Nevada,Las Vegas,Men's Athletic Footwear,$62.00 ,165,"1,023",$419 ,Online
West Gear,1128299,2020-01-26,West,Nevada,Las Vegas,Men's Street Footwear,$43.00 ,171,735,$353 ,Outlet
Foot Locker,1185732,2020-01-07,Northeast,New York,New York,Men's Street Footwear,$33.00 ,388,"1,280",$666 ,Outlet
West Gear,1128299,2020-07-07,West,Washington,Seattle,Men's Street Footwear,$80.00 ,217,"1,736",$781 ,Online
West Gear,1128299,2020-05-19,West,Colorado,Denver,Women's Apparel,$80.00 ,500,"40,000","$8,000 ",In-store
Foot Locker,1185732,2020-02-05,Northeast,New York,New York,Women's Apparel,$39.00 ,333,"1,299",$351 ,Outlet
Foot Locker,1185732,2020-03-31,Northeast,New York,New York,Women's Athletic Footwear,$40.00 ,324,"1,296",$518 ,Outlet
West Gear,1128299,2020-02-02,West,Nevada,Las Vegas,Men's Athletic Footwear,$65.00 ,550,"35,750","$10,725 ",Outlet
West Gear,1128299,2020-04-21,West,Colorado,Denver,Men's Athletic Footwear,$70.00 ,625,"43,750","$13,125 ",In-store
West Gear,1128299,2020-12-25,West,California,San Francisco,Men's Street Footwear,$56.00 ,228,"1,277",$600 ,Online
Walmart,1197831,2020-10-23,South,Texas,Houston,Women's Athletic Footwear,$50.00 ,675,"33,750","$15,188 ",Outlet
West Gear,1128299,2020-03-10,West,Nevada,Las Vegas,Men's Athletic Footwear,$65.00 ,675,"43,875","$8,775 ",In-store
Walmart,1197831,2020-09-07,South,Texas,Houston,Women's Street Footwear,$36.00 ,315,"1,134",$431 ,Outlet
West Gear,1128299,2020-01-17,West,Nevada,Las Vegas,Women's Athletic Footwear,$50.00 ,84,420,$197 ,Online
Foot Locker,1185732,2020-03-31,Northeast,New York,New York,Women's Athletic Footwear,$47.00 ,241,"1,133",$532 ,Online
West Gear,1128299,2020-06-07,West,Washington,Seattle,Men's Street Footwear,$46.00 ,167,768,$346 ,Online
Sports Direct,1197831,2020-08-08,South,Texas,Houston,Women's Street Footwear,$34.00 ,203,690,$317 ,Online
Foot Locker,1185732,2020-01-25,Northeast,New York,New York,Men's Street Footwear,$46.00 ,354,"1,628","$1,026 ",Online
Walmart,1197831,2020-08-24,South,Texas,Houston,Men's Street Footwear,$37.00 ,238,881,$396 ,Online
Foot Locker,1185732,2020-10-28,Midwest,Minnesota,Minneapolis,Women's Apparel,$34.00 ,65,221,$122 ,Online
Foot Locker,1185732,2020-01-05,Northeast,New York,New York,Men's Apparel,$60.00 ,900,"54,000","$16,200 ",In-store
Foot Locker,1185732,2020-11-18,Midwest,Minnesota,Minneapolis,Women's Street Footwear,$35.00 ,175,"6,125","$1,838 ",Outlet
West Gear,1128299,2020-07-13,West,Washington,Seattle,Men's Street Footwear,$64.00 ,156,998,$409 ,Online
Foot Locker,1185732,2020-08-18,Southeast,Florida,Miami,Men's Street Footwear,$41.00 ,268,"1,099",$659 ,Online
West Gear,1128299,2020-05-22,West,Colorado,Denver,Women's Street Footwear,$65.00 ,500,"32,500","$13,000 ",In-store
Sports Direct,1185732,2020-09-29,Southeast,Florida,Miami,Men's Street Footwear,$56.00 ,270,"1,512",$907 ,Online
West Gear,1128299,2020-04-23,West,Colorado,Denver,Women's Athletic Footwear,$65.00 ,475,"30,875","$12,350 ",In-store
Sports Direct,1185732,2020-10-05,Southeast,Florida,Miami,Men's Street Footwear,$56.00 ,244,"1,366",$793 ,Online
West Gear,1128299,2020-06-12,West,Washington,Seattle,Women's Apparel,$65.00 ,375,"24,375","$4,875 ",In-store
Foot Locker,1185732,2020-01-01,Northeast,Pennsylvania,Philadelphia,Women's Apparel,$68.00 ,83,564,$243 ,Online
West Gear,1128299,2020-03-14,West,Nevada,Las Vegas,Women's Apparel,$75.00 ,500,"37,500","$5,625 ",In-store
West Gear,1128299,2020-01-21,West,Nevada,Las Vegas,Men's Athletic Footwear,$62.00 ,102,632,$240 ,Online
Sports Direct,1185732,2020-09-26,Southeast,Florida,Miami,Women's Athletic Footwear,$45.00 ,725,"32,625","$9,788 ",In-store
West Gear,1128299,2020-06-04,West,Washington,Seattle,Women's Athletic Footwear,$50.00 ,300,"15,000","$4,500 ",In-store
West Gear,1128299,2020-01-06,West,Nevada,Las Vegas,Men's Apparel,$37.00 ,80,296,$169 ,Outlet
West Gear,1128299,2020-03-28,West,Colorado,Denver,Men's Athletic Footwear,$48.00 ,112,538,$183 ,Online
Walmart,1197831,2020-10-29,South,Texas,Houston,Women's Athletic Footwear,$47.00 ,182,855,$496 ,Online
Walmart,1185732,2020-04-22,Northeast,New York,New York,Women's Athletic Footwear,$50.00 ,900,"45,000","$15,750 ",Outlet
Sports Direct,1185732,2020-09-25,Southeast,Florida,Miami,Women's Street Footwear,$45.00 ,750,"33,750","$8,438 ",In-store
West Gear,1128299,2020-02-12,West,Nevada,Las Vegas,Women's Apparel,$78.00 ,145,"1,131",$339 ,Online
West Gear,1128299,2020-06-12,West,Washington,Seattle,Women's Apparel,$62.00 ,105,651,$221 ,Online
Foot Locker,1185732,2020-01-04,Northeast,New York,New York,Women's Athletic Footwear,$36.00 ,281,"1,012",$374 ,Outlet
Foot Locker,1185732,2020-11-10,Midwest,Minnesota,Minneapolis,Men's Street Footwear,$50.00 ,445,"22,250","$7,788 ",In-store
West Gear,1128299,2020-02-07,West,Nevada,Las Vegas,Men's Street Footwear,$60.00 ,750,"45,000","$18,000 ",Outlet
West Gear,1128299,2020-12-23,West,California,San Francisco,Men's Apparel,$65.00 ,500,"32,500","$16,250 ",Outlet
West Gear,1128299,2020-02-03,West,Nevada,Las Vegas,Women's Street Footwear,$62.00 ,165,"1,023",$604 ,Online
Foot Locker,1185732,2020-12-21,Midwest,Minnesota,Minneapolis,Women's Apparel,$60.00 ,225,"13,500","$6,075 ",Outlet
West Gear,1128299,2020-01-25,West,Nevada,Las Vegas,Women's Apparel,$80.00 ,350,"28,000","$5,600 ",Outlet
West Gear,1128299,2020-01-26,West,Nevada,Las Vegas,Men's Street Footwear,$60.00 ,550,"33,000","$14,850 ",Outlet
West Gear,1128299,2020-05-25,West,Colorado,Denver,Women's Apparel,$80.00 ,525,"42,000","$8,400 ",In-store
Sports Direct,1197831,2020-08-04,South,Texas,Houston,Men's Apparel,$45.00 ,500,"22,500","$6,750 ",Outlet
Foot Locker,1185732,2020-10-23,Midwest,Minnesota,Minneapolis,Men's Street Footwear,$35.00 ,500,"17,500","$6,125 ",In-store
West Gear,1128299,2020-01-18,West,Nevada,Las Vegas,Men's Apparel,$60.00 ,175,"10,500","$5,775 ",Outlet
Sports Direct,1197831,2020-07-31,South,Texas,Houston,Men's Street Footwear,$30.00 ,875,"26,250","$9,188 ",Outlet
Walmart,1185732,2020-04-28,Northeast,New York,New York,Men's Athletic Footwear,$55.00 ,975,"53,625","$16,088 ",Outlet
West Gear,1128299,2020-01-12,West,Nevada,Las Vegas,Men's Apparel,$50.00 ,200,"10,000","$5,500 ",Outlet
Walmart,1197831,2020-08-25,South,Texas,Houston,Men's Athletic Footwear,$42.00 ,238,"1,000",$460 ,Online
Foot Locker,1185732,2020-03-13,Northeast,New York,New York,Women's Athletic Footwear,$46.00 ,243,"1,118",$514 ,Online
Foot Locker,1185732,2020-03-05,Northeast,New York,New York,Men's Athletic Footwear,$41.00 ,340,"1,394",$474 ,Outlet
West Gear,1128299,2020-01-25,West,Nevada,Las Vegas,Women's Apparel,$78.00 ,95,741,$252 ,Online
Foot Locker,1185732,2020-11-21,Midwest,Minnesota,Minneapolis,Women's Apparel,$53.00 ,81,429,$240 ,Online
West Gear,1128299,2020-06-30,West,Washington,Seattle,Women's Apparel,$98.00 ,182,"1,784",$606 ,Online
West Gear,1185732,2020-09-15,Southeast,Florida,Miami,Men's Apparel,$61.00 ,208,"1,269",$622 ,Online
Walmart,1197831,2020-09-14,South,Texas,Houston,Women's Athletic Footwear,$36.00 ,204,734,$345 ,Outlet
West Gear,1128299,2020-07-16,West,Washington,Seattle,Women's Athletic Footwear,$70.00 ,400,"28,000","$8,400 ",In-store
West Gear,1128299,2020-11-06,West,California,San Francisco,Women's Apparel,$50.00 ,775,"38,750","$5,813 ",Outlet
Sports Direct,1185732,2020-05-24,Southeast,Florida,Miami,Men's Street Footwear,$63.00 ,323,"2,035","$1,140 ",Online
West Gear,1128299,2020-07-09,West,Washington,Seattle,Women's Street Footwear,$73.00 ,163,"1,190",$416 ,Online
Foot Locker,1185732,2020-12-16,Midwest,Minnesota,Minneapolis,Men's Street Footwear,$50.00 ,350,"17,500","$6,125 ",Outlet
Sports Direct,1185732,2020-10-10,Southeast,Florida,Miami,Women's Apparel,$64.00 ,213,"1,363",$818 ,Online
Foot Locker,1185732,2020-09-22,Southeast,Florida,Miami,Women's Apparel,$60.00 ,925,"55,500","$27,750 ",In-store
Walmart,1185732,2020-04-20,Northeast,New York,New York,Men's Athletic Footwear,$50.00 ,270,"1,350",$594 ,Online
West Gear,1128299,2020-12-29,West,California,San Francisco,Men's Apparel,$47.00 ,158,743,$416 ,Outlet
Foot Locker,1185732,2020-12-01,Midwest,Minnesota,Minneapolis,Women's Athletic Footwear,$33.00 ,47,155,$76 ,Online
Foot Locker,1185732,2020-11-09,Midwest,Minnesota,Minneapolis,Women's Apparel,$40.00 ,175,"7,000","$3,150 ",In-store
West Gear,1128299,2020-05-18,West,Colorado,Denver,Men's Apparel,$68.00 ,105,714,$493 ,Online
Sports Direct,1197831,2020-07-28,South,Texas,Houston,Women's Athletic Footwear,$26.00 ,213,554,$277 ,Outlet
Walmart,1197831,2020-10-29,South,Texas,Houston,Women's Athletic Footwear,$50.00 ,700,"35,000","$15,750 ",Outlet
Foot Locker,1185732,2020-11-28,Midwest,Minnesota,Minneapolis,Men's Street Footwear,$47.00 ,137,644,$303 ,Online
Foot Locker,1185732,2020-01-22,Northeast,New York,New York,Women's Athletic Footwear,$45.00 ,825,"37,125","$12,994 ",Outlet
Walmart,1185732,2020-04-19,Northeast,New York,New York,Men's Street Footwear,$39.00 ,408,"1,591",$875 ,Outlet
West Gear,1128299,2020-02-05,West,Nevada,Las Vegas,Men's Apparel,$47.00 ,105,494,$321 ,Outlet
Foot Locker,1185732,2020-01-21,Northeast,New York,New York,Women's Street Footwear,$32.00 ,323,"1,034",$393 ,Outlet
West Gear,1128299,2020-02-14,West,Nevada,Las Vegas,Men's Athletic Footwear,$64.00 ,182,"1,165",$454 ,Online
West Gear,1128299,2020-06-11,West,Washington,Seattle,Men's Apparel,$69.00 ,46,317,$121 ,Online
West Gear,1128299,2020-05-07,West,Colorado,Denver,Women's Apparel,$70.00 ,425,"29,750","$5,950 ",In-store
Foot Locker,1185732,2020-02-05,Northeast,New York,New York,Women's Apparel,$49.00 ,238,"1,166",$431 ,Online
Sports Direct,1197831,2020-07-26,South,Texas,Houston,Men's Athletic Footwear,$23.00 ,289,665,$279 ,Outlet
West Gear,1128299,2020-06-25,West,Washington,Seattle,Men's Street Footwear,$71.00 ,195,"1,385",$581 ,Online
West Gear,1128299,2020-02-27,West,Nevada,Las Vegas,Women's Street Footwear,$60.00 ,375,"22,500","$7,875 ",In-store
West Gear,1128299,2020-02-01,West,Nevada,Las Vegas,Men's Street Footwear,$60.00 ,700,"42,000","$18,900 ",Outlet
Walmart,1197831,2020-08-20,South,Texas,Houston,Women's Street Footwear,$27.00 ,264,713,$285 ,Outlet
Foot Locker,1185732,2020-02-06,Northeast,New York,New York,Men's Street Footwear,$60.00 ,"1,220","73,200","$36,600 ",Outlet
West Gear,1128299,2020-01-22,West,Nevada,Las Vegas,Women's Street Footwear,$65.00 ,400,"26,000","$10,400 ",Outlet
West Gear,1128299,2020-05-20,West,Colorado,Denver,Men's Street Footwear,$59.00 ,203,"1,198",$623 ,Online
Walmart,1197831,2020-09-16,South,Texas,Houston,Women's Apparel,$55.00 ,750,"41,250","$20,625 ",Outlet
Walmart,1197831,2020-10-24,South,Texas,Houston,Men's Apparel,$45.00 ,650,"29,250","$8,775 ",Outlet
Foot Locker,1185732,2020-12-19,Midwest,Minnesota,Minneapolis,Women's Athletic Footwear,$38.00 ,45,171,$84 ,Online
Kohl's,1189833,2020-12-30,Midwest,Minnesota,Minneapolis,Women's Street Footwear,$45.00 ,475,"21,375","$9,619 ",Outlet
West Gear,1128299,2020-01-19,West,Nevada,Las Vegas,Women's Apparel,$54.00 ,94,508,$173 ,Online
West Gear,1128299,2020-01-17,West,Nevada,Las Vegas,Women's Athletic Footwear,$55.00 ,300,"16,500","$5,775 ",Outlet
Foot Locker,1185732,2020-11-05,Midwest,Minnesota,Minneapolis,Men's Athletic Footwear,$38.00 ,28,106,$45 ,Online
West Gear,1128299,2020-06-26,West,Washington,Seattle,Men's Athletic Footwear,$80.00 ,625,"50,000","$12,500 ",In-store
Walmart,1197831,2020-08-18,South,Texas,Houston,Men's Street Footwear,$40.00 ,950,"38,000","$13,300 ",Outlet
West Gear,1128299,2020-01-30,West,Nevada,Las Vegas,Men's Apparel,$65.00 ,200,"13,000","$7,800 ",Outlet
West Gear,1128299,2020-11-05,West,California,San Francisco,Men's Apparel,$55.00 ,575,"31,625","$15,813 ",Outlet
Walmart,1197831,2020-10-20,South,Texas,Houston,Men's Street Footwear,$45.00 ,900,"40,500","$14,175 ",Outlet
West Gear,1128299,2020-04-22,West,Colorado,Denver,Women's Street Footwear,$67.00 ,161,"1,079",$593 ,Online
West Gear,1128299,2020-07-14,West,Washington,Seattle,Men's Athletic Footwear,$71.00 ,174,"1,235",$432 ,Online
Foot Locker,1185732,2020-08-22,Southeast,Florida,Miami,Men's Apparel,$55.00 ,675,"37,125","$12,994 ",In-store
West Gear,1128299,2020-07-24,West,Washington,Seattle,Women's Apparel,$75.00 ,375,"28,125","$5,625 ",In-store
West Gear,1128299,2020-03-26,West,Colorado,Denver,Women's Apparel,$40.00 ,400,"16,000","$2,400 ",In-store
Foot Locker,1185732,2020-03-03,Northeast,New York,New York,Women's Apparel,$59.00 ,290,"1,711",$616 ,Online
West Gear,1128299,2020-06-03,West,Washington,Seattle,Women's Street Footwear,$47.00 ,122,573,$224 ,Online
Foot Locker,1185732,2020-11-03,Midwest,Minnesota,Minneapolis,Women's Apparel,$40.00 ,175,"7,000","$3,150 ",In-store
Foot Locker,1185732,2020-04-24,Southeast,Florida,Miami,Men's Street Footwear,$42.00 ,256,"1,075",$624 ,Online
West Gear,1128299,2020-06-01,West,Washington,Seattle,Men's Street Footwear,$36.00 ,138,497,$214 ,Online
West Gear,1185732,2020-09-17,Southeast,Florida,Miami,Men's Street Footwear,$65.00 ,"1,125","73,125","$32,906 ",In-store
Sports Direct,1185732,2020-10-08,Southeast,Florida,Miami,Women's Athletic Footwear,$49.00 ,202,990,$436 ,Online
West Gear,1128299,2020-07-24,West,Washington,Seattle,Women's Apparel,$71.00 ,101,717,$251 ,Online
Sports Direct,1185732,2020-10-09,Southeast,Florida,Miami,Men's Apparel,$65.00 ,750,"48,750","$17,063 ",In-store
Walmart,1185732,2020-04-21,Northeast,New York,New York,Women's Street Footwear,$50.00 ,925,"46,250","$16,188 ",Outlet
Walmart,1197831,2020-09-07,South,Texas,Houston,Women's Street Footwear,$46.00 ,234,"1,076",$527 ,Online
Walmart,1197831,2020-09-06,South,Texas,Houston,Men's Athletic Footwear,$45.00 ,850,"38,250","$13,388 ",Outlet
West Gear,1128299,2020-12-24,West,California,San Francisco,Women's Apparel,$60.00 ,700,"42,000","$6,300 ",Outlet
West Gear,1128299,2020-03-20,West,Colorado,Denver,Women's Apparel,$37.00 ,128,474,$123 ,Online
Walmart,1197831,2020-08-23,South,Texas,Houston,Women's Apparel,$47.00 ,250,"1,175",$752 ,Online
West Gear,1185732,2020-09-08,Southeast,Florida,Miami,Women's Athletic Footwear,$47.00 ,217,"1,020",$408 ,Online
Foot Locker,1185732,2020-08-18,Southeast,Florida,Miami,Men's Street Footwear,$45.00 ,"1,070","48,150","$21,668 ",In-store
Foot Locker,1185732,2020-01-25,Northeast,New York,New York,Men's Street Footwear,$50.00 ,"1,220","61,000","$30,500 ",Outlet
West Gear,1128299,2020-07-08,West,Washington,Seattle,Men's Athletic Footwear,$77.00 ,210,"1,617",$631 ,Online
Walmart,1185732,2020-05-07,Northeast,New York,New York,Men's Apparel,$60.00 ,261,"1,566",$673 ,Online
West Gear,1128299,2020-07-28,West,Washington,Seattle,Women's Athletic Footwear,$70.00 ,450,"31,500","$9,450 ",In-store
West Gear,1128299,2020-05-11,West,Colorado,Denver,Women's Athletic Footwear,$53.00 ,85,451,$207 ,Online
West Gear,1128299,2020-03-04,West,Nevada,Las Vegas,Men's Athletic Footwear,$64.00 ,150,960,$326 ,Online
West Gear,1128299,2020-03-12,West,Nevada,Las Vegas,Women's Athletic Footwear,$60.00 ,475,"28,500","$8,550 ",In-store
West Gear,1128299,2020-01-20,West,Nevada,Las Vegas,Men's Street Footwear,$58.00 ,143,829,$423 ,Online
West Gear,1128299,2020-11-08,West,California,San Francisco,Men's Athletic Footwear,$50.00 ,725,"36,250","$7,250 ",Outlet
Walmart,1197831,2020-08-14,South,Texas,Houston,Women's Street Footwear,$33.00 ,225,743,$356 ,Online
West Gear,1128299,2020-03-17,West,Nevada,Las Vegas,Women's Street Footwear,$26.00 ,128,333,$140 ,Outlet
West Gear,1128299,2020-03-15,West,Nevada,Las Vegas,Men's Street Footwear,$20.00 ,149,298,$119 ,Outlet
Foot Locker,1185732,2020-08-14,Southeast,Florida,Miami,Women's Street Footwear,$32.00 ,240,768,$292 ,Online
Walmart,1185732,2020-04-25,Northeast,New York,New York,Men's Apparel,$51.00 ,289,"1,474",$472 ,Outlet
Walmart,1197831,2020-09-02,South,Texas,Houston,Women's Athletic Footwear,$30.00 ,215,645,$310 ,Outlet
Foot Locker,1185732,2020-01-26,Northeast,New York,New York,Men's Athletic Footwear,$48.00 ,259,"1,243",$535 ,Online
West Gear,1128299,2020-03-25,West,Colorado,Denver,Men's Apparel,$45.00 ,200,"9,000","$4,500 ",In-store
West Gear,1128299,2020-07-11,West,Washington,Seattle,Men's Apparel,$75.00 ,575,"43,125","$10,781 ",In-store
West Gear,1128299,2020-03-08,West,Nevada,Las Vegas,Women's Apparel,$68.00 ,133,904,$235 ,Online
Foot Locker,1185732,2020-02-01,Northeast,New York,New York,Men's Athletic Footwear,$50.00 ,900,"45,000","$13,500 ",Outlet
Foot Locker,1185732,2020-01-24,Northeast,New York,New York,Women's Apparel,$48.00 ,290,"1,392",$529 ,Online
West Gear,1128299,2020-02-06,West,Nevada,Las Vegas,Women's Apparel,$57.00 ,192,"1,094",$306 ,Outlet
Walmart,1197831,2020-08-22,South,Texas,Houston,Men's Apparel,$29.00 ,221,641,$205 ,Outlet
West Gear,1128299,2020-12-27,West,California,San Francisco,Women's Street Footwear,$46.00 ,254,"1,168",$456 ,Outlet
Foot Locker,1185732,2020-11-13,Midwest,Minnesota,Minneapolis,Women's Athletic Footwear,$40.00 ,50,"2,000",$700 ,In-store
West Gear,1128299,2020-06-03,West,Washington,Seattle,Women's Street Footwear,$50.00 ,450,"22,500","$5,625 ",In-store
West Gear,1128299,2020-05-06,West,Colorado,Denver,Men's Apparel,$74.00 ,120,888,$613 ,Online
Walmart,1197831,2020-09-03,South,Texas,Houston,Men's Apparel,$35.00 ,228,798,$271 ,Outlet
Foot Locker,1185732,2020-11-05,Midwest,Minnesota,Minneapolis,Men's Athletic Footwear,$40.00 ,100,"4,000","$1,200 ",In-store
West Gear,1128299,2020-01-03,Northeast,Pennsylvania,Philadelphia,Men's Athletic Footwear,$45.00 ,450,"20,250","$5,063 ",Outlet
West Gear,1128299,2020-03-02,West,Nevada,Las Vegas,Women's Apparel,$53.00 ,120,636,$140 ,Outlet
Walmart,1197831,2020-08-11,South,Texas,Houston,Women's Apparel,$40.00 ,800,"32,000","$16,000 ",Outlet
Sports Direct,1185732,2020-09-28,Southeast,Florida,Miami,Women's Apparel,$60.00 ,825,"49,500","$24,750 ",In-store
West Gear,1128299,2020-01-24,West,Nevada,Las Vegas,Men's Apparel,$47.00 ,62,291,$178 ,Outlet
West Gear,1128299,2020-06-19,West,Washington,Seattle,Men's Street Footwear,$55.00 ,165,908,$372 ,Online
West Gear,1128299,2020-12-23,West,California,San Francisco,Men's Apparel,$51.00 ,170,867,$468 ,Outlet
West Gear,1128299,2020-11-05,West,California,San Francisco,Men's Apparel,$38.00 ,173,657,$355 ,Outlet
Walmart,1197831,2020-09-08,South,Texas,Houston,Women's Athletic Footwear,$47.00 ,181,851,$468 ,Online
Foot Locker,1185732,2020-01-29,Northeast,New York,New York,Men's Apparel,$59.00 ,230,"1,357",$570 ,Online
West Gear,1128299,2020-04-16,West,Colorado,Denver,Women's Street Footwear,$64.00 ,150,960,$614 ,Online
Sports Direct,1197831,2020-07-31,South,Texas,Houston,Men's Street Footwear,$20.00 ,306,612,$257 ,Outlet
West Gear,1128299,2020-01-06,West,Nevada,Las Vegas,Men's Apparel,$47.00 ,70,329,$214 ,Online
West Gear,1128299,2020-05-09,West,Colorado,Denver,Men's Athletic Footwear,$54.00 ,152,821,$287 ,Online
Foot Locker,1185732,2020-08-11,Southeast,Florida,Miami,Women's Apparel,$41.00 ,247,"1,013",$628 ,Online
Sports Direct,1197831,2020-07-31,South,Texas,Houston,Men's Street Footwear,$29.00 ,254,737,$331 ,Online
Sports Direct,1197831,2020-07-22,Northeast,New York,New York,Women's Athletic Footwear,$35.00 ,700,"24,500","$11,025 ",Outlet
West Gear,1128299,2020-01-30,West,Nevada,Las Vegas,Men's Apparel,$60.00 ,60,360,$252 ,Online
Foot Locker,1185732,2020-10-27,Midwest,Minnesota,Minneapolis,Men's Apparel,$45.00 ,150,"6,750","$2,025 ",In-store
Foot Locker,1185732,2020-02-07,Northeast,New York,New York,Men's Athletic Footwear,$55.00 ,925,"50,875","$15,263 ",Outlet
West Gear,1128299,2020-06-20,West,Washington,Seattle,Men's Athletic Footwear,$60.00 ,108,648,$246 ,Online
Foot Locker,1185732,2020-03-04,Northeast,New York,New York,Men's Street Footwear,$60.00 ,"1,250","75,000","$37,500 ",Outlet
West Gear,1128299,2020-04-15,West,Colorado,Denver,Men's Athletic Footwear,$65.00 ,575,"37,375","$13,081 ",In-store
Foot Locker,1185732,2020-02-09,Northeast,New York,New York,Women's Athletic Footwear,$50.00 ,850,"42,500","$14,875 ",Outlet
Foot Locker,1185732,2020-08-09,West,Washington,Seattle,Women's Athletic Footwear,$40.00 ,700,"28,000","$8,400 ",In-store
Foot Locker,1185732,2020-08-13,Southeast,Florida,Miami,Men's Athletic Footwear,$43.00 ,195,839,$411 ,Online
Foot Locker,1185732,2020-11-09,Midwest,Minnesota,Minneapolis,Women's Apparel,$36.00 ,53,191,$114 ,Online
Foot Locker,1185732,2020-02-10,Northeast,New York,New York,Men's Apparel,$47.00 ,280,"1,316",$461 ,Outlet
Walmart,1197831,2020-08-13,South,Texas,Houston,Men's Athletic Footwear,$30.00 ,287,861,$362 ,Outlet
West Gear,1128299,2020-02-27,West,Nevada,Las Vegas,Women's Street Footwear,$54.00 ,109,589,$265 ,Online
West Gear,1128299,2020-05-13,West,Colorado,Denver,Women's Apparel,$65.00 ,105,683,$205 ,Online
Walmart,1185732,2020-05-02,Northeast,New York,New York,Women's Apparel,$53.00 ,322,"1,707",$478 ,Outlet
Walmart,1197831,2020-10-26,South,Texas,Houston,Men's Street Footwear,$41.00 ,238,976,$468 ,Online
Foot Locker,1185732,2020-12-17,Midwest,Minnesota,Minneapolis,Men's Athletic Footwear,$40.00 ,200,"8,000","$2,400 ",Outlet
West Gear,1128299,2020-04-02,West,Colorado,Denver,Men's Street Footwear,$60.00 ,525,"31,500","$11,025 ",In-store
West Gear,1128299,2020-02-11,West,Nevada,Las Vegas,Men's Apparel,$65.00 ,500,"32,500","$17,875 ",In-store
West Gear,1128299,2020-12-31,West,California,San Francisco,Men's Street Footwear,$56.00 ,252,"1,411",$706 ,Online
Foot Locker,1185732,2020-12-17,Midwest,Minnesota,Minneapolis,Men's Athletic Footwear,$38.00 ,52,198,$79 ,Online
Foot Locker,1185732,2020-03-14,Northeast,New York,New York,Men's Apparel,$60.00 ,925,"55,500","$16,650 ",Outlet
West Gear,1128299,2020-03-04,West,Nevada,Las Vegas,Men's Athletic Footwear,$65.00 ,575,"37,375","$7,475 ",In-store
West Gear,1128299,2020-08-01,West,Washington,Seattle,Men's Athletic Footwear,$77.00 ,195,"1,502",$571 ,Online
West Gear,1128299,2020-05-21,West,Colorado,Denver,Men's Athletic Footwear,$64.00 ,182,"1,165",$443 ,Online
West Gear,1128299,2020-01-24,West,Nevada,Las Vegas,Men's Apparel,$63.00 ,52,328,$216 ,Online
Walmart,1185732,2020-04-25,Northeast,New York,New York,Men's Apparel,$65.00 ,875,"56,875","$17,063 ",Outlet
West Gear,1185732,2020-04-24,Southeast,Florida,Miami,Men's Apparel,$55.00 ,675,"37,125","$12,994 ",In-store
West Gear,1128299,2020-07-23,West,Washington,Seattle,Men's Apparel,$70.00 ,325,"22,750","$5,688 ",In-store
West Gear,1185732,2020-09-07,Southeast,Florida,Miami,Women's Street Footwear,$50.00 ,800,"40,000","$10,000 ",In-store
Walmart,1185732,2020-04-23,Northeast,New York,New York,Men's Apparel,$60.00 ,900,"54,000","$16,200 ",Outlet
West Gear,1128299,2020-03-06,West,Nevada,Las Vegas,Women's Athletic Footwear,$56.00 ,108,605,$248 ,Online
West Gear,1128299,2020-04-30,West,Colorado,Denver,Men's Apparel,$74.00 ,140,"1,036",$756 ,Online
West Gear,1128299,2020-06-16,West,Washington,Seattle,Women's Athletic Footwear,$60.00 ,300,"18,000","$5,400 ",In-store
Foot Locker,1185732,2020-03-07,Northeast,New York,New York,Women's Athletic Footwear,$47.00 ,261,"1,227",$552 ,Online
Foot Locker,1185732,2020-01-06,Northeast,New York,New York,Women's Apparel,$50.00 ,"1,000","50,000","$12,500 ",In-store
West Gear,1128299,2020-06-28,West,Washington,Seattle,Women's Athletic Footwear,$75.00 ,125,938,$375 ,Online
West Gear,1128299,2020-05-07,West,Colorado,Denver,Women's Apparel,$65.00 ,106,689,$214 ,Online
Foot Locker,1185732,2020-11-25,Midwest,Minnesota,Minneapolis,Women's Athletic Footwear,$40.00 ,175,"7,000","$2,450 ",Outlet
Walmart,1197831,2020-09-09,South,Texas,Houston,Men's Apparel,$45.00 ,625,"28,125","$8,438 ",Outlet
West Gear,1185732,2020-09-16,Southeast,Florida,Miami,Women's Apparel,$67.00 ,244,"1,635","$1,063 ",Online
West Gear,1128299,2020-06-02,West,Washington,Seattle,Men's Athletic Footwear,$50.00 ,450,"22,500","$5,625 ",In-store
Walmart,1197831,2020-10-22,South,Texas,Houston,Women's Street Footwear,$47.00 ,206,968,$465 ,Online
West Gear,1128299,2020-04-27,West,Colorado,Denver,Men's Athletic Footwear,$75.00 ,675,"50,625","$15,188 ",In-store
Foot Locker,1185732,2020-11-11,Midwest,Minnesota,Minneapolis,Men's Athletic Footwear,$45.00 ,150,"6,750","$2,025 ",In-store
West Gear,1128299,2020-06-27,West,Washington,Seattle,Women's Street Footwear,$72.00 ,163,"1,174",$446 ,Online
Foot Locker,1185732,2020-09-20,Southeast,Florida,Miami,Women's Athletic Footwear,$44.00 ,233,"1,025",$410 ,Online
West Gear,1128299,2020-04-19,West,Colorado,Denver,Women's Apparel,$83.00 ,181,"1,502",$646 ,Online
Foot Locker,1185732,2020-04-24,Southeast,Florida,Miami,Men's Street Footwear,$45.00 ,"1,025","46,125","$20,756 ",In-store
Walmart,1197831,2020-09-05,South,Texas,Houston,Men's Street Footwear,$45.00 ,850,"38,250","$13,388 ",Outlet
Foot Locker,1185732,2020-01-03,Northeast,New York,New York,Women's Street Footwear,$36.00 ,250,900,$414 ,Online
Walmart,1185732,2020-04-20,Northeast,New York,New York,Men's Athletic Footwear,$55.00 ,"1,000","55,000","$16,500 ",Outlet
West Gear,1128299,2020-07-01,West,Washington,Seattle,Men's Street Footwear,$73.00 ,239,"1,745",$698 ,Online
Sports Direct,1185732,2020-10-09,Southeast,Florida,Miami,Men's Apparel,$64.00 ,195,"1,248",$624 ,Online
West Gear,1128299,2020-04-04,West,Colorado,Denver,Women's Street Footwear,$65.00 ,375,"24,375","$8,531 ",In-store
Foot Locker,1185732,2020-01-01,Northeast,New York,New York,Men's Street Footwear,$34.00 ,384,"1,306",$679 ,Outlet
Foot Locker,1185732,2020-09-22,Southeast,Florida,Miami,Women's Apparel,$56.00 ,278,"1,557",$950 ,Online
Walmart,1197831,2020-10-22,South,Texas,Houston,Women's Street Footwear,$34.00 ,281,955,$373 ,Outlet
Walmart,1197831,2020-09-14,South,Texas,Houston,Women's Athletic Footwear,$45.00 ,168,756,$438 ,Online
West Gear,1128299,2020-06-05,West,Washington,Seattle,Men's Apparel,$55.00 ,225,"12,375","$3,094 ",In-store
West Gear,1128299,2020-03-18,West,Nevada,Las Vegas,Women's Athletic Footwear,$26.00 ,96,250,$85 ,Outlet
Walmart,1185732,2020-04-18,Northeast,New York,New York,Women's Apparel,$48.00 ,355,"1,704",$511 ,Outlet
West Gear,1128299,2020-02-07,West,Nevada,Las Vegas,Men's Street Footwear,$58.00 ,218,"1,264",$670 ,Online
West Gear,1128299,2020-05-01,West,Colorado,Denver,Women's Apparel,$74.00 ,100,740,$259 ,Online
Foot Locker,1185732,2020-12-11,Midwest,Minnesota,Minneapolis,Men's Athletic Footwear,$35.00 ,200,"7,000","$2,100 ",Outlet
West Gear,1185732,2020-04-24,Southeast,Florida,Miami,Men's Apparel,$58.00 ,196,"1,137",$534 ,Online
Walmart,1197831,2020-10-27,South,Texas,Houston,Men's Athletic Footwear,$45.00 ,950,"42,750","$14,963 ",Outlet
West Gear,1185732,2020-09-12,Southeast,Florida,Miami,Men's Athletic Footwear,$57.00 ,225,"1,283",$590 ,Online
West Gear,1128299,2020-03-18,West,Nevada,Las Vegas,Women's Athletic Footwear,$38.00 ,72,274,$123 ,Online
West Gear,1185732,2020-09-15,Southeast,Florida,Miami,Men's Apparel,$65.00 ,800,"52,000","$18,200 ",In-store
Foot Locker,1185732,2020-03-08,Northeast,New York,New York,Men's Apparel,$45.00 ,288,"1,296",$441 ,Outlet
West Gear,1128299,2020-06-23,West,Washington,Seattle,Men's Apparel,$65.00 ,200,"13,000","$3,250 ",In-store
West Gear,1128299,2020-02-20,West,Nevada,Las Vegas,Men's Athletic Footwear,$65.00 ,600,"39,000","$7,800 ",In-store
Walmart,1197831,2020-08-29,South,Texas,Houston,Women's Apparel,$47.00 ,293,"1,377",$868 ,Online
West Gear,1128299,2020-05-29,West,Colorado,Denver,Women's Athletic Footwear,$50.00 ,300,"15,000","$4,500 ",In-store
West Gear,1128299,2020-02-23,West,Nevada,Las Vegas,Men's Apparel,$67.00 ,120,804,$490 ,Online
Walmart,1197831,2020-08-23,South,Texas,Houston,Women's Apparel,$50.00 ,"1,000","50,000","$25,000 ",Outlet
West Gear,1128299,2020-02-14,West,Nevada,Las Vegas,Men's Athletic Footwear,$56.00 ,208,"1,165",$338 ,Outlet
West Gear,1128299,2020-02-17,West,Nevada,Las Vegas,Men's Apparel,$75.00 ,475,"35,625","$19,594 ",In-store
Foot Locker,1185732,2020-12-04,Midwest,Minnesota,Minneapolis,Men's Street Footwear,$45.00 ,450,"20,250","$7,088 ",Outlet
Walmart,1185732,2020-05-05,Northeast,New York,New York,Women's Street Footwear,$42.00 ,333,"1,399",$559 ,Outlet
Foot Locker,1185732,2020-01-03,Northeast,New York,New York,Women's Street Footwear,$40.00 ,"1,000","40,000","$14,000 ",In-store
West Gear,1128299,2020-12-26,West,California,San Francisco,Men's Athletic Footwear,$65.00 ,675,"43,875","$8,775 ",Outlet
West Gear,1128299,2020-06-23,West,Washington,Seattle,Men's Apparel,$60.00 ,52,312,$119 ,Online
West Gear,1128299,2020-01-04,Northeast,Pennsylvania,Philadelphia,Women's Street Footwear,$36.00 ,140,504,$237 ,Outlet
Walmart,1197831,2020-09-05,South,Texas,Houston,Men's Street Footwear,$33.00 ,264,871,$366 ,Outlet
Foot Locker,1185732,2020-10-31,Midwest,Minnesota,Minneapolis,Women's Street Footwear,$29.00 ,53,154,$69 ,Online
Foot Locker,1185732,2020-03-09,Northeast,New York,New York,Women's Apparel,$46.00 ,347,"1,596",$511 ,Outlet
West Gear,1185732,2020-04-24,Southeast,Florida,Miami,Women's Apparel,$44.00 ,208,915,$549 ,Online
West Gear,1128299,2020-04-11,West,Colorado,Denver,Women's Athletic Footwear,$60.00 ,275,"16,500","$7,425 ",In-store
Foot Locker,1185732,2020-03-03,Northeast,New York,New York,Women's Apparel,$44.00 ,320,"1,408",$408 ,Outlet
West Gear,1128299,2020-04-20,West,Colorado,Denver,Men's Street Footwear,$64.00 ,202,"1,293",$776 ,Online
West Gear,1128299,2020-11-11,West,California,San Francisco,Men's Apparel,$50.00 ,140,700,$427 ,Online
Walmart,1185732,2020-04-26,Northeast,New York,New York,Women's Apparel,$50.00 ,330,"1,650",$462 ,Outlet
Sports Direct,1197831,2020-07-21,Northeast,New York,New York,Women's Street Footwear,$33.00 ,210,693,$319 ,Online
West Gear,1128299,2020-05-13,West,Colorado,Denver,Women's Apparel,$70.00 ,350,"24,500","$4,900 ",In-store
West Gear,1128299,2020-02-07,West,Nevada,Las Vegas,Men's Street Footwear,$48.00 ,233,"1,118",$492 ,Outlet
Sports Direct,1185732,2020-10-07,Southeast,Florida,Miami,Women's Street Footwear,$50.00 ,745,"37,250","$9,313 ",In-store
Foot Locker,1185732,2020-01-27,Northeast,New York,New York,Women's Street Footwear,$40.00 ,950,"38,000","$13,300 ",Outlet
West Gear,1128299,2020-03-11,West,Nevada,Las Vegas,Women's Street Footwear,$60.00 ,475,"28,500","$9,975 ",In-store
West Gear,1185732,2020-04-24,Southeast,Florida,Miami,Women's Apparel,$45.00 ,800,"36,000","$18,000 ",In-store
Foot Locker,1185732,2020-11-06,Midwest,Minnesota,Minneapolis,Women's Street Footwear,$30.00 ,100,"3,000",$900 ,In-store
Foot Locker,1185732,2020-11-11,Midwest,Minnesota,Minneapolis,Men's Athletic Footwear,$44.00 ,44,194,$79 ,Online
Foot Locker,1185732,2020-08-06,West,Washington,Seattle,Men's Street Footwear,$45.00 ,"1,050","47,250","$21,263 ",In-store
Foot Locker,1185732,2020-11-22,Midwest,Minnesota,Minneapolis,Men's Street Footwear,$49.00 ,160,784,$368 ,Online
West Gear,1128299,2020-07-03,West,Washington,Seattle,Women's Street Footwear,$85.00 ,625,"53,125","$13,281 ",In-store
West Gear,1128299,2020-04-08,West,Colorado,Denver,Men's Street Footwear,$60.00 ,525,"31,500","$15,750 ",In-store
West Gear,1128299,2020-02-25,West,Nevada,Las Vegas,Men's Street Footwear,$47.00 ,171,804,$321 ,Outlet
West Gear,1128299,2020-01-03,Northeast,Pennsylvania,Philadelphia,Men's Athletic Footwear,$35.00 ,135,473,$146 ,Outlet
West Gear,1185732,2020-04-24,Southeast,Florida,Miami,Women's Street Footwear,$32.00 ,203,650,$260 ,Online
Kohl's,1189833,2020-12-30,Midwest,Minnesota,Minneapolis,Women's Street Footwear,$41.00 ,119,488,$288 ,Online
Foot Locker,1185732,2020-01-01,Northeast,New York,New York,Men's Street Footwear,$47.00 ,336,"1,579",$963 ,Online
Sports Direct,1185732,2020-05-24,Southeast,Florida,Miami,Men's Street Footwear,$65.00 ,"1,075","69,875","$31,444 ",In-store
Walmart,1197831,2020-08-16,South,Texas,Houston,Men's Apparel,$35.00 ,180,630,$221 ,Outlet
Foot Locker,1185732,2020-01-24,Northeast,New York,New York,Women's Apparel,$36.00 ,350,"1,260",$365 ,Outlet
Foot Locker,1185732,2020-03-15,Northeast,New York,New York,Women's Apparel,$47.00 ,352,"1,654",$447 ,Outlet
Walmart,1197831,2020-09-01,South,Texas,Houston,Women's Street Footwear,$29.00 ,374,"1,085",$445 ,Outlet
Foot Locker,1185732,2020-11-15,Midwest,Minnesota,Minneapolis,Women's Apparel,$58.00 ,51,296,$175 ,Online
Sports Direct,1197831,2020-08-05,South,Texas,Houston,Women's Apparel,$39.00 ,189,737,$442 ,Online
Walmart,1197831,2020-08-13,South,Texas,Houston,Men's Athletic Footwear,$38.00 ,259,984,$453 ,Online
Walmart,1185732,2020-04-17,Northeast,New York,New York,Men's Apparel,$54.00 ,270,"1,458",$656 ,Online
Walmart,1197831,2020-08-29,South,Texas,Houston,Women's Apparel,$36.00 ,302,"1,087",$565 ,Outlet
Foot Locker,1185732,2020-10-28,Midwest,Minnesota,Minneapolis,Women's Apparel,$35.00 ,225,"7,875","$3,544 ",In-store
West Gear,1185732,2020-09-19,Southeast,Florida,Miami,Women's Street Footwear,$53.00 ,231,"1,224",$453 ,Online
West Gear,1128299,2020-01-14,West,Nevada,Las Vegas,Men's Street Footwear,$43.00 ,160,688,$378 ,Online
Foot Locker,1185732,2020-08-19,Southeast,Florida,Miami,Men's Athletic Footwear,$42.00 ,225,945,$454 ,Online
West Gear,1128299,2020-01-05,Northeast,Pennsylvania,Philadelphia,Women's Athletic Footwear,$45.00 ,300,"13,500","$4,725 ",Outlet
Walmart,1185732,2020-04-26,Northeast,New York,New York,Women's Apparel,$68.00 ,290,"1,972",$749 ,Online
Walmart,1185732,2020-04-24,Northeast,New York,New York,Women's Apparel,$45.00 ,350,"1,575",$473 ,Outlet
Walmart,1197831,2020-09-01,South,Texas,Houston,Women's Street Footwear,$39.00 ,297,"1,158",$533 ,Online
Walmart,1197831,2020-09-07,South,Texas,Houston,Women's Street Footwear,$50.00 ,900,"45,000","$15,750 ",Outlet
West Gear,1128299,2020-05-12,West,Colorado,Denver,Men's Apparel,$65.00 ,300,"19,500","$10,725 ",In-store
Foot Locker,1185732,2020-12-10,Midwest,Minnesota,Minneapolis,Men's Street Footwear,$41.00 ,98,402,$189 ,Online
Foot Locker,1185732,2020-01-29,Northeast,New York,New York,Men's Apparel,$43.00 ,289,"1,243",$398 ,Outlet
Foot Locker,1185732,2020-11-20,Midwest,Minnesota,Minneapolis,Men's Apparel,$50.00 ,150,"7,500","$2,250 ",Outlet
West Gear,1128299,2020-02-28,West,Nevada,Las Vegas,Women's Athletic Footwear,$60.00 ,350,"21,000","$6,300 ",In-store
West Gear,1128299,2020-12-26,West,California,San Francisco,Men's Athletic Footwear,$62.00 ,203,"1,259",$378 ,Online
Walmart,1197831,2020-10-20,South,Texas,Houston,Men's Street Footwear,$43.00 ,234,"1,006",$493 ,Online
Kohl's,1189833,2020-12-31,Midwest,Minnesota,Minneapolis,Women's Athletic Footwear,$44.00 ,98,431,$224 ,Online
West Gear,1128299,2020-03-17,West,Nevada,Las Vegas,Women's Street Footwear,$40.00 ,425,"17,000","$5,950 ",In-store
Foot Locker,1185732,2020-01-22,Northeast,New York,New York,Women's Athletic Footwear,$32.00 ,248,794,$302 ,Outlet
West Gear,1128299,2020-05-04,West,Colorado,Denver,Women's Street Footwear,$65.00 ,450,"29,250","$11,700 ",In-store
West Gear,1128299,2020-12-23,West,California,San Francisco,Men's Apparel,$62.00 ,145,899,$566 ,Online
Foot Locker,1185732,2020-08-06,West,Washington,Seattle,Men's Street Footwear,$44.00 ,273,"1,201",$661 ,Online
Foot Locker,1185732,2020-02-07,Northeast,New York,New York,Men's Athletic Footwear,$50.00 ,259,"1,295",$518 ,Online
West Gear,1128299,2020-05-19,West,Colorado,Denver,Women's Apparel,$73.00 ,130,949,$294 ,Online
Foot Locker,1185732,2020-08-12,Southeast,Florida,Miami,Men's Street Footwear,$45.00 ,"1,100","49,500","$22,275 ",In-store
Foot Locker,1185732,2020-10-26,Midwest,Minnesota,Minneapolis,Women's Athletic Footwear,$30.00 ,75,"2,250",$788 ,In-store
West Gear,1128299,2020-03-28,West,Colorado,Denver,Men's Athletic Footwear,$50.00 ,400,"20,000","$4,000 ",In-store
Sports Direct,1197831,2020-08-05,South,Texas,Houston,Women's Apparel,$29.00 ,228,661,$364 ,Outlet
West Gear,1128299,2020-08-04,West,Washington,Seattle,Men's Apparel,$82.00 ,133,"1,091",$414 ,Online
West Gear,1128299,2020-01-19,West,Nevada,Las Vegas,Women's Apparel,$55.00 ,375,"20,625","$4,125 ",Outlet
Walmart,1185732,2020-04-20,Northeast,New York,New York,Men's Athletic Footwear,$43.00 ,350,"1,505",$497 ,Outlet
West Gear,1128299,2020-05-30,West,Washington,Seattle,Men's Apparel,$51.00 ,73,372,$145 ,Online
Foot Locker,1185732,2020-01-29,Northeast,New York,New York,Men's Apparel,,850,"51,000","$15,300 ",Outlet
West Gear,1128299,2020-07-09,West,Washington,Seattle,Women's Street Footwear,$75.00 ,625,"46,875","$11,719 ",In-store
Foot Locker,1185732,2020-03-05,Northeast,New York,New York,Men's Athletic Footwear,$55.00 ,"1,000","55,000","$16,500 ",Outlet
Foot Locker,1185732,2020-10-22,Midwest,Minnesota,Minneapolis,Women's Apparel,$35.00 ,250,"8,750","$3,938 ",In-store
West Gear,1128299,2020-04-21,West,Colorado,Denver,Men's Athletic Footwear,$67.00 ,188,"1,260",$504 ,Online
Walmart,1197831,2020-08-29,South,Texas,Houston,Women's Apparel,$50.00 ,975,"48,750","$24,375 ",Outlet
West Gear,1128299,2020-03-27,West,Colorado,Denver,Men's Street Footwear,$37.00 ,165,611,$293 ,Online
West Gear,1128299,2020-04-18,West,Colorado,Denver,Men's Apparel,$66.00 ,91,601,$462 ,Online
Sports Direct,1197831,2020-08-08,South,Texas,Houston,Women's Street Footwear,$35.00 ,725,"25,375","$8,881 ",Outlet
West Gear,1128299,2020-07-07,West,Washington,Seattle,Men's Street Footwear,$85.00 ,775,"65,875","$19,763 ",In-store
Walmart,1197831,2020-08-21,South,Texas,Houston,Women's Athletic Footwear,$38.00 ,203,771,$440 ,Online
Sports Direct,1197831,2020-07-28,South,Texas,Houston,Women's Athletic Footwear,$35.00 ,625,"21,875","$9,844 ",Outlet
Walmart,1197831,2020-08-24,South,Texas,Houston,Men's Street Footwear,$40.00 ,950,"38,000","$13,300 ",Outlet
Walmart,1197831,2020-08-28,South,Texas,Houston,Men's Apparel,$41.00 ,196,804,$321 ,Online
West Gear,1128299,2020-06-09,West,Washington,Seattle,Women's Street Footwear,$60.00 ,115,690,$276 ,Online
Sports Direct,1185732,2020-09-30,Southeast,Florida,Miami,Men's Athletic Footwear,$47.00 ,215,"1,011",$455 ,Online
West Gear,1128299,2020-05-28,West,Colorado,Denver,Women's Street Footwear,$46.00 ,135,621,$217 ,Online
West Gear,1128299,2020-01-30,West,Nevada,Las Vegas,Men's Apparel,$43.00 ,66,284,$187 ,Outlet
Sports Direct,1197831,2020-08-07,South,Texas,Houston,Men's Athletic Footwear,$29.00 ,306,887,$364 ,Outlet
Foot Locker,1185732,2020-03-18,Northeast,New York,New York,Women's Street Footwear,$50.00 ,950,"47,500","$16,625 ",Outlet
West Gear,1128299,2020-01-23,West,Nevada,Las Vegas,Women's Athletic Footwear,$40.00 ,90,360,$148 ,Outlet
West Gear,1128299,2020-07-15,West,Washington,Seattle,Women's Street Footwear,$63.00 ,135,851,$315 ,Online
West Gear,1128299,2020-02-08,West,Nevada,Las Vegas,Men's Athletic Footwear,$65.00 ,600,"39,000","$9,750 ",Outlet
Foot Locker,1185732,2020-11-07,Midwest,Minnesota,Minneapolis,Women's Athletic Footwear,$32.00 ,7,22,$11 ,Online
Kohl's,1189833,2020-12-31,Midwest,Minnesota,Minneapolis,Women's Athletic Footwear,$45.00 ,325,"14,625","$5,850 ",Outlet
Foot Locker,1185732,2020-12-03,Midwest,Minnesota,Minneapolis,Women's Apparel,$50.00 ,325,"16,250","$7,313 ",Outlet
West Gear,1128299,2020-01-16,West,Nevada,Las Vegas,Women's Street Footwear,$43.00 ,128,550,$259 ,Outlet
Foot Locker,1185732,2020-03-12,Northeast,New York,New York,Women's Street Footwear,$46.00 ,247,"1,136",$511 ,Online
Walmart,1197831,2020-10-24,South,Texas,Houston,Men's Apparel,$30.00 ,195,585,$187 ,Outlet
Walmart,1197831,2020-09-15,South,Texas,Houston,Men's Apparel,$42.00 ,150,630,$258 ,Online
Foot Locker,1185732,2020-05-24,Southeast,Florida,Miami,Men's Apparel,$60.00 ,202,"1,212",$594 ,Online
Walmart,1197831,2020-08-10,South,Texas,Houston,Men's Apparel,$42.00 ,147,617,$259 ,Online
Foot Locker,1185732,2020-04-24,Southeast,Florida,Miami,Men's Athletic Footwear,$41.00 ,210,861,$431 ,Online
West Gear,1128299,2020-06-15,West,Washington,Seattle,Women's Street Footwear,$75.00 ,400,"30,000","$7,500 ",In-store
West Gear,1128299,2020-03-29,West,Colorado,Denver,Women's Street Footwear,$51.00 ,116,592,$290 ,Online
Foot Locker,1185732,2020-08-10,Southeast,Florida,Miami,Men's Apparel,$55.00 ,750,"41,250","$14,438 ",In-store
Foot Locker,1185732,2020-08-12,Southeast,Florida,Miami,Men's Street Footwear,$43.00 ,319,"1,372",$782 ,Online
West Gear,1128299,2020-02-16,West,Nevada,Las Vegas,Women's Athletic Footwear,$42.00 ,152,638,$268 ,Outlet
Foot Locker,1185732,2020-10-30,Midwest,Minnesota,Minneapolis,Men's Athletic Footwear,$40.00 ,125,"5,000","$1,500 ",In-store
West Gear,1128299,2020-12-30,West,California,San Francisco,Women's Apparel,$62.00 ,245,"1,519",$289 ,Outlet
West Gear,1128299,2020-07-17,West,Washington,Seattle,Men's Apparel,$72.00 ,111,799,$320 ,Online
Foot Locker,1185732,2020-03-09,Northeast,New York,New York,Women's Apparel,$65.00 ,"1,050","68,250","$17,063 ",Outlet
West Gear,1128299,2020-07-28,West,Washington,Seattle,Women's Athletic Footwear,$69.00 ,117,807,$347 ,Online
Foot Locker,1185732,2020-01-01,Northeast,Pennsylvania,Philadelphia,Women's Apparel,$75.00 ,275,"20,625","$6,188 ",Outlet
West Gear,1128299,2020-03-02,West,Nevada,Las Vegas,Women's Apparel,$68.00 ,94,639,$160 ,Online
West Gear,1128299,2020-06-14,West,Washington,Seattle,Men's Athletic Footwear,$75.00 ,350,"26,250","$6,563 ",In-store
Foot Locker,1185732,2020-01-31,Northeast,New York,New York,Men's Street Footwear,$45.00 ,300,"1,350",$837 ,Online
Foot Locker,1185732,2020-02-08,Northeast,New York,New York,Women's Street Footwear,$36.00 ,288,"1,037",$435 ,Outlet
Sports Direct,1185732,2020-09-27,Southeast,Florida,Miami,Men's Apparel,$50.00 ,210,"1,050",$525 ,Online
West Gear,1128299,2020-03-24,West,Colorado,Denver,Women's Athletic Footwear,$40.00 ,275,"11,000","$3,300 ",In-store
West Gear,1128299,2020-01-13,West,Nevada,Las Vegas,Women's Apparel,$45.00 ,400,"18,000","$3,600 ",Outlet
West Gear,1185732,2020-04-24,Southeast,Florida,Miami,Men's Athletic Footwear,$54.00 ,206,"1,112",$545 ,Online
West Gear,1128299,2020-04-06,West,Colorado,Denver,Men's Apparel,$65.00 ,175,"11,375","$5,688 ",In-store
Foot Locker,1185732,2020-09-23,Southeast,Florida,Miami,Men's Street Footwear,$55.00 ,"1,050","57,750","$25,988 ",In-store
West Gear,1128299,2020-05-06,West,Colorado,Denver,Men's Apparel,$75.00 ,400,"30,000","$16,500 ",In-store
West Gear,1128299,2020-05-18,West,Colorado,Denver,Men's Apparel,$75.00 ,375,"28,125","$15,469 ",In-store
West Gear,1185732,2020-04-24,Southeast,Florida,Miami,Women's Street Footwear,$35.00 ,725,"25,375","$6,344 ",In-store
West Gear,1128299,2020-06-10,West,Washington,Seattle,Women's Athletic Footwear,$64.00 ,85,544,$228 ,Online
Foot Locker,1185732,2020-03-11,Northeast,New York,New York,Men's Athletic Footwear,$53.00 ,267,"1,415",$594 ,Online
Sports Direct,1197831,2020-08-04,South,Texas,Houston,Men's Apparel,$41.00 ,125,513,$205 ,Online
West Gear,1128299,2020-02-10,West,Nevada,Las Vegas,Women's Athletic Footwear,$46.00 ,140,644,$270 ,Outlet
Walmart,1197831,2020-09-08,South,Texas,Houston,Women's Athletic Footwear,$37.00 ,200,740,$370 ,Outlet
West Gear,1128299,2020-05-05,West,Colorado,Denver,Women's Athletic Footwear,$65.00 ,400,"26,000","$9,100 ",In-store
West Gear,1185732,2020-04-24,Southeast,Florida,Miami,Women's Athletic Footwear,$38.00 ,189,718,$323 ,Online
Sports Direct,1197831,2020-08-03,South,Texas,Houston,Women's Athletic Footwear,$30.00 ,204,612,$294 ,Outlet
West Gear,1185732,2020-09-18,Southeast,Florida,Miami,Men's Athletic Footwear,$55.00 ,252,"1,386",$624 ,Online
Foot Locker,1185732,2020-12-12,Midwest,Minnesota,Minneapolis,Women's Street Footwear,$35.00 ,100,"3,500","$1,050 ",Outlet
West Gear,1128299,2020-02-27,West,Nevada,Las Vegas,Women's Street Footwear,$47.00 ,113,531,$223 ,Outlet
West Gear,1128299,2020-05-30,West,Washington,Seattle,Men's Apparel,$55.00 ,250,"13,750","$3,438 ",In-store
Walmart,1185732,2020-05-06,Northeast,New York,New York,Women's Athletic Footwear,$55.00 ,900,"49,500","$17,325 ",Outlet
Walmart,1197831,2020-08-12,South,Texas,Houston,Men's Street Footwear,$30.00 ,925,"27,750","$9,713 ",Outlet
West Gear,1128299,2020-11-08,West,California,San Francisco,Men's Athletic Footwear,$49.00 ,210,"1,029",$319 ,Online
Foot Locker,1185732,2020-11-03,Midwest,Minnesota,Minneapolis,Women's Apparel,$38.00 ,47,179,$98 ,Online
West Gear,1128299,2020-01-15,West,Nevada,Las Vegas,Men's Athletic Footwear,$42.00 ,124,521,$167 ,Outlet
West Gear,1128299,2020-06-08,West,Washington,Seattle,Men's Athletic Footwear,$58.00 ,115,667,$240 ,Online
West Gear,1185732,2020-04-24,Southeast,Florida,Miami,Men's Street Footwear,$55.00 ,290,"1,595",$941 ,Online
West Gear,1128299,2020-06-21,West,Washington,Seattle,Women's Street Footwear,$61.00 ,120,732,$278 ,Online
West Gear,1128299,2020-03-22,West,Colorado,Denver,Men's Athletic Footwear,$40.00 ,425,"17,000","$3,400 ",In-store
West Gear,1128299,2020-11-03,South,Texas,Houston,Women's Street Footwear,$33.00 ,271,894,$376 ,Outlet
West Gear,1128299,2020-04-10,West,Colorado,Denver,Women's Street Footwear,$59.00 ,98,578,$347 ,Online
Walmart,1185732,2020-04-29,Northeast,New York,New York,Women's Street Footwear,$43.00 ,294,"1,264",$531 ,Outlet
Walmart,1197831,2020-10-25,South,Texas,Houston,Women's Apparel,$51.00 ,247,"1,260",$781 ,Online
West Gear,1128299,2020-06-28,West,Washington,Seattle,Women's Athletic Footwear,$80.00 ,500,"40,000","$12,000 ",In-store
West Gear,1128299,2020-11-08,West,California,San Francisco,Men's Athletic Footwear,$36.00 ,239,860,$215 ,Outlet
Walmart,1197831,2020-08-19,South,Texas,Houston,Men's Athletic Footwear,$42.00 ,238,"1,000",$450 ,Online
West Gear,1128299,2020-01-06,West,Nevada,Las Vegas,Men's Apparel,$50.00 ,250,"12,500","$6,875 ",Outlet
Foot Locker,1185732,2020-01-01,Northeast,New York,New York,Men's Street Footwear,$50.00 ,"1,200","60,000","$30,000 ",In-store
West Gear,1128299,2020-01-09,West,Nevada,Las Vegas,Men's Athletic Footwear,$45.00 ,425,"19,125","$4,781 ",Outlet
West Gear,1128299,2020-01-29,West,Nevada,Las Vegas,Women's Athletic Footwear,$47.00 ,105,494,$227 ,Outlet
Foot Locker,1185732,2020-02-09,Northeast,New York,New York,Women's Athletic Footwear,$33.00 ,289,954,$381 ,Outlet
West Gear,1128299,2020-12-31,West,California,San Francisco,Men's Street Footwear,$44.00 ,270,"1,188",$523 ,Outlet
West Gear,1128299,2020-12-22,West,California,San Francisco,Women's Athletic Footwear,$60.00 ,600,"36,000","$10,800 ",Outlet
West Gear,1128299,2020-01-08,West,Nevada,Las Vegas,Men's Street Footwear,$27.00 ,173,467,$201 ,Outlet
Walmart,1197831,2020-08-17,South,Texas,Houston,Women's Apparel,$40.00 ,950,"38,000","$19,000 ",Outlet
Walmart,1197831,2020-10-21,South,Texas,Houston,Men's Athletic Footwear,$45.00 ,900,"40,500","$14,175 ",Outlet
West Gear,1128299,2020-01-15,West,Nevada,Las Vegas,Men's Athletic Footwear,$55.00 ,400,"22,000","$5,500 ",Outlet
West Gear,1128299,2020-05-21,West,Colorado,Denver,Men's Athletic Footwear,$70.00 ,700,"49,000","$12,250 ",In-store
West Gear,1128299,2020-04-29,West,Colorado,Denver,Women's Athletic Footwear,$70.00 ,500,"35,000","$14,000 ",In-store
Foot Locker,1185732,2020-10-20,Southeast,Florida,Miami,Women's Athletic Footwear,$29.00 ,26,75,$34 ,Online
Foot Locker,1185732,2020-09-24,Southeast,Florida,Miami,Men's Athletic Footwear,$46.00 ,255,"1,173",$528 ,Online
Walmart,1197831,2020-08-28,South,Texas,Houston,Men's Apparel,$45.00 ,700,"31,500","$9,450 ",Outlet
West Gear,1128299,2020-02-19,West,Nevada,Las Vegas,Men's Street Footwear,$56.00 ,174,974,$468 ,Online
West Gear,1128299,2020-02-28,West,Nevada,Las Vegas,Women's Athletic Footwear,$43.00 ,119,512,$169 ,Outlet
West Gear,1128299,2020-03-09,West,Nevada,Las Vegas,Men's Street Footwear,$58.00 ,196,"1,137",$534 ,Online
West Gear,1128299,2020-04-27,West,Colorado,Denver,Men's Athletic Footwear,$73.00 ,189,"1,380",$579 ,Online
Foot Locker,1185732,2020-11-16,Midwest,Minnesota,Minneapolis,Men's Street Footwear,$45.00 ,425,"19,125","$6,694 ",Outlet
West Gear,1128299,2020-02-24,West,Nevada,Las Vegas,Women's Apparel,$74.00 ,113,836,$251 ,Online
West Gear,1128299,2020-08-03,West,Washington,Seattle,Women's Athletic Footwear,$76.00 ,138,"1,049",$451 ,Online
Walmart,1185732,2020-05-02,Northeast,New York,New York,Women's Apparel,$66.00 ,263,"1,736",$642 ,Online
West Gear,1128299,2020-12-28,West,California,San Francisco,Women's Athletic Footwear,$54.00 ,188,"1,015",$416 ,Online
Foot Locker,1185732,2020-10-19,Southeast,Florida,Miami,Women's Street Footwear,$25.00 ,250,"6,250","$1,875 ",In-store
Walmart,1197831,2020-08-19,South,Texas,Houston,Men's Athletic Footwear,$33.00 ,323,"1,066",$448 ,Outlet
West Gear,1128299,2020-04-22,West,Colorado,Denver,Women's Street Footwear,$70.00 ,575,"40,250","$18,113 ",In-store
Walmart,1197831,2020-10-23,South,Texas,Houston,Women's Athletic Footwear,$48.00 ,203,974,$536 ,Online
Walmart,1197831,2020-10-30,South,Texas,Houston,Men's Apparel,$42.00 ,169,710,$319 ,Online
West Gear,1128299,2020-07-30,West,Washington,Seattle,Women's Apparel,$88.00 ,138,"1,214",$376 ,Online
West Gear,1128299,2020-03-01,West,Nevada,Las Vegas,Men's Apparel,$48.00 ,107,514,$277 ,Outlet
Foot Locker,1185732,2020-09-21,Southeast,Florida,Miami,Men's Apparel,$52.00 ,225,"1,170",$527 ,Online
Foot Locker,1185732,2020-12-20,Midwest,Minnesota,Minneapolis,Men's Apparel,$55.00 ,125,"6,875","$2,063 ",Outlet
West Gear,1128299,2020-02-04,West,Nevada,Las Vegas,Women's Athletic Footwear,$60.00 ,425,"25,500","$10,200 ",Outlet
Walmart,1185732,2020-04-30,Northeast,New York,New York,Women's Athletic Footwear,$41.00 ,270,"1,107",$410 ,Outlet
Foot Locker,1185732,2020-01-25,Northeast,New York,New York,Men's Street Footwear,$40.00 ,390,"1,560",$811 ,Outlet
Foot Locker,1185732,2020-02-04,Northeast,New York,New York,Men's Apparel,$60.00 ,825,"49,500","$14,850 ",Outlet
Walmart,1197831,2020-08-10,South,Texas,Houston,Men's Apparel,$45.00 ,525,"23,625","$7,088 ",Outlet
Walmart,1197831,2020-10-28,South,Texas,Houston,Women's Street Footwear,$47.00 ,255,"1,199",$587 ,Online
Walmart,1197831,2020-10-25,South,Texas,Houston,Women's Apparel,$44.00 ,289,"1,272",$725 ,Outlet
West Gear,1128299,2020-07-22,West,Washington,Seattle,Women's Athletic Footwear,$58.00 ,98,568,$250 ,Online
West Gear,1128299,2020-07-21,West,Washington,Seattle,Women's Street Footwear,$56.00 ,113,633,$228 ,Online
West Gear,1128299,2020-02-10,West,Nevada,Las Vegas,Women's Athletic Footwear,$60.00 ,450,"27,000","$9,450 ",In-store
Foot Locker,1185732,2020-10-27,Midwest,Minnesota,Minneapolis,Men's Apparel,$41.00 ,44,180,$74 ,Online
West Gear,1128299,2020-05-09,West,Colorado,Denver,Men's Athletic Footwear,$60.00 ,525,"31,500","$7,875 ",In-store
West Gear,1128299,2020-07-26,West,Washington,Seattle,Men's Athletic Footwear,$60.00 ,188,"1,128",$417 ,Online
West Gear,1128299,2020-12-28,West,California,San Francisco,Women's Athletic Footwear,$48.00 ,188,902,$307 ,Outlet
Foot Locker,1185732,2020-09-20,Southeast,Florida,Miami,Women's Athletic Footwear,$45.00 ,775,"34,875","$10,463 ",In-store
West Gear,1128299,2020-01-05,Northeast,Pennsylvania,Philadelphia,Women's Athletic Footwear,$34.00 ,90,306,$125 ,Outlet
West Gear,1128299,2020-04-19,West,Colorado,Denver,Women's Apparel,$85.00 ,625,"53,125","$15,938 ",In-store
West Gear,1128299,2020-01-27,West,Nevada,Las Vegas,Men's Athletic Footwear,$60.00 ,104,624,$268 ,Online
Walmart,1185732,2020-05-05,Northeast,New York,New York,Women's Street Footwear,$55.00 ,950,"52,250","$18,288 ",Outlet
West Gear,1128299,2020-05-14,West,Colorado,Denver,Men's Street Footwear,$52.00 ,150,780,$429 ,Online
West Gear,1128299,2020-03-11,West,Nevada,Las Vegas,Women's Street Footwear,$59.00 ,119,702,$330 ,Online
Walmart,1185732,2020-04-28,Northeast,New York,New York,Men's Athletic Footwear,$53.00 ,273,"1,447",$622 ,Online
West Gear,1128299,2020-03-18,West,Nevada,Las Vegas,Women's Athletic Footwear,$40.00 ,275,"11,000","$3,300 ",In-store
West Gear,1128299,2020-02-12,West,Nevada,Las Vegas,Women's Apparel,$80.00 ,500,"40,000","$8,000 ",In-store
West Gear,1128299,2020-07-12,West,Washington,Seattle,Women's Apparel,$80.00 ,400,"32,000","$6,400 ",In-store
West Gear,1128299,2020-02-02,West,Nevada,Las Vegas,Men's Athletic Footwear,$51.00 ,182,928,$334 ,Outlet
Foot Locker,1185732,2020-11-30,Midwest,Minnesota,Minneapolis,Women's Street Footwear,$40.00 ,225,"9,000","$2,700 ",Outlet
West Gear,1128299,2020-03-03,West,Nevada,Las Vegas,Men's Street Footwear,$60.00 ,575,"34,500","$12,075 ",In-store
West Gear,1128299,2020-03-12,West,Nevada,Las Vegas,Women's Athletic Footwear,$40.00 ,166,664,$239 ,Outlet
Foot Locker,1185732,2020-11-01,Midwest,Minnesota,Minneapolis,Women's Athletic Footwear,$35.00 ,25,875,$306 ,In-store
Sports Direct,1197831,2020-07-30,South,Texas,Houston,Women's Apparel,$35.00 ,700,"24,500","$12,250 ",Outlet
Sports Direct,1185732,2020-05-24,Southeast,Florida,Miami,Women's Street Footwear,$55.00 ,825,"45,375","$11,344 ",In-store
West Gear,1128299,2020-05-17,West,Colorado,Denver,Women's Athletic Footwear,$65.00 ,400,"26,000","$9,100 ",In-store
West Gear,1128299,2020-01-07,West,Nevada,Las Vegas,Women's Apparel,$41.00 ,128,525,$157 ,Online
Walmart,1197831,2020-08-18,South,Texas,Houston,Men's Street Footwear,$39.00 ,238,928,$436 ,Online
Sports Direct,1197831,2020-08-07,South,Texas,Houston,Men's Athletic Footwear,$40.00 ,900,"36,000","$12,600 ",Outlet
Walmart,1197831,2020-08-30,South,Texas,Houston,Men's Street Footwear,$37.00 ,268,992,$486 ,Online
West Gear,1128299,2020-04-28,West,Colorado,Denver,Women's Street Footwear,$67.00 ,143,958,$546 ,Online
West Gear,1128299,2020-11-13,West,California,San Francisco,Men's Street Footwear,$36.00 ,272,979,$382 ,Outlet
West Gear,1128299,2020-03-16,West,Nevada,Las Vegas,Men's Athletic Footwear,$38.00 ,123,467,$154 ,Online
Foot Locker,1185732,2020-12-19,Midwest,Minnesota,Minneapolis,Women's Athletic Footwear,$40.00 ,150,"6,000","$2,100 ",Outlet
West Gear,1185732,2020-04-24,Southeast,Florida,Miami,Women's Athletic Footwear,$49.00 ,175,858,$369 ,Online
Foot Locker,1185732,2020-03-17,Northeast,New York,New York,Men's Athletic Footwear,$37.00 ,359,"1,328",$452 ,Outlet
West Gear,1128299,2020-11-04,South,Texas,Houston,Women's Athletic Footwear,$48.00 ,175,840,$336 ,Online
Foot Locker,1185732,2020-12-08,Midwest,Minnesota,Minneapolis,Men's Apparel,$32.00 ,34,109,$48 ,Online
Foot Locker,1185732,2020-03-17,Northeast,New York,New York,Men's Athletic Footwear,$55.00 ,"1,025","56,375","$16,913 ",Outlet
West Gear,1128299,2020-03-07,West,Nevada,Las Vegas,Men's Apparel,$70.00 ,350,"24,500","$12,250 ",In-store
West Gear,1185732,2020-09-12,Southeast,Florida,Miami,Men's Athletic Footwear,$60.00 ,900,"54,000","$18,900 ",In-store
West Gear,1128299,2020-04-13,West,Colorado,Denver,Women's Apparel,$74.00 ,133,984,$423 ,Online
West Gear,1128299,2020-01-11,West,Nevada,Las Vegas,Women's Athletic Footwear,$30.00 ,85,255,$105 ,Outlet
Foot Locker,1185732,2020-12-13,Midwest,Minnesota,Minneapolis,Women's Athletic Footwear,$32.00 ,21,67,$31 ,Online
Foot Locker,1185732,2020-11-26,Midwest,Minnesota,Minneapolis,Men's Apparel,$49.00 ,58,284,$117 ,Online
Sports Direct,1197831,2020-08-06,South,Texas,Houston,Men's Street Footwear,$27.00 ,234,632,$303 ,Online
Foot Locker,1185732,2020-09-23,Southeast,Florida,Miami,Men's Street Footwear,$53.00 ,284,"1,505",$828 ,Online
Foot Locker,1185732,2020-12-01,Midwest,Minnesota,Minneapolis,Women's Athletic Footwear,$35.00 ,175,"6,125","$2,144 ",Outlet
West Gear,1128299,2020-02-20,West,Nevada,Las Vegas,Men's Athletic Footwear,$51.00 ,180,918,$248 ,Outlet
Foot Locker,1185732,2020-11-04,Midwest,Minnesota,Minneapolis,Men's Street Footwear,$40.00 ,400,"16,000","$5,600 ",In-store
Sports Direct,1197831,2020-07-20,Northeast,New York,New York,Men's Athletic Footwear,$35.00 ,900,"31,500","$11,025 ",Outlet
West Gear,1128299,2020-05-03,West,Colorado,Denver,Men's Athletic Footwear,$69.00 ,168,"1,159",$417 ,Online
West Gear,1128299,2020-07-27,West,Washington,Seattle,Women's Street Footwear,$54.00 ,124,670,$248 ,Online
Foot Locker,1185732,2020-11-23,Midwest,Minnesota,Minneapolis,Men's Athletic Footwear,$45.00 ,300,"13,500","$4,050 ",Outlet
Sports Direct,1197831,2020-08-01,South,Texas,Houston,Men's Athletic Footwear,$39.00 ,236,920,$414 ,Online
Sports Direct,1197831,2020-07-29,South,Texas,Houston,Men's Apparel,$38.00 ,125,475,$214 ,Online
West Gear,1128299,2020-12-25,West,California,San Francisco,Men's Street Footwear,$40.00 ,271,"1,084",$412 ,Outlet
West Gear,1128299,2020-05-17,West,Colorado,Denver,Women's Athletic Footwear,$60.00 ,116,696,$334 ,Online
West Gear,1128299,2020-06-27,West,Washington,Seattle,Women's Street Footwear,$80.00 ,625,"50,000","$12,500 ",In-store
West Gear,1128299,2020-03-21,West,Colorado,Denver,Men's Street Footwear,$27.00 ,131,354,$170 ,Online
West Gear,1128299,2020-11-09,West,California,San Francisco,Women's Street Footwear,$49.00 ,196,960,$471 ,Online
Foot Locker,1185732,2020-08-07,West,Washington,Seattle,Men's Athletic Footwear,$41.00 ,221,906,$444 ,Online
Walmart,1185732,2020-05-01,Northeast,New York,New York,Men's Apparel,$65.00 ,875,"56,875","$17,063 ",Outlet
West Gear,1128299,2020-01-12,West,Nevada,Las Vegas,Men's Apparel,$46.00 ,52,239,$167 ,Online
Foot Locker,1185732,2020-03-11,Northeast,New York,New York,Men's Athletic Footwear,$41.00 ,318,"1,304",$482 ,Outlet
West Gear,1185732,2020-09-09,Southeast,Florida,Miami,Men's Apparel,$62.00 ,233,"1,445",$708 ,Online
West Gear,1128299,2020-01-25,West,Nevada,Las Vegas,Women's Apparel,$54.00 ,123,664,$179 ,Outlet
Foot Locker,1185732,2020-08-21,Southeast,Florida,Miami,Women's Athletic Footwear,$40.00 ,625,"25,000","$7,500 ",In-store
West Gear,1185732,2020-04-24,Southeast,Florida,Miami,Men's Athletic Footwear,$54.00 ,194,"1,048",$524 ,Online
Walmart,1197831,2020-09-16,South,Texas,Houston,Women's Apparel,$43.00 ,233,"1,002",$541 ,Outlet
Foot Locker,1185732,2020-12-21,Midwest,Minnesota,Minneapolis,Women's Apparel,$59.00 ,61,360,$216 ,Online
West Gear,1128299,2020-11-09,West,California,San Francisco,Women's Street Footwear,$40.00 ,247,988,$405 ,Outlet
West Gear,1128299,2020-03-03,West,Nevada,Las Vegas,Men's Street Footwear,$47.00 ,196,921,$387 ,Outlet
Walmart,1197831,2020-09-13,South,Texas,Houston,Women's Street Footwear,$39.00 ,255,995,$368 ,Outlet
West Gear,1128299,2020-11-05,West,California,San Francisco,Men's Apparel,$51.00 ,161,821,$517 ,Online
West Gear,1128299,2020-05-08,West,Colorado,Denver,Men's Street Footwear,$55.00 ,525,"28,875","$11,550 ",In-store
Foot Locker,1185732,2020-03-17,Northeast,New York,New York,Men's Athletic Footwear,$53.00 ,308,"1,632",$669 ,Online
Sports Direct,1197831,2020-07-24,South,Texas,Houston,Women's Apparel,$34.00 ,203,690,$442 ,Online
Foot Locker,1185732,2020-11-30,Midwest,Minnesota,Minneapolis,Women's Street Footwear,$37.00 ,68,252,$101 ,Online
Walmart,1197831,2020-09-12,South,Texas,Houston,Men's Athletic Footwear,$45.00 ,800,"36,000","$12,600 ",Outlet
West Gear,1128299,2020-12-27,West,California,San Francisco,Women's Street Footwear,$64.00 ,210,"1,344",$672 ,Online
Foot Locker,1185732,2020-05-24,Southeast,Florida,Miami,Women's Apparel,$64.00 ,219,"1,402",$883 ,Online
Walmart,1197831,2020-09-04,South,Texas,Houston,Women's Apparel,$46.00 ,225,"1,035",$673 ,Online
Walmart,1185732,2020-04-19,Northeast,New York,New York,Men's Street Footwear,$56.00 ,360,"2,016","$1,250 ",Online
Foot Locker,1185732,2020-10-23,Midwest,Minnesota,Minneapolis,Men's Street Footwear,$32.00 ,135,432,$194 ,Online
Walmart,1185732,2020-04-29,Northeast,New York,New York,Women's Street Footwear,$55.00 ,920,"50,600","$17,710 ",Outlet
Sports Direct,1197831,2020-08-02,South,Texas,Houston,Women's Street Footwear,$35.00 ,700,"24,500","$8,575 ",Outlet
Foot Locker,1185732,2020-10-31,Midwest,Minnesota,Minneapolis,Women's Street Footwear,$30.00 ,175,"5,250","$1,575 ",In-store
West Gear,1128299,2020-11-14,West,California,San Francisco,Men's Athletic Footwear,$58.00 ,175,"1,015",$305 ,Online
Sports Direct,1197831,2020-07-26,South,Texas,Houston,Men's Athletic Footwear,$33.00 ,255,842,$379 ,Online
Walmart,1197831,2020-08-25,South,Texas,Houston,Men's Athletic Footwear,$32.00 ,285,912,$383 ,Outlet
West Gear,1128299,2020-03-05,West,Nevada,Las Vegas,Women's Street Footwear,$44.00 ,140,616,$259 ,Outlet
West Gear,1128299,2020-03-01,West,Nevada,Las Vegas,Men's Apparel,$63.00 ,81,510,$311 ,Online
Foot Locker,1185732,2020-08-22,Southeast,Florida,Miami,Men's Apparel,$53.00 ,182,965,$444 ,Online
Sports Direct,1185732,2020-10-03,Southeast,Florida,Miami,Men's Apparel,$60.00 ,700,"42,000","$14,700 ",In-store
Foot Locker,1185732,2020-01-08,Northeast,New York,New York,Men's Athletic Footwear,$39.00 ,315,"1,229",$405 ,Outlet
Walmart,1197831,2020-08-14,South,Texas,Houston,Women's Street Footwear,$23.00 ,240,552,$204 ,Outlet
Foot Locker,1185732,2020-02-09,Northeast,New York,New York,Women's Athletic Footwear,$46.00 ,230,"1,058",$508 ,Online
Foot Locker,1185732,2020-01-28,Northeast,New York,New York,Women's Athletic Footwear,$43.00 ,216,929,$464 ,Online
Sports Direct,1197831,2020-07-25,South,Texas,Houston,Men's Street Footwear,$25.00 ,850,"21,250","$7,438 ",Outlet
Sports Direct,1197831,2020-07-29,South,Texas,Houston,Men's Apparel,,500,"20,000","$6,000 ",Outlet
West Gear,1128299,2020-05-27,West,Colorado,Denver,Men's Athletic Footwear,$48.00 ,131,629,$252 ,Online
West Gear,1128299,2020-03-21,West,Colorado,Denver,Men's Street Footwear,$30.00 ,525,"15,750","$5,513 ",In-store
West Gear,1128299,2020-01-14,West,Nevada,Las Vegas,Men's Street Footwear,$31.00 ,182,564,$254 ,Outlet
Foot Locker,1185732,2020-11-24,Midwest,Minnesota,Minneapolis,Women's Street Footwear,$36.00 ,63,227,$95 ,Online
West Gear,1128299,2020-07-25,West,Washington,Seattle,Men's Street Footwear,$54.00 ,162,875,$385 ,Online
West Gear,1128299,2020-12-27,West,California,San Francisco,Women's Street Footwear,$65.00 ,725,"47,125","$16,494 ",Outlet
Walmart,1185732,2020-04-18,Northeast,New York,New York,Women's Apparel,$65.00 ,"1,075","69,875","$17,469 ",Outlet
Foot Locker,1185732,2020-10-24,Midwest,Minnesota,Minneapolis,Men's Athletic Footwear,$34.00 ,38,129,$58 ,Online
Walmart,1197831,2020-09-11,South,Texas,Houston,Men's Street Footwear,$44.00 ,240,"1,056",$528 ,Online
Walmart,1197831,2020-08-22,South,Texas,Houston,Men's Apparel,$41.00 ,169,693,$312 ,Online
Foot Locker,1185732,2020-08-23,Southeast,Florida,Miami,Women's Apparel,$45.00 ,775,"34,875","$17,438 ",In-store
West Gear,1128299,2020-07-16,West,Washington,Seattle,Women's Athletic Footwear,$67.00 ,112,750,$300 ,Online
Walmart,1197831,2020-08-21,South,Texas,Houston,Women's Athletic Footwear,$40.00 ,750,"30,000","$13,500 ",Outlet
West Gear,1128299,2020-02-11,West,Nevada,Las Vegas,Men's Apparel,$60.00 ,130,780,$546 ,Online
Walmart,1197831,2020-08-11,South,Texas,Houston,Women's Apparel,$27.00 ,272,734,$404 ,Outlet
Foot Locker,1185732,2020-11-27,Midwest,Minnesota,Minneapolis,Women's Apparel,$55.00 ,375,"20,625","$9,281 ",Outlet
Foot Locker,1185732,2020-12-14,Midwest,Minnesota,Minneapolis,Men's Apparel,$41.00 ,19,78,$33 ,Online
West Gear,1128299,2020-04-03,West,Colorado,Denver,Men's Athletic Footwear,$59.00 ,94,555,$194 ,Online
West Gear,1128299,2020-03-11,West,Nevada,Las Vegas,Women's Street Footwear,$47.00 ,166,780,$328 ,Outlet
West Gear,1128299,2020-01-13,West,Nevada,Las Vegas,Women's Apparel,$31.00 ,140,434,$100 ,Outlet
West Gear,1128299,2020-04-02,West,Colorado,Denver,Men's Street Footwear,$55.00 ,131,721,$339 ,Online
Walmart,1185732,2020-04-19,Northeast,New York,New York,Men's Street Footwear,$60.00 ,"1,200","72,000","$36,000 ",Outlet
Foot Locker,1185732,2020-11-02,Midwest,Minnesota,Minneapolis,Men's Apparel,$47.00 ,19,89,$38 ,Online
Foot Locker,1185732,2020-11-25,Midwest,Minnesota,Minneapolis,Women's Athletic Footwear,$38.00 ,51,194,$93 ,Online
West Gear,1128299,2020-07-06,West,Washington,Seattle,Women's Apparel,$100.00 ,575,"57,500","$11,500 ",In-store
West Gear,1128299,2020-02-13,West,Nevada,Las Vegas,Men's Street Footwear,$65.00 ,700,"45,500","$18,200 ",In-store
Foot Locker,1185732,2020-10-25,Midwest,Minnesota,Minneapolis,Women's Street Footwear,$25.00 ,56,140,$59 ,Online
West Gear,1128299,2020-07-19,West,Washington,Seattle,Men's Street Footwear,$58.00 ,149,864,$346 ,Online
Foot Locker,1185732,2020-10-30,Midwest,Minnesota,Minneapolis,Men's Athletic Footwear,$38.00 ,35,133,$53 ,Online
Foot Locker,1185732,2020-10-25,Midwest,Minnesota,Minneapolis,Women's Street Footwear,$25.00 ,200,"5,000","$1,500 ",In-store
West Gear,1128299,2020-01-09,West,Nevada,Las Vegas,Men's Athletic Footwear,$43.00 ,128,550,$220 ,Online
Walmart,1197831,2020-08-17,South,Texas,Houston,Women's Apparel,$37.00 ,276,"1,021",$643 ,Online
West Gear,1128299,2020-01-05,Northeast,Pennsylvania,Philadelphia,Women's Athletic Footwear,$43.00 ,87,374,$187 ,Online
West Gear,1128299,2020-05-29,West,Colorado,Denver,Women's Athletic Footwear,$49.00 ,78,382,$157 ,Online
West Gear,1128299,2020-07-02,West,Washington,Seattle,Men's Athletic Footwear,$85.00 ,675,"57,375","$14,344 ",In-store
Foot Locker,1185732,2020-03-15,Northeast,New York,New York,Women's Apparel,$65.00 ,"1,100","71,500","$17,875 ",Outlet
West Gear,1128299,2020-01-04,Northeast,Pennsylvania,Philadelphia,Women's Street Footwear,$45.00 ,450,"20,250","$8,100 ",Outlet
Sports Direct,1197831,2020-08-05,South,Texas,Houston,Women's Apparel,$40.00 ,650,"26,000","$13,000 ",Outlet
West Gear,1128299,2020-03-10,West,Nevada,Las Vegas,Men's Athletic Footwear,$62.00 ,189,"1,172",$398 ,Online
West Gear,1128299,2020-01-13,West,Nevada,Las Vegas,Women's Apparel,$41.00 ,116,476,$162 ,Online
Walmart,1197831,2020-10-22,South,Texas,Houston,Women's Street Footwear,$50.00 ,825,"41,250","$14,438 ",Outlet
West Gear,1128299,2020-12-25,West,California,San Francisco,Men's Street Footwear,$60.00 ,875,"52,500","$18,375 ",Outlet
Walmart,1185732,2020-05-04,Northeast,New York,New York,Men's Athletic Footwear,$43.00 ,310,"1,333",$467 ,Outlet
West Gear,1128299,2020-07-20,West,Washington,Seattle,Men's Athletic Footwear,$65.00 ,550,"35,750","$8,938 ",In-store
Sports Direct,1185732,2020-10-07,Southeast,Florida,Miami,Women's Street Footwear,$46.00 ,224,"1,030",$381 ,Online
Foot Locker,1185732,2020-08-17,Southeast,Florida,Miami,Women's Apparel,$41.00 ,221,906,$589 ,Online
West Gear,1128299,2020-07-05,West,Washington,Seattle,Men's Apparel,$77.00 ,144,"1,109",$388 ,Online
West Gear,1128299,2020-08-02,West,Washington,Seattle,Women's Street Footwear,$73.00 ,138,"1,007",$393 ,Online
Sports Direct,1197831,2020-07-20,Northeast,New York,New York,Men's Athletic Footwear,$34.00 ,225,765,$375 ,Online
West Gear,1128299,2020-01-22,West,Nevada,Las Vegas,Women's Street Footwear,$47.00 ,120,564,$254 ,Outlet
Walmart,1197831,2020-08-23,South,Texas,Houston,Women's Apparel,$38.00 ,350,"1,330",$758 ,Outlet
West Gear,1185732,2020-09-14,Southeast,Florida,Miami,Women's Athletic Footwear,$55.00 ,775,"42,625","$12,788 ",In-store
Foot Locker,1185732,2020-10-26,Midwest,Minnesota,Minneapolis,Women's Athletic Footwear,$27.00 ,20,54,$25 ,Online
Walmart,1185732,2020-04-24,Northeast,New York,New York,Women's Apparel,$65.00 ,"1,000","65,000","$16,250 ",Outlet
West Gear,1128299,2020-01-20,West,Nevada,Las Vegas,Men's Street Footwear,$60.00 ,550,"33,000","$13,200 ",Outlet
Walmart,1185732,2020-04-27,Northeast,New York,New York,Men's Street Footwear,$60.00 ,299,"1,794","$1,076 ",Online
Foot Locker,1185732,2020-01-30,Northeast,New York,New York,Women's Apparel,$36.00 ,323,"1,163",$314 ,Outlet
West Gear,1128299,2020-07-26,West,Washington,Seattle,Men's Athletic Footwear,$65.00 ,625,"40,625","$10,156 ",In-store
West Gear,1185732,2020-09-19,Southeast,Florida,Miami,Women's Street Footwear,$55.00 ,825,"45,375","$11,344 ",In-store
West Gear,1128299,2020-03-07,West,Nevada,Las Vegas,Men's Apparel,$64.00 ,88,563,$360 ,Online
West Gear,1128299,2020-07-15,West,Washington,Seattle,Women's Street Footwear,$70.00 ,450,"31,500","$7,875 ",In-store
Foot Locker,1185732,2020-11-12,Midwest,Minnesota,Minneapolis,Women's Street Footwear,$37.00 ,38,141,$62 ,Online
West Gear,1185732,2020-09-13,Southeast,Florida,Miami,Women's Street Footwear,$55.00 ,825,"45,375","$11,344 ",In-store
West Gear,1128299,2020-01-19,West,Nevada,Las Vegas,Women's Apparel,$39.00 ,124,484,$126 ,Outlet
West Gear,1128299,2020-02-09,West,Nevada,Las Vegas,Women's Street Footwear,$61.00 ,143,872,$462 ,Online
Foot Locker,1185732,2020-02-01,Northeast,New York,New York,Men's Athletic Footwear,$47.00 ,234,"1,100",$451 ,Online
Foot Locker,1185732,2020-08-14,Southeast,Florida,Miami,Women's Street Footwear,$35.00 ,800,"28,000","$7,000 ",In-store
West Gear,1128299,2020-01-23,West,Nevada,Las Vegas,Women's Athletic Footwear,$59.00 ,75,443,$204 ,Online
Foot Locker,1185732,2020-10-19,Southeast,Florida,Miami,Women's Street Footwear,$24.00 ,63,151,$67 ,Online
Foot Locker,1185732,2020-12-16,Midwest,Minnesota,Minneapolis,Men's Street Footwear,$46.00 ,91,419,$197 ,Online
West Gear,1128299,2020-11-01,South,Texas,Houston,Men's Street Footwear,$40.00 ,775,"31,000","$10,850 ",Outlet
West Gear,1128299,2020-07-21,West,Washington,Seattle,Women's Street Footwear,$60.00 ,375,"22,500","$5,625 ",In-store
Walmart,1197831,2020-08-30,South,Texas,Houston,Men's Street Footwear,$27.00 ,305,824,$305 ,Outlet
Foot Locker,1185732,2020-03-12,Northeast,New York,New York,Women's Street Footwear,$35.00 ,295,"1,033",$434 ,Outlet
West Gear,1128299,2020-02-15,West,Nevada,Las Vegas,Women's Street Footwear,$60.00 ,152,912,$474 ,Online
Foot Locker,1185732,2020-10-20,Southeast,Florida,Miami,Women's Athletic Footwear,$30.00 ,100,"3,000","$1,050 ",In-store
Walmart,1197831,2020-09-02,South,Texas,Houston,Women's Athletic Footwear,$38.00 ,189,718,$424 ,Online
West Gear,1128299,2020-07-30,West,Washington,Seattle,Women's Apparel,$95.00 ,550,"52,250","$10,450 ",In-store
Foot Locker,1185732,2020-02-03,Northeast,New York,New York,Women's Athletic Footwear,$31.00 ,289,896,$331 ,Outlet
Foot Locker,1185732,2020-02-06,Northeast,New York,New York,Men's Street Footwear,$44.00 ,366,"1,610",$837 ,Outlet
West Gear,1128299,2020-01-28,West,Nevada,Las Vegas,Women's Street Footwear,$63.00 ,116,731,$417 ,Online
West Gear,1128299,2020-06-06,West,Washington,Seattle,Women's Apparel,$46.00 ,123,566,$175 ,Online
West Gear,1128299,2020-02-01,West,Nevada,Las Vegas,Men's Street Footwear,$56.00 ,189,"1,058",$603 ,Online
Foot Locker,1185732,2020-11-14,Midwest,Minnesota,Minneapolis,Men's Apparel,$55.00 ,75,"4,125","$1,238 ",In-store
West Gear,1128299,2020-04-14,West,Colorado,Denver,Men's Street Footwear,$54.00 ,189,"1,021",$653 ,Online
West Gear,1128299,2020-07-10,West,Washington,Seattle,Women's Athletic Footwear,$74.00 ,155,"1,147",$505 ,Online
Sports Direct,1197831,2020-08-09,South,Texas,Houston,Women's Athletic Footwear,$40.00 ,625,"25,000","$11,250 ",Outlet
West Gear,1128299,2020-04-17,West,Colorado,Denver,Women's Athletic Footwear,$65.00 ,450,"29,250","$13,163 ",In-store
West Gear,1128299,2020-03-23,West,Colorado,Denver,Women's Street Footwear,$40.00 ,425,"17,000","$5,950 ",In-store
Sports Direct,1185732,2021-09-13,Northeast,Massachusetts,Boston,Men's Athletic Footwear,$35.00 ,88,308,$114 ,Outlet
West Gear,1185732,2021-04-03,Midwest,Wisconsin,Milwaukee,Men's Apparel,$55.00 ,26,143,$89 ,Online
Amazon,1185732,2021-05-17,Northeast,New Hampshire,Manchester,Men's Apparel,$52.00 ,90,468,$150 ,Outlet
West Gear,1128299,2021-07-16,South,Louisiana,New Orleans,Women's Athletic Footwear,$90.00 ,600,"54,000","$21,600 ",Online
West Gear,1128299,2021-12-16,South,Louisiana,New Orleans,Men's Athletic Footwear,$80.00 ,800,"64,000","$25,600 ",Online
Foot Locker,1185732,2021-06-18,Midwest,Missouri,St. Louis,Women's Street Footwear,$23.00 ,113,260,$127 ,Online
Sports Direct,1185732,2021-09-10,Midwest,North Dakota,Fargo,Women's Street Footwear,$30.00 ,175,"5,250","$1,575 ",In-store
Sports Direct,1128299,2021-10-13,Southeast,Georgia,Atlanta,Men's Street Footwear,$34.00 ,173,588,$271 ,Outlet
Sports Direct,1197831,2021-09-07,South,Texas,Dallas,Women's Athletic Footwear,$34.00 ,154,524,$314 ,Online
Amazon,1185732,2021-04-18,Northeast,New Hampshire,Manchester,Men's Athletic Footwear,$49.00 ,68,333,$183 ,Online
Sports Direct,1197831,2021-09-12,South,Texas,Dallas,Women's Street Footwear,$45.00 ,650,"29,250","$10,238 ",Outlet
West Gear,1185732,2021-11-03,Midwest,Wisconsin,Milwaukee,Women's Athletic Footwear,$35.00 ,225,"7,875","$2,363 ",In-store
West Gear,1128299,2021-01-17,West,Oregon,Portland,Men's Street Footwear,$35.00 ,400,"14,000","$5,600 ",In-store
Sports Direct,1185732,2021-02-15,Northeast,Massachusetts,Boston,Women's Athletic Footwear,$27.00 ,75,203,$65 ,Outlet
Sports Direct,1185732,2021-08-14,Northeast,Massachusetts,Boston,Men's Street Footwear,$40.00 ,196,784,$259 ,Outlet
West Gear,1197831,2021-01-23,South,Arkansas,Little Rock,Men's Apparel,$33.00 ,80,264,$132 ,Online
Walmart,1128299,2021-11-10,West,Hawaii,Honolulu,Women's Street Footwear,$50.00 ,123,615,$246 ,Online
Amazon,1185732,2021-02-19,Northeast,Vermont,Burlington,Men's Street Footwear,$34.00 ,186,632,$278 ,Outlet
West Gear,1185732,2021-09-04,Midwest,Wisconsin,Milwaukee,Men's Apparel,$33.00 ,33,109,$71 ,Online
Sports Direct,1185732,2021-04-14,Northeast,Massachusetts,Boston,Men's Athletic Footwear,$28.00 ,51,143,$51 ,Outlet
Sports Direct,1197831,2021-09-03,South,Texas,Dallas,Women's Apparel,$22.00 ,210,462,$263 ,Outlet
Sports Direct,1197831,2021-05-13,South,Tennessee,Knoxville,Men's Apparel,$55.00 ,450,"24,750","$9,900 ",Outlet
Sports Direct,1128299,2021-04-13,Southeast,Georgia,Atlanta,Men's Apparel,$38.00 ,56,213,$89 ,Outlet
Sports Direct,1197831,2021-08-28,South,Alabama,Birmingham,Women's Athletic Footwear,$34.00 ,135,459,$312 ,Online
Foot Locker,1185732,2021-12-03,Northeast,Connecticut,Hartford,Men's Athletic Footwear,$55.00 ,375,"20,625","$8,250 ",In-store
West Gear,1185732,2021-07-02,Midwest,Wisconsin,Milwaukee,Women's Street Footwear,$38.00 ,61,232,$100 ,Online
Foot Locker,1185732,2021-01-24,Northeast,New Hampshire,Manchester,Men's Athletic Footwear,$50.00 ,84,420,$197 ,Online
West Gear,1185732,2021-11-11,Northeast,Vermont,Burlington,Men's Street Footwear,$70.00 ,450,"31,500","$14,175 ",In-store
Kohl's,1185732,2021-04-07,Northeast,New Jersey,Newark,Men's Street Footwear,$35.00 ,475,"16,625","$5,819 ",In-store
Foot Locker,1128299,2021-08-24,Southeast,Virginia,Richmond,Men's Apparel,$70.00 ,425,"29,750","$11,900 ",In-store
Walmart,1128299,2021-10-10,West,Hawaii,Honolulu,Women's Apparel,$64.00 ,75,480,$245 ,Online
Sports Direct,1185732,2021-03-03,Northeast,Connecticut,Hartford,Men's Athletic Footwear,$38.00 ,56,213,$115 ,Online
Walmart,1197831,2021-03-19,South,Arkansas,Little Rock,Men's Apparel,$35.00 ,250,"8,750","$3,063 ",Online
Amazon,1185732,2021-02-19,Northeast,New Hampshire,Manchester,Women's Athletic Footwear,$45.00 ,200,"9,000","$2,700 ",In-store
West Gear,1185732,2021-03-09,Midwest,Indiana,Indianapolis,Women's Athletic Footwear,$20.00 ,125,"2,500",$875 ,In-store
Foot Locker,1185732,2021-11-04,Northeast,Connecticut,Hartford,Women's Athletic Footwear,$55.00 ,275,"15,125","$4,538 ",In-store
Foot Locker,1185732,2021-06-08,Northeast,Rhode Island,Providence,Men's Street Footwear,$36.00 ,176,634,$253 ,Outlet
Amazon,1185732,2021-08-11,Northeast,Vermont,Burlington,Women's Street Footwear,$34.00 ,116,394,$154 ,Outlet
Foot Locker,1185732,2021-07-15,Midwest,Illinois,Chicago,Women's Athletic Footwear,$40.00 ,225,"9,000","$3,600 ",Outlet
Sports Direct,1185732,2021-10-05,Northeast,Connecticut,Hartford,Men's Athletic Footwear,$52.00 ,72,374,$187 ,Online
Foot Locker,1185732,2021-04-07,Northeast,Rhode Island,Providence,Men's Athletic Footwear,$35.00 ,125,"4,375","$1,531 ",In-store
Sports Direct,1185732,2021-11-07,Northeast,Rhode Island,Providence,Women's Street Footwear,$48.00 ,64,307,$166 ,Online
West Gear,1185732,2021-07-09,Midwest,Indiana,Indianapolis,Women's Street Footwear,$42.00 ,68,286,$129 ,Online
Foot Locker,1185732,2021-05-16,South,Mississippi,Jackson,Men's Apparel,$41.00 ,116,476,$224 ,Online
West Gear,1185732,2021-06-03,Midwest,Wisconsin,Milwaukee,Men's Street Footwear,$35.00 ,550,"19,250","$5,775 ",In-store
West Gear,1128299,2021-09-25,West,Oregon,Portland,Women's Athletic Footwear,$38.00 ,62,236,$99 ,Outlet
Amazon,1185732,2021-04-11,Northeast,Vermont,Burlington,Men's Athletic Footwear,$43.00 ,56,241,$140 ,Online
Kohl's,1189833,2021-04-25,West,California,Los Angeles,Men's Street Footwear,$45.00 ,950,"42,750","$17,100 ",Outlet
Kohl's,1197831,2021-05-12,Midwest,Kansas,Wichita,Men's Apparel,$43.00 ,56,241,$120 ,Online
Sports Direct,1197831,2021-09-20,South,Alabama,Birmingham,Women's Street Footwear,$47.00 ,213,"1,001",$561 ,Outlet
Foot Locker,1128299,2021-06-23,West,Arizona,Phoenix,Men's Street Footwear,$48.00 ,156,749,$367 ,Online
Foot Locker,1185732,2021-11-02,Northeast,Pennsylvania,Philadelphia,Women's Apparel,$30.00 ,74,222,$78 ,Outlet
Amazon,1185732,2021-08-11,Northeast,Vermont,Burlington,Women's Apparel,$44.00 ,136,598,$257 ,Outlet
West Gear,1197831,2021-04-20,South,Oklahoma,Oklahoma City,Women's Street Footwear,$15.00 ,225,"3,375","$1,350 ",Online
West Gear,1197831,2021-03-19,South,Oklahoma,Oklahoma City,Women's Street Footwear,$9.00 ,80,72,$36 ,Online
Foot Locker,1185732,2021-07-13,Northeast,Delaware,Wilmington,Men's Apparel,$51.00 ,94,479,$197 ,Online
Sports Direct,1185732,2021-05-03,Northeast,Connecticut,Hartford,Women's Athletic Footwear,$44.00 ,63,277,$114 ,Online
West Gear,1128299,2021-01-30,West,California,San Francisco,Men's Street Footwear,$51.00 ,236,"1,204",$542 ,Online
Amazon,1185732,2021-11-14,Northeast,Massachusetts,Boston,Men's Street Footwear,$49.00 ,120,588,$206 ,Outlet
West Gear,1197831,2021-05-19,South,Oklahoma,Oklahoma City,Men's Apparel,$45.00 ,250,"11,250","$3,938 ",Online
Amazon,1185732,2021-10-30,Northeast,Maine,Portland,Men's Street Footwear,$40.00 ,450,"18,000","$6,300 ",Outlet
Foot Locker,1197831,2021-07-06,West,Idaho,Boise,Women's Apparel,$64.00 ,208,"1,331",$919 ,Online
Foot Locker,1185732,2021-06-08,Northeast,Rhode Island,Providence,Men's Street Footwear,$47.00 ,138,649,$292 ,Online
Sports Direct,1185732,2021-01-19,Southeast,Virginia,Richmond,Women's Apparel,$33.00 ,138,455,$310 ,Online
Foot Locker,1128299,2021-06-24,Southeast,Virginia,Richmond,Women's Street Footwear,$73.00 ,195,"1,424",$683 ,Online
Kohl's,1189833,2021-05-28,West,California,Los Angeles,Women's Athletic Footwear,$50.00 ,700,"35,000","$12,250 ",Outlet
Sports Direct,1185732,2021-06-05,Northeast,Connecticut,Hartford,Women's Athletic Footwear,$35.00 ,85,298,$104 ,Outlet
Foot Locker,1185732,2021-11-22,Southeast,Kentucky,Louisville,Women's Athletic Footwear,$55.00 ,200,"11,000","$4,400 ",Online
Sports Direct,1185732,2021-01-06,Southeast,South Carolina,Charleston,Men's Athletic Footwear,$34.00 ,181,615,$308 ,Online
Kohl's,1185732,2021-10-08,Northeast,New Jersey,Newark,Women's Street Footwear,$46.00 ,42,193,$97 ,Online
Walmart,1128299,2021-06-17,Southeast,Florida,Orlando,Women's Street Footwear,$60.00 ,238,"1,428",$471 ,Outlet
Foot Locker,1185732,2021-08-07,Northeast,Rhode Island,Providence,Women's Athletic Footwear,$40.00 ,150,"6,000","$2,400 ",In-store
Amazon,1185732,2021-05-09,Midwest,Ohio,Columbus,Women's Apparel,$53.00 ,143,758,$485 ,Online
Sports Direct,1197831,2021-08-18,South,Texas,Dallas,Men's Athletic Footwear,$32.00 ,163,522,$209 ,Online
West Gear,1185732,2021-03-08,Northeast,New York,Albany,Women's Apparel,$45.00 ,575,"25,875","$12,938 ",In-store
Foot Locker,1128299,2021-04-23,West,Arizona,Phoenix,Men's Apparel,$50.00 ,39,195,$82 ,Online
Amazon,1185732,2021-08-11,Northeast,Vermont,Burlington,Men's Street Footwear,$60.00 ,650,"39,000","$17,550 ",In-store
Kohl's,1197831,2021-05-12,Midwest,Kansas,Wichita,Women's Athletic Footwear,$32.00 ,58,186,$93 ,Online
Kohl's,1189833,2021-04-27,West,California,Los Angeles,Women's Street Footwear,$50.00 ,750,"37,500","$15,000 ",Outlet
Amazon,1185732,2021-10-11,Midwest,Ohio,Columbus,Men's Athletic Footwear,$29.00 ,138,400,$188 ,Online
Amazon,1185732,2021-12-17,Northeast,Maine,Portland,Men's Street Footwear,$62.00 ,138,856,$411 ,Online
West Gear,1185732,2021-11-03,Midwest,Wisconsin,Milwaukee,Men's Apparel,$58.00 ,56,325,$201 ,Online
Amazon,1185732,2021-01-22,Midwest,Ohio,Columbus,Men's Apparel,$46.00 ,52,239,$112 ,Online
Kohl's,1189833,2021-04-30,West,California,Los Angeles,Women's Apparel,$59.00 ,203,"1,198",$359 ,Online
West Gear,1128299,2021-10-17,South,Louisiana,New Orleans,Women's Athletic Footwear,$31.00 ,120,372,$160 ,Outlet
West Gear,1185732,2021-01-12,Southeast,Florida,Orlando,Women's Athletic Footwear,$37.00 ,145,537,$220 ,Online
Sports Direct,1185732,2021-09-13,Northeast,Massachusetts,Boston,Women's Street Footwear,$45.00 ,150,"6,750","$1,688 ",In-store
Foot Locker,1185732,2021-12-21,Southeast,Kentucky,Louisville,Women's Street Footwear,$55.00 ,275,"15,125","$6,050 ",Online
Sports Direct,1185732,2021-05-10,Midwest,North Dakota,Fargo,Women's Athletic Footwear,$36.00 ,26,94,$41 ,Online
Amazon,1185732,2021-05-23,Southeast,Kentucky,Louisville,Women's Athletic Footwear,$40.00 ,125,"5,000","$2,000 ",Online
Sports Direct,1197831,2021-08-04,Midwest,Nebraska,Omaha,Women's Athletic Footwear,$35.00 ,475,"16,625","$8,313 ",Outlet
Sports Direct,1197831,2021-04-13,South,Tennessee,Knoxville,Men's Apparel,$43.00 ,145,624,$299 ,Online
Sports Direct,1197831,2021-08-03,Midwest,Nebraska,Omaha,Women's Street Footwear,$30.00 ,475,"14,250","$5,700 ",Outlet
Walmart,1197831,2021-07-19,South,Arkansas,Little Rock,Women's Apparel,$63.00 ,150,945,$510 ,Online
Foot Locker,1185732,2021-04-17,South,Mississippi,Jackson,Men's Street Footwear,$25.00 ,675,"16,875","$6,750 ",Online
Sports Direct,1185732,2021-09-03,Northeast,Connecticut,Hartford,Men's Athletic Footwear,$47.00 ,75,353,$183 ,Online
Sports Direct,1197831,2021-08-21,South,Texas,Dallas,Men's Apparel,$40.00 ,300,"12,000","$3,000 ",Outlet
Foot Locker,1128299,2021-12-22,West,Arizona,Phoenix,Men's Athletic Footwear,$50.00 ,625,"31,250","$12,500 ",Online
West Gear,1128299,2021-06-24,West,Oregon,Portland,Women's Athletic Footwear,$80.00 ,525,"42,000","$14,700 ",In-store
Foot Locker,1185732,2021-11-04,Northeast,Connecticut,Hartford,Women's Apparel,$70.00 ,350,"24,500","$8,575 ",In-store
Kohl's,1185732,2021-02-08,Northeast,Delaware,Wilmington,Women's Street Footwear,$25.00 ,225,"5,625","$2,250 ",In-store
Sports Direct,1185732,2021-01-19,Southeast,Virginia,Richmond,Men's Athletic Footwear,$34.00 ,154,524,$267 ,Online
Kohl's,1197831,2021-06-14,Midwest,Kansas,Wichita,Women's Street Footwear,$37.00 ,81,300,$138 ,Online
Foot Locker,1185732,2021-06-04,Midwest,Illinois,Chicago,Men's Apparel,$55.00 ,175,"9,625","$3,369 ",Outlet
West Gear,1185732,2021-03-08,Northeast,New York,Albany,Men's Apparel,$55.00 ,475,"26,125","$9,144 ",In-store
Sports Direct,1185732,2021-08-03,Southeast,North Carolina,Charlotte,Men's Apparel,$55.00 ,650,"35,750","$12,513 ",Online
Kohl's,1197831,2021-01-16,South,Oklahoma,Oklahoma City,Men's Athletic Footwear,$16.00 ,105,168,$64 ,Outlet
West Gear,1197831,2021-02-21,South,Arkansas,Little Rock,Men's Athletic Footwear,$23.00 ,80,184,$85 ,Online
Amazon,1185732,2021-05-10,Northeast,Vermont,Burlington,Women's Apparel,$65.00 ,400,"26,000","$10,400 ",In-store
Foot Locker,1185732,2021-04-17,South,Mississippi,Jackson,Men's Athletic Footwear,$23.00 ,109,251,$125 ,Online
Kohl's,1197831,2021-02-14,South,Oklahoma,Oklahoma City,Women's Street Footwear,$15.00 ,300,"4,500","$1,575 ",Online
Sports Direct,1128299,2021-03-16,Southeast,Florida,Orlando,Women's Athletic Footwear,$60.00 ,325,"19,500","$5,850 ",Outlet
Kohl's,1197831,2021-11-20,South,Oklahoma,Oklahoma City,Men's Apparel,$60.00 ,85,510,$204 ,Outlet
Sports Direct,1197831,2021-10-04,West,Idaho,Boise,Women's Street Footwear,$41.00 ,131,537,$274 ,Online
West Gear,1128299,2021-07-23,West,Oregon,Portland,Women's Apparel,$78.00 ,204,"1,591",$557 ,Outlet
Foot Locker,1128299,2021-07-23,Southeast,Virginia,Richmond,Men's Apparel,$90.00 ,600,"54,000","$21,600 ",In-store
Sports Direct,1185732,2021-01-06,Southeast,South Carolina,Charleston,Women's Street Footwear,$24.00 ,189,454,$245 ,Online
Foot Locker,1128299,2021-01-24,West,Wyoming,Cheyenne,Men's Street Footwear,$30.00 ,350,"10,500","$3,675 ",In-store
Sports Direct,1197831,2021-02-21,South,Mississippi,Jackson,Men's Street Footwear,$24.00 ,189,454,$231 ,Online
Foot Locker,1185732,2021-06-28,Midwest,Illinois,Chicago,Men's Apparel,$59.00 ,35,207,$95 ,Online
Kohl's,1185732,2021-10-12,West,Wyoming,Cheyenne,Women's Apparel,$55.00 ,150,825,$305 ,Online
Amazon,1185732,2021-03-09,Midwest,Ohio,Columbus,Men's Street Footwear,$30.00 ,770,"23,100","$9,240 ",Online
Amazon,1185732,2021-10-21,Northeast,Maine,Portland,Women's Athletic Footwear,$34.00 ,19,65,$27 ,Online
Kohl's,1185732,2021-07-10,West,Wyoming,Cheyenne,Men's Athletic Footwear,$44.00 ,163,717,$308 ,Online
Sports Direct,1185732,2021-01-06,Southeast,South Carolina,Charleston,Men's Apparel,$45.00 ,625,"28,125","$9,844 ",Online
West Gear,1128299,2021-07-23,West,Oregon,Portland,Men's Apparel,$84.00 ,156,"1,310",$655 ,Online
West Gear,1185732,2021-08-11,West,Utah,Salt Lake City,Men's Athletic Footwear,$34.00 ,131,445,$209 ,Online
Foot Locker,1185732,2021-01-12,Midwest,Kansas,Wichita,Men's Street Footwear,$40.00 ,475,"19,000","$6,650 ",Online
Sports Direct,1197831,2021-10-09,South,Texas,Dallas,Women's Apparel,$39.00 ,190,741,$430 ,Outlet
Kohl's,1185732,2021-07-06,Northeast,New Jersey,Newark,Men's Athletic Footwear,$42.00 ,98,412,$206 ,Online
Amazon,1185732,2021-04-18,Northeast,New Hampshire,Manchester,Men's Athletic Footwear,$50.00 ,250,"12,500","$5,000 ",In-store
Foot Locker,1185732,2021-10-15,Northeast,Delaware,Wilmington,Women's Street Footwear,$55.00 ,200,"11,000","$4,400 ",In-store
Foot Locker,1185732,2021-06-29,Midwest,Illinois,Chicago,Women's Apparel,$64.00 ,63,403,$242 ,Online
Sports Direct,1197831,2021-10-04,West,Idaho,Boise,Men's Apparel,$32.00 ,91,291,$140 ,Online
West Gear,1185732,2021-05-18,Northeast,West Virginia,Charleston,Men's Apparel,$42.00 ,68,286,$154 ,Online
Sports Direct,1185732,2021-09-15,Midwest,Michigan,Detroit,Men's Athletic Footwear,$37.00 ,174,644,$328 ,Online
Kohl's,1197831,2021-08-13,Midwest,Kansas,Wichita,Men's Athletic Footwear,$51.00 ,111,566,$255 ,Online
Walmart,1128299,2021-08-17,Southeast,Florida,Orlando,Men's Apparel,$80.00 ,475,"38,000","$7,600 ",In-store
Foot Locker,1185732,2021-12-10,West,Wyoming,Cheyenne,Women's Street Footwear,$45.00 ,550,"24,750","$8,663 ",In-store
Kohl's,1189833,2021-02-25,Midwest,Montana,Billings,Women's Apparel,$60.00 ,400,"24,000","$6,000 ",Outlet
Sports Direct,1197831,2021-09-15,South,Alabama,Birmingham,Women's Athletic Footwear,$37.00 ,140,518,$332 ,Outlet
Foot Locker,1185732,2021-02-22,Northeast,New Hampshire,Manchester,Men's Athletic Footwear,$42.00 ,70,294,$123 ,Outlet
Foot Locker,1185732,2021-06-15,Northeast,Delaware,Wilmington,Women's Street Footwear,$43.00 ,85,366,$194 ,Online
Amazon,1185732,2021-05-17,Northeast,New Hampshire,Manchester,Men's Athletic Footwear,$54.00 ,87,470,$254 ,Online
Foot Locker,1128299,2021-09-24,West,Arizona,Phoenix,Men's Street Footwear,$35.00 ,184,644,$270 ,Outlet
Foot Locker,1185732,2021-02-15,Northeast,Maryland,Baltimore,Women's Street Footwear,$30.00 ,275,"8,250","$3,300 ",In-store
Foot Locker,1185732,2021-04-17,South,Mississippi,Jackson,Men's Athletic Footwear,$20.00 ,116,232,$93 ,Outlet
West Gear,1197831,2021-04-05,West,Idaho,Boise,Women's Athletic Footwear,$29.00 ,113,328,$180 ,Online
Foot Locker,1185732,2021-06-02,West,California,Los Angeles,Women's Street Footwear,$32.00 ,83,266,$125 ,Online
Foot Locker,1185732,2021-01-24,Northeast,New Hampshire,Manchester,Women's Apparel,$41.00 ,105,431,$138 ,Outlet
Kohl's,1128299,2021-02-26,West,New Mexico,Albuquerque,Women's Apparel,$45.00 ,400,"18,000","$4,500 ",Online
West Gear,1185732,2021-09-04,Midwest,Wisconsin,Milwaukee,Men's Street Footwear,$33.00 ,143,472,$193 ,Online
Foot Locker,1128299,2021-05-11,West,Hawaii,Honolulu,Women's Street Footwear,$60.00 ,375,"22,500","$5,625 ",Outlet
Foot Locker,1185732,2021-02-18,South,Mississippi,Jackson,Women's Athletic Footwear,$19.00 ,98,186,$86 ,Outlet
West Gear,1128299,2021-04-17,South,Louisiana,New Orleans,Women's Athletic Footwear,$39.00 ,74,289,$153 ,Online
Kohl's,1197831,2021-05-12,Midwest,Kansas,Wichita,Women's Street Footwear,$35.00 ,250,"8,750","$3,063 ",Online
Kohl's,1189833,2021-05-11,West,California,Los Angeles,Men's Apparel,$60.00 ,650,"39,000","$21,450 ",Outlet
Foot Locker,1197831,2021-12-12,Midwest,Kansas,Wichita,Men's Street Footwear,$70.00 ,600,"42,000","$14,700 ",Online
West Gear,1128299,2021-03-23,West,Oregon,Portland,Men's Athletic Footwear,$40.00 ,98,392,$161 ,Outlet
Foot Locker,1185732,2021-03-05,Midwest,Iowa,Des Moines,Men's Apparel,$28.00 ,39,109,$70 ,Online
West Gear,1197831,2021-06-04,West,Idaho,Boise,Women's Apparel,$60.00 ,825,"49,500","$24,750 ",Online
Sports Direct,1197831,2021-05-11,South,Tennessee,Knoxville,Women's Street Footwear,$37.00 ,204,755,$355 ,Outlet
Amazon,1185732,2021-11-21,West,Alaska,Anchorage,Men's Athletic Footwear,$59.00 ,81,478,$220 ,Online
Foot Locker,1197831,2021-12-12,Midwest,Kansas,Wichita,Women's Athletic Footwear,$59.00 ,90,531,$239 ,Online
Foot Locker,1128299,2021-06-10,West,Hawaii,Honolulu,Women's Apparel,$100.00 ,650,"65,000","$26,000 ",Outlet
Foot Locker,1185732,2021-04-07,Northeast,Rhode Island,Providence,Women's Apparel,$26.00 ,60,156,$69 ,Outlet
West Gear,1128299,2021-03-23,West,Oregon,Portland,Women's Athletic Footwear,$50.00 ,250,"12,500","$4,375 ",In-store
Foot Locker,1185732,2021-07-05,Midwest,Iowa,Des Moines,Men's Street Footwear,$50.00 ,550,"27,500","$8,250 ",In-store
Walmart,1128299,2021-11-10,West,Hawaii,Honolulu,Women's Street Footwear,$55.00 ,425,"23,375","$5,844 ",Outlet
Sports Direct,1197831,2021-04-21,South,Tennessee,Knoxville,Men's Street Footwear,$41.00 ,233,955,$545 ,Online
Amazon,1185732,2021-12-10,Northeast,Vermont,Burlington,Men's Street Footwear,$70.00 ,600,"42,000","$18,900 ",In-store
Sports Direct,1185732,2021-07-02,Southeast,North Carolina,Charlotte,Women's Apparel,$70.00 ,875,"61,250","$30,625 ",Online
West Gear,1128299,2021-02-06,West,California,San Francisco,Men's Athletic Footwear,$58.00 ,236,"1,369",$342 ,Online
Walmart,1197831,2021-04-20,South,Arkansas,Little Rock,Women's Street Footwear,$15.00 ,300,"4,500","$1,800 ",Online
Sports Direct,1185732,2021-07-08,Midwest,North Dakota,Fargo,Women's Athletic Footwear,$38.00 ,53,201,$87 ,Online
West Gear,1128299,2021-01-17,West,Oregon,Portland,Men's Apparel,$50.00 ,200,"10,000","$4,500 ",In-store
Foot Locker,1128299,2021-08-10,West,Hawaii,Honolulu,Men's Athletic Footwear,$75.00 ,725,"54,375","$10,875 ",Outlet
Sports Direct,1185732,2021-03-08,Midwest,North Dakota,Fargo,Women's Street Footwear,$20.00 ,225,"4,500","$1,350 ",Online
Sports Direct,1185732,2021-05-13,Northeast,Massachusetts,Boston,Women's Athletic Footwear,$32.00 ,54,173,$52 ,Outlet
Foot Locker,1185732,2021-02-08,Northeast,Rhode Island,Providence,Men's Apparel,$41.00 ,35,144,$59 ,Online
West Gear,1185732,2021-11-06,Midwest,Iowa,Des Moines,Men's Street Footwear,$45.00 ,400,"18,000","$5,400 ",In-store
Sports Direct,1197831,2021-05-02,South,Tennessee,Knoxville,Women's Apparel,$45.00 ,625,"28,125","$16,875 ",Outlet
West Gear,1185732,2021-01-11,Midwest,Missouri,St. Louis,Women's Athletic Footwear,$20.00 ,325,"6,500","$2,600 ",In-store
Amazon,1185732,2021-05-20,West,Alaska,Anchorage,Men's Athletic Footwear,$56.00 ,72,403,$181 ,Online
West Gear,1128299,2021-08-24,West,Oregon,Portland,Women's Apparel,$69.00 ,73,504,$222 ,Online
Amazon,1185732,2021-05-10,Northeast,Vermont,Burlington,Women's Street Footwear,$50.00 ,300,"15,000","$5,250 ",In-store
Sports Direct,1197831,2021-03-19,South,Tennessee,Knoxville,Women's Athletic Footwear,$28.00 ,128,358,$176 ,Outlet
West Gear,1128299,2021-12-23,West,Oregon,Portland,Women's Apparel,$77.00 ,173,"1,332",$533 ,Online
Sports Direct,1197831,2021-09-05,South,Texas,Dallas,Men's Athletic Footwear,$22.00 ,248,546,$229 ,Outlet
West Gear,1185732,2021-05-20,Northeast,Maryland,Baltimore,Women's Athletic Footwear,$37.00 ,30,111,$53 ,Online
West Gear,1185732,2021-03-10,West,Utah,Salt Lake City,Men's Apparel,$38.00 ,75,285,$143 ,Online
West Gear,1197831,2021-07-06,West,Idaho,Boise,Women's Athletic Footwear,$38.00 ,158,600,$318 ,Outlet
West Gear,1185732,2021-11-11,West,Utah,Salt Lake City,Men's Street Footwear,$22.00 ,165,363,$156 ,Outlet
Amazon,1185732,2021-12-13,Northeast,Massachusetts,Boston,Men's Athletic Footwear,$37.00 ,113,418,$134 ,Outlet
West Gear,1197831,2021-06-04,West,Idaho,Boise,Men's Street Footwear,$42.00 ,195,819,$401 ,Online
Foot Locker,1185732,2021-12-01,Northeast,Pennsylvania,Philadelphia,Men's Apparel,$50.00 ,64,320,$128 ,Outlet
Sports Direct,1185732,2021-07-13,Northeast,Massachusetts,Boston,Women's Athletic Footwear,$44.00 ,56,246,$89 ,Online
Sports Direct,1128299,2021-11-13,Southeast,Georgia,Atlanta,Men's Street Footwear,$51.00 ,137,699,$356 ,Online
West Gear,1185732,2021-10-03,Midwest,Wisconsin,Milwaukee,Men's Athletic Footwear,$33.00 ,68,224,$108 ,Online
Kohl's,1197831,2021-12-19,South,Oklahoma,Oklahoma City,Men's Athletic Footwear,$58.00 ,119,690,$311 ,Online
Foot Locker,1185732,2021-11-01,Northeast,Pennsylvania,Philadelphia,Men's Apparel,$55.00 ,125,"6,875","$2,406 ",Outlet
West Gear,1185732,2021-01-03,Midwest,Iowa,Des Moines,Men's Athletic Footwear,$30.00 ,250,"7,500","$2,625 ",In-store
Foot Locker,1185732,2021-04-07,Northeast,Rhode Island,Providence,Men's Street Footwear,$28.00 ,132,370,$155 ,Outlet
Sports Direct,1197831,2021-05-12,South,Tennessee,Knoxville,Women's Athletic Footwear,$38.00 ,157,597,$370 ,Outlet
West Gear,1128299,2021-06-17,South,Louisiana,New Orleans,Men's Apparel,$92.00 ,117,"1,076",$614 ,Online
West Gear,1128299,2021-03-16,South,Louisiana,New Orleans,Men's Athletic Footwear,$51.00 ,101,515,$283 ,Online
Amazon,1185732,2021-11-10,Midwest,Ohio,Columbus,Women's Apparel,$80.00 ,575,"46,000","$23,000 ",Online
Amazon,1185732,2021-06-11,Midwest,Ohio,Columbus,Men's Street Footwear,$49.00 ,232,"1,137",$603 ,Online
Foot Locker,1128299,2021-01-10,West,Alaska,Anchorage,Men's Athletic Footwear,$43.00 ,109,469,$155 ,Online
Foot Locker,1128299,2021-05-25,Southeast,Virginia,Richmond,Women's Apparel,$60.00 ,525,"31,500","$9,450 ",In-store
Kohl's,1189833,2021-05-15,West,California,Los Angeles,Women's Street Footwear,$49.00 ,176,862,$440 ,Online
Sports Direct,1197831,2021-09-28,South,Alabama,Birmingham,Men's Apparel,$30.00 ,300,"9,000","$4,050 ",Outlet
Sports Direct,1197831,2021-03-27,South,Tennessee,Knoxville,Women's Apparel,$35.00 ,425,"14,875","$8,181 ",Outlet
West Gear,1197831,2021-12-19,South,Arkansas,Little Rock,Men's Apparel,$50.00 ,132,660,$264 ,Outlet
Foot Locker,1197831,2021-12-04,West,Idaho,Boise,Men's Apparel,$55.00 ,475,"26,125","$9,144 ",Online
Walmart,1128299,2021-06-17,Southeast,Florida,Orlando,Men's Apparel,$95.00 ,450,"42,750","$8,550 ",In-store
Sports Direct,1185732,2021-12-11,Midwest,South Dakota,Sioux Falls,Men's Street Footwear,$60.00 ,500,"30,000","$10,500 ",Online
Foot Locker,1185732,2021-03-11,Midwest,South Dakota,Sioux Falls,Women's Athletic Footwear,$33.00 ,23,76,$33 ,Online
Walmart,1185732,2021-09-16,South,Mississippi,Jackson,Women's Apparel,$26.00 ,160,416,$233 ,Outlet
West Gear,1185732,2021-05-08,Northeast,New York,Albany,Women's Athletic Footwear,$50.00 ,500,"25,000","$7,500 ",In-store
Amazon,1185732,2021-12-09,Midwest,Ohio,Columbus,Men's Athletic Footwear,$65.00 ,625,"40,625","$14,219 ",Online
Sports Direct,1197831,2021-09-03,South,Texas,Dallas,Women's Apparel,$30.00 ,600,"18,000","$9,000 ",Outlet
Sports Direct,1185732,2021-12-05,Southeast,South Carolina,Charleston,Women's Street Footwear,$60.00 ,825,"49,500","$12,375 ",Online
Foot Locker,1128299,2021-02-10,West,Alaska,Anchorage,Men's Street Footwear,$35.00 ,475,"16,625","$4,156 ",Outlet
Sports Direct,1185732,2021-02-17,Southeast,Virginia,Richmond,Men's Athletic Footwear,$33.00 ,117,386,$201 ,Online
Kohl's,1128299,2021-08-26,West,New Mexico,Albuquerque,Men's Apparel,$48.00 ,162,778,$264 ,Outlet
Walmart,1197831,2021-09-19,South,Arkansas,Little Rock,Men's Apparel,$25.00 ,325,"8,125","$2,844 ",Online
Kohl's,1185732,2021-11-14,Northeast,Delaware,Wilmington,Women's Street Footwear,$52.00 ,86,447,$228 ,Online
Foot Locker,1185732,2021-11-14,Northeast,Pennsylvania,Philadelphia,Women's Apparel,$39.00 ,64,250,$67 ,Outlet
Kohl's,1185732,2021-02-12,Northeast,New York,Albany,Men's Athletic Footwear,$37.00 ,145,537,$220 ,Online
West Gear,1185732,2021-11-03,Midwest,Wisconsin,Milwaukee,Women's Street Footwear,$33.00 ,69,228,$96 ,Online
Kohl's,1185732,2021-04-07,Northeast,New Jersey,Newark,Women's Athletic Footwear,$30.00 ,100,"3,000","$1,200 ",In-store
Foot Locker,1185732,2021-11-04,Northeast,Connecticut,Hartford,Men's Street Footwear,$65.00 ,425,"27,625","$11,050 ",In-store
Sports Direct,1185732,2021-12-06,Northeast,New Jersey,Newark,Women's Athletic Footwear,$50.00 ,275,"13,750","$5,500 ",In-store
West Gear,1128299,2021-02-05,West,California,San Francisco,Men's Street Footwear,$55.00 ,875,"48,125","$14,438 ",Outlet
Amazon,1185732,2021-02-22,Midwest,Ohio,Columbus,Women's Street Footwear,$29.00 ,63,183,$97 ,Online
West Gear,1128299,2021-08-24,West,Oregon,Portland,Men's Apparel,$53.00 ,136,721,$303 ,Outlet
West Gear,1128299,2021-12-23,West,Oregon,Portland,Women's Street Footwear,$48.00 ,193,926,$380 ,Outlet
Sports Direct,1185732,2021-04-04,Northeast,Connecticut,Hartford,Women's Apparel,$26.00 ,94,244,$103 ,Outlet
Sports Direct,1197831,2021-04-02,South,Tennessee,Knoxville,Women's Apparel,$24.00 ,161,386,$263 ,Online
Sports Direct,1197831,2021-10-12,South,Texas,Dallas,Women's Street Footwear,$63.00 ,176,"1,109",$610 ,Online
Sports Direct,1185732,2021-12-06,Northeast,Rhode Island,Providence,Men's Apparel,$41.00 ,74,303,$112 ,Outlet
Foot Locker,1197831,2021-11-13,Midwest,Kansas,Wichita,Women's Apparel,$75.00 ,350,"26,250","$9,188 ",Online
West Gear,1185732,2021-11-11,Northeast,Vermont,Burlington,Men's Athletic Footwear,$60.00 ,325,"19,500","$8,775 ",In-store
Sports Direct,1197831,2021-04-11,South,Tennessee,Knoxville,Women's Street Footwear,$40.00 ,650,"26,000","$10,400 ",Outlet
Amazon,1185732,2021-08-18,Northeast,New Hampshire,Manchester,Men's Apparel,$59.00 ,73,431,$194 ,Online
Foot Locker,1185732,2021-11-25,Northeast,Pennsylvania,Philadelphia,Men's Apparel,$60.00 ,45,270,$124 ,Online
Sports Direct,1185732,2021-02-17,Midwest,Michigan,Detroit,Men's Apparel,$41.00 ,126,517,$284 ,Online
Sports Direct,1185732,2021-04-04,Northeast,Connecticut,Hartford,Men's Apparel,$46.00 ,35,161,$72 ,Online
Kohl's,1197831,2021-01-16,South,Oklahoma,Oklahoma City,Women's Athletic Footwear,$16.00 ,70,112,$45 ,Outlet
Sports Direct,1128299,2021-10-13,Southeast,Georgia,Atlanta,Men's Apparel,$55.00 ,300,"16,500","$5,775 ",Online
Walmart,1128299,2021-08-17,Southeast,Florida,Orlando,Men's Apparel,$63.00 ,166,"1,046",$251 ,Outlet
West Gear,1128299,2021-10-17,South,Louisiana,New Orleans,Women's Apparel,$44.00 ,140,616,$246 ,Outlet
Sports Direct,1128299,2021-06-13,Southeast,Georgia,Atlanta,Women's Street Footwear,$55.00 ,525,"28,875","$10,106 ",Online
Sports Direct,1185732,2021-05-15,Midwest,Michigan,Detroit,Women's Athletic Footwear,$45.00 ,450,"20,250","$7,088 ",In-store
West Gear,1185732,2021-02-10,Southeast,Florida,Orlando,Men's Street Footwear,$45.00 ,900,"40,500","$18,225 ",In-store
West Gear,1185732,2021-02-10,Midwest,Indiana,Indianapolis,Women's Athletic Footwear,$29.00 ,36,104,$49 ,Online
Sports Direct,1128299,2021-07-12,Southeast,Georgia,Atlanta,Women's Apparel,$67.00 ,143,958,$364 ,Online
Kohl's,1197831,2021-11-20,South,Oklahoma,Oklahoma City,Women's Street Footwear,$19.00 ,81,154,$66 ,Outlet
Kohl's,1189833,2021-05-21,West,California,Los Angeles,Women's Street Footwear,$50.00 ,675,"33,750","$13,500 ",Outlet
Sports Direct,1185732,2021-09-02,Southeast,North Carolina,Charlotte,Women's Apparel,$41.00 ,203,832,$508 ,Online
Sports Direct,1185732,2021-11-07,Northeast,Rhode Island,Providence,Men's Street Footwear,$55.00 ,95,523,$256 ,Online
Foot Locker,1185732,2021-03-17,Midwest,Missouri,St. Louis,Women's Street Footwear,$23.00 ,95,219,$101 ,Online
West Gear,1128299,2021-02-17,West,Oregon,Portland,Men's Street Footwear,$24.00 ,175,420,$189 ,Outlet
Sports Direct,1197831,2021-09-14,South,Texas,Dallas,Men's Apparel,$40.00 ,150,600,$222 ,Outlet
West Gear,1128299,2021-06-17,South,Louisiana,New Orleans,Men's Street Footwear,$60.00 ,825,"49,500","$19,800 ",Online
Sports Direct,1128299,2021-12-23,Southeast,Virginia,Richmond,Women's Apparel,$85.00 ,575,"48,875","$14,663 ",In-store
Sports Direct,1128299,2021-07-12,Southeast,Georgia,Atlanta,Men's Street Footwear,$50.00 ,725,"36,250","$14,500 ",Online
Sports Direct,1185732,2021-08-09,Midwest,North Dakota,Fargo,Men's Street Footwear,$46.00 ,147,676,$331 ,Online
Walmart,1185732,2021-10-18,South,Mississippi,Jackson,Men's Street Footwear,$35.00 ,675,"23,625","$9,450 ",Online
Kohl's,1185732,2021-09-06,Northeast,New Jersey,Newark,Men's Street Footwear,$46.00 ,124,570,$279 ,Online
West Gear,1185732,2021-08-09,Northeast,New York,Albany,Men's Street Footwear,$65.00 ,925,"60,125","$27,056 ",In-store
Foot Locker,1185732,2021-08-18,Midwest,Missouri,St. Louis,Men's Street Footwear,$40.00 ,700,"28,000","$11,200 ",In-store
Foot Locker,1185732,2021-03-11,Midwest,South Dakota,Sioux Falls,Men's Apparel,$50.00 ,125,"6,250","$2,188 ",Online
Amazon,1185732,2021-08-10,Midwest,Ohio,Columbus,Women's Street Footwear,$53.00 ,150,795,$405 ,Online
Kohl's,1185732,2021-10-12,West,Wyoming,Cheyenne,Men's Apparel,$54.00 ,128,691,$304 ,Online
Amazon,1185732,2021-08-21,West,Alaska,Anchorage,Women's Street Footwear,$54.00 ,102,551,$198 ,Online
West Gear,1185732,2021-03-16,Northeast,West Virginia,Charleston,Men's Apparel,$40.00 ,225,"9,000","$3,600 ",In-store
Kohl's,1185732,2021-05-06,Northeast,New Jersey,Newark,Women's Apparel,$51.00 ,102,520,$271 ,Online
Foot Locker,1185732,2021-07-06,Northeast,Rhode Island,Providence,Men's Athletic Footwear,$45.00 ,325,"14,625","$5,119 ",In-store
Sports Direct,1185732,2021-11-07,Northeast,Rhode Island,Providence,Women's Street Footwear,$50.00 ,220,"11,000","$4,400 ",In-store
Kohl's,1189833,2021-01-17,Midwest,Montana,Billings,Women's Street Footwear,$44.00 ,120,528,$317 ,Online
West Gear,1197831,2021-06-21,South,Oklahoma,Oklahoma City,Women's Street Footwear,$27.00 ,107,289,$124 ,Outlet
West Gear,1128299,2021-12-23,West,Oregon,Portland,Women's Apparel,$55.00 ,201,"1,106",$376 ,Outlet
Sports Direct,1185732,2021-03-13,Northeast,Massachusetts,Boston,Men's Apparel,$46.00 ,29,133,$52 ,Online
Foot Locker,1185732,2021-01-06,Midwest,North Dakota,Fargo,Men's Athletic Footwear,$29.00 ,70,203,$93 ,Online
Sports Direct,1185732,2021-02-15,Northeast,Massachusetts,Boston,Women's Apparel,$38.00 ,75,285,$125 ,Online
Foot Locker,1185732,2021-05-19,Midwest,Missouri,St. Louis,Men's Apparel,$45.00 ,250,"11,250","$3,938 ",In-store
Sports Direct,1197831,2021-02-21,South,Mississippi,Jackson,Women's Street Footwear,$15.00 ,400,"6,000","$2,400 ",Online
Foot Locker,1185732,2021-10-08,Northeast,Rhode Island,Providence,Men's Street Footwear,$53.00 ,94,498,$249 ,Online
Foot Locker,1128299,2021-02-24,West,Wyoming,Cheyenne,Men's Street Footwear,$30.00 ,450,"13,500","$4,725 ",In-store
Amazon,1185732,2021-01-22,Midwest,Ohio,Columbus,Women's Athletic Footwear,$35.00 ,150,"5,250","$2,100 ",Online
West Gear,1185732,2021-02-10,Midwest,Indiana,Indianapolis,Men's Apparel,$45.00 ,200,"9,000","$2,700 ",In-store
Sports Direct,1185732,2021-05-10,Midwest,North Dakota,Fargo,Women's Apparel,$55.00 ,250,"13,750","$5,500 ",In-store
Walmart,1197831,2021-07-19,South,Arkansas,Little Rock,Women's Street Footwear,$43.00 ,126,542,$276 ,Online
Foot Locker,1185732,2021-09-06,Northeast,Rhode Island,Providence,Men's Athletic Footwear,$43.00 ,56,241,$116 ,Online
West Gear,1185732,2021-10-10,Midwest,Indiana,Indianapolis,Women's Athletic Footwear,$35.00 ,150,"5,250","$1,838 ",In-store
Foot Locker,1185732,2021-06-14,Midwest,Illinois,Chicago,Women's Street Footwear,$40.00 ,225,"9,000","$3,150 ",Outlet
Foot Locker,1128299,2021-07-23,Southeast,Virginia,Richmond,Men's Street Footwear,$79.00 ,255,"2,015","$1,007 ",Online
Sports Direct,1197831,2021-03-31,South,Tennessee,Knoxville,Women's Athletic Footwear,$23.00 ,112,258,$167 ,Online
Foot Locker,1185732,2021-08-18,Midwest,Missouri,St. Louis,Men's Athletic Footwear,$38.00 ,143,543,$250 ,Online
Amazon,1185732,2021-07-20,West,Alaska,Anchorage,Men's Street Footwear,$65.00 ,675,"43,875","$15,356 ",Outlet
Sports Direct,1185732,2021-12-05,Southeast,South Carolina,Charleston,Men's Apparel,$70.00 ,775,"54,250","$18,988 ",Online
West Gear,1185732,2021-10-17,Northeast,West Virginia,Charleston,Men's Street Footwear,$41.00 ,115,472,$255 ,Online
Foot Locker,1128299,2021-04-23,West,Arizona,Phoenix,Men's Street Footwear,$48.00 ,130,624,$281 ,Online
Sports Direct,1185732,2021-02-15,Northeast,Massachusetts,Boston,Women's Athletic Footwear,$32.00 ,68,218,$83 ,Online
Kohl's,1197831,2021-08-13,Midwest,Kansas,Wichita,Women's Street Footwear,$47.00 ,102,479,$240 ,Online
Foot Locker,1185732,2021-06-21,Midwest,Nebraska,Omaha,Men's Athletic Footwear,$35.00 ,150,"5,250","$1,838 ",Outlet
Foot Locker,1185732,2021-12-08,Midwest,North Dakota,Fargo,Men's Apparel,$58.00 ,54,313,$141 ,Online
Kohl's,1189833,2021-02-06,Midwest,Montana,Billings,Men's Apparel,$45.00 ,475,"21,375","$12,825 ",Outlet
Foot Locker,1128299,2021-07-23,Southeast,Virginia,Richmond,Women's Apparel,$105.00 ,600,"63,000","$18,900 ",In-store
West Gear,1128299,2021-02-14,West,California,San Francisco,Women's Athletic Footwear,$40.00 ,271,"1,084",$325 ,Outlet
Walmart,1128299,2021-09-11,West,Hawaii,Honolulu,Men's Athletic Footwear,$70.00 ,550,"38,500","$7,700 ",Outlet
Kohl's,1128299,2021-05-27,West,New Mexico,Albuquerque,Women's Athletic Footwear,$51.00 ,91,464,$213 ,Online
Amazon,1185732,2021-04-21,West,Alaska,Anchorage,Men's Apparel,$60.00 ,150,"9,000","$2,250 ",Outlet
Sports Direct,1128299,2021-02-17,West,Hawaii,Honolulu,Men's Street Footwear,$40.00 ,525,"21,000","$6,300 ",Outlet
Walmart,1197831,2021-08-20,South,Arkansas,Little Rock,Women's Apparel,$50.00 ,143,715,$372 ,Online
West Gear,1185732,2021-03-20,Northeast,Maryland,Baltimore,Women's Street Footwear,$25.00 ,175,"4,375","$1,531 ",In-store
West Gear,1128299,2021-08-24,West,Oregon,Portland,Women's Athletic Footwear,$68.00 ,119,809,$372 ,Online
Kohl's,1185732,2021-07-10,West,Wyoming,Cheyenne,Women's Athletic Footwear,$40.00 ,500,"20,000","$7,000 ",In-store
Sports Direct,1197831,2021-10-07,South,Alabama,Birmingham,Men's Athletic Footwear,$40.00 ,248,992,$526 ,Outlet
Foot Locker,1185732,2021-03-05,Midwest,Iowa,Des Moines,Men's Athletic Footwear,$19.00 ,47,89,$40 ,Online
West Gear,1128299,2021-12-16,Southeast,Florida,Orlando,Women's Apparel,$95.00 ,625,"59,375","$26,719 ",In-store
Foot Locker,1185732,2021-08-06,Southeast,South Carolina,Charleston,Men's Athletic Footwear,$54.00 ,243,"1,312",$643 ,Online
Amazon,1185732,2021-01-22,Midwest,Ohio,Columbus,Men's Apparel,$50.00 ,200,"10,000","$3,500 ",Online
Kohl's,1128299,2021-05-27,West,New Mexico,Albuquerque,Women's Athletic Footwear,$43.00 ,109,469,$192 ,Outlet
Foot Locker,1185732,2021-02-18,South,Mississippi,Jackson,Women's Apparel,$24.00 ,125,300,$180 ,Online
West Gear,1128299,2021-11-17,South,Louisiana,New Orleans,Women's Apparel,$64.00 ,180,"1,152",$472 ,Outlet
Foot Locker,1128299,2021-11-23,West,Arizona,Phoenix,Women's Athletic Footwear,$33.00 ,116,383,$161 ,Outlet
Foot Locker,1185732,2021-01-06,Midwest,North Dakota,Fargo,Women's Apparel,$30.00 ,250,"7,500","$3,000 ",In-store
Amazon,1185732,2021-10-21,Northeast,Maine,Portland,Women's Athletic Footwear,$35.00 ,75,"2,625",$788 ,Outlet
Foot Locker,1128299,2021-02-10,West,Alaska,Anchorage,Men's Street Footwear,$33.00 ,143,472,$170 ,Online
Foot Locker,1185732,2021-05-13,Northeast,Delaware,Wilmington,Men's Street Footwear,$51.00 ,160,816,$392 ,Online
Amazon,1185732,2021-10-18,Northeast,Maine,Portland,Men's Street Footwear,$40.00 ,500,"20,000","$7,000 ",Outlet
Foot Locker,1185732,2021-10-19,Northeast,New Hampshire,Manchester,Women's Apparel,$64.00 ,90,576,$225 ,Outlet
Foot Locker,1185732,2021-12-11,Northeast,Pennsylvania,Philadelphia,Women's Street Footwear,$41.00 ,50,205,$92 ,Online
Foot Locker,1185732,2021-07-24,Midwest,Nebraska,Omaha,Men's Apparel,$50.00 ,100,"5,000","$1,750 ",Outlet
Amazon,1185732,2021-06-22,Southeast,Kentucky,Louisville,Men's Street Footwear,$36.00 ,142,511,$256 ,Online
West Gear,1197831,2021-11-20,South,Arkansas,Little Rock,Women's Apparel,$73.00 ,117,854,$453 ,Online
West Gear,1185732,2021-06-10,Northeast,New York,Albany,Men's Athletic Footwear,$54.00 ,175,945,$454 ,Online
Foot Locker,1185732,2021-03-16,South,Mississippi,Jackson,Men's Apparel,$35.00 ,325,"11,375","$3,981 ",Online
Foot Locker,1128299,2021-09-25,Southeast,Virginia,Richmond,Women's Apparel,$42.00 ,70,294,$126 ,Online
Foot Locker,1185732,2021-08-06,Southeast,South Carolina,Charleston,Men's Athletic Footwear,$60.00 ,900,"54,000","$18,900 ",Online
West Gear,1185732,2021-11-03,Midwest,Wisconsin,Milwaukee,Men's Apparel,$60.00 ,200,"12,000","$6,000 ",In-store
Kohl's,1197831,2021-09-12,Midwest,Kansas,Wichita,Men's Apparel,$24.00 ,61,146,$72 ,Online
Amazon,1185732,2021-12-10,Northeast,Vermont,Burlington,Men's Athletic Footwear,$55.00 ,100,550,$303 ,Online
Foot Locker,1197831,2021-03-06,West,Idaho,Boise,Women's Street Footwear,$30.00 ,450,"13,500","$4,725 ",Online
Foot Locker,1185732,2021-04-12,Midwest,South Dakota,Sioux Falls,Women's Street Footwear,$30.00 ,150,"4,500","$1,350 ",Online
West Gear,1185732,2021-05-08,Northeast,New York,Albany,Men's Street Footwear,$50.00 ,261,"1,305",$783 ,Online
Kohl's,1185732,2021-08-07,Northeast,New Jersey,Newark,Women's Athletic Footwear,$40.00 ,200,"8,000","$3,200 ",In-store
Kohl's,1185732,2021-10-08,Northeast,New Jersey,Newark,Men's Athletic Footwear,$48.00 ,63,302,$151 ,Online
Sports Direct,1197831,2021-09-30,South,Alabama,Birmingham,Men's Street Footwear,$14.00 ,188,263,$150 ,Outlet
Sports Direct,1197831,2021-09-19,South,Alabama,Birmingham,Men's Athletic Footwear,$36.00 ,173,623,$343 ,Outlet
Amazon,1185732,2021-10-23,Northeast,Maine,Portland,Women's Apparel,$37.00 ,63,233,$119 ,Online
Amazon,1185732,2021-06-12,Northeast,Vermont,Burlington,Men's Street Footwear,$60.00 ,650,"39,000","$17,550 ",In-store
Amazon,1185732,2021-11-11,Northeast,Vermont,Burlington,Men's Apparel,$67.00 ,80,536,$268 ,Online
Amazon,1185732,2021-07-17,Northeast,New Hampshire,Manchester,Men's Apparel,$65.00 ,350,"22,750","$6,825 ",Outlet
Walmart,1128299,2021-07-16,Southeast,Florida,Orlando,Women's Apparel,$101.00 ,163,"1,646",$938 ,Online
Foot Locker,1185732,2021-11-15,Northeast,Pennsylvania,Philadelphia,Men's Street Footwear,$60.00 ,470,"28,200","$14,100 ",Outlet
Amazon,1185732,2021-05-09,Midwest,Ohio,Columbus,Men's Apparel,$50.00 ,450,"22,500","$7,875 ",Online
Kohl's,1189833,2021-04-08,West,California,Los Angeles,Men's Athletic Footwear,$49.00 ,156,764,$275 ,Online
Foot Locker,1197831,2021-03-06,West,Idaho,Boise,Women's Street Footwear,$20.00 ,135,270,$103 ,Outlet
Amazon,1185732,2021-12-10,Northeast,Vermont,Burlington,Women's Street Footwear,$60.00 ,375,"22,500","$7,875 ",In-store
Kohl's,1189833,2021-04-26,West,California,Los Angeles,Men's Athletic Footwear,$46.00 ,216,994,$378 ,Online
Sports Direct,1185732,2021-11-12,Midwest,South Dakota,Sioux Falls,Women's Street Footwear,$45.00 ,195,"8,775","$2,633 ",Online
Walmart,1128299,2021-06-17,Southeast,Florida,Orlando,Women's Apparel,$74.00 ,248,"1,835",$863 ,Outlet
Foot Locker,1185732,2021-03-16,South,Mississippi,Jackson,Men's Apparel,$25.00 ,104,260,$96 ,Outlet
Kohl's,1189833,2021-05-10,West,California,Los Angeles,Women's Athletic Footwear,$39.00 ,195,761,$304 ,Outlet
West Gear,1185732,2021-12-17,Midwest,Missouri,St. Louis,Women's Street Footwear,$32.00 ,120,384,$180 ,Online
Amazon,1185732,2021-04-11,Northeast,Vermont,Burlington,Men's Apparel,$55.00 ,150,"8,250","$2,888 ",In-store
Amazon,1185732,2021-10-22,West,Alaska,Anchorage,Men's Athletic Footwear,$65.00 ,275,"17,875","$6,256 ",Outlet
West Gear,1185732,2021-10-17,Northeast,West Virginia,Charleston,Women's Athletic Footwear,$35.00 ,175,"6,125","$2,450 ",In-store
Foot Locker,1128299,2021-12-16,South,Louisiana,New Orleans,Women's Apparel,$59.00 ,194,"1,145",$458 ,Outlet
West Gear,1185732,2021-08-11,West,Utah,Salt Lake City,Women's Apparel,$35.00 ,525,"18,375","$9,188 ",In-store
Foot Locker,1185732,2021-12-23,Northeast,Pennsylvania,Philadelphia,Women's Street Footwear,$60.00 ,195,"11,700","$4,680 ",Outlet
West Gear,1197831,2021-03-06,West,Idaho,Boise,Women's Apparel,$25.00 ,124,310,$164 ,Outlet
Foot Locker,1185732,2021-10-12,Midwest,South Dakota,Sioux Falls,Women's Street Footwear,$45.00 ,150,"6,750","$2,025 ",Online
Sports Direct,1128299,2021-05-14,Southeast,Georgia,Atlanta,Men's Apparel,$55.00 ,225,"12,375","$4,331 ",Online
Kohl's,1197831,2021-10-14,Midwest,Kansas,Wichita,Men's Apparel,$30.00 ,175,"5,250","$1,838 ",Online
Walmart,1197831,2021-03-19,South,Arkansas,Little Rock,Men's Athletic Footwear,$14.00 ,107,150,$55 ,Outlet
West Gear,1185732,2021-01-10,Midwest,Wisconsin,Milwaukee,Men's Street Footwear,$32.00 ,140,448,$233 ,Online
Foot Locker,1185732,2021-10-18,Midwest,Missouri,St. Louis,Men's Athletic Footwear,$25.00 ,350,"8,750","$3,063 ",In-store
Foot Locker,1128299,2021-09-25,Southeast,Virginia,Richmond,Women's Street Footwear,$47.00 ,65,306,$144 ,Online
Sports Direct,1185732,2021-05-03,Northeast,Connecticut,Hartford,Women's Athletic Footwear,$32.00 ,74,237,$78 ,Outlet
Foot Locker,1185732,2021-01-10,Northeast,Connecticut,Hartford,Men's Athletic Footwear,$28.00 ,79,221,$88 ,Outlet
Amazon,1185732,2021-10-14,South,Alabama,Birmingham,Women's Street Footwear,$30.00 ,250,"7,500","$3,000 ",Outlet
Walmart,1197831,2021-10-21,South,Arkansas,Little Rock,Men's Street Footwear,$27.00 ,150,405,$203 ,Online
Foot Locker,1185732,2021-02-12,Midwest,Kansas,Wichita,Women's Street Footwear,$29.00 ,59,171,$74 ,Online
Walmart,1197831,2021-07-19,South,Arkansas,Little Rock,Men's Street Footwear,$55.00 ,775,"42,625","$17,050 ",Online
Foot Locker,1185732,2021-12-08,Midwest,North Dakota,Fargo,Women's Street Footwear,$48.00 ,73,350,$158 ,Online
Foot Locker,1185732,2021-10-18,Midwest,Missouri,St. Louis,Women's Athletic Footwear,$23.00 ,59,136,$68 ,Online
West Gear,1185732,2021-06-10,Midwest,Indiana,Indianapolis,Women's Athletic Footwear,$30.00 ,175,"5,250","$1,838 ",In-store
West Gear,1128299,2021-12-23,West,Oregon,Portland,Men's Street Footwear,$51.00 ,225,"1,148",$482 ,Outlet
Sports Direct,1185732,2021-03-15,Midwest,Michigan,Detroit,Women's Athletic Footwear,$29.00 ,91,264,$127 ,Online
West Gear,1128299,2021-09-18,South,Louisiana,New Orleans,Men's Street Footwear,$45.00 ,500,"22,500","$9,000 ",Online
Foot Locker,1185732,2021-11-08,Northeast,Pennsylvania,Philadelphia,Women's Apparel,$38.00 ,61,232,$72 ,Outlet
West Gear,1128299,2021-02-17,West,Oregon,Portland,Men's Athletic Footwear,$31.00 ,124,384,$165 ,Outlet
Sports Direct,1197831,2021-08-15,South,Texas,Dallas,Men's Apparel,$40.00 ,375,"15,000","$3,750 ",Outlet
West Gear,1128299,2021-06-17,South,Louisiana,New Orleans,Men's Street Footwear,$47.00 ,256,"1,203",$566 ,Outlet
Amazon,1185732,2021-10-22,West,Alaska,Anchorage,Women's Athletic Footwear,$65.00 ,150,"9,750","$2,438 ",Outlet
Foot Locker,1185732,2021-04-12,Midwest,South Dakota,Sioux Falls,Men's Street Footwear,$38.00 ,113,429,$198 ,Online
Amazon,1185732,2021-05-23,Southeast,Kentucky,Louisville,Men's Athletic Footwear,$45.00 ,225,"10,125","$3,544 ",Online
Kohl's,1128299,2021-09-27,West,New Mexico,Albuquerque,Women's Street Footwear,$39.00 ,147,573,$241 ,Outlet
Kohl's,1128299,2021-12-22,West,Arizona,Phoenix,Women's Street Footwear,$35.00 ,136,476,$195 ,Outlet
Sports Direct,1197831,2021-03-25,South,Tennessee,Knoxville,Women's Athletic Footwear,$25.00 ,124,310,$174 ,Outlet
Foot Locker,1185732,2021-10-18,Midwest,Missouri,St. Louis,Women's Street Footwear,$25.00 ,250,"6,250","$2,188 ",In-store
Sports Direct,1185732,2021-04-03,Southeast,North Carolina,Charlotte,Women's Athletic Footwear,$24.00 ,140,336,$181 ,Online
Kohl's,1189833,2021-04-22,West,California,Los Angeles,Women's Athletic Footwear,$44.00 ,175,770,$370 ,Online
West Gear,1128299,2021-05-18,South,Louisiana,New Orleans,Men's Athletic Footwear,$50.00 ,400,"20,000","$8,000 ",In-store
West Gear,1185732,2021-03-09,Midwest,Indiana,Indianapolis,Men's Athletic Footwear,$25.00 ,225,"5,625","$2,250 ",In-store
West Gear,1128299,2021-11-24,West,Oregon,Portland,Men's Street Footwear,$34.00 ,190,646,$239 ,Outlet
Foot Locker,1185732,2021-07-16,South,Mississippi,Jackson,Men's Street Footwear,$47.00 ,289,"1,358",$625 ,Outlet
Kohl's,1189833,2021-04-20,West,California,Los Angeles,Men's Athletic Footwear,$50.00 ,750,"37,500","$9,375 ",Outlet
West Gear,1128299,2021-06-17,South,Louisiana,New Orleans,Women's Apparel,$110.00 ,750,"82,500","$28,875 ",Online
Walmart,1128299,2021-11-17,Southeast,Florida,Orlando,Women's Apparel,$86.00 ,162,"1,393",$822 ,Online
Sports Direct,1128299,2021-11-13,Southeast,Georgia,Atlanta,Men's Apparel,$47.00 ,119,559,$213 ,Outlet
Foot Locker,1128299,2021-12-12,Southeast,Georgia,Atlanta,Men's Apparel,$65.00 ,400,"26,000","$9,100 ",Online
Foot Locker,1185732,2021-06-15,Northeast,Delaware,Wilmington,Men's Athletic Footwear,$48.00 ,120,576,$259 ,Online
West Gear,1185732,2021-03-02,Midwest,Wisconsin,Milwaukee,Women's Street Footwear,$9.00 ,59,53,$23 ,Online
Foot Locker,1185732,2021-01-12,Midwest,Kansas,Wichita,Women's Apparel,$40.00 ,275,"11,000","$4,400 ",Online
Kohl's,1197831,2021-09-12,Midwest,Kansas,Wichita,Men's Street Footwear,$47.00 ,165,776,$388 ,Online
Kohl's,1185732,2021-11-11,West,Wyoming,Cheyenne,Women's Athletic Footwear,$45.00 ,500,"22,500","$7,875 ",In-store
Foot Locker,1185732,2021-06-29,Midwest,Illinois,Chicago,Women's Apparel,$65.00 ,250,"16,250","$8,125 ",Outlet
Foot Locker,1185732,2021-12-17,Northeast,New Hampshire,Manchester,Men's Apparel,$50.00 ,123,615,$228 ,Outlet
Amazon,1185732,2021-02-12,Northeast,Vermont,Burlington,Women's Athletic Footwear,$40.00 ,150,"6,000","$2,100 ",In-store
Foot Locker,1128299,2021-06-24,Southeast,Virginia,Richmond,Women's Apparel,$96.00 ,182,"1,747",$699 ,Online
Foot Locker,1185732,2021-05-16,South,Mississippi,Jackson,Women's Athletic Footwear,$35.00 ,375,"13,125","$5,250 ",Online
Sports Direct,1185732,2021-08-14,Northeast,Massachusetts,Boston,Men's Athletic Footwear,$33.00 ,112,370,$118 ,Outlet
Kohl's,1197831,2021-07-12,Midwest,Kansas,Wichita,Men's Apparel,$56.00 ,91,510,$234 ,Online
Kohl's,1189833,2021-05-01,West,California,Los Angeles,Men's Street Footwear,$36.00 ,306,"1,102",$496 ,Outlet
Amazon,1185732,2021-09-17,Northeast,New Hampshire,Manchester,Women's Athletic Footwear,$53.00 ,56,297,$125 ,Online
Kohl's,1197831,2021-02-14,Midwest,Kansas,Wichita,Women's Athletic Footwear,$20.00 ,42,84,$38 ,Online
West Gear,1197831,2021-06-21,South,Oklahoma,Oklahoma City,Women's Apparel,$40.00 ,143,572,$240 ,Outlet
Foot Locker,1185732,2021-12-17,Northeast,New Hampshire,Manchester,Women's Athletic Footwear,$62.00 ,88,546,$240 ,Online
Amazon,1185732,2021-10-19,Northeast,Maine,Portland,Men's Street Footwear,$55.00 ,120,660,$330 ,Online
Foot Locker,1185732,2021-11-22,Northeast,Pennsylvania,Philadelphia,Men's Athletic Footwear,$59.00 ,70,413,$190 ,Online
Sports Direct,1185732,2021-04-16,Midwest,Michigan,Detroit,Women's Street Footwear,$27.00 ,135,365,$153 ,Online
Walmart,1197831,2021-06-21,South,Arkansas,Little Rock,Men's Street Footwear,$40.00 ,675,"27,000","$10,800 ",Online
Sports Direct,1197831,2021-05-06,South,Tennessee,Knoxville,Women's Athletic Footwear,$38.00 ,98,372,$261 ,Online
Foot Locker,1185732,2021-08-07,Northeast,Rhode Island,Providence,Women's Street Footwear,$38.00 ,75,285,$157 ,Online
Amazon,1185732,2021-11-09,Northeast,Maine,Portland,Men's Apparel,$55.00 ,150,"8,250","$2,063 ",Outlet
Walmart,1128299,2021-05-18,Southeast,Florida,Orlando,Men's Street Footwear,$58.00 ,155,899,$387 ,Online
Sports Direct,1185732,2021-06-09,Midwest,North Dakota,Fargo,Men's Street Footwear,$36.00 ,125,450,$203 ,Online
Amazon,1185732,2021-10-22,Southeast,Kentucky,Louisville,Men's Athletic Footwear,$41.00 ,83,340,$170 ,Online
Sports Direct,1128299,2021-09-14,Southeast,Georgia,Atlanta,Women's Athletic Footwear,$35.00 ,120,420,$193 ,Outlet
Foot Locker,1185732,2021-03-16,South,Mississippi,Jackson,Men's Apparel,$32.00 ,81,259,$119 ,Online
Foot Locker,1128299,2021-08-23,West,Arizona,Phoenix,Women's Athletic Footwear,$52.00 ,112,582,$285 ,Online
Foot Locker,1128299,2021-05-25,Southeast,Virginia,Richmond,Women's Street Footwear,$37.00 ,109,403,$149 ,Outlet
West Gear,1128299,2021-05-18,South,Louisiana,New Orleans,Women's Athletic Footwear,$45.00 ,325,"14,625","$5,850 ",In-store
Sports Direct,1185732,2021-10-17,Midwest,Michigan,Detroit,Men's Street Footwear,$49.00 ,225,"1,103",$673 ,Online
West Gear,1128299,2021-11-17,South,Louisiana,New Orleans,Men's Street Footwear,$28.00 ,219,613,$288 ,Outlet
Foot Locker,1128299,2021-05-24,West,Arizona,Phoenix,Men's Apparel,$39.00 ,62,242,$80 ,Outlet
West Gear,1185732,2021-10-11,West,Utah,Salt Lake City,Women's Apparel,$35.00 ,400,"14,000","$7,000 ",In-store
Foot Locker,1185732,2021-11-17,Northeast,West Virginia,Charleston,Men's Street Footwear,$45.00 ,450,"20,250","$8,100 ",In-store
West Gear,1197831,2021-02-21,South,Oklahoma,Oklahoma City,Women's Apparel,$14.00 ,112,157,$72 ,Outlet
Foot Locker,1197831,2021-11-13,Midwest,Kansas,Wichita,Men's Apparel,$75.00 ,250,"18,750","$6,563 ",Online
Foot Locker,1185732,2021-05-22,South,Tennessee,Knoxville,Men's Athletic Footwear,$35.00 ,225,"7,875","$2,756 ",Outlet
Sports Direct,1197831,2021-04-13,South,Tennessee,Knoxville,Men's Apparel,$30.00 ,150,450,$176 ,Outlet
West Gear,1128299,2021-02-24,West,Utah,Salt Lake City,Men's Athletic Footwear,$29.00 ,123,357,$150 ,Outlet
West Gear,1185732,2021-07-02,Midwest,Wisconsin,Milwaukee,Men's Apparel,$48.00 ,50,240,$149 ,Online
Sports Direct,1185732,2021-07-03,Northeast,Connecticut,Hartford,Men's Athletic Footwear,$38.00 ,120,456,$192 ,Outlet
West Gear,1128299,2021-08-17,South,Louisiana,New Orleans,Men's Athletic Footwear,$85.00 ,825,"70,125","$28,050 ",Online
Sports Direct,1185732,2021-11-07,Northeast,Rhode Island,Providence,Men's Apparel,$58.00 ,44,255,$112 ,Online
Amazon,1185732,2021-09-20,West,Alaska,Anchorage,Men's Apparel,$65.00 ,200,"13,000","$3,250 ",Outlet
Sports Direct,1185732,2021-03-02,Southeast,North Carolina,Charlotte,Women's Apparel,$27.00 ,169,456,$283 ,Online
Kohl's,1189833,2021-05-08,West,California,Los Angeles,Men's Athletic Footwear,$50.00 ,247,"1,235",$457 ,Online
West Gear,1185732,2021-10-10,Midwest,Indiana,Indianapolis,Women's Athletic Footwear,$33.00 ,44,145,$67 ,Online
Sports Direct,1185732,2021-08-16,Midwest,Michigan,Detroit,Women's Street Footwear,$42.00 ,144,605,$254 ,Online
Amazon,1185732,2021-08-11,Northeast,Vermont,Burlington,Men's Athletic Footwear,$55.00 ,425,"23,375","$10,519 ",In-store
Foot Locker,1185732,2021-07-17,Midwest,Missouri,St. Louis,Men's Apparel,$40.00 ,375,"15,000","$5,250 ",In-store
West Gear,1185732,2021-10-10,Midwest,Indiana,Indianapolis,Men's Apparel,$45.00 ,150,"6,750","$2,025 ",In-store
Walmart,1197831,2021-04-20,South,Arkansas,Little Rock,Women's Athletic Footwear,$20.00 ,63,126,$67 ,Online
West Gear,1197831,2021-01-23,South,Arkansas,Little Rock,Women's Street Footwear,$15.00 ,98,147,$81 ,Online
Foot Locker,1185732,2021-03-16,South,Mississippi,Jackson,Women's Apparel,$24.00 ,123,295,$183 ,Online
Foot Locker,1185732,2021-07-28,Midwest,Nebraska,Omaha,Women's Street Footwear,$40.00 ,200,"8,000","$2,800 ",Outlet
Foot Locker,1185732,2021-12-17,Midwest,Missouri,St. Louis,Men's Street Footwear,$45.00 ,650,"29,250","$11,700 ",In-store
Kohl's,1128299,2021-12-22,West,Arizona,Phoenix,Women's Apparel,$43.00 ,135,581,$163 ,Outlet
Kohl's,1189833,2021-04-18,West,California,Los Angeles,Women's Apparel,$65.00 ,625,"40,625","$8,125 ",Outlet
Sports Direct,1197831,2021-04-28,South,Tennessee,Knoxville,Men's Athletic Footwear,$33.00 ,213,703,$330 ,Outlet
Kohl's,1185732,2021-12-08,Northeast,New York,Albany,Women's Street Footwear,$55.00 ,625,"34,375","$8,594 ",In-store
Foot Locker,1185732,2021-10-24,South,Texas,Dallas,Women's Street Footwear,$35.00 ,225,"7,875","$3,150 ",Outlet
Sports Direct,1128299,2021-03-12,Southeast,Georgia,Atlanta,Men's Athletic Footwear,$50.00 ,375,"18,750","$7,500 ",Online
Walmart,1197831,2021-04-20,South,Arkansas,Little Rock,Men's Athletic Footwear,$24.00 ,81,194,$95 ,Online
Foot Locker,1185732,2021-12-10,West,Wyoming,Cheyenne,Women's Apparel,$56.00 ,174,974,$351 ,Online
Amazon,1185732,2021-05-17,Northeast,New Hampshire,Manchester,Men's Athletic Footwear,$60.00 ,300,"18,000","$7,200 ",In-store
Sports Direct,1197831,2021-05-10,South,Tennessee,Knoxville,Men's Athletic Footwear,$29.00 ,189,548,$307 ,Online
Foot Locker,1185732,2021-07-12,Midwest,Illinois,Chicago,Men's Street Footwear,$50.00 ,550,"27,500","$11,000 ",Outlet
Foot Locker,1185732,2021-03-16,South,Mississippi,Jackson,Men's Athletic Footwear,$24.00 ,100,240,$113 ,Online
Foot Locker,1128299,2021-06-24,Southeast,Virginia,Richmond,Women's Street Footwear,$80.00 ,650,"52,000","$18,200 ",In-store
Foot Locker,1185732,2021-01-10,Northeast,Connecticut,Hartford,Women's Street Footwear,$19.00 ,72,137,$57 ,Outlet
Walmart,1185732,2021-09-16,South,Mississippi,Jackson,Men's Street Footwear,$40.00 ,232,928,$408 ,Outlet
Sports Direct,1128299,2021-12-23,Southeast,Virginia,Richmond,Men's Apparel,$72.00 ,133,958,$488 ,Online
Foot Locker,1185732,2021-07-17,Midwest,Missouri,St. Louis,Women's Street Footwear,$29.00 ,128,371,$171 ,Online
Amazon,1185732,2021-03-17,Northeast,New Hampshire,Manchester,Women's Street Footwear,$32.00 ,105,336,$114 ,Outlet
Kohl's,1185732,2021-03-10,West,Wyoming,Cheyenne,Men's Street Footwear,$38.00 ,246,935,$561 ,Online
Sports Direct,1185732,2021-12-16,South,Mississippi,Jackson,Women's Street Footwear,$43.00 ,158,679,$306 ,Outlet
Walmart,1128299,2021-09-18,Southeast,Florida,Orlando,Men's Athletic Footwear,$60.00 ,135,810,$300 ,Online
Sports Direct,1185732,2021-04-03,Southeast,North Carolina,Charlotte,Men's Apparel,$42.00 ,131,550,$275 ,Online
Foot Locker,1185732,2021-02-08,Northeast,Rhode Island,Providence,Women's Athletic Footwear,$30.00 ,50,"1,500",$600 ,In-store
Foot Locker,1185732,2021-04-12,Midwest,South Dakota,Sioux Falls,Men's Street Footwear,$40.00 ,450,"18,000","$6,300 ",Online
Amazon,1185732,2021-12-30,Northeast,Maine,Portland,Women's Athletic Footwear,$45.00 ,125,"5,625","$1,688 ",Outlet
Walmart,1185732,2021-07-16,South,Mississippi,Jackson,Women's Apparel,$65.00 ,675,"43,875","$21,938 ",Online
Walmart,1128299,2021-06-17,Southeast,Florida,Orlando,Women's Street Footwear,$80.00 ,210,"1,680",$722 ,Online
Foot Locker,1128299,2021-05-25,Southeast,Virginia,Richmond,Men's Apparel,$45.00 ,175,"7,875","$3,150 ",In-store
Kohl's,1189833,2021-05-13,West,California,Los Angeles,Men's Street Footwear,$36.00 ,256,922,$433 ,Outlet
Sports Direct,1185732,2021-08-14,Northeast,Massachusetts,Boston,Women's Street Footwear,$45.00 ,275,"12,375","$3,094 ",In-store
West Gear,1197831,2021-09-19,South,Oklahoma,Oklahoma City,Women's Street Footwear,$12.00 ,91,109,$46 ,Outlet
Amazon,1185732,2021-02-22,West,Alaska,Anchorage,Women's Apparel,$52.00 ,102,530,$233 ,Online
Foot Locker,1185732,2021-07-05,Southeast,South Carolina,Charleston,Women's Street Footwear,$55.00 ,825,"45,375","$11,344 ",Online
Sports Direct,1197831,2021-09-13,South,Texas,Dallas,Women's Athletic Footwear,$29.00 ,192,557,$273 ,Outlet
Kohl's,1189833,2021-03-16,West,California,Los Angeles,Women's Athletic Footwear,$34.00 ,179,609,$250 ,Outlet
Kohl's,1128299,2021-05-27,West,New Mexico,Albuquerque,Men's Athletic Footwear,$58.00 ,111,644,$328 ,Online
Sports Direct,1128299,2021-05-14,Southeast,Georgia,Atlanta,Women's Street Footwear,$55.00 ,425,"23,375","$8,181 ",Online
Kohl's,1128299,2021-07-25,West,New Mexico,Albuquerque,Men's Apparel,$40.00 ,160,640,$205 ,Outlet
Foot Locker,1128299,2021-07-23,Southeast,Virginia,Richmond,Women's Apparel,$82.00 ,186,"1,525",$503 ,Outlet
Sports Direct,1197831,2021-09-04,South,Texas,Dallas,Men's Street Footwear,$19.00 ,195,371,$185 ,Online
Sports Direct,1185732,2021-09-13,Northeast,Massachusetts,Boston,Men's Street Footwear,$55.00 ,450,"24,750","$7,425 ",In-store
Sports Direct,1185732,2021-11-12,Midwest,South Dakota,Sioux Falls,Women's Apparel,$65.00 ,250,"16,250","$6,500 ",Online
Sports Direct,1197831,2021-10-04,West,Idaho,Boise,Women's Street Footwear,$31.00 ,179,555,$233 ,Outlet
Foot Locker,1185732,2021-01-18,Midwest,Michigan,Detroit,Women's Apparel,$30.00 ,425,"12,750","$6,375 ",In-store
Sports Direct,1185732,2021-09-02,Southeast,North Carolina,Charlotte,Women's Athletic Footwear,$28.00 ,150,420,$210 ,Online
Sports Direct,1197831,2021-11-05,West,Idaho,Boise,Men's Street Footwear,$35.00 ,675,"23,625","$9,450 ",Online
Foot Locker,1185732,2021-10-18,Midwest,Missouri,St. Louis,Women's Apparel,$40.00 ,350,"14,000","$7,000 ",In-store
Sports Direct,1185732,2021-09-03,Northeast,Connecticut,Hartford,Women's Street Footwear,$45.00 ,200,"9,000","$2,700 ",In-store
Sports Direct,1197831,2021-10-07,South,Alabama,Birmingham,Men's Athletic Footwear,$58.00 ,225,"1,305",$835 ,Online
Sports Direct,1185732,2021-10-05,Northeast,Connecticut,Hartford,Women's Street Footwear,$55.00 ,175,"9,625","$2,888 ",In-store
Foot Locker,1128299,2021-02-10,West,Alaska,Anchorage,Men's Athletic Footwear,$45.00 ,375,"16,875","$3,375 ",Outlet
Kohl's,1128299,2021-08-26,West,New Mexico,Albuquerque,Men's Athletic Footwear,$60.00 ,176,"1,056",$549 ,Online
Foot Locker,1185732,2021-04-14,Northeast,Delaware,Wilmington,Men's Athletic Footwear,$38.00 ,61,232,$109 ,Online
Sports Direct,1128299,2021-02-13,West,New Mexico,Albuquerque,Women's Street Footwear,$37.00 ,104,385,$192 ,Online
West Gear,1185732,2021-12-09,Midwest,Indiana,Indianapolis,Women's Athletic Footwear,$50.00 ,300,"15,000","$5,250 ",In-store
Foot Locker,1128299,2021-11-23,West,Arizona,Phoenix,Women's Apparel,$55.00 ,111,611,$226 ,Online
Amazon,1185732,2021-03-10,Northeast,Vermont,Burlington,Men's Apparel,$36.00 ,56,202,$79 ,Outlet
Sports Direct,1185732,2021-08-16,Midwest,Michigan,Detroit,Men's Street Footwear,$55.00 ,263,"1,447",$926 ,Online
Sports Direct,1185732,2021-08-16,Midwest,Michigan,Detroit,Men's Apparel,$42.00 ,135,567,$301 ,Online
Kohl's,1197831,2021-05-12,Midwest,Kansas,Wichita,Men's Street Footwear,$40.00 ,570,"22,800","$7,980 ",Online
Sports Direct,1185732,2021-02-17,Southeast,Virginia,Richmond,Men's Street Footwear,$34.00 ,200,680,$428 ,Online
Sports Direct,1197831,2021-04-10,South,Tennessee,Knoxville,Men's Athletic Footwear,$42.00 ,202,848,$433 ,Online
Kohl's,1197831,2021-02-14,South,Oklahoma,Oklahoma City,Women's Street Footwear,$14.00 ,75,105,$51 ,Online
West Gear,1185732,2021-11-09,Northeast,New York,Albany,Women's Street Footwear,$45.00 ,147,662,$238 ,Online
West Gear,1185732,2021-03-10,West,Utah,Salt Lake City,Women's Apparel,$21.00 ,140,294,$168 ,Outlet
Kohl's,1189833,2021-04-12,West,California,Los Angeles,Women's Apparel,$49.00 ,198,970,$262 ,Outlet
Kohl's,1128299,2021-08-26,West,New Mexico,Albuquerque,Women's Athletic Footwear,$60.00 ,475,"28,500","$9,975 ",Online
West Gear,1128299,2021-04-17,South,Louisiana,New Orleans,Men's Apparel,$45.00 ,175,"7,875","$3,544 ",In-store
Sports Direct,1128299,2021-02-17,Southeast,Florida,Orlando,Women's Apparel,$33.00 ,124,409,$209 ,Outlet
Sports Direct,1197831,2021-04-12,South,Tennessee,Knoxville,Women's Athletic Footwear,$29.00 ,198,574,$322 ,Outlet
West Gear,1185732,2021-11-11,West,Utah,Salt Lake City,Men's Apparel,$39.00 ,91,355,$174 ,Online
Sports Direct,1185732,2021-08-14,Northeast,Massachusetts,Boston,Women's Athletic Footwear,$45.00 ,175,"7,875","$1,969 ",In-store
Foot Locker,1185732,2021-12-24,Northeast,Pennsylvania,Philadelphia,Women's Athletic Footwear,$56.00 ,44,246,$126 ,Online
Foot Locker,1185732,2021-09-07,Midwest,Iowa,Des Moines,Men's Apparel,$34.00 ,45,153,$93 ,Online
West Gear,1185732,2021-05-12,West,Utah,Salt Lake City,Men's Athletic Footwear,$22.00 ,128,282,$118 ,Outlet
Foot Locker,1185732,2021-03-11,Midwest,South Dakota,Sioux Falls,Men's Apparel,$47.00 ,31,146,$73 ,Online
Amazon,1185732,2021-08-18,Northeast,New Hampshire,Manchester,Women's Street Footwear,$39.00 ,113,441,$154 ,Outlet
Foot Locker,1128299,2021-12-23,Southeast,Virginia,Richmond,Men's Street Footwear,$65.00 ,750,"48,750","$17,063 ",In-store
Sports Direct,1197831,2021-05-09,South,Tennessee,Knoxville,Men's Street Footwear,$24.00 ,203,487,$234 ,Outlet
Foot Locker,1185732,2021-07-17,Midwest,Missouri,St. Louis,Men's Street Footwear,$36.00 ,203,731,$402 ,Online
West Gear,1128299,2021-01-17,West,Oregon,Portland,Women's Apparel,$45.00 ,450,"20,250","$7,088 ",In-store
Foot Locker,1185732,2021-09-05,Southeast,South Carolina,Charleston,Men's Athletic Footwear,$48.00 ,223,"1,070",$514 ,Online
Foot Locker,1185732,2021-06-03,Midwest,Nebraska,Omaha,Men's Athletic Footwear,$40.00 ,100,"4,000","$1,400 ",Outlet
Amazon,1185732,2021-11-21,West,Alaska,Anchorage,Women's Apparel,$80.00 ,375,"30,000","$9,000 ",Outlet
Sports Direct,1128299,2021-05-14,Southeast,Georgia,Atlanta,Women's Apparel,$70.00 ,400,"28,000","$7,000 ",Online
Foot Locker,1185732,2021-03-16,South,Mississippi,Jackson,Women's Athletic Footwear,$15.00 ,85,128,$57 ,Outlet
West Gear,1197831,2021-12-19,South,Arkansas,Little Rock,Men's Apparel,$64.00 ,112,717,$351 ,Online
West Gear,1128299,2021-08-24,West,Oregon,Portland,Women's Athletic Footwear,$50.00 ,128,640,$243 ,Outlet
Kohl's,1189833,2021-01-12,Midwest,Montana,Billings,Women's Athletic Footwear,$44.00 ,91,400,$212 ,Online
Amazon,1185732,2021-10-12,Northeast,Vermont,Burlington,Men's Street Footwear,$44.00 ,157,691,$325 ,Outlet
Walmart,1197831,2021-06-21,South,Arkansas,Little Rock,Women's Apparel,$54.00 ,160,864,$467 ,Online
Sports Direct,1128299,2021-04-13,Southeast,Georgia,Atlanta,Men's Athletic Footwear,$55.00 ,325,"17,875","$7,150 ",Online
West Gear,1185732,2021-11-06,Midwest,Iowa,Des Moines,Women's Apparel,$59.00 ,72,425,$221 ,Online
Sports Direct,1197831,2021-09-23,South,Alabama,Birmingham,Women's Apparel,$37.00 ,150,555,$427 ,Online
Kohl's,1197831,2021-01-16,South,Oklahoma,Oklahoma City,Men's Apparel,$33.00 ,65,215,$103 ,Online
Sports Direct,1185732,2021-12-05,Southeast,South Carolina,Charleston,Women's Apparel,$75.00 ,875,"65,625","$32,813 ",Online
West Gear,1128299,2021-09-25,West,Oregon,Portland,Men's Athletic Footwear,$55.00 ,450,"24,750","$8,663 ",In-store
West Gear,1128299,2021-09-25,West,Oregon,Portland,Women's Apparel,$41.00 ,73,299,$126 ,Online
Sports Direct,1128299,2021-06-13,Southeast,Georgia,Atlanta,Men's Street Footwear,$46.00 ,176,810,$429 ,Online
West Gear,1185732,2021-02-10,Northeast,New York,Albany,Men's Apparel,$55.00 ,550,"30,250","$10,588 ",In-store
West Gear,1185732,2021-02-10,Southeast,Florida,Orlando,Men's Street Footwear,$36.00 ,288,"1,037",$487 ,Outlet
Amazon,1185732,2021-04-10,Midwest,Ohio,Columbus,Men's Street Footwear,$30.00 ,725,"21,750","$8,700 ",Online
Walmart,1185732,2021-08-17,South,Mississippi,Jackson,Men's Apparel,$50.00 ,450,"22,500","$7,875 ",Online
Kohl's,1197831,2021-02-14,Midwest,Kansas,Wichita,Women's Athletic Footwear,$20.00 ,150,"3,000","$1,050 ",Online
Foot Locker,1185732,2021-05-13,Midwest,South Dakota,Sioux Falls,Women's Athletic Footwear,$45.00 ,100,"4,500","$1,350 ",Online
Kohl's,1185732,2021-08-11,West,Wyoming,Cheyenne,Men's Apparel,$47.00 ,140,658,$270 ,Online
Sports Direct,1185732,2021-09-03,Northeast,Connecticut,Hartford,Women's Street Footwear,$41.00 ,60,246,$108 ,Online
Walmart,1128299,2021-10-10,West,Hawaii,Honolulu,Men's Athletic Footwear,$61.00 ,138,842,$253 ,Online
Walmart,1185732,2021-09-16,South,Mississippi,Jackson,Men's Athletic Footwear,$33.00 ,158,521,$214 ,Outlet
West Gear,1185732,2021-08-17,Northeast,West Virginia,Charleston,Women's Athletic Footwear,$40.00 ,275,"11,000","$4,400 ",In-store
Foot Locker,1185732,2021-02-12,Midwest,South Dakota,Sioux Falls,Women's Athletic Footwear,$33.00 ,25,83,$36 ,Online
Amazon,1185732,2021-06-22,West,Alaska,Anchorage,Men's Street Footwear,$59.00 ,189,"1,115",$513 ,Online
Amazon,1185732,2021-11-14,Northeast,Massachusetts,Boston,Women's Apparel,$70.00 ,350,"24,500","$7,350 ",In-store
Kohl's,1185732,2021-11-14,Northeast,Delaware,Wilmington,Women's Apparel,$70.00 ,375,"26,250","$10,500 ",In-store
Sports Direct,1185732,2021-07-08,Midwest,North Dakota,Fargo,Men's Street Footwear,$48.00 ,160,768,$376 ,Online
Sports Direct,1185732,2021-05-03,Northeast,Connecticut,Hartford,Women's Apparel,$60.00 ,375,"22,500","$7,875 ",In-store
West Gear,1185732,2021-02-17,Northeast,West Virginia,Charleston,Men's Apparel,$48.00 ,65,312,$165 ,Online
Sports Direct,1197831,2021-10-16,South,Texas,Dallas,Men's Street Footwear,$59.00 ,223,"1,316",$710 ,Online
Sports Direct,1185732,2021-05-02,Southeast,North Carolina,Charlotte,Men's Apparel,$50.00 ,600,"30,000","$10,500 ",Online
West Gear,1185732,2021-07-10,West,Utah,Salt Lake City,Women's Street Footwear,$24.00 ,138,331,$159 ,Online
West Gear,1185732,2021-05-04,Midwest,Wisconsin,Milwaukee,Women's Street Footwear,$35.00 ,175,"6,125","$1,838 ",In-store
Sports Direct,1185732,2021-07-13,Northeast,Massachusetts,Boston,Women's Street Footwear,$32.00 ,88,282,$84 ,Outlet
Sports Direct,1197831,2021-11-05,West,Idaho,Boise,Men's Street Footwear,$27.00 ,203,548,$252 ,Outlet
West Gear,1185732,2021-12-09,Midwest,Ohio,Columbus,Men's Apparel,$68.00 ,142,966,$473 ,Online
Sports Direct,1197831,2021-08-26,South,Texas,Dallas,Women's Athletic Footwear,$26.00 ,140,364,$171 ,Outlet
Sports Direct,1185732,2021-10-15,Northeast,Massachusetts,Boston,Women's Street Footwear,$53.00 ,34,180,$63 ,Online
West Gear,1185732,2021-10-17,Northeast,West Virginia,Charleston,Women's Street Footwear,$33.00 ,44,145,$77 ,Online
Foot Locker,1185732,2021-09-06,Northeast,Rhode Island,Providence,Men's Apparel,$47.00 ,27,127,$52 ,Online
Sports Direct,1185732,2021-07-20,Northeast,Maryland,Baltimore,Women's Street Footwear,$37.00 ,60,222,$109 ,Online
Sports Direct,1197831,2021-04-16,South,Tennessee,Knoxville,Men's Athletic Footwear,$43.00 ,206,886,$514 ,Online
West Gear,1128299,2021-02-17,West,Oregon,Portland,Men's Street Footwear,$33.00 ,140,462,$245 ,Online
Foot Locker,1128299,2021-06-24,Southeast,Virginia,Richmond,Men's Apparel,$68.00 ,128,870,$400 ,Outlet
Sports Direct,1197831,2021-09-20,South,Alabama,Birmingham,Women's Street Footwear,$60.00 ,625,"37,500","$18,750 ",Outlet
Sports Direct,1197831,2021-09-21,South,Alabama,Birmingham,Women's Athletic Footwear,$60.00 ,350,"21,000","$12,600 ",Outlet
Sports Direct,1185732,2021-10-04,Southeast,North Carolina,Charlotte,Men's Street Footwear,$45.00 ,875,"39,375","$15,750 ",Online
Foot Locker,1185732,2021-01-06,Midwest,North Dakota,Fargo,Women's Athletic Footwear,$24.00 ,26,62,$28 ,Online
Amazon,1185732,2021-07-17,Northeast,New Hampshire,Manchester,Men's Athletic Footwear,$55.00 ,131,721,$360 ,Online
Sports Direct,1128299,2021-11-13,Southeast,Georgia,Atlanta,Women's Street Footwear,$39.00 ,145,566,$226 ,Outlet
Sports Direct,1185732,2021-09-15,Midwest,Michigan,Detroit,Men's Apparel,$41.00 ,128,525,$262 ,Online
West Gear,1185732,2021-08-03,Midwest,Wisconsin,Milwaukee,Women's Street Footwear,$40.00 ,225,"9,000","$2,700 ",In-store
Foot Locker,1128299,2021-06-10,West,Hawaii,Honolulu,Men's Apparel,$85.00 ,350,"29,750","$4,463 ",Outlet
Kohl's,1185732,2021-07-10,West,Wyoming,Cheyenne,Men's Street Footwear,$48.00 ,228,"1,094",$700 ,Online
West Gear,1185732,2021-08-17,Northeast,West Virginia,Charleston,Women's Apparel,$54.00 ,115,621,$335 ,Online
Foot Locker,1185732,2021-11-03,Northeast,Pennsylvania,Philadelphia,Men's Street Footwear,$49.00 ,120,588,$412 ,Online
Sports Direct,1197831,2021-10-03,South,Texas,Dallas,Women's Apparel,$48.00 ,203,974,$682 ,Online
West Gear,1128299,2021-04-24,West,Oregon,Portland,Men's Athletic Footwear,$39.00 ,88,343,$141 ,Outlet
Foot Locker,1128299,2021-05-25,Southeast,Virginia,Richmond,Women's Athletic Footwear,$47.00 ,69,324,$162 ,Online
Sports Direct,1185732,2021-01-09,Midwest,South Dakota,Sioux Falls,Men's Apparel,$45.00 ,175,"7,875","$2,756 ",Online
Sports Direct,1185732,2021-09-02,Southeast,North Carolina,Charlotte,Women's Street Footwear,$30.00 ,625,"18,750","$7,500 ",Online
West Gear,1197831,2021-07-19,South,Oklahoma,Oklahoma City,Men's Apparel,$43.00 ,116,499,$205 ,Outlet
Sports Direct,1128299,2021-03-16,Southeast,Florida,Orlando,Women's Street Footwear,$65.00 ,425,"27,625","$8,288 ",Outlet
Amazon,1185732,2021-05-20,West,Alaska,Anchorage,Men's Street Footwear,$65.00 ,570,"37,050","$12,968 ",Outlet
Kohl's,1189833,2021-02-03,Midwest,Montana,Billings,Men's Athletic Footwear,$45.00 ,600,"27,000","$8,100 ",Outlet
Kohl's,1189833,2021-04-19,West,California,Los Angeles,Men's Street Footwear,$36.00 ,297,"1,069",$470 ,Outlet
Sports Direct,1197831,2021-10-05,South,Texas,Dallas,Men's Athletic Footwear,$40.00 ,625,"25,000","$10,000 ",Outlet
Amazon,1185732,2021-09-23,Southeast,Kentucky,Louisville,Women's Apparel,$49.00 ,74,363,$189 ,Online
West Gear,1128299,2021-02-16,West,California,San Francisco,Women's Apparel,$67.00 ,208,"1,394",$321 ,Online
Foot Locker,1185732,2021-06-10,Midwest,Nebraska,Omaha,Women's Street Footwear,$25.00 ,75,"1,875",$656 ,Outlet
West Gear,1128299,2021-10-24,West,Oregon,Portland,Women's Athletic Footwear,$34.00 ,114,388,$151 ,Outlet
Foot Locker,1185732,2021-11-17,Northeast,West Virginia,Charleston,Men's Athletic Footwear,$33.00 ,95,314,$166 ,Online
Sports Direct,1185732,2021-08-16,Midwest,Michigan,Detroit,Men's Apparel,$45.00 ,500,"22,500","$9,000 ",In-store
Sports Direct,1185732,2021-04-04,Northeast,Connecticut,Hartford,Women's Athletic Footwear,$35.00 ,125,"4,375","$1,313 ",In-store
Foot Locker,1128299,2021-06-23,West,Arizona,Phoenix,Women's Apparel,$46.00 ,158,727,$225 ,Outlet
West Gear,1185732,2021-07-16,Northeast,West Virginia,Charleston,Men's Athletic Footwear,$55.00 ,400,"22,000","$8,800 ",In-store
Sports Direct,1185732,2021-10-15,Northeast,Massachusetts,Boston,Men's Apparel,$51.00 ,34,173,$49 ,Outlet
Foot Locker,1128299,2021-07-22,West,Arizona,Phoenix,Women's Athletic Footwear,$50.00 ,375,"18,750","$6,563 ",Online
Kohl's,1197831,2021-08-13,Midwest,Kansas,Wichita,Men's Athletic Footwear,$55.00 ,425,"23,375","$8,181 ",Online
Sports Direct,1185732,2021-12-16,South,Mississippi,Jackson,Women's Apparel,$75.00 ,575,"43,125","$21,563 ",Online
West Gear,1185732,2021-11-09,Northeast,New York,Albany,Women's Apparel,$70.00 ,650,"45,500","$22,750 ",In-store
Foot Locker,1128299,2021-07-23,Southeast,Virginia,Richmond,Women's Street Footwear,$62.00 ,208,"1,290",$490 ,Outlet
Kohl's,1128299,2021-10-26,West,New Mexico,Albuquerque,Women's Apparel,$57.00 ,131,747,$231 ,Outlet
Sports Direct,1197831,2021-05-02,South,Tennessee,Knoxville,Women's Apparel,$30.00 ,219,657,$407 ,Outlet
West Gear,1128299,2021-01-16,West,California,San Francisco,Men's Apparel,$65.00 ,775,"50,375","$25,188 ",Outlet
Sports Direct,1185732,2021-02-15,Northeast,Massachusetts,Boston,Men's Apparel,$50.00 ,150,"7,500","$1,875 ",In-store
Foot Locker,1185732,2021-06-06,Midwest,Illinois,Chicago,Men's Street Footwear,$45.00 ,525,"23,625","$9,450 ",Outlet
Sports Direct,1197831,2021-05-18,South,Tennessee,Knoxville,Women's Athletic Footwear,$60.00 ,550,"33,000","$18,150 ",Outlet
Sports Direct,1185732,2021-03-08,Midwest,North Dakota,Fargo,Women's Apparel,$30.00 ,225,"6,750","$2,700 ",Online
Foot Locker,1185732,2021-11-04,Northeast,Connecticut,Hartford,Women's Street Footwear,$55.00 ,295,"16,225","$4,868 ",In-store
Sports Direct,1128299,2021-08-13,Southeast,Georgia,Atlanta,Men's Street Footwear,$39.00 ,209,815,$375 ,Outlet
Sports Direct,1197831,2021-03-24,South,Tennessee,Knoxville,Women's Street Footwear,$30.00 ,475,"14,250","$5,700 ",Outlet
Sports Direct,1185732,2021-10-15,Northeast,Massachusetts,Boston,Men's Athletic Footwear,$37.00 ,68,252,$88 ,Outlet
Sports Direct,1128299,2021-12-25,West,New Mexico,Albuquerque,Women's Street Footwear,$59.00 ,130,767,$376 ,Online
Walmart,1128299,2021-07-16,Southeast,Florida,Orlando,Men's Street Footwear,$90.00 ,900,"81,000","$24,300 ",In-store
Walmart,1197831,2021-08-20,South,Arkansas,Little Rock,Men's Athletic Footwear,$42.00 ,163,685,$267 ,Outlet
Kohl's,1197831,2021-02-14,South,Oklahoma,Oklahoma City,Men's Street Footwear,$18.00 ,204,367,$147 ,Outlet
Kohl's,1185732,2021-03-06,Northeast,New Jersey,Newark,Women's Athletic Footwear,$30.00 ,75,"2,250",$900 ,In-store
Foot Locker,1185732,2021-11-17,Northeast,West Virginia,Charleston,Men's Street Footwear,$44.00 ,117,515,$268 ,Online
Amazon,1185732,2021-05-20,West,Alaska,Anchorage,Women's Athletic Footwear,$55.00 ,250,"13,750","$3,438 ",Outlet
West Gear,1185732,2021-02-10,Midwest,Indiana,Indianapolis,Men's Apparel,$41.00 ,58,238,$105 ,Online
Sports Direct,1128299,2021-10-13,Southeast,Georgia,Atlanta,Women's Street Footwear,$42.00 ,105,441,$207 ,Online
West Gear,1197831,2021-02-21,South,Oklahoma,Oklahoma City,Men's Apparel,$35.00 ,250,"8,750","$3,063 ",Online
Walmart,1128299,2021-11-17,Southeast,Florida,Orlando,Women's Apparel,$66.00 ,198,"1,307",$653 ,Outlet
West Gear,1128299,2021-04-24,West,Oregon,Portland,Women's Athletic Footwear,$41.00 ,63,258,$129 ,Online
West Gear,1185732,2021-12-02,Midwest,Wisconsin,Milwaukee,Men's Apparel,$57.00 ,73,416,$250 ,Online
Sports Direct,1128299,2021-12-25,West,New Mexico,Albuquerque,Women's Street Footwear,$44.00 ,150,660,$271 ,Outlet
Foot Locker,1185732,2021-08-18,Midwest,Missouri,St. Louis,Men's Athletic Footwear,$40.00 ,475,"19,000","$6,650 ",In-store
Sports Direct,1185732,2021-10-15,Northeast,Massachusetts,Boston,Men's Street Footwear,$57.00 ,120,684,$308 ,Online
Foot Locker,1185732,2021-06-07,Midwest,Illinois,Chicago,Men's Athletic Footwear,$43.00 ,51,219,$103 ,Online
Walmart,1128299,2021-12-09,West,Hawaii,Honolulu,Men's Street Footwear,$75.00 ,700,"52,500","$13,125 ",Outlet
West Gear,1128299,2021-06-24,West,Oregon,Portland,Men's Apparel,$90.00 ,400,"36,000","$14,400 ",In-store
West Gear,1128299,2021-01-09,West,California,San Francisco,Women's Athletic Footwear,$59.00 ,210,"1,239",$607 ,Online
Amazon,1185732,2021-01-14,Northeast,Massachusetts,Boston,Women's Street Footwear,$27.00 ,101,273,$109 ,Outlet
Foot Locker,1185732,2021-06-18,Midwest,Missouri,St. Louis,Men's Athletic Footwear,$27.00 ,91,246,$113 ,Online
West Gear,1185732,2021-06-10,Northeast,New York,Albany,Women's Street Footwear,$48.00 ,150,720,$274 ,Online
Kohl's,1185732,2021-06-08,Northeast,New Jersey,Newark,Women's Athletic Footwear,$39.00 ,65,254,$137 ,Online
Kohl's,1128299,2021-08-26,West,New Mexico,Albuquerque,Men's Apparel,$70.00 ,475,"33,250","$9,975 ",Online
Foot Locker,1128299,2021-02-23,West,Arizona,Phoenix,Women's Athletic Footwear,$26.00 ,68,177,$74 ,Outlet
West Gear,1128299,2021-06-24,West,Oregon,Portland,Men's Athletic Footwear,$65.00 ,650,"42,250","$14,788 ",In-store
Foot Locker,1128299,2021-07-23,Southeast,Virginia,Richmond,Men's Street Footwear,$85.00 ,850,"72,250","$25,288 ",In-store
Sports Direct,1185732,2021-06-05,Northeast,Connecticut,Hartford,Women's Apparel,$39.00 ,128,499,$195 ,Outlet
West Gear,1197831,2021-04-05,West,Idaho,Boise,Men's Street Footwear,$19.00 ,195,371,$174 ,Online
Foot Locker,1185732,2021-06-11,Midwest,Nebraska,Omaha,Women's Athletic Footwear,$27.00 ,0,0,$0 ,Online
Kohl's,1128299,2021-07-25,West,New Mexico,Albuquerque,Women's Apparel,$69.00 ,140,966,$367 ,Online
West Gear,1185732,2021-03-20,Northeast,Maryland,Baltimore,Women's Apparel,$35.00 ,175,"6,125","$1,838 ",In-store
West Gear,1185732,2021-01-10,Midwest,Wisconsin,Milwaukee,Men's Athletic Footwear,$32.00 ,78,250,$127 ,Online
West Gear,1197831,2021-09-19,South,Oklahoma,Oklahoma City,Women's Athletic Footwear,$15.00 ,250,"3,750","$1,500 ",Online
Sports Direct,1197831,2021-08-17,South,Texas,Dallas,Men's Street Footwear,$25.00 ,675,"16,875","$5,063 ",Outlet
Foot Locker,1185732,2021-09-13,Midwest,South Dakota,Sioux Falls,Men's Athletic Footwear,$40.00 ,275,"11,000","$3,300 ",Online
West Gear,1128299,2021-10-24,West,Oregon,Portland,Men's Athletic Footwear,$50.00 ,142,710,$327 ,Online
Kohl's,1128299,2021-04-26,West,New Mexico,Albuquerque,Men's Street Footwear,$55.00 ,550,"30,250","$10,588 ",Online
Foot Locker,1185732,2021-11-30,Northeast,Pennsylvania,Philadelphia,Women's Athletic Footwear,$39.00 ,56,218,$103 ,Outlet
West Gear,1128299,2021-01-20,West,California,San Francisco,Women's Street Footwear,$51.00 ,248,"1,265",$493 ,Outlet
Kohl's,1185732,2021-09-06,Northeast,New Jersey,Newark,Women's Apparel,$50.00 ,73,365,$193 ,Online
West Gear,1185732,2021-12-10,West,Utah,Salt Lake City,Men's Street Footwear,$29.00 ,231,670,$308 ,Outlet
Amazon,1185732,2021-03-17,Northeast,New Hampshire,Manchester,Women's Athletic Footwear,$33.00 ,45,149,$55 ,Outlet
Foot Locker,1185732,2021-05-13,Midwest,South Dakota,Sioux Falls,Men's Street Footwear,$60.00 ,495,"29,700","$10,395 ",Online
West Gear,1185732,2021-12-02,Midwest,Wisconsin,Milwaukee,Men's Athletic Footwear,$50.00 ,350,"17,500","$6,125 ",In-store
Kohl's,1189833,2021-05-17,West,California,Los Angeles,Men's Apparel,$56.00 ,174,974,$663 ,Online
Foot Locker,1185732,2021-05-13,Midwest,South Dakota,Sioux Falls,Men's Apparel,$55.00 ,125,"6,875","$2,406 ",Online
Foot Locker,1185732,2021-02-08,Northeast,Rhode Island,Providence,Men's Apparel,$45.00 ,125,"5,625","$1,688 ",In-store
Foot Locker,1185732,2021-06-14,Midwest,Illinois,Chicago,Women's Street Footwear,$37.00 ,68,252,$113 ,Online
Sports Direct,1185732,2021-03-15,Midwest,Michigan,Detroit,Women's Street Footwear,$25.00 ,124,310,$124 ,Online
Foot Locker,1185732,2021-12-22,Northeast,Pennsylvania,Philadelphia,Men's Athletic Footwear,$43.00 ,68,292,$123 ,Outlet
Sports Direct,1197831,2021-11-05,West,Idaho,Boise,Women's Street Footwear,$60.00 ,600,"36,000","$14,400 ",Online
Sports Direct,1128299,2021-01-17,West,Hawaii,Honolulu,Men's Athletic Footwear,$48.00 ,123,590,$207 ,Online
Amazon,1185732,2021-09-23,Southeast,Kentucky,Louisville,Men's Athletic Footwear,$45.00 ,325,"14,625","$5,119 ",Online
Foot Locker,1185732,2021-01-10,Northeast,Connecticut,Hartford,Women's Athletic Footwear,$29.00 ,20,58,$31 ,Online
West Gear,1197831,2021-12-19,South,Arkansas,Little Rock,Men's Athletic Footwear,$46.00 ,155,713,$285 ,Outlet
Amazon,1185732,2021-02-19,Northeast,Vermont,Burlington,Women's Street Footwear,$40.00 ,300,"12,000","$3,600 ",In-store
Foot Locker,1185732,2021-12-24,Northeast,Pennsylvania,Philadelphia,Women's Athletic Footwear,$60.00 ,175,"10,500","$4,200 ",Outlet
Foot Locker,1185732,2021-11-21,Northeast,Maryland,Baltimore,Men's Athletic Footwear,$45.00 ,51,230,$108 ,Online
Foot Locker,1185732,2021-12-28,Northeast,Pennsylvania,Philadelphia,Men's Athletic Footwear,$60.00 ,275,"16,500","$5,775 ",Outlet
West Gear,1185732,2021-08-09,Northeast,New York,Albany,Women's Street Footwear,$51.00 ,188,959,$345 ,Online
Foot Locker,1185732,2021-07-01,Midwest,Nebraska,Omaha,Women's Apparel,$50.00 ,350,"17,500","$8,750 ",Outlet
Sports Direct,1197831,2021-05-16,South,Tennessee,Knoxville,Men's Athletic Footwear,$55.00 ,800,"44,000","$19,800 ",Outlet
Foot Locker,1185732,2021-04-07,Northeast,Rhode Island,Providence,Women's Street Footwear,$24.00 ,36,86,$45 ,Online
Foot Locker,1185732,2021-02-08,Northeast,Connecticut,Hartford,Men's Street Footwear,$35.00 ,475,"16,625","$5,819 ",In-store
Sports Direct,1197831,2021-04-06,South,Tennessee,Knoxville,Women's Athletic Footwear,$27.00 ,142,383,$230 ,Online
Foot Locker,1128299,2021-12-22,West,Arizona,Phoenix,Men's Street Footwear,$44.00 ,181,796,$366 ,Online
Foot Locker,1185732,2021-12-21,Southeast,Kentucky,Louisville,Men's Athletic Footwear,$55.00 ,325,"17,875","$6,256 ",Online
Foot Locker,1128299,2021-03-23,Southeast,Virginia,Richmond,Women's Street Footwear,$43.00 ,112,482,$197 ,Outlet
Kohl's,1189833,2021-05-04,West,California,Los Angeles,Women's Athletic Footwear,$36.00 ,223,803,$305 ,Outlet
Sports Direct,1185732,2021-07-02,Southeast,North Carolina,Charlotte,Men's Street Footwear,$65.00 ,"1,050","68,250","$27,300 ",Online
Foot Locker,1128299,2021-01-23,West,Idaho,Boise,Men's Street Footwear,$23.00 ,136,313,$125 ,Outlet
Foot Locker,1185732,2021-01-20,Southeast,Kentucky,Louisville,Women's Street Footwear,$18.00 ,158,284,$156 ,Online
Foot Locker,1128299,2021-09-25,Southeast,Virginia,Richmond,Women's Athletic Footwear,$45.00 ,54,243,$119 ,Online
West Gear,1185732,2021-03-09,Midwest,Indiana,Indianapolis,Women's Street Footwear,$15.00 ,275,"4,125","$1,444 ",In-store
Amazon,1185732,2021-12-10,Northeast,Vermont,Burlington,Women's Apparel,$75.00 ,425,"31,875","$12,750 ",In-store
Sports Direct,1197831,2021-02-21,South,Mississippi,Jackson,Men's Athletic Footwear,$25.00 ,350,"8,750","$3,063 ",Online
Kohl's,1185732,2021-03-06,Northeast,New Jersey,Newark,Men's Street Footwear,$35.00 ,495,"17,325","$6,064 ",In-store
Foot Locker,1185732,2021-05-06,Northeast,Rhode Island,Providence,Women's Athletic Footwear,$39.00 ,44,172,$89 ,Online
West Gear,1185732,2021-07-09,Midwest,Indiana,Indianapolis,Men's Street Footwear,$51.00 ,149,760,$403 ,Online
West Gear,1185732,2021-10-11,West,Utah,Salt Lake City,Women's Street Footwear,$13.00 ,90,117,$48 ,Outlet
Foot Locker,1128299,2021-04-10,West,Hawaii,Honolulu,Men's Apparel,$52.00 ,42,218,$59 ,Online
Foot Locker,1185732,2021-08-06,Midwest,Iowa,Des Moines,Men's Street Footwear,$49.00 ,131,642,$270 ,Online
West Gear,1185732,2021-05-20,Northeast,Maryland,Baltimore,Women's Apparel,$52.00 ,63,328,$134 ,Online
Kohl's,1189833,2021-05-09,West,California,Los Angeles,Women's Street Footwear,$50.00 ,700,"35,000","$14,000 ",Outlet
Foot Locker,1185732,2021-09-07,Midwest,Iowa,Des Moines,Men's Athletic Footwear,$30.00 ,275,"8,250","$2,888 ",In-store
Sports Direct,1197831,2021-09-15,South,Alabama,Birmingham,Women's Athletic Footwear,$46.00 ,119,547,$389 ,Online
Amazon,1185732,2021-03-17,Northeast,New Hampshire,Manchester,Women's Athletic Footwear,$45.00 ,150,"6,750","$2,025 ",In-store
West Gear,1128299,2021-06-24,West,Oregon,Portland,Women's Street Footwear,$80.00 ,650,"52,000","$18,200 ",In-store
Kohl's,1189833,2021-02-23,Midwest,Montana,Billings,Women's Athletic Footwear,$44.00 ,105,462,$240 ,Online
Walmart,1197831,2021-06-21,South,Arkansas,Little Rock,Men's Street Footwear,$28.00 ,236,661,$291 ,Outlet
Kohl's,1189833,2021-03-04,Midwest,Montana,Billings,Men's Street Footwear,$41.00 ,196,804,$450 ,Online
Foot Locker,1185732,2021-07-06,Northeast,Rhode Island,Providence,Men's Apparel,$50.00 ,225,"11,250","$3,375 ",In-store
Foot Locker,1197831,2021-11-13,Midwest,Kansas,Wichita,Women's Apparel,$73.00 ,88,642,$296 ,Online
West Gear,1128299,2021-03-23,West,Oregon,Portland,Men's Apparel,$55.00 ,100,"5,500","$2,200 ",In-store
Foot Locker,1197831,2021-03-06,West,Idaho,Boise,Women's Athletic Footwear,$26.00 ,112,291,$137 ,Outlet
Sports Direct,1197831,2021-09-12,South,Alabama,Birmingham,Men's Street Footwear,$27.00 ,233,629,$346 ,Outlet
Kohl's,1189833,2021-04-08,West,California,Los Angeles,Men's Athletic Footwear,$50.00 ,600,"30,000","$7,500 ",Outlet
Kohl's,1189833,2021-01-29,Midwest,Montana,Billings,Women's Street Footwear,$45.00 ,550,"24,750","$11,138 ",Outlet
Kohl's,1185732,2021-05-10,West,Wyoming,Cheyenne,Men's Apparel,$45.00 ,133,599,$251 ,Online
Foot Locker,1128299,2021-08-23,West,Arizona,Phoenix,Men's Athletic Footwear,$46.00 ,190,874,$367 ,Outlet
Foot Locker,1185732,2021-02-15,Northeast,Maryland,Baltimore,Men's Athletic Footwear,$40.00 ,225,"9,000","$3,150 ",In-store
Kohl's,1185732,2021-04-07,Northeast,New Jersey,Newark,Men's Athletic Footwear,$35.00 ,175,"6,125","$2,144 ",In-store
Sports Direct,1185732,2021-03-08,Midwest,North Dakota,Fargo,Men's Apparel,$40.00 ,125,"5,000","$1,750 ",Online
Sports Direct,1185732,2021-03-03,Northeast,Connecticut,Hartford,Women's Apparel,$40.00 ,250,"10,000","$3,500 ",In-store
Foot Locker,1185732,2021-05-16,South,Mississippi,Jackson,Women's Athletic Footwear,$24.00 ,116,278,$128 ,Outlet
Walmart,1128299,2021-05-18,Southeast,Florida,Orlando,Men's Athletic Footwear,$60.00 ,128,768,$307 ,Online
Walmart,1185732,2021-10-18,South,Mississippi,Jackson,Men's Apparel,$25.00 ,105,263,$110 ,Outlet
Foot Locker,1185732,2021-01-24,Northeast,West Virginia,Charleston,Women's Apparel,$33.00 ,59,195,$78 ,Online
Kohl's,1189833,2021-05-05,West,California,Los Angeles,Men's Apparel,$58.00 ,182,"1,056",$707 ,Online
Sports Direct,1197831,2021-08-25,South,Alabama,Birmingham,Men's Street Footwear,$9.00 ,203,183,$108 ,Online
Kohl's,1185732,2021-08-11,West,Wyoming,Cheyenne,Women's Apparel,$52.00 ,196,"1,019",$408 ,Online
Sports Direct,1128299,2021-12-09,West,Hawaii,Honolulu,Women's Athletic Footwear,$80.00 ,500,"40,000","$10,000 ",Outlet
Amazon,1185732,2021-06-12,Northeast,Vermont,Burlington,Men's Athletic Footwear,$53.00 ,116,615,$363 ,Online
Foot Locker,1185732,2021-03-17,Midwest,Missouri,St. Louis,Men's Athletic Footwear,$34.00 ,87,296,$133 ,Online
Kohl's,1197831,2021-01-16,South,Oklahoma,Oklahoma City,Men's Athletic Footwear,$25.00 ,350,"8,750","$3,063 ",Online
Kohl's,1189833,2021-04-25,West,California,Los Angeles,Men's Street Footwear,$41.00 ,238,976,$498 ,Online
Sports Direct,1197831,2021-09-25,South,Texas,Dallas,Women's Athletic Footwear,$50.00 ,525,"26,250","$13,125 ",Outlet
Sports Direct,1197831,2021-10-10,South,Texas,Dallas,Men's Street Footwear,$38.00 ,181,688,$378 ,Online
West Gear,1197831,2021-05-19,South,Oklahoma,Oklahoma City,Men's Street Footwear,$36.00 ,167,601,$325 ,Online
Sports Direct,1185732,2021-10-15,Northeast,Massachusetts,Boston,Men's Athletic Footwear,$55.00 ,225,"12,375","$3,713 ",In-store
West Gear,1185732,2021-10-03,Midwest,Wisconsin,Milwaukee,Women's Athletic Footwear,$35.00 ,125,"4,375","$1,313 ",In-store
Foot Locker,1185732,2021-12-31,Northeast,Pennsylvania,Philadelphia,Men's Apparel,$63.00 ,47,296,$136 ,Online
West Gear,1197831,2021-05-19,South,Oklahoma,Oklahoma City,Women's Athletic Footwear,$34.00 ,59,201,$110 ,Online
West Gear,1128299,2021-02-12,West,California,San Francisco,Men's Athletic Footwear,$46.00 ,332,"1,527",$321 ,Outlet
West Gear,1185732,2021-03-20,Northeast,Maryland,Baltimore,Women's Athletic Footwear,$30.00 ,25,750,$263 ,In-store
Sports Direct,1128299,2021-12-23,Southeast,Virginia,Richmond,Women's Athletic Footwear,$70.00 ,550,"38,500","$13,475 ",In-store
Kohl's,1189833,2021-01-03,Midwest,Montana,Billings,Men's Street Footwear,$34.00 ,158,537,$306 ,Online
Foot Locker,1185732,2021-06-18,Midwest,Missouri,St. Louis,Women's Apparel,$42.00 ,142,596,$388 ,Online
West Gear,1185732,2021-10-10,Midwest,Indiana,Indianapolis,Men's Street Footwear,$41.00 ,116,476,$252 ,Online
Kohl's,1189833,2021-01-22,Midwest,Montana,Billings,Men's Athletic Footwear,$41.00 ,106,435,$191 ,Online
Sports Direct,1197831,2021-10-21,South,Texas,Dallas,Women's Apparel,$54.00 ,256,"1,382",$829 ,Outlet
West Gear,1185732,2021-12-09,Midwest,Indiana,Indianapolis,Women's Athletic Footwear,$45.00 ,87,392,$196 ,Online
Kohl's,1189833,2021-01-28,Midwest,Montana,Billings,Men's Athletic Footwear,$42.00 ,147,617,$253 ,Online
Sports Direct,1185732,2021-01-06,Southeast,South Carolina,Charleston,Men's Apparel,$42.00 ,156,655,$301 ,Online
Kohl's,1128299,2021-07-25,West,New Mexico,Albuquerque,Men's Street Footwear,$55.00 ,750,"41,250","$14,438 ",Online
Sports Direct,1185732,2021-02-09,Midwest,North Dakota,Fargo,Women's Apparel,$25.00 ,275,"6,875","$2,750 ",Online
Amazon,1185732,2021-05-17,Northeast,New Hampshire,Manchester,Women's Apparel,$70.00 ,425,"29,750","$10,413 ",In-store
West Gear,1185732,2021-07-09,Midwest,Indiana,Indianapolis,Men's Athletic Footwear,$50.00 ,300,"15,000","$6,000 ",In-store
Amazon,1185732,2021-06-22,Southeast,Kentucky,Louisville,Women's Apparel,$55.00 ,375,"20,625","$8,250 ",Online
Kohl's,1189833,2021-04-26,West,California,Los Angeles,Men's Athletic Footwear,$50.00 ,800,"40,000","$10,000 ",Outlet
Foot Locker,1185732,2021-02-18,Midwest,Michigan,Detroit,Men's Street Footwear,$29.00 ,182,528,$280 ,Online
Sports Direct,1185732,2021-07-03,Northeast,Connecticut,Hartford,Women's Apparel,$40.00 ,152,608,$231 ,Outlet
Sports Direct,1185732,2021-11-07,Northeast,New Jersey,Newark,Women's Athletic Footwear,$50.00 ,250,"12,500","$5,000 ",In-store
Amazon,1185732,2021-11-03,Northeast,Maine,Portland,Men's Apparel,$47.00 ,20,94,$36 ,Online
Sports Direct,1185732,2021-10-12,Midwest,South Dakota,Sioux Falls,Women's Apparel,$55.00 ,70,385,$212 ,Online
West Gear,1185732,2021-12-09,Midwest,Indiana,Indianapolis,Women's Apparel,$65.00 ,400,"26,000","$10,400 ",In-store
Foot Locker,1197831,2021-12-12,Midwest,Kansas,Wichita,Women's Athletic Footwear,$60.00 ,300,"18,000","$6,300 ",Online
Amazon,1185732,2021-02-22,Midwest,Ohio,Columbus,Men's Street Footwear,$40.00 ,550,"22,000","$8,800 ",Online
Foot Locker,1185732,2021-06-18,South,Mississippi,Jackson,Women's Apparel,$60.00 ,188,"1,128",$711 ,Online
Kohl's,1128299,2021-02-26,West,New Mexico,Albuquerque,Women's Athletic Footwear,$43.00 ,74,318,$156 ,Online
Amazon,1185732,2021-02-19,Northeast,Vermont,Burlington,Men's Athletic Footwear,$45.00 ,75,338,$172 ,Online
Amazon,1185732,2021-05-17,Northeast,New Hampshire,Manchester,Men's Street Footwear,$64.00 ,173,"1,107",$587 ,Online
Kohl's,1185732,2021-04-07,Northeast,New Jersey,Newark,Women's Street Footwear,$25.00 ,175,"4,375","$1,750 ",In-store
Sports Direct,1185732,2021-12-15,Midwest,Michigan,Detroit,Men's Street Footwear,$55.00 ,255,"1,403",$856 ,Online
Sports Direct,1185732,2021-09-15,Midwest,Michigan,Detroit,Women's Apparel,$50.00 ,575,"28,750","$15,813 ",In-store
Kohl's,1189833,2021-04-21,West,California,Los Angeles,Women's Street Footwear,$50.00 ,750,"37,500","$15,000 ",Outlet
Foot Locker,1185732,2021-07-14,Midwest,Nebraska,Omaha,Men's Street Footwear,$36.00 ,94,338,$183 ,Online
Kohl's,1128299,2021-06-26,West,New Mexico,Albuquerque,Women's Apparel,$75.00 ,600,"45,000","$11,250 ",Online
Kohl's,1189833,2021-05-18,West,California,Los Angeles,Women's Apparel,$65.00 ,650,"42,250","$8,450 ",Outlet
Sports Direct,1197831,2021-09-16,South,Texas,Dallas,Men's Street Footwear,$41.00 ,231,947,$492 ,Online
Sports Direct,1197831,2021-10-20,South,Texas,Dallas,Men's Apparel,$58.00 ,158,916,$458 ,Online
Sports Direct,1128299,2021-10-13,Southeast,Georgia,Atlanta,Men's Athletic Footwear,$50.00 ,525,"26,250","$10,500 ",Online
Walmart,1197831,2021-05-19,South,Arkansas,Little Rock,Men's Apparel,$45.00 ,325,"14,625","$5,119 ",Online
Foot Locker,1185732,2021-07-06,Northeast,Rhode Island,Providence,Men's Athletic Footwear,$41.00 ,81,332,$166 ,Online
West Gear,1197831,2021-06-21,South,Oklahoma,Oklahoma City,Women's Athletic Footwear,$38.00 ,87,331,$165 ,Online
Foot Locker,1185732,2021-07-07,Midwest,Illinois,Chicago,Men's Athletic Footwear,$45.00 ,325,"14,625","$5,119 ",Outlet
Sports Direct,1197831,2021-09-19,South,Texas,Dallas,Women's Athletic Footwear,$43.00 ,150,645,$393 ,Online
Sports Direct,1197831,2021-09-11,South,Texas,Dallas,Men's Athletic Footwear,$49.00 ,200,980,$470 ,Online
Kohl's,1185732,2021-01-14,Northeast,New York,Albany,Women's Athletic Footwear,$35.00 ,450,"15,750","$5,513 ",In-store
Foot Locker,1185732,2021-06-18,Midwest,Illinois,Chicago,Men's Street Footwear,$48.00 ,122,586,$305 ,Online
Foot Locker,1128299,2021-03-23,Southeast,Virginia,Richmond,Women's Apparel,$49.00 ,78,382,$161 ,Online
Foot Locker,1185732,2021-08-02,Midwest,Illinois,Chicago,Women's Athletic Footwear,$50.00 ,175,"8,750","$3,500 ",Outlet
Foot Locker,1185732,2021-06-06,Midwest,Iowa,Des Moines,Women's Street Footwear,$23.00 ,50,115,$52 ,Online
Foot Locker,1185732,2021-07-13,Northeast,Delaware,Wilmington,Women's Street Footwear,$45.00 ,350,"15,750","$6,300 ",In-store
Amazon,1185732,2021-03-10,Northeast,Vermont,Burlington,Women's Athletic Footwear,$30.00 ,39,117,$47 ,Outlet
Foot Locker,1185732,2021-10-06,Midwest,Iowa,Des Moines,Men's Athletic Footwear,$35.00 ,250,"8,750","$3,063 ",In-store
Sports Direct,1185732,2021-09-10,Midwest,North Dakota,Fargo,Women's Apparel,$45.00 ,225,"10,125","$4,050 ",In-store
Kohl's,1189833,2021-03-10,West,California,San Francisco,Women's Athletic Footwear,$45.00 ,550,"24,750","$8,663 ",Outlet
Kohl's,1189833,2021-05-27,West,California,Los Angeles,Women's Street Footwear,$50.00 ,700,"35,000","$14,000 ",Outlet
West Gear,1185732,2021-03-02,Midwest,Wisconsin,Milwaukee,Men's Apparel,$30.00 ,125,"3,750","$1,875 ",In-store
Foot Locker,1185732,2021-06-18,South,Mississippi,Jackson,Women's Street Footwear,$41.00 ,143,586,$322 ,Online
Amazon,1185732,2021-11-05,Northeast,Maine,Portland,Men's Street Footwear,$55.00 ,495,"27,225","$9,529 ",Outlet
West Gear,1185732,2021-08-17,Northeast,West Virginia,Charleston,Men's Athletic Footwear,$45.00 ,300,"13,500","$5,400 ",In-store
Sports Direct,1185732,2021-02-04,Southeast,North Carolina,Charlotte,Women's Athletic Footwear,$29.00 ,142,412,$206 ,Online
Sports Direct,1197831,2021-09-17,South,Texas,Dallas,Men's Athletic Footwear,$34.00 ,264,898,$377 ,Outlet
Foot Locker,1185732,2021-08-06,Southeast,South Carolina,Charleston,Men's Apparel,$51.00 ,225,"1,148",$528 ,Online
Amazon,1185732,2021-06-12,Northeast,Vermont,Burlington,Men's Apparel,$58.00 ,81,470,$235 ,Online
Sports Direct,1185732,2021-08-14,Northeast,Massachusetts,Boston,Women's Apparel,$60.00 ,325,"19,500","$5,850 ",In-store
West Gear,1128299,2021-09-25,West,Oregon,Portland,Women's Apparel,$45.00 ,250,"11,250","$3,375 ",In-store
Foot Locker,1185732,2021-10-08,Northeast,Rhode Island,Providence,Men's Athletic Footwear,$50.00 ,200,"10,000","$3,500 ",In-store
Foot Locker,1185732,2021-05-06,Northeast,Rhode Island,Providence,Men's Street Footwear,$39.00 ,150,585,$240 ,Outlet
West Gear,1185732,2021-09-08,Northeast,New York,Albany,Women's Street Footwear,$45.00 ,550,"24,750","$6,188 ",In-store
Kohl's,1185732,2021-04-07,Northeast,New Jersey,Newark,Women's Street Footwear,$24.00 ,51,122,$61 ,Online
Amazon,1185732,2021-03-10,Northeast,Vermont,Burlington,Men's Apparel,$51.00 ,47,240,$117 ,Online
West Gear,1128299,2021-04-17,South,Louisiana,New Orleans,Women's Apparel,$39.00 ,123,480,$177 ,Outlet
West Gear,1128299,2021-01-24,West,Utah,Salt Lake City,Women's Apparel,$40.00 ,400,"16,000","$4,800 ",In-store
Foot Locker,1128299,2021-08-24,Southeast,Virginia,Richmond,Men's Street Footwear,$67.00 ,272,"1,822",$729 ,Outlet
Kohl's,1189833,2021-03-15,West,California,Los Angeles,Women's Street Footwear,$44.00 ,169,744,$372 ,Online
Kohl's,1189833,2021-05-20,West,California,Los Angeles,Men's Athletic Footwear,$54.00 ,215,"1,161",$441 ,Online
Amazon,1185732,2021-06-22,Southeast,Kentucky,Louisville,Women's Athletic Footwear,$30.00 ,200,"6,000","$2,400 ",Online
Foot Locker,1185732,2021-04-14,Northeast,Delaware,Wilmington,Men's Athletic Footwear,$40.00 ,225,"9,000","$3,150 ",In-store
Walmart,1197831,2021-09-19,South,Arkansas,Little Rock,Men's Athletic Footwear,$26.00 ,135,351,$144 ,Outlet
Foot Locker,1185732,2021-05-16,South,Mississippi,Jackson,Men's Street Footwear,$40.00 ,745,"29,800","$11,920 ",Online
West Gear,1185732,2021-07-10,West,Utah,Salt Lake City,Women's Street Footwear,$25.00 ,475,"11,875","$4,156 ",In-store
West Gear,1128299,2021-11-17,South,Louisiana,New Orleans,Women's Street Footwear,$38.00 ,137,521,$271 ,Online
West Gear,1197831,2021-04-05,West,Idaho,Boise,Men's Athletic Footwear,$30.00 ,650,"19,500","$6,825 ",Online
Foot Locker,1128299,2021-08-23,West,Arizona,Phoenix,Men's Street Footwear,$50.00 ,163,815,$408 ,Online
Sports Direct,1185732,2021-04-04,Northeast,Connecticut,Hartford,Women's Athletic Footwear,$26.00 ,41,107,$34 ,Outlet
West Gear,1128299,2021-07-16,South,Louisiana,New Orleans,Women's Street Footwear,$69.00 ,210,"1,449",$681 ,Outlet
Foot Locker,1185732,2021-02-08,Northeast,Connecticut,Hartford,Men's Street Footwear,$24.00 ,162,389,$156 ,Outlet
Foot Locker,1185732,2021-01-10,Northeast,Connecticut,Hartford,Men's Apparel,$44.00 ,33,145,$58 ,Online
Sports Direct,1185732,2021-12-06,Northeast,Rhode Island,Providence,Women's Apparel,$51.00 ,111,566,$243 ,Outlet
West Gear,1128299,2021-01-24,West,Utah,Salt Lake City,Women's Street Footwear,$40.00 ,350,"14,000","$4,900 ",In-store
Amazon,1185732,2021-07-20,West,Alaska,Anchorage,Women's Street Footwear,$55.00 ,350,"19,250","$4,813 ",Outlet
Foot Locker,1185732,2021-03-13,Northeast,Delaware,Wilmington,Women's Street Footwear,$29.00 ,69,200,$108 ,Online
Foot Locker,1185732,2021-11-18,Northeast,New Hampshire,Manchester,Men's Street Footwear,$59.00 ,149,879,$378 ,Outlet
Kohl's,1185732,2021-09-06,Northeast,New Jersey,Newark,Women's Athletic Footwear,$37.00 ,38,141,$75 ,Online
West Gear,1185732,2021-08-10,Midwest,Indiana,Indianapolis,Women's Athletic Footwear,$38.00 ,60,228,$107 ,Online
Kohl's,1128299,2021-11-26,West,New Mexico,Albuquerque,Men's Apparel,$54.00 ,131,707,$262 ,Outlet
Walmart,1128299,2021-11-10,West,Hawaii,Honolulu,Men's Athletic Footwear,$60.00 ,600,"36,000","$7,200 ",Outlet
West Gear,1185732,2021-05-04,Midwest,Wisconsin,Milwaukee,Women's Street Footwear,$33.00 ,49,162,$73 ,Online
Kohl's,1189833,2021-04-22,West,California,Los Angeles,Women's Athletic Footwear,$32.00 ,194,621,$230 ,Outlet
Foot Locker,1128299,2021-12-12,Southeast,Georgia,Atlanta,Women's Street Footwear,$53.00 ,138,731,$366 ,Online
Walmart,1197831,2021-07-19,South,Arkansas,Little Rock,Women's Apparel,$65.00 ,600,"39,000","$15,600 ",Online
Amazon,1185732,2021-04-21,West,Alaska,Anchorage,Men's Athletic Footwear,$50.00 ,61,305,$153 ,Online
Foot Locker,1128299,2021-03-23,Southeast,Virginia,Richmond,Men's Street Footwear,$40.00 ,475,"19,000","$6,650 ",In-store
Foot Locker,1185732,2021-11-18,Northeast,Pennsylvania,Philadelphia,Women's Athletic Footwear,$42.00 ,34,143,$57 ,Outlet
Foot Locker,1185732,2021-07-06,Northeast,Rhode Island,Providence,Women's Street Footwear,$37.00 ,65,241,$125 ,Online
Foot Locker,1185732,2021-11-18,Northeast,New Hampshire,Manchester,Men's Apparel,$59.00 ,96,566,$193 ,Outlet
Sports Direct,1197831,2021-10-06,South,Texas,Dallas,Women's Street Footwear,$45.00 ,575,"25,875","$10,350 ",Outlet
West Gear,1185732,2021-12-05,Midwest,Iowa,Des Moines,Men's Apparel,$59.00 ,59,348,$212 ,Online
West Gear,1128299,2021-02-10,West,California,San Francisco,Women's Apparel,$70.00 ,775,"54,250","$5,425 ",Outlet
Foot Locker,1185732,2021-06-18,Midwest,Missouri,St. Louis,Women's Athletic Footwear,$23.00 ,91,209,$105 ,Online
West Gear,1185732,2021-10-11,West,Utah,Salt Lake City,Women's Apparel,$32.00 ,104,333,$206 ,Online
Foot Locker,1185732,2021-03-13,Northeast,Delaware,Wilmington,Women's Apparel,$40.00 ,275,"11,000","$4,400 ",In-store
Amazon,1185732,2021-11-11,Northeast,Vermont,Burlington,Women's Athletic Footwear,$60.00 ,300,"18,000","$6,300 ",In-store
Sports Direct,1185732,2021-06-17,Midwest,Michigan,Detroit,Women's Street Footwear,$41.00 ,138,566,$249 ,Online
Sports Direct,1197831,2021-08-12,South,Alabama,Birmingham,Women's Apparel,$35.00 ,450,"15,750","$8,663 ",Outlet
Kohl's,1128299,2021-03-25,West,New Mexico,Albuquerque,Women's Apparel,$55.00 ,375,"20,625","$5,156 ",Online
Sports Direct,1197831,2021-04-11,South,Tennessee,Knoxville,Women's Street Footwear,$26.00 ,202,525,$231 ,Outlet
Sports Direct,1197831,2021-09-02,South,Alabama,Birmingham,Women's Street Footwear,$44.00 ,189,832,$491 ,Online
Sports Direct,1197831,2021-11-05,West,Idaho,Boise,Women's Athletic Footwear,$43.00 ,158,679,$353 ,Outlet
Foot Locker,1128299,2021-04-23,West,Arizona,Phoenix,Women's Street Footwear,$55.00 ,350,"19,250","$6,738 ",Online
Sports Direct,1197831,2021-08-13,South,Alabama,Birmingham,Men's Street Footwear,$23.00 ,194,446,$219 ,Outlet
West Gear,1185732,2021-01-12,Southeast,Florida,Orlando,Women's Athletic Footwear,$30.00 ,170,510,$189 ,Outlet
Sports Direct,1197831,2021-04-27,South,Tennessee,Knoxville,Men's Street Footwear,$50.00 ,675,"33,750","$15,188 ",Outlet
Foot Locker,1185732,2021-07-23,Midwest,Illinois,Chicago,Women's Apparel,$53.00 ,73,387,$248 ,Online
Amazon,1185732,2021-06-22,West,Alaska,Anchorage,Women's Apparel,$70.00 ,450,"31,500","$9,450 ",Outlet
Foot Locker,1128299,2021-04-23,West,Arizona,Phoenix,Men's Athletic Footwear,$53.00 ,90,477,$239 ,Online
Foot Locker,1185732,2021-08-07,Midwest,Illinois,Chicago,Women's Street Footwear,$46.00 ,75,345,$169 ,Online
Amazon,1185732,2021-02-22,Southeast,Kentucky,Louisville,Men's Apparel,$50.00 ,200,"10,000","$3,500 ",Online
Kohl's,1185732,2021-12-08,Northeast,New York,Albany,Women's Athletic Footwear,$54.00 ,155,837,$343 ,Online
West Gear,1185732,2021-11-11,Northeast,Vermont,Burlington,Women's Street Footwear,$60.00 ,320,"19,200","$6,720 ",In-store
Foot Locker,1185732,2021-06-22,Midwest,Illinois,Chicago,Men's Apparel,$54.00 ,28,151,$71 ,Online
Amazon,1185732,2021-01-13,Southeast,North Carolina,Charlotte,Women's Athletic Footwear,$30.00 ,425,"12,750","$5,100 ",Online
Amazon,1185732,2021-02-19,Northeast,New Hampshire,Manchester,Women's Apparel,$36.00 ,124,446,$179 ,Outlet
West Gear,1128299,2021-10-24,West,Oregon,Portland,Women's Athletic Footwear,$45.00 ,325,"14,625","$5,119 ",In-store
Walmart,1197831,2021-06-21,South,Arkansas,Little Rock,Women's Street Footwear,$38.00 ,104,395,$213 ,Online
Foot Locker,1185732,2021-11-21,Northeast,Pennsylvania,Philadelphia,Men's Street Footwear,$64.00 ,135,864,$562 ,Online
Foot Locker,1185732,2021-07-06,Midwest,Nebraska,Omaha,Men's Apparel,$37.00 ,27,100,$48 ,Online
Sports Direct,1197831,2021-09-18,South,Texas,Dallas,Women's Street Footwear,$44.00 ,254,"1,118",$615 ,Online
Kohl's,1197831,2021-05-12,Midwest,Kansas,Wichita,Men's Athletic Footwear,$39.00 ,77,300,$144 ,Online
Sports Direct,1197831,2021-04-06,South,Tennessee,Knoxville,Women's Athletic Footwear,$20.00 ,179,358,$193 ,Outlet
Sports Direct,1185732,2021-06-05,Northeast,Connecticut,Hartford,Men's Street Footwear,$50.00 ,175,875,$481 ,Online
Foot Locker,1185732,2021-12-21,Southeast,Kentucky,Louisville,Women's Athletic Footwear,$49.00 ,68,333,$177 ,Online
Sports Direct,1185732,2021-04-09,Midwest,North Dakota,Fargo,Women's Street Footwear,$19.00 ,41,78,$33 ,Online
West Gear,1185732,2021-06-10,Northeast,New York,Albany,Women's Street Footwear,$50.00 ,600,"30,000","$7,500 ",In-store
Kohl's,1189833,2021-04-06,West,California,Los Angeles,Women's Apparel,$45.00 ,625,"28,125","$5,625 ",Outlet
Kohl's,1185732,2021-02-12,Northeast,New York,Albany,Men's Athletic Footwear,$40.00 ,500,"20,000","$6,000 ",In-store
Sports Direct,1128299,2021-03-12,Southeast,Georgia,Atlanta,Women's Apparel,$48.00 ,95,456,$164 ,Online
Foot Locker,1185732,2021-09-05,Southeast,South Carolina,Charleston,Men's Athletic Footwear,$50.00 ,825,"41,250","$14,438 ",Online
West Gear,1197831,2021-07-06,West,Idaho,Boise,Women's Street Footwear,$46.00 ,241,"1,109",$610 ,Online
Sports Direct,1197831,2021-10-01,South,Texas,Dallas,Women's Athletic Footwear,$56.00 ,126,706,$459 ,Online
West Gear,1128299,2021-11-24,West,Oregon,Portland,Women's Apparel,$76.00 ,149,"1,132",$476 ,Online
Walmart,1128299,2021-07-16,Southeast,Florida,Orlando,Men's Apparel,$89.00 ,195,"1,736",$555 ,Online
Amazon,1185732,2021-01-13,Southeast,North Carolina,Charlotte,Women's Athletic Footwear,$29.00 ,123,357,$185 ,Online
West Gear,1185732,2021-08-11,West,Utah,Salt Lake City,Women's Athletic Footwear,$20.00 ,375,"7,500","$3,000 ",In-store
Kohl's,1185732,2021-07-10,West,Wyoming,Cheyenne,Men's Apparel,$50.00 ,525,"26,250","$7,875 ",In-store
Foot Locker,1185732,2021-10-08,Northeast,Rhode Island,Providence,Women's Athletic Footwear,$47.00 ,23,108,$54 ,Online
Kohl's,1197831,2021-03-12,Midwest,Kansas,Wichita,Men's Athletic Footwear,$20.00 ,225,"4,500","$1,575 ",Online
Kohl's,1189833,2021-02-18,West,California,San Francisco,Men's Athletic Footwear,$41.00 ,196,804,$289 ,Online
Kohl's,1189833,2021-03-14,West,California,Los Angeles,Men's Athletic Footwear,$43.00 ,195,839,$335 ,Online
Kohl's,1128299,2021-02-26,West,New Mexico,Albuquerque,Women's Apparel,$41.00 ,104,426,$162 ,Online
Sports Direct,1197831,2021-05-02,South,Tennessee,Knoxville,Women's Apparel,$42.00 ,163,685,$507 ,Online
Foot Locker,1185732,2021-11-18,Midwest,Missouri,St. Louis,Women's Athletic Footwear,$23.00 ,88,202,$105 ,Online
Kohl's,1128299,2021-06-26,West,New Mexico,Albuquerque,Men's Street Footwear,$37.00 ,224,829,$323 ,Outlet
Kohl's,1189833,2021-03-23,West,California,Los Angeles,Men's Apparel,$36.00 ,128,461,$272 ,Outlet
Walmart,1128299,2021-04-17,Southeast,Florida,Orlando,Women's Athletic Footwear,$55.00 ,300,"16,500","$4,950 ",Outlet
Sports Direct,1128299,2021-01-17,West,Hawaii,Honolulu,Women's Apparel,$49.00 ,124,608,$358 ,Online
West Gear,1197831,2021-01-23,South,Arkansas,Little Rock,Men's Athletic Footwear,$25.00 ,109,273,$123 ,Online
Amazon,1185732,2021-07-17,Northeast,New Hampshire,Manchester,Women's Apparel,$70.00 ,525,"36,750","$12,863 ",Outlet
Sports Direct,1185732,2021-08-14,Northeast,Massachusetts,Boston,Men's Street Footwear,$50.00 ,161,805,$354 ,Online
Foot Locker,1185732,2021-01-20,Southeast,Kentucky,Louisville,Women's Athletic Footwear,$25.00 ,375,"9,375","$3,750 ",Online
Sports Direct,1185732,2021-03-02,Southeast,North Carolina,Charlotte,Women's Athletic Footwear,$25.00 ,124,310,$167 ,Online
Amazon,1185732,2021-08-10,Midwest,Ohio,Columbus,Women's Apparel,$60.00 ,675,"40,500","$20,250 ",Online
Walmart,1185732,2021-08-17,South,Mississippi,Jackson,Men's Street Footwear,$41.00 ,256,"1,050",$472 ,Outlet
West Gear,1185732,2021-01-17,Midwest,Indiana,Indianapolis,Women's Apparel,$35.00 ,300,"10,500","$4,200 ",In-store
West Gear,1128299,2021-01-04,West,California,San Francisco,Men's Apparel,$49.00 ,182,892,$508 ,Outlet
Kohl's,1197831,2021-11-20,South,Oklahoma,Oklahoma City,Men's Athletic Footwear,$15.00 ,300,"4,500","$1,575 ",Online
Kohl's,1197831,2021-01-16,South,Oklahoma,Oklahoma City,Men's Athletic Footwear,$23.00 ,91,209,$103 ,Online
West Gear,1185732,2021-12-05,Midwest,Iowa,Des Moines,Women's Street Footwear,$50.00 ,275,"13,750","$4,125 ",In-store
West Gear,1185732,2021-06-10,Northeast,New York,Albany,Women's Athletic Footwear,$50.00 ,575,"28,750","$8,625 ",In-store
Sports Direct,1185732,2021-09-03,Northeast,Connecticut,Hartford,Women's Athletic Footwear,$45.00 ,175,"7,875","$2,363 ",In-store
West Gear,1185732,2021-12-09,Midwest,Ohio,Columbus,Women's Street Footwear,$65.00 ,575,"37,375","$14,950 ",Online
Foot Locker,1185732,2021-11-05,Northeast,Pennsylvania,Philadelphia,Women's Street Footwear,$40.00 ,175,"7,000","$2,800 ",Outlet
Sports Direct,1197831,2021-09-24,South,Alabama,Birmingham,Men's Street Footwear,$20.00 ,184,368,$191 ,Outlet
Foot Locker,1185732,2021-05-19,Midwest,Missouri,St. Louis,Women's Athletic Footwear,$29.00 ,65,189,$104 ,Online
Sports Direct,1128299,2021-03-16,Southeast,Florida,Orlando,Women's Apparel,$48.00 ,131,629,$296 ,Outlet
West Gear,1185732,2021-01-17,Midwest,Indiana,Indianapolis,Women's Athletic Footwear,$30.00 ,150,"4,500","$1,800 ",In-store
Foot Locker,1185732,2021-06-06,Midwest,Iowa,Des Moines,Women's Athletic Footwear,$24.00 ,44,106,$46 ,Online
Foot Locker,1185732,2021-06-08,Northeast,Rhode Island,Providence,Women's Street Footwear,$32.00 ,74,237,$99 ,Outlet
West Gear,1128299,2021-07-23,West,Oregon,Portland,Women's Street Footwear,$86.00 ,163,"1,402",$659 ,Online
West Gear,1128299,2021-02-24,West,Oregon,Portland,Men's Apparel,$32.00 ,43,138,$61 ,Outlet
Foot Locker,1185732,2021-07-29,Midwest,Nebraska,Omaha,Women's Athletic Footwear,$38.00 ,38,144,$79 ,Online
Foot Locker,1185732,2021-11-04,Northeast,Connecticut,Hartford,Women's Apparel,$67.00 ,95,637,$299 ,Online
Walmart,1185732,2021-08-17,South,Mississippi,Jackson,Women's Apparel,$53.00 ,169,896,$582 ,Online
West Gear,1128299,2021-10-17,South,Louisiana,New Orleans,Women's Athletic Footwear,$40.00 ,375,"15,000","$6,000 ",Online
Foot Locker,1185732,2021-01-10,Northeast,Connecticut,Hartford,Men's Athletic Footwear,$34.00 ,63,214,$96 ,Online
West Gear,1128299,2021-07-16,South,Louisiana,New Orleans,Women's Apparel,$81.00 ,208,"1,685",$691 ,Outlet
Kohl's,1189833,2021-02-18,West,California,San Francisco,Men's Athletic Footwear,$35.00 ,224,784,$235 ,Outlet
Foot Locker,1185732,2021-07-17,Midwest,Missouri,St. Louis,Men's Athletic Footwear,$35.00 ,500,"17,500","$6,125 ",In-store
Sports Direct,1185732,2021-11-03,Southeast,North Carolina,Charlotte,Women's Street Footwear,$40.00 ,595,"23,800","$9,520 ",Online
Foot Locker,1185732,2021-10-07,Southeast,South Carolina,Charleston,Men's Street Footwear,$50.00 ,244,"1,220",$732 ,Online
Kohl's,1128299,2021-07-25,West,New Mexico,Albuquerque,Women's Street Footwear,$60.00 ,550,"33,000","$11,550 ",Online
Sports Direct,1197831,2021-03-28,South,Tennessee,Knoxville,Men's Street Footwear,$13.00 ,203,264,$119 ,Outlet
Kohl's,1189833,2021-01-30,Midwest,Montana,Billings,Women's Athletic Footwear,$38.00 ,106,403,$213 ,Online
Foot Locker,1185732,2021-04-06,Southeast,South Carolina,Charleston,Men's Athletic Footwear,$35.00 ,675,"23,625","$8,269 ",Online
Sports Direct,1197831,2021-09-22,South,Alabama,Birmingham,Men's Apparel,$41.00 ,88,361,$206 ,Online
Walmart,1197831,2021-10-21,South,Arkansas,Little Rock,Men's Street Footwear,$21.00 ,180,378,$170 ,Outlet
Sports Direct,1128299,2021-09-14,Southeast,Georgia,Atlanta,Men's Street Footwear,$31.00 ,204,632,$291 ,Outlet
West Gear,1185732,2021-08-11,West,Utah,Salt Lake City,Women's Street Footwear,$23.00 ,158,363,$149 ,Outlet
Sports Direct,1185732,2021-03-02,Southeast,North Carolina,Charlotte,Men's Street Footwear,$28.00 ,276,773,$417 ,Online
West Gear,1185732,2021-10-11,West,Utah,Salt Lake City,Women's Street Footwear,$20.00 ,300,"6,000","$2,100 ",In-store
West Gear,1185732,2021-06-10,Northeast,New York,Albany,Women's Apparel,$70.00 ,725,"50,750","$25,375 ",In-store
Sports Direct,1185732,2021-02-04,Southeast,South Carolina,Charleston,Women's Street Footwear,$25.00 ,675,"16,875","$6,750 ",Online
West Gear,1185732,2021-09-12,West,Utah,Salt Lake City,Men's Athletic Footwear,$25.00 ,450,"11,250","$3,938 ",In-store
Amazon,1185732,2021-04-21,West,Alaska,Anchorage,Men's Street Footwear,$55.00 ,525,"28,875","$10,106 ",Outlet
Sports Direct,1197831,2021-10-09,South,Texas,Dallas,Women's Apparel,$50.00 ,575,"28,750","$15,813 ",Outlet
West Gear,1185732,2021-04-09,Northeast,New York,Albany,Women's Apparel,$45.00 ,600,"27,000","$13,500 ",In-store
Amazon,1185732,2021-12-13,Northeast,Massachusetts,Boston,Women's Athletic Footwear,$52.00 ,75,390,$148 ,Online
Kohl's,1185732,2021-07-06,Northeast,New Jersey,Newark,Men's Street Footwear,$47.00 ,188,884,$415 ,Online
Foot Locker,1185732,2021-07-21,Midwest,Illinois,Chicago,Women's Athletic Footwear,$40.00 ,175,"7,000","$2,800 ",Outlet
Walmart,1128299,2021-07-16,Southeast,Florida,Orlando,Men's Athletic Footwear,$88.00 ,225,"1,980",$792 ,Online
Foot Locker,1197831,2021-02-04,West,Idaho,Boise,Men's Apparel,$40.00 ,250,"10,000","$2,500 ",Online
Sports Direct,1185732,2021-08-04,Northeast,Connecticut,Hartford,Women's Street Footwear,$36.00 ,107,385,$135 ,Outlet
Foot Locker,1197831,2021-01-05,South,Louisiana,New Orleans,Men's Street Footwear,$14.00 ,223,312,$106 ,Outlet
Foot Locker,1185732,2021-07-31,Midwest,Illinois,Chicago,Men's Athletic Footwear,$50.00 ,250,"12,500","$4,375 ",Outlet
Amazon,1185732,2021-12-13,Northeast,Massachusetts,Boston,Men's Apparel,$52.00 ,90,468,$136 ,Outlet
Walmart,1128299,2021-11-17,Southeast,Florida,Orlando,Men's Athletic Footwear,$60.00 ,700,"42,000","$10,500 ",In-store
West Gear,1185732,2021-02-10,Midwest,Indiana,Indianapolis,Women's Apparel,$19.00 ,75,143,$73 ,Online
Kohl's,1185732,2021-06-12,West,Wyoming,Cheyenne,Men's Athletic Footwear,$42.00 ,168,706,$289 ,Online
Amazon,1185732,2021-03-21,Southeast,Kentucky,Louisville,Women's Apparel,$42.00 ,65,273,$139 ,Online
Foot Locker,1185732,2021-01-24,Northeast,West Virginia,Charleston,Men's Street Footwear,$33.00 ,106,350,$175 ,Online
Amazon,1185732,2021-12-02,Southeast,North Carolina,Charlotte,Women's Athletic Footwear,$60.00 ,675,"40,500","$16,200 ",Online
Foot Locker,1185732,2021-12-03,Northeast,Connecticut,Hartford,Women's Athletic Footwear,$53.00 ,87,461,$194 ,Online
Foot Locker,1185732,2021-05-06,Northeast,Rhode Island,Providence,Women's Street Footwear,$32.00 ,60,192,$81 ,Outlet
West Gear,1197831,2021-09-19,South,Oklahoma,Oklahoma City,Men's Street Footwear,$50.00 ,575,"28,750","$11,500 ",Online
West Gear,1185732,2021-04-03,Midwest,Wisconsin,Milwaukee,Women's Apparel,$49.00 ,61,299,$164 ,Online
Sports Direct,1185732,2021-10-15,Northeast,Massachusetts,Boston,Women's Athletic Footwear,$54.00 ,27,146,$55 ,Online
Kohl's,1189833,2021-05-15,West,California,Los Angeles,Women's Street Footwear,$33.00 ,208,686,$288 ,Outlet
Foot Locker,1128299,2021-11-23,West,Arizona,Phoenix,Men's Street Footwear,$31.00 ,150,465,$177 ,Outlet
Foot Locker,1128299,2021-07-22,West,Arizona,Phoenix,Women's Apparel,$70.00 ,425,"29,750","$7,438 ",Online
West Gear,1128299,2021-01-18,West,California,San Francisco,Men's Street Footwear,$65.00 ,975,"63,375","$22,181 ",Outlet
West Gear,1185732,2021-08-03,Midwest,Wisconsin,Milwaukee,Men's Street Footwear,$46.00 ,158,727,$305 ,Online
Foot Locker,1185732,2021-10-25,South,Texas,Dallas,Women's Athletic Footwear,$28.00 ,23,64,$28 ,Outlet
West Gear,1128299,2021-01-31,West,California,San Francisco,Men's Athletic Footwear,$39.00 ,280,"1,092",$197 ,Outlet
Sports Direct,1185732,2021-11-12,Midwest,South Dakota,Sioux Falls,Men's Athletic Footwear,$41.00 ,63,258,$106 ,Online
Sports Direct,1185732,2021-05-15,Midwest,Michigan,Detroit,Women's Street Footwear,$44.00 ,133,585,$234 ,Online
Foot Locker,1185732,2021-11-18,Northeast,New Hampshire,Manchester,Women's Street Footwear,$63.00 ,104,655,$295 ,Online
Foot Locker,1185732,2021-12-10,West,Wyoming,Cheyenne,Women's Apparel,$60.00 ,600,"36,000","$9,000 ",In-store
Foot Locker,1185732,2021-07-16,Midwest,Nebraska,Omaha,Women's Street Footwear,$29.00 ,14,41,$20 ,Online
West Gear,1128299,2021-11-24,West,Oregon,Portland,Women's Apparel,$53.00 ,165,875,$324 ,Outlet
Foot Locker,1128299,2021-04-10,West,Hawaii,Honolulu,Men's Street Footwear,$59.00 ,130,767,$276 ,Online
Foot Locker,1185732,2021-08-14,Northeast,Delaware,Wilmington,Women's Athletic Footwear,$45.00 ,250,"11,250","$4,500 ",In-store
Amazon,1185732,2021-09-10,Northeast,Vermont,Burlington,Women's Street Footwear,$40.00 ,72,288,$121 ,Outlet
Kohl's,1128299,2021-07-25,West,New Mexico,Albuquerque,Women's Athletic Footwear,$54.00 ,135,729,$328 ,Online
Foot Locker,1185732,2021-11-18,Northeast,New Hampshire,Manchester,Women's Athletic Footwear,$43.00 ,114,490,$167 ,Outlet
Sports Direct,1185732,2021-02-05,Northeast,Connecticut,Hartford,Men's Apparel,$39.00 ,66,257,$95 ,Outlet
Foot Locker,1128299,2021-02-24,Southeast,Virginia,Richmond,Women's Athletic Footwear,$38.00 ,58,220,$110 ,Online
Sports Direct,1197831,2021-09-06,South,Alabama,Birmingham,Men's Street Footwear,$31.00 ,256,794,$421 ,Outlet
Sports Direct,1128299,2021-11-13,Southeast,Georgia,Atlanta,Men's Apparel,$65.00 ,350,"22,750","$7,963 ",Online
Kohl's,1185732,2021-09-10,West,Wyoming,Cheyenne,Women's Athletic Footwear,$38.00 ,135,513,$251 ,Online
Foot Locker,1128299,2021-04-24,Southeast,Virginia,Richmond,Men's Street Footwear,$55.00 ,475,"26,125","$9,144 ",In-store
West Gear,1197831,2021-05-05,West,Idaho,Boise,Men's Athletic Footwear,$22.00 ,247,543,$223 ,Outlet
West Gear,1185732,2021-07-16,Northeast,West Virginia,Charleston,Women's Apparel,$65.00 ,475,"30,875","$12,350 ",In-store
Sports Direct,1197831,2021-03-23,South,Tennessee,Knoxville,Men's Athletic Footwear,$31.00 ,195,605,$284 ,Outlet
Foot Locker,1185732,2021-12-03,Northeast,Connecticut,Hartford,Women's Apparel,$67.00 ,112,750,$345 ,Online
Sports Direct,1197831,2021-04-17,South,Tennessee,Knoxville,Women's Street Footwear,$36.00 ,263,947,$568 ,Online
West Gear,1185732,2021-02-22,Northeast,West Virginia,Charleston,Women's Street Footwear,$25.00 ,175,"4,375","$1,531 ",In-store
Sports Direct,1185732,2021-02-15,Northeast,Rhode Island,Providence,Men's Athletic Footwear,$31.00 ,53,164,$58 ,Outlet
West Gear,1185732,2021-01-03,Midwest,Iowa,Des Moines,Women's Apparel,$28.00 ,73,204,$112 ,Online
Sports Direct,1185732,2021-05-10,Midwest,North Dakota,Fargo,Women's Street Footwear,$40.00 ,175,"7,000","$2,100 ",In-store
Sports Direct,1197831,2021-09-04,South,Alabama,Birmingham,Men's Apparel,$50.00 ,500,"25,000","$10,000 ",Outlet
Amazon,1185732,2021-07-10,Northeast,Vermont,Burlington,Men's Athletic Footwear,$55.00 ,425,"23,375","$10,519 ",In-store
Foot Locker,1185732,2021-11-30,Northeast,Pennsylvania,Philadelphia,Women's Athletic Footwear,$51.00 ,44,224,$119 ,Online
Foot Locker,1197831,2021-11-13,Midwest,Kansas,Wichita,Men's Athletic Footwear,$15.00 ,275,"4,125","$1,444 ",Online
West Gear,1185732,2021-03-08,Northeast,New York,Albany,Women's Street Footwear,$33.00 ,161,531,$191 ,Online
Walmart,1128299,2021-05-18,Southeast,Florida,Orlando,Men's Apparel,$55.00 ,225,"12,375","$2,475 ",Outlet
Amazon,1185732,2021-12-17,Northeast,Maine,Portland,Women's Apparel,$69.00 ,75,518,$274 ,Online
West Gear,1185732,2021-03-20,Northeast,Maryland,Baltimore,Men's Apparel,$45.00 ,75,"3,375","$1,013 ",In-store
Foot Locker,1185732,2021-03-17,Midwest,Missouri,St. Louis,Men's Athletic Footwear,$35.00 ,300,"10,500","$3,675 ",In-store
Amazon,1185732,2021-10-20,Northeast,Maine,Portland,Women's Street Footwear,$29.00 ,60,174,$92 ,Online
West Gear,1185732,2021-10-10,Midwest,Indiana,Indianapolis,Men's Athletic Footwear,$35.00 ,250,"8,750","$3,500 ",In-store
Sports Direct,1185732,2021-04-14,Northeast,Massachusetts,Boston,Women's Apparel,$30.00 ,94,282,$102 ,Outlet
Sports Direct,1185732,2021-07-03,Northeast,Connecticut,Hartford,Men's Street Footwear,$54.00 ,189,"1,021",$551 ,Online
Foot Locker,1185732,2021-10-19,Northeast,New Hampshire,Manchester,Women's Athletic Footwear,$44.00 ,61,268,$86 ,Outlet
Sports Direct,1197831,2021-04-29,South,Tennessee,Knoxville,Women's Street Footwear,$40.00 ,203,812,$414 ,Outlet
Foot Locker,1128299,2021-11-24,Southeast,Virginia,Richmond,Women's Street Footwear,$43.00 ,138,593,$285 ,Online
Amazon,1185732,2021-07-21,Southeast,Kentucky,Louisville,Women's Apparel,$55.00 ,425,"23,375","$9,350 ",Online
Foot Locker,1185732,2021-03-17,Midwest,Missouri,St. Louis,Women's Apparel,$35.00 ,350,"12,250","$6,125 ",In-store
Walmart,1197831,2021-07-19,South,Arkansas,Little Rock,Men's Street Footwear,$50.00 ,233,"1,165",$583 ,Online
Foot Locker,1185732,2021-02-07,Southeast,South Carolina,Charleston,Women's Athletic Footwear,$35.00 ,625,"21,875","$6,563 ",Online
Foot Locker,1185732,2021-11-22,Southeast,Kentucky,Louisville,Women's Athletic Footwear,$52.00 ,52,270,$135 ,Online
Foot Locker,1185732,2021-11-18,Northeast,New Hampshire,Manchester,Men's Athletic Footwear,$42.00 ,114,479,$206 ,Outlet
Sports Direct,1128299,2021-01-13,West,New Mexico,Albuquerque,Women's Street Footwear,$38.00 ,126,479,$215 ,Online
West Gear,1185732,2021-07-10,West,Utah,Salt Lake City,Women's Athletic Footwear,$23.00 ,115,265,$132 ,Online
Foot Locker,1185732,2021-06-08,Northeast,Rhode Island,Providence,Men's Apparel,$50.00 ,200,"10,000","$3,000 ",In-store
Foot Locker,1185732,2021-06-02,Midwest,Nebraska,Omaha,Men's Street Footwear,$40.00 ,420,"16,800","$6,720 ",Outlet
Sports Direct,1185732,2021-01-19,Southeast,Virginia,Richmond,Women's Apparel,$25.00 ,193,483,$280 ,Outlet
Kohl's,1197831,2021-11-20,South,Oklahoma,Oklahoma City,Women's Athletic Footwear,$37.00 ,90,333,$157 ,Outlet
West Gear,1185732,2021-12-10,West,Utah,Salt Lake City,Men's Street Footwear,$39.00 ,203,792,$435 ,Online
Sports Direct,1185732,2021-07-20,Northeast,Maryland,Baltimore,Women's Apparel,$55.00 ,350,"19,250","$5,775 ",In-store
Amazon,1185732,2021-02-11,Midwest,Ohio,Columbus,Men's Apparel,$45.00 ,450,"20,250","$7,088 ",Online
Kohl's,1189833,2021-02-13,Midwest,Montana,Billings,Women's Apparel,$56.00 ,112,627,$238 ,Online
Foot Locker,1185732,2021-03-16,South,Mississippi,Jackson,Men's Athletic Footwear,$20.00 ,128,256,$100 ,Outlet
Amazon,1185732,2021-05-09,Midwest,Ohio,Columbus,Women's Athletic Footwear,$38.00 ,123,467,$257 ,Online
West Gear,1128299,2021-03-16,South,Louisiana,New Orleans,Men's Apparel,$40.00 ,50,200,$102 ,Outlet
West Gear,1185732,2021-06-03,Midwest,Wisconsin,Milwaukee,Men's Street Footwear,$32.00 ,160,512,$225 ,Online
Amazon,1185732,2021-11-18,Northeast,Maine,Portland,Men's Apparel,$60.00 ,41,246,$89 ,Online
Foot Locker,1128299,2021-10-24,Southeast,Virginia,Richmond,Women's Street Footwear,$50.00 ,350,"17,500","$6,125 ",In-store
Walmart,1128299,2021-12-16,Southeast,Florida,Orlando,Men's Athletic Footwear,$55.00 ,256,"1,408",$436 ,Outlet
Kohl's,1185732,2021-04-07,Northeast,New Jersey,Newark,Women's Apparel,$35.00 ,250,"8,750","$3,500 ",In-store
West Gear,1197831,2021-05-19,South,Oklahoma,Oklahoma City,Men's Street Footwear,$40.00 ,595,"23,800","$9,520 ",Online
West Gear,1185732,2021-04-21,Northeast,Maryland,Baltimore,Men's Street Footwear,$33.00 ,128,422,$215 ,Online
Sports Direct,1185732,2021-10-04,Southeast,North Carolina,Charlotte,Women's Street Footwear,$34.00 ,150,510,$260 ,Online
Foot Locker,1185732,2021-09-13,Midwest,South Dakota,Sioux Falls,Women's Apparel,$46.00 ,65,299,$150 ,Online
Walmart,1128299,2021-07-16,Southeast,Florida,Orlando,Women's Athletic Footwear,$59.00 ,186,"1,097",$362 ,Outlet
Sports Direct,1185732,2021-02-05,Northeast,New Jersey,Newark,Women's Street Footwear,$30.00 ,250,"7,500","$2,250 ",In-store
West Gear,1128299,2021-05-18,South,Louisiana,New Orleans,Women's Apparel,$65.00 ,575,"37,375","$13,081 ",Online
Kohl's,1128299,2021-04-26,West,New Mexico,Albuquerque,Men's Street Footwear,$51.00 ,154,785,$353 ,Online
Amazon,1185732,2021-09-23,Southeast,Kentucky,Louisville,Women's Apparel,$50.00 ,275,"13,750","$5,500 ",Online
Foot Locker,1185732,2021-05-23,South,Tennessee,Knoxville,Women's Street Footwear,$24.00 ,65,156,$75 ,Online
West Gear,1197831,2021-08-20,South,Oklahoma,Oklahoma City,Women's Apparel,$40.00 ,166,664,$312 ,Outlet
Sports Direct,1185732,2021-01-19,Southeast,Virginia,Richmond,Men's Street Footwear,$23.00 ,233,536,$279 ,Outlet
Kohl's,1189833,2021-01-28,Midwest,Montana,Billings,Men's Athletic Footwear,$45.00 ,525,"23,625","$7,088 ",Outlet
Foot Locker,1128299,2021-03-09,West,Hawaii,Honolulu,Men's Athletic Footwear,$54.00 ,91,491,$152 ,Online
Foot Locker,1185732,2021-11-21,Northeast,Pennsylvania,Philadelphia,Men's Street Footwear,$65.00 ,500,"32,500","$17,875 ",Outlet
West Gear,1197831,2021-04-05,West,Idaho,Boise,Women's Apparel,$23.00 ,176,405,$231 ,Outlet
Foot Locker,1185732,2021-07-30,Midwest,Illinois,Chicago,Men's Street Footwear,$60.00 ,400,"24,000","$9,600 ",Outlet
Sports Direct,1197831,2021-01-23,South,Mississippi,Jackson,Men's Apparel,$34.00 ,95,323,$155 ,Online
West Gear,1185732,2021-07-02,Midwest,Wisconsin,Milwaukee,Women's Street Footwear,$40.00 ,225,"9,000","$2,700 ",In-store
West Gear,1197831,2021-06-04,West,Idaho,Boise,Men's Apparel,$55.00 ,450,"24,750","$7,425 ",Online
Sports Direct,1197831,2021-09-13,South,Texas,Dallas,Women's Athletic Footwear,$45.00 ,600,"27,000","$12,150 ",Outlet
Foot Locker,1128299,2021-12-16,South,Louisiana,New Orleans,Men's Apparel,$82.00 ,131,"1,074",$623 ,Online
Amazon,1185732,2021-09-10,Northeast,Vermont,Burlington,Men's Street Footwear,$60.00 ,525,"31,500","$14,175 ",In-store
Sports Direct,1128299,2021-06-13,Southeast,Georgia,Atlanta,Women's Apparel,$53.00 ,190,"1,007",$322 ,Outlet
West Gear,1128299,2021-05-25,West,Oregon,Portland,Women's Athletic Footwear,$50.00 ,275,"13,750","$4,813 ",In-store
Kohl's,1185732,2021-12-13,Northeast,Delaware,Wilmington,Men's Apparel,$65.00 ,325,"21,125","$6,338 ",In-store
Amazon,1185732,2021-04-10,Midwest,Ohio,Columbus,Men's Athletic Footwear,$30.00 ,425,"12,750","$4,463 ",Online
Foot Locker,1185732,2021-02-22,Northeast,New Hampshire,Manchester,Women's Street Footwear,$45.00 ,275,"12,375","$3,094 ",Outlet
West Gear,1185732,2021-10-10,Northeast,New York,Albany,Women's Apparel,$65.00 ,625,"40,625","$20,313 ",In-store
West Gear,1185732,2021-05-12,West,Utah,Salt Lake City,Men's Street Footwear,$27.00 ,228,616,$265 ,Outlet
Foot Locker,1185732,2021-12-01,Northeast,Pennsylvania,Philadelphia,Men's Apparel,$64.00 ,60,384,$184 ,Online
Foot Locker,1185732,2021-03-05,Midwest,Iowa,Des Moines,Women's Street Footwear,$10.00 ,225,"2,250",$675 ,In-store
Sports Direct,1197831,2021-08-20,South,Texas,Dallas,Women's Athletic Footwear,$32.00 ,128,410,$217 ,Online
Foot Locker,1128299,2021-10-23,West,Arizona,Phoenix,Men's Street Footwear,$36.00 ,170,612,$257 ,Outlet
Foot Locker,1197831,2021-03-06,West,Idaho,Boise,Men's Street Footwear,$30.00 ,625,"18,750","$6,563 ",Online
Foot Locker,1185732,2021-08-07,Northeast,Rhode Island,Providence,Men's Athletic Footwear,$45.00 ,325,"14,625","$5,119 ",In-store
Sports Direct,1185732,2021-01-17,Northeast,Rhode Island,Providence,Men's Apparel,$50.00 ,150,"7,500","$1,875 ",In-store
Amazon,1185732,2021-09-10,Northeast,Vermont,Burlington,Men's Apparel,$48.00 ,68,326,$121 ,Outlet
Sports Direct,1128299,2021-03-12,Southeast,Georgia,Atlanta,Men's Street Footwear,$40.00 ,525,"21,000","$8,400 ",Online
Amazon,1185732,2021-10-24,Northeast,Maine,Portland,Men's Street Footwear,$40.00 ,470,"18,800","$6,580 ",Outlet
Foot Locker,1185732,2021-09-13,Midwest,South Dakota,Sioux Falls,Men's Apparel,$41.00 ,42,172,$86 ,Online
Foot Locker,1185732,2021-06-27,Midwest,Nebraska,Omaha,Men's Athletic Footwear,$37.00 ,81,300,$135 ,Online
West Gear,1128299,2021-03-23,West,Oregon,Portland,Women's Apparel,$49.00 ,87,426,$179 ,Online
Walmart,1128299,2021-12-16,Southeast,Florida,Orlando,Men's Street Footwear,$58.00 ,280,"1,624",$585 ,Outlet
Foot Locker,1185732,2021-03-11,Midwest,South Dakota,Sioux Falls,Men's Athletic Footwear,$37.00 ,50,185,$78 ,Online
West Gear,1128299,2021-02-09,West,California,San Francisco,Men's Apparel,$63.00 ,163,"1,027",$585 ,Online
Sports Direct,1185732,2021-09-13,Northeast,Massachusetts,Boston,Women's Street Footwear,$30.00 ,47,141,$42 ,Outlet
Sports Direct,1128299,2021-10-13,Southeast,Georgia,Atlanta,Women's Apparel,$70.00 ,350,"24,500","$6,125 ",Online
Sports Direct,1185732,2021-04-03,Southeast,North Carolina,Charlotte,Men's Street Footwear,$27.00 ,263,710,$383 ,Online
Foot Locker,1185732,2021-12-12,Northeast,Pennsylvania,Philadelphia,Women's Athletic Footwear,$32.00 ,53,170,$70 ,Outlet
Foot Locker,1185732,2021-06-06,Midwest,Iowa,Des Moines,Women's Street Footwear,$25.00 ,200,"5,000","$1,500 ",In-store
Walmart,1197831,2021-05-19,South,Arkansas,Little Rock,Women's Street Footwear,$34.00 ,91,309,$170 ,Online
West Gear,1128299,2021-01-16,West,California,San Francisco,Men's Apparel,$44.00 ,240,"1,056",$591 ,Outlet
West Gear,1185732,2021-07-08,Northeast,New York,Albany,Women's Apparel,$66.00 ,194,"1,280",$832 ,Online
Foot Locker,1185732,2021-07-13,Northeast,Delaware,Wilmington,Men's Street Footwear,$53.00 ,182,965,$482 ,Online
West Gear,1185732,2021-12-02,Midwest,Wisconsin,Milwaukee,Women's Street Footwear,$45.00 ,87,392,$172 ,Online
Kohl's,1197831,2021-12-19,South,Oklahoma,Oklahoma City,Men's Athletic Footwear,$47.00 ,149,700,$266 ,Outlet
Sports Direct,1185732,2021-05-13,Northeast,Massachusetts,Boston,Women's Athletic Footwear,$45.00 ,175,"7,875","$1,969 ",In-store
Amazon,1185732,2021-06-11,Midwest,Ohio,Columbus,Men's Street Footwear,$50.00 ,800,"40,000","$16,000 ",Online
Sports Direct,1197831,2021-08-08,South,Alabama,Birmingham,Men's Athletic Footwear,$33.00 ,174,574,$310 ,Online
Foot Locker,1185732,2021-10-29,Northeast,Pennsylvania,Philadelphia,Men's Athletic Footwear,$45.00 ,125,"5,625","$1,969 ",Outlet
Kohl's,1128299,2021-06-26,West,New Mexico,Albuquerque,Men's Athletic Footwear,$54.00 ,154,832,$432 ,Online
Walmart,1128299,2021-11-17,Southeast,Florida,Orlando,Women's Street Footwear,$55.00 ,525,"28,875","$8,663 ",In-store
Sports Direct,1185732,2021-01-17,Northeast,Rhode Island,Providence,Men's Athletic Footwear,$40.00 ,250,"10,000","$3,000 ",In-store
Sports Direct,1197831,2021-09-15,South,Texas,Dallas,Women's Apparel,$53.00 ,263,"1,394",$878 ,Online
Walmart,1128299,2021-05-18,Southeast,Florida,Orlando,Women's Apparel,$67.00 ,173,"1,159",$672 ,Online
Foot Locker,1185732,2021-01-24,Northeast,West Virginia,Charleston,Women's Street Footwear,$24.00 ,63,151,$70 ,Online
Sports Direct,1185732,2021-03-13,Northeast,Massachusetts,Boston,Women's Athletic Footwear,$25.00 ,93,233,$65 ,Outlet
Foot Locker,1185732,2021-03-16,South,Mississippi,Jackson,Women's Athletic Footwear,$19.00 ,80,152,$79 ,Online
Sports Direct,1128299,2021-07-12,Southeast,Georgia,Atlanta,Women's Street Footwear,$41.00 ,184,754,$309 ,Outlet
Kohl's,1185732,2021-10-12,West,Wyoming,Cheyenne,Men's Street Footwear,$55.00 ,775,"42,625","$21,313 ",In-store
Amazon,1185732,2021-12-02,Southeast,North Carolina,Charlotte,Women's Athletic Footwear,$55.00 ,196,"1,078",$582 ,Online
West Gear,1185732,2021-10-10,Midwest,Indiana,Indianapolis,Women's Apparel,$50.00 ,275,"13,750","$5,500 ",In-store
Foot Locker,1128299,2021-02-24,West,Wyoming,Cheyenne,Men's Athletic Footwear,$36.00 ,105,378,$170 ,Online
Foot Locker,1185732,2021-06-21,Midwest,Illinois,Chicago,Women's Athletic Footwear,$44.00 ,20,88,$44 ,Online
Walmart,1128299,2021-05-18,Southeast,Florida,Orlando,Men's Athletic Footwear,$65.00 ,425,"27,625","$6,906 ",Outlet
Sports Direct,1197831,2021-08-08,South,Alabama,Birmingham,Men's Athletic Footwear,$26.00 ,192,499,$210 ,Outlet
Sports Direct,1128299,2021-12-25,West,New Mexico,Albuquerque,Men's Apparel,$55.00 ,128,704,$232 ,Outlet
West Gear,1128299,2021-08-17,South,Louisiana,New Orleans,Men's Athletic Footwear,$57.00 ,256,"1,459",$642 ,Outlet
Foot Locker,1185732,2021-07-06,Northeast,Rhode Island,Providence,Women's Athletic Footwear,$37.00 ,58,215,$112 ,Online
Kohl's,1128299,2021-08-26,West,New Mexico,Albuquerque,Women's Athletic Footwear,$55.00 ,143,787,$370 ,Online
West Gear,1197831,2021-12-19,South,Arkansas,Little Rock,Women's Athletic Footwear,$60.00 ,400,"24,000","$9,600 ",Online
West Gear,1128299,2021-01-07,West,California,San Francisco,Men's Athletic Footwear,$50.00 ,256,"1,280",$384 ,Outlet
Walmart,1128299,2021-08-10,West,Hawaii,Honolulu,Women's Apparel,$75.00 ,350,"26,250","$10,500 ",Outlet
Amazon,1185732,2021-08-22,Southeast,Kentucky,Louisville,Men's Athletic Footwear,$45.00 ,350,"15,750","$5,513 ",Online
Amazon,1185732,2021-11-14,Northeast,Massachusetts,Boston,Men's Apparel,$65.00 ,250,"16,250","$4,063 ",In-store
Foot Locker,1185732,2021-07-19,Midwest,Nebraska,Omaha,Women's Apparel,$45.00 ,150,"6,750","$3,375 ",Outlet
Foot Locker,1185732,2021-12-30,Northeast,Pennsylvania,Philadelphia,Women's Athletic Footwear,$57.00 ,53,302,$160 ,Online
Kohl's,1197831,2021-09-12,Midwest,Kansas,Wichita,Men's Apparel,$25.00 ,225,"5,625","$1,969 ",Online
West Gear,1185732,2021-06-10,Midwest,Indiana,Indianapolis,Women's Apparel,$56.00 ,91,510,$260 ,Online
Sports Direct,1197831,2021-04-06,South,Tennessee,Knoxville,Women's Athletic Footwear,$30.00 ,525,"15,750","$7,875 ",Outlet
West Gear,1128299,2021-02-11,West,California,San Francisco,Men's Street Footwear,$51.00 ,293,"1,494",$598 ,Online
Foot Locker,1185732,2021-07-21,Midwest,Nebraska,Omaha,Men's Athletic Footwear,$30.00 ,150,"4,500","$1,575 ",Outlet
Kohl's,1197831,2021-12-19,South,Oklahoma,Oklahoma City,Women's Athletic Footwear,$60.00 ,325,"19,500","$7,800 ",Online
Amazon,1185732,2021-05-17,Northeast,New Hampshire,Manchester,Men's Apparel,$65.00 ,300,"19,500","$5,850 ",In-store
Sports Direct,1185732,2021-07-15,Midwest,Michigan,Detroit,Women's Apparel,$62.00 ,210,"1,302",$898 ,Online
Foot Locker,1185732,2021-07-05,Midwest,Iowa,Des Moines,Women's Apparel,$55.00 ,375,"20,625","$8,250 ",In-store
Foot Locker,1185732,2021-07-08,Midwest,Illinois,Chicago,Women's Street Footwear,$40.00 ,250,"10,000","$3,500 ",Outlet
Kohl's,1128299,2021-10-26,West,New Mexico,Albuquerque,Men's Apparel,$41.00 ,114,467,$154 ,Outlet
West Gear,1185732,2021-02-10,Northeast,New York,Albany,Women's Apparel,$45.00 ,650,"29,250","$14,625 ",In-store
Kohl's,1189833,2021-05-21,West,California,Los Angeles,Women's Street Footwear,$47.00 ,169,794,$397 ,Online
West Gear,1185732,2021-07-16,Northeast,West Virginia,Charleston,Men's Apparel,$54.00 ,87,470,$254 ,Online
Sports Direct,1185732,2021-01-09,Midwest,South Dakota,Sioux Falls,Men's Athletic Footwear,$35.00 ,275,"9,625","$2,888 ",Online
Foot Locker,1185732,2021-07-19,Midwest,Illinois,Chicago,Men's Athletic Footwear,$45.00 ,300,"13,500","$4,725 ",Outlet
Sports Direct,1128299,2021-02-17,Southeast,Florida,Orlando,Men's Apparel,$55.00 ,200,"11,000","$2,200 ",Outlet
Sports Direct,1197831,2021-10-04,West,Idaho,Boise,Men's Athletic Footwear,$37.00 ,173,640,$346 ,Online
Foot Locker,1185732,2021-12-17,Northeast,New Hampshire,Manchester,Men's Apparel,$75.00 ,350,"26,250","$7,875 ",Outlet
Kohl's,1189833,2021-02-26,Midwest,Montana,Billings,Men's Street Footwear,$38.00 ,167,635,$374 ,Online
Kohl's,1189833,2021-05-12,West,California,Los Angeles,Women's Apparel,$59.00 ,189,"1,115",$346 ,Online
Foot Locker,1185732,2021-10-07,Southeast,South Carolina,Charleston,Men's Athletic Footwear,$42.00 ,208,874,$437 ,Online
Sports Direct,1185732,2021-10-15,Northeast,Massachusetts,Boston,Men's Apparel,$62.00 ,27,167,$59 ,Online
Foot Locker,1185732,2021-10-09,Midwest,North Dakota,Fargo,Women's Apparel,$53.00 ,73,387,$205 ,Online
West Gear,1185732,2021-02-11,West,Utah,Salt Lake City,Women's Athletic Footwear,$20.00 ,300,"6,000","$2,400 ",In-store
Sports Direct,1197831,2021-09-29,South,Alabama,Birmingham,Women's Apparel,$26.00 ,147,382,$275 ,Outlet
West Gear,1185732,2021-09-08,Northeast,New York,Albany,Women's Athletic Footwear,$44.00 ,137,603,$247 ,Online
West Gear,1185732,2021-03-16,Northeast,West Virginia,Charleston,Men's Apparel,$37.00 ,59,218,$109 ,Online
West Gear,1185732,2021-04-21,Northeast,Maryland,Baltimore,Men's Apparel,$45.00 ,50,"2,250",$675 ,In-store
Foot Locker,1185732,2021-05-23,South,Tennessee,Knoxville,Women's Street Footwear,$19.00 ,74,141,$55 ,Outlet
West Gear,1128299,2021-03-23,West,Oregon,Portland,Men's Street Footwear,$40.00 ,475,"19,000","$6,650 ",In-store
Foot Locker,1185732,2021-05-13,Midwest,South Dakota,Sioux Falls,Women's Athletic Footwear,$43.00 ,26,112,$50 ,Online
Kohl's,1128299,2021-12-22,West,Arizona,Phoenix,Men's Apparel,$52.00 ,88,458,$197 ,Online
Foot Locker,1185732,2021-06-27,Midwest,Nebraska,Omaha,Men's Athletic Footwear,$40.00 ,300,"12,000","$4,200 ",Outlet
Amazon,1185732,2021-02-12,Northeast,Massachusetts,Boston,Women's Street Footwear,$35.00 ,275,"9,625","$3,369 ",In-store
Kohl's,1189833,2021-05-06,West,California,Los Angeles,Women's Apparel,$61.00 ,189,"1,153",$404 ,Online
Foot Locker,1185732,2021-07-02,Midwest,Nebraska,Omaha,Men's Street Footwear,$41.00 ,145,595,$315 ,Online
Foot Locker,1185732,2021-04-12,Midwest,South Dakota,Sioux Falls,Men's Apparel,$60.00 ,100,"6,000","$2,100 ",Online
Foot Locker,1185732,2021-06-04,Midwest,Illinois,Chicago,Men's Apparel,$53.00 ,47,249,$122 ,Online
Kohl's,1185732,2021-08-11,West,Wyoming,Cheyenne,Men's Athletic Footwear,$43.00 ,163,701,$287 ,Online
Kohl's,1185732,2021-02-08,Northeast,New Jersey,Newark,Women's Apparel,$32.00 ,74,237,$126 ,Online
Sports Direct,1185732,2021-09-13,Northeast,Massachusetts,Boston,Women's Athletic Footwear,$42.00 ,36,151,$60 ,Online
Foot Locker,1185732,2021-11-19,Northeast,Pennsylvania,Philadelphia,Men's Apparel,$65.00 ,125,"8,125","$2,438 ",Outlet
Sports Direct,1128299,2021-01-17,West,Hawaii,Honolulu,Women's Athletic Footwear,$50.00 ,275,"13,750","$4,125 ",Outlet
Sports Direct,1197831,2021-10-17,South,Texas,Dallas,Men's Athletic Footwear,$56.00 ,231,"1,294",$673 ,Online
West Gear,1185732,2021-05-20,Northeast,Maryland,Baltimore,Men's Athletic Footwear,$45.00 ,175,"7,875","$2,756 ",In-store
Amazon,1185732,2021-01-14,Northeast,Massachusetts,Boston,Women's Apparel,$44.00 ,98,431,$220 ,Online
Walmart,1128299,2021-04-17,Southeast,Florida,Orlando,Women's Street Footwear,$49.00 ,132,647,$220 ,Outlet
Sports Direct,1197831,2021-09-21,South,Alabama,Birmingham,Women's Athletic Footwear,$58.00 ,95,551,$391 ,Online
Amazon,1185732,2021-02-19,Northeast,Vermont,Burlington,Women's Street Footwear,$39.00 ,90,351,$154 ,Online
Kohl's,1197831,2021-08-13,Midwest,Kansas,Wichita,Men's Apparel,$47.00 ,69,324,$162 ,Online
Foot Locker,1185732,2021-07-11,Midwest,South Dakota,Sioux Falls,Men's Apparel,$50.00 ,200,"10,000","$3,500 ",Online
Kohl's,1185732,2021-02-08,Northeast,New Jersey,Newark,Women's Athletic Footwear,$30.00 ,100,"3,000","$1,200 ",In-store
West Gear,1128299,2021-10-17,South,Louisiana,New Orleans,Women's Street Footwear,$42.00 ,100,420,$210 ,Online
Amazon,1185732,2021-07-09,Midwest,Ohio,Columbus,Men's Apparel,$65.00 ,550,"35,750","$12,513 ",Online
West Gear,1128299,2021-08-24,West,Oregon,Portland,Men's Street Footwear,$90.00 ,800,"72,000","$25,200 ",In-store
Foot Locker,1185732,2021-06-18,Midwest,Missouri,St. Louis,Men's Athletic Footwear,$30.00 ,350,"10,500","$3,675 ",In-store
Amazon,1185732,2021-07-09,Midwest,Ohio,Columbus,Women's Athletic Footwear,$55.00 ,525,"28,875","$11,550 ",Online
West Gear,1185732,2021-11-03,Midwest,Wisconsin,Milwaukee,Women's Street Footwear,$35.00 ,245,"8,575","$2,573 ",In-store
Amazon,1185732,2021-05-23,Southeast,Kentucky,Louisville,Women's Apparel,$55.00 ,275,"15,125","$6,050 ",Online
Sports Direct,1185732,2021-04-16,Midwest,Michigan,Detroit,Men's Apparel,$45.00 ,120,540,$270 ,Online
West Gear,1185732,2021-01-11,Midwest,Missouri,St. Louis,Men's Apparel,$33.00 ,98,323,$152 ,Online
Kohl's,1128299,2021-10-26,West,New Mexico,Albuquerque,Women's Apparel,$68.00 ,105,714,$264 ,Online
Kohl's,1189833,2021-01-02,Midwest,Montana,Billings,Women's Apparel,$43.00 ,138,593,$231 ,Online
West Gear,1197831,2021-10-21,South,Oklahoma,Oklahoma City,Men's Athletic Footwear,$14.00 ,112,157,$66 ,Outlet
Amazon,1185732,2021-02-22,Midwest,Ohio,Columbus,Men's Athletic Footwear,$40.00 ,200,"8,000","$2,800 ",Online
Sports Direct,1197831,2021-03-24,South,Tennessee,Knoxville,Women's Street Footwear,$22.00 ,166,365,$157 ,Outlet
Foot Locker,1185732,2021-07-13,Northeast,Delaware,Wilmington,Women's Athletic Footwear,$43.00 ,90,387,$205 ,Online
Kohl's,1197831,2021-10-14,Midwest,Kansas,Wichita,Men's Street Footwear,$29.00 ,145,421,$193 ,Online
Sports Direct,1185732,2021-03-03,Northeast,Connecticut,Hartford,Women's Street Footwear,$30.00 ,250,"7,500","$2,250 ",In-store
Sports Direct,1197831,2021-09-01,South,Alabama,Birmingham,Men's Athletic Footwear,$50.00 ,750,"37,500","$16,875 ",Outlet
Sports Direct,1197831,2021-09-09,South,Alabama,Birmingham,Women's Athletic Footwear,$44.00 ,173,761,$563 ,Online
West Gear,1197831,2021-06-04,West,Idaho,Boise,Women's Street Footwear,$50.00 ,600,"30,000","$10,500 ",Online
Kohl's,1128299,2021-12-22,West,Arizona,Phoenix,Women's Athletic Footwear,$44.00 ,115,506,$228 ,Online
Sports Direct,1185732,2021-02-04,Southeast,North Carolina,Charlotte,Women's Apparel,$30.00 ,700,"21,000","$10,500 ",Online
Foot Locker,1185732,2021-01-20,Southeast,Kentucky,Louisville,Men's Street Footwear,$29.00 ,189,548,$296 ,Online
Foot Locker,1185732,2021-12-17,Northeast,Pennsylvania,Philadelphia,Women's Street Footwear,$48.00 ,34,163,$73 ,Online
Sports Direct,1197831,2021-03-12,Midwest,Montana,Billings,Women's Street Footwear,$27.00 ,130,351,$158 ,Online
Walmart,1185732,2021-08-17,South,Mississippi,Jackson,Women's Apparel,$55.00 ,625,"34,375","$17,188 ",Online
Kohl's,1189833,2021-02-03,Midwest,Montana,Billings,Men's Athletic Footwear,$41.00 ,156,640,$275 ,Online
Sports Direct,1185732,2021-11-17,South,Mississippi,Jackson,Women's Apparel,$68.00 ,158,"1,074",$655 ,Online
Kohl's,1128299,2021-03-25,West,New Mexico,Albuquerque,Men's Athletic Footwear,$51.00 ,112,571,$303 ,Online
Kohl's,1185732,2021-03-06,Northeast,New Jersey,Newark,Men's Apparel,$43.00 ,34,146,$66 ,Online
West Gear,1185732,2021-10-03,Midwest,Wisconsin,Milwaukee,Men's Athletic Footwear,$35.00 ,225,"7,875","$2,756 ",In-store
West Gear,1185732,2021-03-08,Northeast,New York,Albany,Women's Apparel,$43.00 ,161,692,$415 ,Online
Foot Locker,1185732,2021-06-18,Midwest,Missouri,St. Louis,Men's Street Footwear,$35.00 ,600,"21,000","$8,400 ",In-store
West Gear,1197831,2021-01-23,South,Arkansas,Little Rock,Women's Athletic Footwear,$13.00 ,74,96,$41 ,Outlet
Foot Locker,1185732,2021-12-13,Northeast,Pennsylvania,Philadelphia,Men's Apparel,$36.00 ,41,148,$50 ,Outlet
Foot Locker,1185732,2021-07-25,Midwest,Illinois,Chicago,Men's Athletic Footwear,$50.00 ,250,"12,500","$4,375 ",Outlet
Amazon,1185732,2021-02-19,Northeast,New Hampshire,Manchester,Men's Apparel,$41.00 ,96,394,$130 ,Outlet
Sports Direct,1128299,2021-04-13,Southeast,Georgia,Atlanta,Women's Athletic Footwear,$40.00 ,96,384,$173 ,Outlet
Sports Direct,1185732,2021-03-13,Northeast,Massachusetts,Boston,Men's Apparel,$50.00 ,100,"5,000","$1,250 ",In-store
Foot Locker,1128299,2021-12-23,Southeast,Virginia,Richmond,Men's Athletic Footwear,$54.00 ,225,"1,215",$498 ,Outlet
Foot Locker,1128299,2021-05-25,Southeast,Virginia,Richmond,Women's Athletic Footwear,$50.00 ,275,"13,750","$4,813 ",In-store
Kohl's,1128299,2021-10-26,West,New Mexico,Albuquerque,Women's Athletic Footwear,$50.00 ,350,"17,500","$6,125 ",Online
Walmart,1185732,2021-10-18,South,Mississippi,Jackson,Women's Athletic Footwear,$20.00 ,109,218,$98 ,Outlet
Sports Direct,1185732,2021-10-08,Northeast,New Jersey,Newark,Women's Apparel,$62.00 ,68,422,$223 ,Online
Sports Direct,1185732,2021-04-03,Southeast,North Carolina,Charlotte,Women's Street Footwear,$20.00 ,144,288,$158 ,Online
Sports Direct,1185732,2021-04-14,Northeast,Massachusetts,Boston,Men's Athletic Footwear,$37.00 ,45,167,$73 ,Online
Foot Locker,1197831,2021-07-06,West,Idaho,Boise,Women's Apparel,$51.00 ,264,"1,346",$794 ,Outlet
Foot Locker,1185732,2021-02-06,Midwest,North Dakota,Fargo,Women's Street Footwear,$19.00 ,56,106,$44 ,Online
Foot Locker,1185732,2021-11-07,Northeast,Pennsylvania,Philadelphia,Men's Apparel,$60.00 ,75,"4,500","$1,350 ",Outlet
Foot Locker,1185732,2021-11-04,Northeast,Connecticut,Hartford,Women's Apparel,$52.00 ,116,603,$235 ,Outlet
West Gear,1185732,2021-05-12,West,Utah,Salt Lake City,Women's Apparel,$45.00 ,400,"18,000","$9,000 ",In-store
West Gear,1128299,2021-01-27,West,California,San Francisco,Women's Athletic Footwear,$39.00 ,247,963,$260 ,Outlet
West Gear,1185732,2021-05-04,Midwest,Wisconsin,Milwaukee,Women's Athletic Footwear,$35.00 ,150,"5,250","$1,575 ",In-store
Foot Locker,1128299,2021-06-24,Southeast,Virginia,Richmond,Men's Apparel,$90.00 ,400,"36,000","$14,400 ",In-store
Foot Locker,1185732,2021-05-13,Midwest,South Dakota,Sioux Falls,Women's Street Footwear,$43.00 ,46,198,$83 ,Online
West Gear,1197831,2021-07-19,South,Oklahoma,Oklahoma City,Women's Athletic Footwear,$45.00 ,325,"14,625","$5,850 ",Online
Sports Direct,1128299,2021-02-13,West,New Mexico,Albuquerque,Men's Street Footwear,$30.00 ,500,"15,000","$6,000 ",Online
Sports Direct,1128299,2021-01-13,West,New Mexico,Albuquerque,Women's Street Footwear,$40.00 ,450,"18,000","$6,300 ",Online
Kohl's,1189833,2021-03-18,West,California,Los Angeles,Women's Apparel,$45.00 ,650,"29,250","$5,850 ",Outlet
Sports Direct,1185732,2021-12-16,South,Mississippi,Jackson,Men's Street Footwear,$70.00 ,775,"54,250","$21,700 ",Online
Foot Locker,1185732,2021-06-17,Midwest,Illinois,Chicago,Women's Apparel,$50.00 ,225,"11,250","$5,625 ",Outlet
Kohl's,1185732,2021-06-08,Northeast,New Jersey,Newark,Men's Street Footwear,$45.00 ,156,702,$323 ,Online
Sports Direct,1185732,2021-11-07,Northeast,Rhode Island,Providence,Women's Apparel,$60.00 ,77,462,$240 ,Online
West Gear,1185732,2021-10-03,Midwest,Wisconsin,Milwaukee,Women's Athletic Footwear,$32.00 ,33,106,$43 ,Online
Amazon,1185732,2021-03-17,Northeast,New Hampshire,Manchester,Men's Athletic Footwear,$50.00 ,275,"13,750","$5,500 ",In-store
Sports Direct,1185732,2021-10-22,Northeast,Maryland,Baltimore,Women's Street Footwear,$50.00 ,100,"5,000","$1,750 ",In-store
West Gear,1128299,2021-07-16,South,Louisiana,New Orleans,Men's Street Footwear,$90.00 ,900,"81,000","$32,400 ",Online
Foot Locker,1185732,2021-12-09,Northeast,Pennsylvania,Philadelphia,Men's Street Footwear,$65.00 ,475,"30,875","$15,438 ",Outlet
Foot Locker,1185732,2021-07-23,Midwest,Nebraska,Omaha,Women's Athletic Footwear,$27.00 ,36,97,$53 ,Online
Amazon,1185732,2021-04-18,Northeast,New Hampshire,Manchester,Men's Street Footwear,$50.00 ,550,"27,500","$11,000 ",In-store
Foot Locker,1185732,2021-02-08,Northeast,Connecticut,Hartford,Women's Street Footwear,$24.00 ,49,118,$59 ,Online
Sports Direct,1185732,2021-07-03,Northeast,Connecticut,Hartford,Men's Apparel,$55.00 ,300,"16,500","$4,950 ",In-store
West Gear,1128299,2021-01-29,West,California,San Francisco,Women's Apparel,$65.00 ,217,"1,411",$339 ,Online
Kohl's,1128299,2021-06-26,West,New Mexico,Albuquerque,Men's Apparel,$44.00 ,93,409,$143 ,Outlet
West Gear,1128299,2021-11-24,West,Oregon,Portland,Men's Athletic Footwear,$48.00 ,195,936,$468 ,Online
Walmart,1128299,2021-04-17,Southeast,Florida,Orlando,Women's Apparel,$57.00 ,113,644,$322 ,Outlet
West Gear,1197831,2021-03-19,South,Oklahoma,Oklahoma City,Men's Athletic Footwear,$20.00 ,250,"5,000","$1,750 ",Online
Kohl's,1185732,2021-04-11,West,Wyoming,Cheyenne,Men's Apparel,$47.00 ,106,498,$209 ,Online
Foot Locker,1185732,2021-08-06,Midwest,Iowa,Des Moines,Women's Apparel,$53.00 ,98,519,$286 ,Online
Amazon,1185732,2021-04-18,Northeast,New Hampshire,Manchester,Women's Apparel,$46.00 ,98,451,$207 ,Online
Sports Direct,1197831,2021-08-03,Midwest,Nebraska,Omaha,Women's Street Footwear,$28.00 ,138,386,$213 ,Online
Amazon,1185732,2021-11-21,West,Alaska,Anchorage,Women's Street Footwear,$65.00 ,320,"20,800","$5,200 ",Outlet
West Gear,1185732,2021-06-11,West,Utah,Salt Lake City,Men's Street Footwear,$21.00 ,208,437,$188 ,Outlet
Sports Direct,1128299,2021-02-13,West,New Mexico,Albuquerque,Men's Street Footwear,$29.00 ,145,421,$223 ,Online
West Gear,1128299,2021-07-23,West,Oregon,Portland,Men's Street Footwear,$79.00 ,255,"2,015",$967 ,Online
West Gear,1128299,2021-07-16,South,Louisiana,New Orleans,Women's Street Footwear,$90.00 ,196,"1,764",$953 ,Online
Walmart,1197831,2021-05-19,South,Arkansas,Little Rock,Women's Apparel,$44.00 ,111,488,$269 ,Online
Foot Locker,1185732,2021-01-18,Midwest,Michigan,Detroit,Men's Apparel,$40.00 ,325,"13,000","$4,550 ",In-store
Sports Direct,1128299,2021-03-16,Southeast,Florida,Orlando,Women's Athletic Footwear,$58.00 ,91,528,$222 ,Online
West Gear,1197831,2021-09-19,South,Oklahoma,Oklahoma City,Men's Apparel,$20.00 ,78,156,$59 ,Outlet
Foot Locker,1128299,2021-12-22,West,Arizona,Phoenix,Men's Street Footwear,$45.00 ,625,"28,125","$9,844 ",Online
Sports Direct,1185732,2021-11-16,Midwest,Michigan,Detroit,Women's Apparel,$65.00 ,625,"40,625","$22,344 ",In-store
West Gear,1185732,2021-02-10,Midwest,Wisconsin,Milwaukee,Men's Street Footwear,$35.00 ,550,"19,250","$7,700 ",In-store
Sports Direct,1185732,2021-05-03,Northeast,Connecticut,Hartford,Men's Street Footwear,$40.00 ,191,764,$336 ,Outlet
Kohl's,1189833,2021-01-27,Midwest,Montana,Billings,Men's Street Footwear,$36.00 ,169,608,$359 ,Online
Sports Direct,1197831,2021-09-30,South,Texas,Dallas,Women's Street Footwear,$59.00 ,203,"1,198",$635 ,Online
Sports Direct,1185732,2021-02-04,Southeast,South Carolina,Charleston,Men's Street Footwear,$35.00 ,975,"34,125","$13,650 ",Online
Foot Locker,1185732,2021-05-05,Southeast,South Carolina,Charleston,Women's Apparel,$60.00 ,800,"48,000","$24,000 ",Online
Amazon,1185732,2021-10-28,Northeast,Maine,Portland,Men's Apparel,$50.00 ,100,"5,000","$1,250 ",Outlet
Kohl's,1128299,2021-03-25,West,New Mexico,Albuquerque,Women's Street Footwear,$52.00 ,112,582,$285 ,Online
Sports Direct,1197831,2021-09-07,South,Texas,Dallas,Women's Athletic Footwear,$35.00 ,550,"19,250","$8,663 ",Outlet
Kohl's,1189833,2021-02-21,Midwest,Montana,Billings,Men's Athletic Footwear,$50.00 ,550,"27,500","$8,250 ",Outlet
Kohl's,1128299,2021-08-26,West,New Mexico,Albuquerque,Women's Street Footwear,$58.00 ,142,824,$379 ,Online
West Gear,1185732,2021-11-11,West,Utah,Salt Lake City,Men's Street Footwear,$29.00 ,149,432,$216 ,Online
West Gear,1128299,2021-05-18,South,Louisiana,New Orleans,Women's Street Footwear,$49.00 ,112,549,$280 ,Online
West Gear,1197831,2021-08-20,South,Oklahoma,Oklahoma City,Men's Apparel,$50.00 ,300,"15,000","$5,250 ",Online
Foot Locker,1185732,2021-09-19,Midwest,Missouri,St. Louis,Men's Apparel,$25.00 ,275,"6,875","$2,406 ",In-store
Walmart,1128299,2021-10-17,Southeast,Florida,Orlando,Men's Street Footwear,$50.00 ,400,"20,000","$6,000 ",In-store
West Gear,1197831,2021-10-21,South,Oklahoma,Oklahoma City,Women's Athletic Footwear,$15.00 ,62,93,$39 ,Outlet
Foot Locker,1185732,2021-12-15,Midwest,Michigan,Detroit,Women's Street Footwear,$50.00 ,600,"30,000","$9,000 ",In-store
Foot Locker,1185732,2021-05-19,Midwest,Missouri,St. Louis,Men's Street Footwear,$39.00 ,180,702,$358 ,Online
Walmart,1197831,2021-08-20,South,Arkansas,Little Rock,Women's Athletic Footwear,$40.00 ,400,"16,000","$6,400 ",Online
Amazon,1185732,2021-03-10,Northeast,Vermont,Burlington,Women's Athletic Footwear,$40.00 ,125,"5,000","$1,750 ",In-store
Foot Locker,1185732,2021-11-29,Northeast,Pennsylvania,Philadelphia,Women's Street Footwear,$51.00 ,59,301,$150 ,Online
West Gear,1128299,2021-03-16,South,Louisiana,New Orleans,Women's Athletic Footwear,$55.00 ,300,"16,500","$6,600 ",In-store
Sports Direct,1185732,2021-04-14,Northeast,Massachusetts,Boston,Men's Street Footwear,$40.00 ,450,"18,000","$5,400 ",In-store
Sports Direct,1185732,2021-05-02,Southeast,North Carolina,Charlotte,Men's Athletic Footwear,$45.00 ,650,"29,250","$10,238 ",Online
Amazon,1185732,2021-11-21,West,Alaska,Anchorage,Men's Athletic Footwear,$65.00 ,300,"19,500","$6,825 ",Outlet
Sports Direct,1185732,2021-02-09,Midwest,North Dakota,Fargo,Women's Athletic Footwear,$29.00 ,30,87,$39 ,Online
West Gear,1185732,2021-11-09,Northeast,New York,Albany,Men's Athletic Footwear,$49.00 ,162,794,$389 ,Online
Foot Locker,1128299,2021-09-25,Southeast,Virginia,Richmond,Women's Street Footwear,$34.00 ,78,265,$106 ,Outlet
West Gear,1185732,2021-02-10,Midwest,Indiana,Indianapolis,Women's Apparel,$20.00 ,300,"6,000","$2,400 ",In-store
Foot Locker,1128299,2021-05-11,West,Hawaii,Honolulu,Women's Street Footwear,$56.00 ,98,549,$220 ,Online
Amazon,1185732,2021-12-13,Northeast,Massachusetts,Boston,Women's Street Footwear,$51.00 ,98,500,$195 ,Online
Foot Locker,1185732,2021-01-18,Midwest,Michigan,Detroit,Men's Street Footwear,$27.00 ,156,421,$211 ,Online
Foot Locker,1128299,2021-07-22,West,Arizona,Phoenix,Men's Street Footwear,$49.00 ,196,960,$471 ,Online
Sports Direct,1185732,2021-01-17,Northeast,Rhode Island,Providence,Women's Athletic Footwear,$35.00 ,100,"3,500",$875 ,In-store
Sports Direct,1185732,2021-06-05,Northeast,Connecticut,Hartford,Men's Apparel,$36.00 ,91,328,$105 ,Outlet
West Gear,1185732,2021-03-09,Midwest,Indiana,Indianapolis,Women's Apparel,$25.00 ,275,"6,875","$2,750 ",In-store
Kohl's,1197831,2021-09-12,Midwest,Kansas,Wichita,Men's Athletic Footwear,$40.00 ,350,"14,000","$4,900 ",Online
Walmart,1128299,2021-11-10,West,Hawaii,Honolulu,Men's Athletic Footwear,$56.00 ,168,941,$301 ,Online
West Gear,1185732,2021-05-12,West,Utah,Salt Lake City,Men's Street Footwear,$35.00 ,670,"23,450","$9,380 ",In-store
Kohl's,1185732,2021-11-11,West,Wyoming,Cheyenne,Men's Apparel,$51.00 ,143,729,$299 ,Online
West Gear,1185732,2021-01-03,Midwest,Iowa,Des Moines,Men's Apparel,$40.00 ,150,"6,000","$3,000 ",In-store
Kohl's,1185732,2021-06-12,West,Wyoming,Cheyenne,Men's Athletic Footwear,$45.00 ,600,"27,000","$8,100 ",In-store
Foot Locker,1128299,2021-12-16,South,Louisiana,New Orleans,Men's Apparel,$85.00 ,525,"44,625","$20,081 ",Online
Sports Direct,1185732,2021-02-09,Midwest,South Dakota,Sioux Falls,Men's Athletic Footwear,$34.00 ,51,173,$75 ,Online
Amazon,1185732,2021-06-22,West,Alaska,Anchorage,Women's Apparel,$67.00 ,126,844,$355 ,Online
Amazon,1185732,2021-04-11,Northeast,Vermont,Burlington,Women's Athletic Footwear,$40.00 ,150,"6,000","$2,100 ",In-store
Walmart,1128299,2021-08-17,Southeast,Florida,Orlando,Men's Athletic Footwear,$77.00 ,206,"1,586",$555 ,Online
Amazon,1185732,2021-03-09,Midwest,Ohio,Columbus,Women's Athletic Footwear,$24.00 ,98,235,$122 ,Online
West Gear,1185732,2021-01-12,Southeast,Florida,Orlando,Men's Street Footwear,$30.00 ,272,816,$416 ,Outlet
Sports Direct,1197831,2021-05-09,South,Tennessee,Knoxville,Men's Street Footwear,$29.00 ,196,568,$318 ,Online
Walmart,1197831,2021-09-19,South,Arkansas,Little Rock,Men's Apparel,$18.00 ,111,200,$78 ,Outlet
Kohl's,1185732,2021-11-14,Northeast,Delaware,Wilmington,Women's Apparel,$64.00 ,98,627,$345 ,Online
West Gear,1185732,2021-09-12,West,Utah,Salt Lake City,Men's Apparel,$19.00 ,88,167,$84 ,Online
Sports Direct,1128299,2021-12-12,Southeast,Georgia,Atlanta,Men's Athletic Footwear,$39.00 ,223,870,$409 ,Outlet
Foot Locker,1185732,2021-08-04,Midwest,Illinois,Chicago,Women's Apparel,$61.00 ,65,397,$238 ,Online
Sports Direct,1128299,2021-03-12,Southeast,Georgia,Atlanta,Men's Athletic Footwear,$37.00 ,113,418,$184 ,Outlet
Foot Locker,1185732,2021-10-08,Northeast,Rhode Island,Providence,Men's Athletic Footwear,$38.00 ,68,258,$98 ,Outlet
Foot Locker,1128299,2021-05-24,West,Arizona,Phoenix,Women's Street Footwear,$55.00 ,400,"22,000","$7,700 ",Online
Foot Locker,1185732,2021-11-17,Northeast,Pennsylvania,Philadelphia,Women's Street Footwear,$52.00 ,42,218,$100 ,Online
Sports Direct,1197831,2021-08-21,South,Texas,Dallas,Men's Apparel,$26.00 ,93,242,$77 ,Outlet
Foot Locker,1185732,2021-07-06,Northeast,Rhode Island,Providence,Men's Apparel,$47.00 ,63,296,$118 ,Online
Sports Direct,1185732,2021-07-20,Northeast,Maryland,Baltimore,Men's Athletic Footwear,$45.00 ,275,"12,375","$4,331 ",In-store
Walmart,1197831,2021-09-19,South,Arkansas,Little Rock,Men's Street Footwear,$35.00 ,221,774,$333 ,Outlet
Foot Locker,1185732,2021-07-20,Midwest,Illinois,Chicago,Women's Street Footwear,$36.00 ,60,216,$102 ,Online
Walmart,1185732,2021-09-16,South,Mississippi,Jackson,Women's Street Footwear,$20.00 ,425,"8,500","$3,400 ",Online
West Gear,1197831,2021-06-21,South,Oklahoma,Oklahoma City,Men's Street Footwear,$38.00 ,156,593,$302 ,Online
Foot Locker,1185732,2021-12-27,Northeast,Pennsylvania,Philadelphia,Men's Street Footwear,$70.00 ,475,"33,250","$18,288 ",Outlet
Sports Direct,1197831,2021-10-04,West,Idaho,Boise,Women's Athletic Footwear,$44.00 ,101,444,$289 ,Online
West Gear,1128299,2021-03-23,West,Oregon,Portland,Men's Apparel,$43.00 ,30,129,$57 ,Outlet
Sports Direct,1185732,2021-10-15,Northeast,Massachusetts,Boston,Women's Athletic Footwear,$55.00 ,100,"5,500","$1,375 ",In-store
Foot Locker,1185732,2021-12-20,Northeast,Maryland,Baltimore,Women's Athletic Footwear,$50.00 ,175,"8,750","$3,063 ",In-store
Foot Locker,1185732,2021-07-29,Midwest,Nebraska,Omaha,Women's Athletic Footwear,$40.00 ,150,"6,000","$2,400 ",Outlet
Sports Direct,1197831,2021-08-30,South,Alabama,Birmingham,Women's Apparel,$43.00 ,203,873,$628 ,Online
Amazon,1185732,2021-10-22,Southeast,Kentucky,Louisville,Men's Street Footwear,$55.00 ,450,"24,750","$9,900 ",Online
Kohl's,1185732,2021-01-14,Northeast,New York,Albany,Men's Street Footwear,$40.00 ,800,"32,000","$16,000 ",In-store
Kohl's,1189833,2021-02-17,West,California,San Francisco,Men's Street Footwear,$32.00 ,203,650,$331 ,Online
Foot Locker,1197831,2021-02-04,South,Louisiana,New Orleans,Men's Street Footwear,$23.00 ,163,375,$150 ,Online
Sports Direct,1185732,2021-03-15,Midwest,Michigan,Detroit,Women's Apparel,$35.00 ,475,"16,625","$9,144 ",In-store
Foot Locker,1185732,2021-12-04,Northeast,Pennsylvania,Philadelphia,Men's Athletic Footwear,$60.00 ,300,"18,000","$6,300 ",Outlet
West Gear,1185732,2021-06-10,Midwest,Indiana,Indianapolis,Men's Apparel,$40.00 ,175,"7,000","$2,100 ",In-store
Walmart,1128299,2021-10-10,West,Hawaii,Honolulu,Women's Street Footwear,$60.00 ,300,"18,000","$4,500 ",Outlet
West Gear,1185732,2021-11-06,Midwest,Iowa,Des Moines,Women's Street Footwear,$32.00 ,57,182,$80 ,Online
Sports Direct,1185732,2021-07-08,Midwest,North Dakota,Fargo,Men's Apparel,$50.00 ,200,"10,000","$3,500 ",In-store
Foot Locker,1128299,2021-05-25,Southeast,Virginia,Richmond,Men's Apparel,$34.00 ,54,184,$79 ,Outlet
West Gear,1185732,2021-11-11,Northeast,Vermont,Burlington,Men's Athletic Footwear,$47.00 ,98,461,$226 ,Outlet
West Gear,1185732,2021-04-10,Midwest,Indiana,Indianapolis,Men's Athletic Footwear,$23.00 ,54,124,$65 ,Online
Sports Direct,1185732,2021-08-21,Northeast,Maryland,Baltimore,Men's Street Footwear,$48.00 ,135,648,$343 ,Online
Sports Direct,1197831,2021-08-30,South,Alabama,Birmingham,Women's Apparel,$36.00 ,263,947,$625 ,Outlet
Sports Direct,1128299,2021-12-12,Southeast,Georgia,Atlanta,Men's Street Footwear,$55.00 ,675,"37,125","$14,850 ",Online
Sports Direct,1128299,2021-11-13,Southeast,Georgia,Atlanta,Men's Athletic Footwear,$60.00 ,575,"34,500","$13,800 ",Online
Amazon,1185732,2021-12-10,Northeast,Vermont,Burlington,Men's Apparel,$67.00 ,81,543,$260 ,Online
Sports Direct,1185732,2021-04-16,Midwest,Michigan,Detroit,Men's Athletic Footwear,$38.00 ,111,422,$224 ,Online
Kohl's,1189833,2021-05-14,West,California,Los Angeles,Men's Athletic Footwear,$51.00 ,232,"1,183",$426 ,Online
Foot Locker,1185732,2021-09-19,Midwest,Missouri,St. Louis,Women's Athletic Footwear,$14.00 ,83,116,$62 ,Online
Foot Locker,1185732,2021-01-12,Midwest,Kansas,Wichita,Men's Apparel,$48.00 ,44,211,$99 ,Online
West Gear,1185732,2021-04-10,Midwest,Indiana,Indianapolis,Men's Street Footwear,$23.00 ,125,288,$158 ,Online
Kohl's,1185732,2021-12-10,West,Wyoming,Cheyenne,Men's Athletic Footwear,$44.00 ,168,739,$303 ,Online
Sports Direct,1185732,2021-12-11,Midwest,South Dakota,Sioux Falls,Men's Athletic Footwear,$50.00 ,300,"15,000","$4,500 ",Online
West Gear,1185732,2021-10-03,Midwest,Wisconsin,Milwaukee,Men's Street Footwear,$43.00 ,113,486,$204 ,Online
Walmart,1197831,2021-05-19,South,Arkansas,Little Rock,Men's Apparel,$42.00 ,85,357,$168 ,Online
Amazon,1185732,2021-04-22,Southeast,Kentucky,Louisville,Women's Athletic Footwear,$45.00 ,100,"4,500","$1,800 ",Online
Sports Direct,1128299,2021-01-13,West,New Mexico,Albuquerque,Women's Street Footwear,$32.00 ,140,448,$188 ,Outlet
Kohl's,1185732,2021-03-10,West,Wyoming,Cheyenne,Women's Athletic Footwear,$33.00 ,112,370,$174 ,Online
Foot Locker,1128299,2021-07-23,Southeast,Virginia,Richmond,Men's Athletic Footwear,$81.00 ,203,"1,644",$822 ,Online
Walmart,1197831,2021-10-21,South,Arkansas,Little Rock,Women's Athletic Footwear,$20.00 ,275,"5,500","$2,200 ",Online
West Gear,1128299,2021-02-17,West,Oregon,Portland,Men's Athletic Footwear,$45.00 ,400,"18,000","$7,200 ",In-store
Foot Locker,1185732,2021-05-19,Midwest,Missouri,St. Louis,Women's Apparel,$45.00 ,105,473,$284 ,Online
Kohl's,1128299,2021-09-27,West,New Mexico,Albuquerque,Men's Apparel,$60.00 ,425,"25,500","$7,650 ",Online
Kohl's,1185732,2021-08-11,West,Wyoming,Cheyenne,Women's Athletic Footwear,$40.00 ,525,"21,000","$7,350 ",In-store
Kohl's,1185732,2021-09-10,West,Wyoming,Cheyenne,Women's Apparel,$55.00 ,600,"33,000","$8,250 ",In-store
Kohl's,1128299,2021-02-26,West,Arizona,Phoenix,Women's Street Footwear,$35.00 ,132,462,$185 ,Outlet
Sports Direct,1185732,2021-12-06,Northeast,Rhode Island,Providence,Men's Athletic Footwear,$50.00 ,300,"15,000","$5,250 ",In-store
West Gear,1185732,2021-11-09,Northeast,New York,Albany,Men's Street Footwear,$56.00 ,217,"1,215",$668 ,Online
Sports Direct,1128299,2021-08-13,Southeast,Georgia,Atlanta,Women's Apparel,$68.00 ,119,809,$283 ,Online
West Gear,1128299,2021-07-16,South,Louisiana,New Orleans,Men's Apparel,$73.00 ,221,"1,613",$791 ,Outlet
Foot Locker,1185732,2021-06-08,Northeast,Rhode Island,Providence,Men's Athletic Footwear,$45.00 ,300,"13,500","$4,725 ",In-store
Sports Direct,1185732,2021-07-20,Northeast,Maryland,Baltimore,Men's Apparel,$46.00 ,51,235,$106 ,Online
West Gear,1197831,2021-06-04,West,Idaho,Boise,Women's Athletic Footwear,$48.00 ,143,686,$405 ,Online
Sports Direct,1185732,2021-09-10,Midwest,North Dakota,Fargo,Men's Athletic Footwear,$34.00 ,72,245,$105 ,Online
Amazon,1185732,2021-10-12,Northeast,Vermont,Burlington,Women's Athletic Footwear,$46.00 ,61,281,$104 ,Outlet
West Gear,1185732,2021-12-10,West,Utah,Salt Lake City,Men's Apparel,$40.00 ,400,"16,000","$5,600 ",In-store
West Gear,1185732,2021-10-10,Northeast,New York,Albany,Women's Athletic Footwear,$50.00 ,500,"25,000","$7,500 ",In-store
Kohl's,1197831,2021-11-20,South,Oklahoma,Oklahoma City,Women's Athletic Footwear,$55.00 ,300,"16,500","$6,600 ",Online
Walmart,1197831,2021-09-19,South,Arkansas,Little Rock,Men's Street Footwear,$50.00 ,650,"32,500","$13,000 ",Online
Amazon,1185732,2021-12-27,Northeast,Maine,Portland,Men's Street Footwear,$53.00 ,122,647,$310 ,Online
Kohl's,1189833,2021-01-03,Midwest,Montana,Billings,Men's Street Footwear,$35.00 ,525,"18,375","$8,269 ",Outlet
Foot Locker,1185732,2021-02-07,Southeast,South Carolina,Charleston,Women's Athletic Footwear,$33.00 ,169,558,$251 ,Online
Sports Direct,1197831,2021-10-04,South,Alabama,Birmingham,Men's Apparel,$48.00 ,111,533,$314 ,Online
Amazon,1185732,2021-02-19,Northeast,New Hampshire,Manchester,Women's Athletic Footwear,$31.00 ,68,211,$72 ,Outlet
Foot Locker,1185732,2021-08-07,Northeast,Rhode Island,Providence,Men's Apparel,$45.00 ,31,140,$56 ,Online
West Gear,1128299,2021-01-06,West,California,San Francisco,Men's Street Footwear,$41.00 ,341,"1,398",$601 ,Outlet
West Gear,1185732,2021-10-10,Northeast,New York,Albany,Men's Athletic Footwear,$46.00 ,156,718,$330 ,Online
Foot Locker,1185732,2021-10-22,Northeast,Maryland,Baltimore,Women's Athletic Footwear,$50.00 ,75,"3,750","$1,313 ",In-store
Foot Locker,1185732,2021-12-19,Northeast,Pennsylvania,Philadelphia,Men's Apparel,$56.00 ,27,151,$65 ,Online
Foot Locker,1185732,2021-06-16,Midwest,Nebraska,Omaha,Women's Street Footwear,$35.00 ,100,"3,500","$1,225 ",Outlet
Sports Direct,1197831,2021-05-03,South,Tennessee,Knoxville,Men's Street Footwear,$35.00 ,575,"20,125","$9,056 ",Outlet
Sports Direct,1197831,2021-10-05,South,Alabama,Birmingham,Women's Apparel,$56.00 ,188,"1,053",$832 ,Online
Foot Locker,1185732,2021-07-11,Midwest,South Dakota,Sioux Falls,Women's Street Footwear,$40.00 ,225,"9,000","$2,700 ",Online
West Gear,1128299,2021-05-18,South,Louisiana,New Orleans,Women's Street Footwear,$37.00 ,136,503,$211 ,Outlet
Kohl's,1128299,2021-12-25,West,New Mexico,Albuquerque,Men's Athletic Footwear,$47.00 ,217,"1,020",$479 ,Outlet
West Gear,1185732,2021-04-03,Midwest,Wisconsin,Milwaukee,Men's Apparel,$60.00 ,100,"6,000","$3,000 ",In-store
Amazon,1185732,2021-03-17,Northeast,New Hampshire,Manchester,Men's Street Footwear,$49.00 ,165,809,$404 ,Online
Amazon,1185732,2021-10-25,Northeast,Maine,Portland,Men's Athletic Footwear,$40.00 ,175,"7,000","$2,450 ",Outlet
Sports Direct,1185732,2021-11-17,South,Mississippi,Jackson,Women's Apparel,$51.00 ,168,857,$488 ,Outlet
Foot Locker,1197831,2021-03-06,West,Idaho,Boise,Women's Athletic Footwear,$35.00 ,350,"12,250","$5,513 ",Online
Walmart,1197831,2021-07-19,South,Arkansas,Little Rock,Women's Apparel,$50.00 ,198,990,$455 ,Outlet
Kohl's,1185732,2021-09-10,West,Wyoming,Cheyenne,Men's Athletic Footwear,$45.00 ,600,"27,000","$8,100 ",In-store
Foot Locker,1185732,2021-06-28,Midwest,Nebraska,Omaha,Women's Street Footwear,$34.00 ,63,214,$96 ,Online
Kohl's,1185732,2021-06-08,Northeast,New Jersey,Newark,Men's Apparel,$46.00 ,65,299,$135 ,Online
Sports Direct,1185732,2021-09-10,Midwest,North Dakota,Fargo,Men's Athletic Footwear,$35.00 ,275,"9,625","$2,888 ",In-store
Kohl's,1185732,2021-10-08,Northeast,New Jersey,Newark,Men's Street Footwear,$55.00 ,425,"23,375","$8,181 ",In-store
Foot Locker,1185732,2021-11-04,Northeast,Connecticut,Hartford,Women's Street Footwear,$51.00 ,80,408,$184 ,Online
West Gear,1128299,2021-02-01,West,California,San Francisco,Women's Street Footwear,$50.00 ,182,910,$382 ,Online
Foot Locker,1128299,2021-03-09,West,Hawaii,Honolulu,Men's Street Footwear,$44.00 ,135,594,$238 ,Online
Kohl's,1197831,2021-03-12,Midwest,Kansas,Wichita,Men's Street Footwear,$20.00 ,153,306,$150 ,Online
Sports Direct,1197831,2021-03-15,South,Tennessee,Knoxville,Women's Apparel,$24.00 ,170,408,$216 ,Outlet
Sports Direct,1185732,2021-11-07,Northeast,New Jersey,Newark,Women's Athletic Footwear,$49.00 ,65,319,$175 ,Online
Sports Direct,1197831,2021-04-07,South,Tennessee,Knoxville,Men's Apparel,$41.00 ,106,435,$213 ,Online
Kohl's,1189833,2021-01-25,Midwest,Montana,Billings,Men's Apparel,$45.00 ,225,"10,125","$6,075 ",Outlet
Sports Direct,1197831,2021-01-23,South,Mississippi,Jackson,Men's Athletic Footwear,$25.00 ,131,328,$147 ,Online
Foot Locker,1185732,2021-10-22,Northeast,Maryland,Baltimore,Women's Apparel,$60.00 ,52,312,$125 ,Online
Sports Direct,1197831,2021-09-09,South,Alabama,Birmingham,Women's Athletic Footwear,$45.00 ,575,"25,875","$15,525 ",Outlet
Amazon,1185732,2021-07-10,Northeast,Vermont,Burlington,Women's Street Footwear,$50.00 ,350,"17,500","$6,125 ",In-store
Kohl's,1128299,2021-12-22,West,Arizona,Phoenix,Men's Apparel,$55.00 ,350,"19,250","$5,775 ",Online
Foot Locker,1197831,2021-02-04,South,Louisiana,New Orleans,Women's Street Footwear,$28.00 ,128,358,$125 ,Outlet
Foot Locker,1197831,2021-01-05,South,Louisiana,New Orleans,Women's Athletic Footwear,$26.00 ,166,432,$181 ,Outlet
Amazon,1185732,2021-02-22,West,Alaska,Anchorage,Men's Street Footwear,$55.00 ,575,"31,625","$11,069 ",Outlet
Foot Locker,1185732,2021-10-24,South,Texas,Dallas,Women's Street Footwear,$33.00 ,56,185,$94 ,Online
Sports Direct,1197831,2021-09-01,South,Texas,Dallas,Women's Athletic Footwear,$30.00 ,425,"12,750","$5,738 ",Outlet
West Gear,1185732,2021-11-10,Midwest,Indiana,Indianapolis,Women's Street Footwear,$35.00 ,270,"9,450","$3,308 ",In-store
Kohl's,1128299,2021-08-26,West,New Mexico,Albuquerque,Women's Street Footwear,$46.00 ,163,750,$300 ,Outlet
West Gear,1128299,2021-01-10,Northeast,Maine,Portland,Men's Athletic Footwear,$41.00 ,109,447,$147 ,Online
Foot Locker,1185732,2021-11-10,Northeast,Pennsylvania,Philadelphia,Men's Athletic Footwear,$37.00 ,51,189,$60 ,Outlet
Foot Locker,1185732,2021-12-17,Northeast,New Hampshire,Manchester,Women's Street Footwear,$47.00 ,128,602,$217 ,Outlet
Sports Direct,1185732,2021-09-20,Northeast,Maryland,Baltimore,Women's Street Footwear,$38.00 ,36,137,$68 ,Online
Kohl's,1189833,2021-05-17,West,California,Los Angeles,Men's Apparel,$60.00 ,600,"36,000","$19,800 ",Outlet
Foot Locker,1185732,2021-01-24,Northeast,West Virginia,Charleston,Men's Athletic Footwear,$35.00 ,225,"7,875","$2,756 ",In-store
West Gear,1185732,2021-07-16,Northeast,West Virginia,Charleston,Women's Street Footwear,$50.00 ,325,"16,250","$6,500 ",In-store
West Gear,1185732,2021-07-02,Midwest,Wisconsin,Milwaukee,Men's Street Footwear,$50.00 ,550,"27,500","$8,250 ",In-store
West Gear,1197831,2021-03-06,West,Idaho,Boise,Women's Apparel,$35.00 ,400,"14,000","$7,000 ",Online
Amazon,1185732,2021-04-10,Midwest,Ohio,Columbus,Men's Apparel,$45.00 ,375,"16,875","$5,906 ",Online
Kohl's,1189833,2021-01-14,Midwest,Montana,Billings,Women's Apparel,$42.00 ,112,470,$183 ,Online
West Gear,1185732,2021-02-10,Midwest,Wisconsin,Milwaukee,Men's Athletic Footwear,$34.00 ,52,177,$90 ,Online
West Gear,1128299,2021-06-24,West,Oregon,Portland,Men's Athletic Footwear,$47.00 ,202,949,$389 ,Outlet
Foot Locker,1128299,2021-08-24,Southeast,Virginia,Richmond,Men's Athletic Footwear,$76.00 ,202,"1,535",$737 ,Online
Foot Locker,1128299,2021-10-23,West,Arizona,Phoenix,Women's Apparel,$60.00 ,325,"19,500","$4,875 ",Online
Foot Locker,1185732,2021-07-20,Midwest,Nebraska,Omaha,Men's Street Footwear,$37.00 ,84,311,$168 ,Online
West Gear,1185732,2021-06-03,Midwest,Wisconsin,Milwaukee,Men's Athletic Footwear,$27.00 ,90,243,$119 ,Online
West Gear,1197831,2021-03-19,South,Oklahoma,Oklahoma City,Women's Street Footwear,$10.00 ,275,"2,750","$1,100 ",Online
Kohl's,1128299,2021-10-26,West,New Mexico,Albuquerque,Men's Apparel,$56.00 ,91,510,$224 ,Online
Sports Direct,1128299,2021-01-13,West,New Mexico,Albuquerque,Women's Apparel,$28.00 ,140,392,$125 ,Outlet
Foot Locker,1197831,2021-01-05,South,Louisiana,New Orleans,Women's Athletic Footwear,$33.00 ,133,439,$233 ,Online
Foot Locker,1185732,2021-03-05,Midwest,Iowa,Des Moines,Women's Street Footwear,$9.00 ,65,59,$23 ,Online
Sports Direct,1185732,2021-01-06,Southeast,South Carolina,Charleston,Women's Athletic Footwear,$29.00 ,173,502,$276 ,Online
Kohl's,1189833,2021-03-22,West,California,Los Angeles,Women's Athletic Footwear,$41.00 ,154,631,$284 ,Online
Sports Direct,1197831,2021-09-08,South,Alabama,Birmingham,Women's Street Footwear,$41.00 ,254,"1,041",$656 ,Online
West Gear,1185732,2021-09-18,Northeast,West Virginia,Charleston,Men's Street Footwear,$35.00 ,550,"19,250","$7,700 ",In-store
Foot Locker,1185732,2021-12-19,Northeast,Pennsylvania,Philadelphia,Men's Apparel,$60.00 ,100,"6,000","$1,800 ",Outlet
Walmart,1197831,2021-08-20,South,Arkansas,Little Rock,Men's Athletic Footwear,$55.00 ,525,"28,875","$10,106 ",Online
Sports Direct,1185732,2021-02-17,Southeast,Virginia,Richmond,Men's Street Footwear,$26.00 ,256,666,$366 ,Outlet
West Gear,1128299,2021-01-16,West,California,San Francisco,Men's Apparel,$64.00 ,233,"1,491",$954 ,Online
West Gear,1185732,2021-07-10,West,Utah,Salt Lake City,Men's Apparel,$32.00 ,128,410,$188 ,Online
Foot Locker,1185732,2021-07-07,Midwest,Nebraska,Omaha,Women's Apparel,$44.00 ,69,304,$182 ,Online
Sports Direct,1185732,2021-07-15,Midwest,Michigan,Detroit,Men's Apparel,$54.00 ,143,772,$394 ,Online
West Gear,1185732,2021-08-09,Northeast,New York,Albany,Men's Athletic Footwear,$60.00 ,700,"42,000","$14,700 ",In-store
Amazon,1185732,2021-12-02,Southeast,North Carolina,Charlotte,Women's Apparel,$75.00 ,775,"58,125","$29,063 ",Online
Walmart,1185732,2021-08-17,South,Mississippi,Jackson,Men's Street Footwear,$56.00 ,215,"1,204",$650 ,Online
Walmart,1128299,2021-04-17,Southeast,Florida,Orlando,Men's Athletic Footwear,$51.00 ,105,536,$145 ,Outlet
Walmart,1128299,2021-06-17,Southeast,Florida,Orlando,Men's Apparel,$71.00 ,153,"1,086",$239 ,Outlet
West Gear,1128299,2021-08-24,West,Oregon,Portland,Men's Athletic Footwear,$80.00 ,775,"62,000","$21,700 ",In-store
West Gear,1197831,2021-04-05,West,Idaho,Boise,Men's Apparel,$34.00 ,72,245,$105 ,Online
Amazon,1185732,2021-09-17,Northeast,New Hampshire,Manchester,Men's Athletic Footwear,$43.00 ,116,499,$209 ,Outlet
Foot Locker,1128299,2021-03-09,West,Hawaii,Honolulu,Men's Athletic Footwear,$55.00 ,350,"19,250","$3,850 ",Outlet
Foot Locker,1185732,2021-03-17,Midwest,Missouri,St. Louis,Men's Street Footwear,$34.00 ,186,632,$323 ,Online
Sports Direct,1128299,2021-05-14,Southeast,Georgia,Atlanta,Men's Street Footwear,$50.00 ,550,"27,500","$11,000 ",Online
Amazon,1185732,2021-09-10,Northeast,Vermont,Burlington,Women's Street Footwear,$46.00 ,56,258,$129 ,Online
Sports Direct,1128299,2021-01-17,West,Hawaii,Honolulu,Men's Apparel,$54.00 ,68,367,$110 ,Online
Walmart,1197831,2021-08-20,South,Arkansas,Little Rock,Women's Athletic Footwear,$39.00 ,104,406,$203 ,Online
Foot Locker,1185732,2021-05-23,South,Tennessee,Knoxville,Women's Street Footwear,$25.00 ,225,"5,625","$1,969 ",Outlet
Sports Direct,1197831,2021-09-25,South,Alabama,Birmingham,Men's Athletic Footwear,$29.00 ,158,458,$289 ,Online
Sports Direct,1185732,2021-08-09,Midwest,North Dakota,Fargo,Men's Apparel,$46.00 ,44,202,$93 ,Online
West Gear,1197831,2021-08-20,South,Oklahoma,Oklahoma City,Women's Athletic Footwear,$40.00 ,325,"13,000","$5,200 ",Online
West Gear,1185732,2021-09-18,Northeast,West Virginia,Charleston,Men's Apparel,$35.00 ,225,"7,875","$3,150 ",In-store
Foot Locker,1197831,2021-02-04,South,Louisiana,New Orleans,Men's Athletic Footwear,$32.00 ,174,557,$234 ,Online
West Gear,1197831,2021-04-20,South,Oklahoma,Oklahoma City,Men's Street Footwear,$24.00 ,152,365,$193 ,Online
Amazon,1185732,2021-12-23,Northeast,Maine,Portland,Women's Street Footwear,$41.00 ,68,279,$139 ,Online
Walmart,1128299,2021-05-18,Southeast,Florida,Orlando,Men's Street Footwear,$60.00 ,575,"34,500","$10,350 ",Outlet
West Gear,1185732,2021-11-09,Northeast,New York,Albany,Men's Apparel,$62.00 ,154,955,$430 ,Online
Sports Direct,1197831,2021-08-30,South,Texas,Dallas,Men's Athletic Footwear,$21.00 ,210,441,$176 ,Outlet
West Gear,1128299,2021-01-22,West,California,San Francisco,Men's Apparel,$75.00 ,750,"56,250","$28,125 ",Outlet
Walmart,1197831,2021-09-19,South,Arkansas,Little Rock,Women's Athletic Footwear,$12.00 ,104,125,$52 ,Outlet
Amazon,1185732,2021-07-21,Southeast,Kentucky,Louisville,Men's Athletic Footwear,$45.00 ,350,"15,750","$5,513 ",Online
Foot Locker,1128299,2021-05-25,Southeast,Virginia,Richmond,Women's Apparel,$44.00 ,168,739,$259 ,Outlet
Sports Direct,1185732,2021-02-17,Southeast,Virginia,Richmond,Men's Athletic Footwear,$35.00 ,450,"15,750","$6,300 ",In-store
Foot Locker,1128299,2021-03-23,Southeast,Virginia,Richmond,Men's Athletic Footwear,$50.00 ,325,"16,250","$5,688 ",In-store
Sports Direct,1185732,2021-09-15,Midwest,Michigan,Detroit,Men's Street Footwear,$45.00 ,800,"36,000","$18,000 ",In-store
Sports Direct,1197831,2021-04-19,South,Tennessee,Knoxville,Men's Apparel,$45.00 ,550,"24,750","$9,900 ",Outlet
Foot Locker,1185732,2021-12-13,Northeast,Pennsylvania,Philadelphia,Men's Apparel,$50.00 ,36,180,$81 ,Online
Kohl's,1189833,2021-03-14,West,California,Los Angeles,Men's Athletic Footwear,$30.00 ,215,645,$200 ,Outlet
West Gear,1185732,2021-10-17,Northeast,West Virginia,Charleston,Women's Athletic Footwear,$32.00 ,47,150,$80 ,Online
West Gear,1185732,2021-08-03,Midwest,Wisconsin,Milwaukee,Men's Athletic Footwear,$43.00 ,84,361,$170 ,Online
Foot Locker,1185732,2021-09-13,Northeast,Delaware,Wilmington,Women's Apparel,$58.00 ,84,487,$263 ,Online
Sports Direct,1128299,2021-12-23,Southeast,Virginia,Richmond,Women's Apparel,$65.00 ,190,"1,235",$432 ,Outlet
Kohl's,1189833,2021-03-20,West,California,Los Angeles,Men's Athletic Footwear,$41.00 ,195,800,$280 ,Online
Sports Direct,1185732,2021-08-09,Midwest,North Dakota,Fargo,Women's Street Footwear,$37.00 ,63,233,$96 ,Online
Sports Direct,1185732,2021-01-06,Southeast,South Carolina,Charleston,Men's Street Footwear,$33.00 ,231,762,$381 ,Online
Foot Locker,1128299,2021-06-10,West,Hawaii,Honolulu,Women's Street Footwear,$75.00 ,600,"45,000","$11,250 ",Outlet
Foot Locker,1197831,2021-08-08,West,Idaho,Boise,Women's Street Footwear,$50.00 ,925,"46,250","$18,500 ",Online
Foot Locker,1185732,2021-02-18,South,Mississippi,Jackson,Men's Apparel,$26.00 ,136,354,$138 ,Outlet
West Gear,1197831,2021-06-21,South,Oklahoma,Oklahoma City,Women's Street Footwear,$40.00 ,325,"13,000","$5,200 ",Online
Sports Direct,1197831,2021-09-02,South,Texas,Dallas,Men's Apparel,$26.00 ,107,278,$100 ,Outlet
Foot Locker,1185732,2021-05-24,South,Tennessee,Knoxville,Women's Athletic Footwear,$30.00 ,75,"2,250",$900 ,Outlet
Sports Direct,1128299,2021-06-13,Southeast,Georgia,Atlanta,Men's Athletic Footwear,$54.00 ,147,794,$405 ,Online
Foot Locker,1185732,2021-11-26,Northeast,Pennsylvania,Philadelphia,Women's Apparel,$70.00 ,300,"21,000","$6,300 ",Outlet
West Gear,1128299,2021-01-24,West,Utah,Salt Lake City,Women's Athletic Footwear,$40.00 ,200,"8,000","$2,800 ",In-store
Foot Locker,1185732,2021-11-04,Northeast,Pennsylvania,Philadelphia,Men's Athletic Footwear,$50.00 ,150,"7,500","$2,625 ",Outlet
Amazon,1185732,2021-07-21,Southeast,Kentucky,Louisville,Men's Street Footwear,$50.00 ,600,"30,000","$12,000 ",Online
Sports Direct,1197831,2021-09-14,South,Alabama,Birmingham,Women's Street Footwear,$36.00 ,278,"1,001",$530 ,Outlet
Kohl's,1185732,2021-02-12,West,Wyoming,Cheyenne,Women's Athletic Footwear,$32.00 ,123,394,$189 ,Online
Amazon,1185732,2021-11-14,Northeast,Massachusetts,Boston,Women's Street Footwear,$50.00 ,83,415,$149 ,Online
Foot Locker,1185732,2021-06-12,Midwest,Illinois,Chicago,Men's Street Footwear,$50.00 ,495,"24,750","$9,900 ",Outlet
Walmart,1197831,2021-09-19,South,Arkansas,Little Rock,Women's Athletic Footwear,$14.00 ,88,123,$64 ,Online
Amazon,1185732,2021-10-12,Northeast,Vermont,Burlington,Women's Athletic Footwear,$55.00 ,46,253,$121 ,Online
Sports Direct,1197831,2021-08-12,South,Alabama,Birmingham,Women's Apparel,$27.00 ,144,389,$222 ,Outlet
Foot Locker,1197831,2021-01-05,South,Louisiana,New Orleans,Men's Apparel,$36.00 ,85,306,$113 ,Online
Sports Direct,1185732,2021-04-09,Midwest,North Dakota,Fargo,Men's Athletic Footwear,$28.00 ,44,123,$53 ,Online
West Gear,1128299,2021-02-15,West,California,San Francisco,Men's Apparel,$65.00 ,700,"45,500","$20,475 ",Outlet
Foot Locker,1185732,2021-12-15,Midwest,Michigan,Detroit,Women's Athletic Footwear,$50.00 ,550,"27,500","$9,625 ",In-store
West Gear,1185732,2021-04-17,Northeast,West Virginia,Charleston,Men's Apparel,$60.00 ,56,336,$185 ,Online
Foot Locker,1185732,2021-02-15,Northeast,Maryland,Baltimore,Men's Street Footwear,$40.00 ,575,"23,000","$8,050 ",In-store
Sports Direct,1197831,2021-09-04,South,Texas,Dallas,Men's Street Footwear,$13.00 ,233,303,$115 ,Outlet
Foot Locker,1185732,2021-04-18,Midwest,Missouri,St. Louis,Men's Athletic Footwear,$27.00 ,72,194,$95 ,Online
Foot Locker,1128299,2021-04-10,West,Hawaii,Honolulu,Men's Athletic Footwear,$65.00 ,300,"19,500","$3,900 ",Outlet
West Gear,1128299,2021-06-24,West,Oregon,Portland,Women's Apparel,$105.00 ,700,"73,500","$22,050 ",In-store
Kohl's,1197831,2021-09-12,Midwest,Kansas,Wichita,Men's Athletic Footwear,$38.00 ,91,346,$156 ,Online
Foot Locker,1128299,2021-02-23,West,Idaho,Boise,Women's Street Footwear,$40.00 ,375,"15,000","$5,250 ",Online
Kohl's,1189833,2021-04-10,West,California,Los Angeles,Women's Athletic Footwear,$43.00 ,152,654,$320 ,Online
Foot Locker,1185732,2021-03-06,Northeast,Rhode Island,Providence,Women's Street Footwear,$17.00 ,56,95,$45 ,Outlet
Amazon,1185732,2021-10-12,Northeast,Vermont,Burlington,Men's Athletic Footwear,$60.00 ,300,"18,000","$8,100 ",In-store
Sports Direct,1185732,2021-07-13,Northeast,Massachusetts,Boston,Men's Athletic Footwear,$50.00 ,350,"17,500","$5,250 ",In-store
Sports Direct,1197831,2021-04-20,South,Tennessee,Knoxville,Women's Apparel,$52.00 ,223,"1,160",$812 ,Online
Kohl's,1189833,2021-03-12,West,California,Los Angeles,Women's Apparel,$41.00 ,182,746,$231 ,Online
Foot Locker,1185732,2021-05-30,Midwest,Nebraska,Omaha,Women's Athletic Footwear,$30.00 ,50,"1,500",$600 ,Outlet
Sports Direct,1197831,2021-09-05,West,Idaho,Boise,Women's Athletic Footwear,$55.00 ,116,638,$402 ,Online
Sports Direct,1185732,2021-02-05,Northeast,New Jersey,Newark,Women's Street Footwear,$29.00 ,65,189,$85 ,Online
West Gear,1185732,2021-06-10,Northeast,New York,Albany,Men's Street Footwear,$60.00 ,875,"52,500","$23,625 ",In-store
West Gear,1185732,2021-11-09,Northeast,New York,Albany,Men's Street Footwear,$60.00 ,775,"46,500","$20,925 ",In-store
Kohl's,1128299,2021-08-26,West,New Mexico,Albuquerque,Men's Street Footwear,$40.00 ,224,896,$332 ,Outlet
Amazon,1185732,2021-09-20,West,Alaska,Anchorage,Men's Athletic Footwear,$55.00 ,91,501,$240 ,Online
Amazon,1185732,2021-11-08,Northeast,Maine,Portland,Women's Athletic Footwear,$41.00 ,34,139,$56 ,Online
Amazon,1185732,2021-11-14,Northeast,Massachusetts,Boston,Men's Athletic Footwear,$52.00 ,90,468,$206 ,Online
Sports Direct,1185732,2021-03-03,Northeast,Connecticut,Hartford,Women's Athletic Footwear,$32.00 ,30,96,$40 ,Online
Foot Locker,1185732,2021-05-28,Midwest,Nebraska,Omaha,Men's Athletic Footwear,$33.00 ,38,125,$63 ,Online
Amazon,1185732,2021-07-10,Northeast,Vermont,Burlington,Men's Athletic Footwear,$42.00 ,145,609,$305 ,Outlet
Kohl's,1189833,2021-05-26,West,California,Los Angeles,Men's Athletic Footwear,$50.00 ,243,"1,215",$462 ,Online
Walmart,1197831,2021-08-20,South,Arkansas,Little Rock,Men's Apparel,$48.00 ,113,542,$266 ,Online
Amazon,1185732,2021-10-20,Northeast,Maine,Portland,Women's Street Footwear,$30.00 ,200,"6,000","$2,400 ",Outlet
Kohl's,1197831,2021-07-12,Midwest,Kansas,Wichita,Women's Athletic Footwear,$45.00 ,300,"13,500","$4,725 ",Online
West Gear,1185732,2021-01-10,Midwest,Wisconsin,Milwaukee,Men's Apparel,$41.00 ,58,238,$105 ,Online
Foot Locker,1128299,2021-03-22,West,Arizona,Phoenix,Women's Athletic Footwear,$47.00 ,68,320,$147 ,Online
West Gear,1185732,2021-02-11,West,Utah,Salt Lake City,Men's Apparel,$32.00 ,101,323,$145 ,Online
West Gear,1197831,2021-07-19,South,Oklahoma,Oklahoma City,Men's Athletic Footwear,$45.00 ,117,527,$263 ,Online
Foot Locker,1185732,2021-12-10,West,Wyoming,Cheyenne,Women's Athletic Footwear,$45.00 ,500,"22,500","$7,875 ",In-store
Kohl's,1128299,2021-09-27,West,New Mexico,Albuquerque,Men's Street Footwear,$49.00 ,163,799,$359 ,Online
Sports Direct,1197831,2021-09-29,South,Alabama,Birmingham,Women's Apparel,$40.00 ,475,"19,000","$12,350 ",Outlet
Foot Locker,1185732,2021-11-20,Northeast,Pennsylvania,Philadelphia,Women's Apparel,$70.00 ,250,"17,500","$5,250 ",Outlet
West Gear,1128299,2021-05-18,South,Louisiana,New Orleans,Men's Apparel,$32.00 ,77,246,$118 ,Outlet
Foot Locker,1185732,2021-07-30,Midwest,Nebraska,Omaha,Men's Apparel,$45.00 ,39,176,$84 ,Online
Foot Locker,1185732,2021-07-07,Midwest,Illinois,Chicago,Men's Athletic Footwear,$43.00 ,81,348,$157 ,Online
Foot Locker,1185732,2021-11-18,Midwest,Missouri,St. Louis,Women's Athletic Footwear,$25.00 ,325,"8,125","$3,250 ",In-store
Kohl's,1189833,2021-04-29,West,California,Los Angeles,Men's Apparel,$50.00 ,700,"35,000","$19,250 ",Outlet
West Gear,1185732,2021-11-06,Midwest,Iowa,Des Moines,Women's Athletic Footwear,$34.00 ,52,177,$72 ,Online
Foot Locker,1185732,2021-06-07,Southeast,South Carolina,Charleston,Women's Athletic Footwear,$50.00 ,750,"37,500","$11,250 ",Online
Foot Locker,1185732,2021-12-16,Northeast,West Virginia,Charleston,Men's Street Footwear,$65.00 ,650,"42,250","$16,900 ",In-store
West Gear,1128299,2021-02-17,South,Louisiana,New Orleans,Men's Apparel,$48.00 ,51,245,$147 ,Online
Kohl's,1185732,2021-01-14,Northeast,New York,Albany,Men's Street Footwear,$39.00 ,216,842,$531 ,Online
Amazon,1185732,2021-03-21,Southeast,Kentucky,Louisville,Women's Athletic Footwear,$36.00 ,27,97,$51 ,Online
Foot Locker,1185732,2021-10-17,Northeast,West Virginia,Charleston,Women's Apparel,$47.00 ,84,395,$197 ,Online
West Gear,1197831,2021-12-19,South,Arkansas,Little Rock,Men's Athletic Footwear,$54.00 ,140,756,$355 ,Online
Foot Locker,1185732,2021-04-06,Midwest,Iowa,Des Moines,Women's Street Footwear,$10.00 ,53,53,$23 ,Online
Foot Locker,1185732,2021-01-24,Northeast,New Hampshire,Manchester,Women's Apparel,$54.00 ,78,421,$190 ,Online
Foot Locker,1185732,2021-12-16,Northeast,West Virginia,Charleston,Women's Apparel,$70.00 ,450,"31,500","$12,600 ",In-store
West Gear,1185732,2021-09-08,Northeast,New York,Albany,Men's Street Footwear,$50.00 ,238,"1,190",$702 ,Online
Foot Locker,1185732,2021-12-17,Northeast,New Hampshire,Manchester,Men's Street Footwear,$75.00 ,625,"46,875","$18,750 ",Outlet
Kohl's,1197831,2021-06-14,Midwest,Kansas,Wichita,Men's Apparel,$55.00 ,275,"15,125","$5,294 ",Online
Walmart,1128299,2021-10-10,West,Hawaii,Honolulu,Men's Athletic Footwear,$65.00 ,475,"30,875","$6,175 ",Outlet
Sports Direct,1197831,2021-03-13,Midwest,Montana,Billings,Women's Athletic Footwear,$35.00 ,500,"17,500","$7,875 ",Outlet
Foot Locker,1128299,2021-06-23,West,Arizona,Phoenix,Men's Apparel,$51.00 ,68,347,$146 ,Online
Sports Direct,1197831,2021-08-31,South,Texas,Dallas,Women's Street Footwear,$20.00 ,179,358,$140 ,Outlet
West Gear,1185732,2021-01-12,Southeast,Florida,Orlando,Women's Street Footwear,$35.00 ,650,"22,750","$5,688 ",In-store
West Gear,1185732,2021-11-03,Midwest,Wisconsin,Milwaukee,Men's Street Footwear,$41.00 ,104,426,$183 ,Online
Kohl's,1189833,2021-04-16,West,California,Los Angeles,Women's Athletic Footwear,$41.00 ,154,631,$303 ,Online
Kohl's,1197831,2021-06-14,Midwest,Kansas,Wichita,Women's Athletic Footwear,$38.00 ,80,304,$137 ,Online
Amazon,1185732,2021-11-18,Northeast,Maine,Portland,Women's Apparel,$67.00 ,63,422,$228 ,Online
Walmart,1128299,2021-06-17,Southeast,Florida,Orlando,Men's Athletic Footwear,$64.00 ,203,"1,299",$455 ,Online
Foot Locker,1185732,2021-02-15,Northeast,Delaware,Wilmington,Men's Apparel,$45.00 ,65,293,$120 ,Online
Foot Locker,1185732,2021-12-14,Northeast,Pennsylvania,Philadelphia,Women's Apparel,$60.00 ,225,"13,500","$3,375 ",Outlet
Amazon,1185732,2021-10-19,Northeast,Maine,Portland,Women's Athletic Footwear,$50.00 ,26,130,$52 ,Online
West Gear,1128299,2021-08-17,South,Louisiana,New Orleans,Men's Apparel,$65.00 ,475,"30,875","$13,894 ",Online
Foot Locker,1185732,2021-12-22,Northeast,Pennsylvania,Philadelphia,Men's Athletic Footwear,$60.00 ,200,"12,000","$4,200 ",Outlet
Foot Locker,1185732,2021-11-04,Northeast,Connecticut,Hartford,Women's Street Footwear,$36.00 ,103,371,$137 ,Outlet
West Gear,1128299,2021-02-03,West,California,San Francisco,Men's Apparel,$50.00 ,221,"1,105",$519 ,Outlet
West Gear,1185732,2021-05-11,Midwest,Indiana,Indianapolis,Men's Apparel,$45.00 ,200,"9,000","$2,700 ",In-store
West Gear,1197831,2021-05-19,South,Oklahoma,Oklahoma City,Men's Apparel,$33.00 ,80,264,$108 ,Outlet
Foot Locker,1185732,2021-01-17,Northeast,Maryland,Baltimore,Men's Street Footwear,$36.00 ,137,493,$222 ,Online
Foot Locker,1185732,2021-01-24,Northeast,New Hampshire,Manchester,Women's Street Footwear,$45.00 ,300,"13,500","$3,375 ",Outlet
Sports Direct,1128299,2021-12-23,Southeast,Virginia,Richmond,Men's Apparel,$80.00 ,475,"38,000","$15,200 ",In-store
West Gear,1185732,2021-11-09,Northeast,New York,Albany,Men's Athletic Footwear,$50.00 ,600,"30,000","$10,500 ",In-store
Walmart,1185732,2021-09-16,South,Mississippi,Jackson,Women's Street Footwear,$15.00 ,145,218,$102 ,Outlet
Sports Direct,1197831,2021-04-02,South,Tennessee,Knoxville,Women's Apparel,$18.00 ,196,353,$215 ,Outlet
Amazon,1185732,2021-12-13,Northeast,Massachusetts,Boston,Women's Apparel,$51.00 ,128,653,$215 ,Outlet
West Gear,1185732,2021-01-10,Midwest,Wisconsin,Milwaukee,Women's Street Footwear,$25.00 ,300,"7,500","$2,625 ",In-store
Foot Locker,1185732,2021-12-10,Northeast,Pennsylvania,Philadelphia,Men's Athletic Footwear,$40.00 ,91,364,$124 ,Outlet
Walmart,1185732,2021-09-16,South,Mississippi,Jackson,Men's Street Footwear,$50.00 ,725,"36,250","$14,500 ",Online
Sports Direct,1185732,2021-02-05,Northeast,Connecticut,Hartford,Women's Apparel,$39.00 ,84,328,$147 ,Online
Sports Direct,1185732,2021-08-21,Northeast,Maryland,Baltimore,Women's Street Footwear,$39.00 ,60,234,$117 ,Online
Foot Locker,1185732,2021-03-06,Northeast,Rhode Island,Providence,Women's Athletic Footwear,$30.00 ,25,750,$300 ,In-store
Sports Direct,1197831,2021-08-08,South,Alabama,Birmingham,Men's Athletic Footwear,$35.00 ,600,"21,000","$8,400 ",Outlet
Foot Locker,1185732,2021-06-18,Midwest,Missouri,St. Louis,Women's Apparel,$45.00 ,525,"23,625","$11,813 ",In-store
Kohl's,1189833,2021-02-27,Midwest,Montana,Billings,Men's Athletic Footwear,$42.00 ,173,727,$298 ,Online
Amazon,1185732,2021-09-09,Midwest,Ohio,Columbus,Women's Apparel,$40.00 ,550,"22,000","$11,000 ",Online
Foot Locker,1185732,2021-06-16,Midwest,Nebraska,Omaha,Women's Street Footwear,$32.00 ,30,96,$46 ,Online
Amazon,1185732,2021-03-20,West,Alaska,Anchorage,Men's Apparel,$65.00 ,175,"11,375","$2,844 ",Outlet
Kohl's,1185732,2021-04-07,Northeast,New Jersey,Newark,Men's Street Footwear,$34.00 ,133,452,$226 ,Online
Sports Direct,1185732,2021-10-08,Northeast,New Jersey,Newark,Women's Apparel,$65.00 ,250,"16,250","$6,500 ",In-store
West Gear,1185732,2021-06-22,Northeast,Maryland,Baltimore,Men's Athletic Footwear,$45.00 ,250,"11,250","$3,938 ",In-store
Sports Direct,1197831,2021-10-16,South,Texas,Dallas,Men's Street Footwear,$60.00 ,825,"49,500","$19,800 ",Outlet
West Gear,1197831,2021-12-19,South,Arkansas,Little Rock,Men's Apparel,$70.00 ,400,"28,000","$9,800 ",Online
West Gear,1185732,2021-11-06,Midwest,Iowa,Des Moines,Women's Apparel,$65.00 ,275,"17,875","$7,150 ",In-store
Kohl's,1128299,2021-06-26,West,New Mexico,Albuquerque,Women's Athletic Footwear,$55.00 ,425,"23,375","$8,181 ",Online
Foot Locker,1185732,2021-01-09,Southeast,Georgia,Atlanta,Men's Apparel,$50.00 ,725,"36,250","$12,688 ",Online
West Gear,1185732,2021-12-05,Midwest,Iowa,Des Moines,Men's Street Footwear,$60.00 ,525,"31,500","$9,450 ",In-store
Sports Direct,1197831,2021-04-15,South,Tennessee,Knoxville,Men's Street Footwear,$40.00 ,825,"33,000","$14,850 ",Outlet
West Gear,1128299,2021-11-17,South,Louisiana,New Orleans,Men's Athletic Footwear,$42.00 ,210,882,$459 ,Online
West Gear,1128299,2021-05-25,West,Oregon,Portland,Men's Athletic Footwear,$36.00 ,109,392,$157 ,Outlet
Foot Locker,1185732,2021-06-08,Northeast,Rhode Island,Providence,Women's Street Footwear,$39.00 ,65,254,$139 ,Online
Foot Locker,1185732,2021-11-12,Northeast,Pennsylvania,Philadelphia,Women's Athletic Footwear,$45.00 ,75,"3,375","$1,181 ",Outlet
Sports Direct,1197831,2021-04-11,South,Tennessee,Knoxville,Women's Street Footwear,$36.00 ,169,608,$310 ,Online
Sports Direct,1185732,2021-10-05,Northeast,Connecticut,Hartford,Men's Athletic Footwear,$39.00 ,94,367,$161 ,Outlet
Sports Direct,1185732,2021-03-03,Northeast,Connecticut,Hartford,Women's Apparel,$29.00 ,85,247,$96 ,Outlet
Foot Locker,1197831,2021-12-04,West,Idaho,Boise,Men's Athletic Footwear,$51.00 ,209,"1,066",$576 ,Online
Foot Locker,1197831,2021-11-13,Midwest,Kansas,Wichita,Men's Street Footwear,$25.00 ,450,"11,250","$3,938 ",Online
Sports Direct,1185732,2021-05-13,Northeast,Massachusetts,Boston,Men's Athletic Footwear,$47.00 ,54,254,$109 ,Online
Foot Locker,1185732,2021-02-07,Southeast,South Carolina,Charleston,Women's Apparel,$35.00 ,800,"28,000","$14,000 ",Online
Kohl's,1197831,2021-10-21,South,Oklahoma,Oklahoma City,Women's Apparel,$22.00 ,101,222,$104 ,Outlet
West Gear,1185732,2021-01-12,Southeast,Florida,Orlando,Men's Street Footwear,$45.00 ,850,"38,250","$17,213 ",In-store
Amazon,1185732,2021-11-12,Northeast,Maine,Portland,Men's Athletic Footwear,$48.00 ,77,370,$181 ,Online
West Gear,1185732,2021-10-12,Northeast,Vermont,Burlington,Women's Apparel,$54.00 ,90,486,$224 ,Outlet
Sports Direct,1185732,2021-02-15,Northeast,Rhode Island,Providence,Women's Street Footwear,$29.00 ,60,174,$66 ,Online
Sports Direct,1185732,2021-10-05,Northeast,Connecticut,Hartford,Men's Street Footwear,$60.00 ,450,"27,000","$10,800 ",In-store
Kohl's,1197831,2021-07-12,Midwest,Kansas,Wichita,Women's Athletic Footwear,$43.00 ,75,323,$158 ,Online
West Gear,1197831,2021-03-19,South,Oklahoma,Oklahoma City,Women's Athletic Footwear,$16.00 ,39,62,$29 ,Outlet
Sports Direct,1185732,2021-10-15,Northeast,Massachusetts,Boston,Women's Street Footwear,$55.00 ,125,"6,875","$1,719 ",In-store
Foot Locker,1128299,2021-08-23,West,Arizona,Phoenix,Women's Street Footwear,$54.00 ,113,610,$299 ,Online
West Gear,1185732,2021-11-09,Northeast,New York,Albany,Women's Apparel,$68.00 ,176,"1,197",$766 ,Online
West Gear,1197831,2021-08-20,South,Oklahoma,Oklahoma City,Men's Street Footwear,$41.00 ,230,943,$396 ,Outlet
Foot Locker,1185732,2021-06-22,Northeast,Maryland,Baltimore,Women's Athletic Footwear,$40.00 ,150,"6,000","$2,100 ",In-store
Sports Direct,1185732,2021-08-04,Northeast,Connecticut,Hartford,Women's Apparel,$60.00 ,375,"22,500","$7,875 ",In-store
West Gear,1185732,2021-08-09,Northeast,New York,Albany,Men's Apparel,$52.00 ,149,775,$372 ,Online
Amazon,1185732,2021-01-14,Northeast,Massachusetts,Boston,Men's Apparel,$37.00 ,70,259,$106 ,Outlet
Foot Locker,1128299,2021-12-12,Southeast,Georgia,Atlanta,Women's Apparel,$64.00 ,135,864,$302 ,Online
West Gear,1128299,2021-08-24,West,Oregon,Portland,Men's Apparel,$65.00 ,128,832,$441 ,Online
Foot Locker,1197831,2021-02-04,South,Louisiana,New Orleans,Men's Street Footwear,$18.00 ,200,360,$115 ,Outlet
Foot Locker,1128299,2021-06-10,West,Hawaii,Honolulu,Women's Street Footwear,$71.00 ,180,"1,278",$460 ,Online
Sports Direct,1128299,2021-05-14,Southeast,Georgia,Atlanta,Women's Athletic Footwear,$47.00 ,91,428,$231 ,Online
West Gear,1185732,2021-06-10,Midwest,Indiana,Indianapolis,Women's Street Footwear,$27.00 ,50,135,$61 ,Online
Foot Locker,1128299,2021-09-24,West,Arizona,Phoenix,Women's Street Footwear,$43.00 ,128,550,$248 ,Online
Amazon,1185732,2021-02-22,West,Alaska,Anchorage,Women's Athletic Footwear,$50.00 ,175,"8,750","$2,188 ",Outlet
Foot Locker,1185732,2021-02-08,Northeast,Rhode Island,Providence,Women's Athletic Footwear,$29.00 ,13,38,$20 ,Online
Amazon,1185732,2021-05-10,Northeast,Vermont,Burlington,Women's Athletic Footwear,$40.00 ,83,332,$133 ,Outlet
Foot Locker,1185732,2021-01-24,Northeast,New Hampshire,Manchester,Men's Athletic Footwear,$55.00 ,300,"16,500","$5,775 ",Outlet
Kohl's,1197831,2021-10-14,Midwest,Kansas,Wichita,Women's Street Footwear,$19.00 ,60,114,$54 ,Online
Sports Direct,1185732,2021-11-07,Northeast,New Jersey,Newark,Men's Apparel,$55.00 ,59,325,$143 ,Online
Foot Locker,1185732,2021-09-07,Midwest,Iowa,Des Moines,Women's Street Footwear,$25.00 ,175,"4,375","$1,313 ",In-store
Foot Locker,1185732,2021-09-19,Midwest,Missouri,St. Louis,Women's Apparel,$28.00 ,95,266,$170 ,Online
Kohl's,1189833,2021-03-16,West,California,Los Angeles,Women's Athletic Footwear,$41.00 ,152,623,$305 ,Online
Foot Locker,1128299,2021-06-23,West,Arizona,Phoenix,Women's Athletic Footwear,$50.00 ,350,"17,500","$6,125 ",Online
Foot Locker,1185732,2021-10-08,Northeast,Rhode Island,Providence,Women's Athletic Footwear,$50.00 ,75,"3,750","$1,500 ",In-store
West Gear,1185732,2021-06-17,Northeast,West Virginia,Charleston,Women's Apparel,$65.00 ,425,"27,625","$11,050 ",In-store
Foot Locker,1185732,2021-08-06,Midwest,Illinois,Chicago,Men's Athletic Footwear,$46.00 ,75,345,$166 ,Online
Foot Locker,1185732,2021-07-05,Midwest,Nebraska,Omaha,Women's Athletic Footwear,$30.00 ,125,"3,750","$1,500 ",Outlet
Foot Locker,1128299,2021-06-24,Southeast,Virginia,Richmond,Women's Street Footwear,$58.00 ,208,"1,206",$446 ,Outlet
Foot Locker,1185732,2021-10-07,Southeast,South Carolina,Charleston,Women's Street Footwear,$41.00 ,176,722,$281 ,Online
West Gear,1185732,2021-01-03,Midwest,Iowa,Des Moines,Women's Apparel,$30.00 ,250,"7,500","$3,000 ",In-store
Sports Direct,1197831,2021-08-17,South,Alabama,Birmingham,Men's Apparel,$28.00 ,88,246,$113 ,Outlet
Foot Locker,1185732,2021-09-06,Northeast,Rhode Island,Providence,Men's Street Footwear,$39.00 ,128,499,$210 ,Outlet
Foot Locker,1128299,2021-06-24,Southeast,Virginia,Richmond,Women's Apparel,$82.00 ,231,"1,894",$701 ,Outlet
Sports Direct,1185732,2021-11-07,Northeast,Rhode Island,Providence,Women's Athletic Footwear,$50.00 ,200,"10,000","$4,000 ",In-store
Foot Locker,1128299,2021-07-23,Southeast,Virginia,Richmond,Men's Athletic Footwear,$60.00 ,224,"1,344",$511 ,Outlet
Kohl's,1197831,2021-05-12,Midwest,Kansas,Wichita,Men's Athletic Footwear,$40.00 ,275,"11,000","$3,850 ",Online
Foot Locker,1128299,2021-01-10,West,Alaska,Anchorage,Men's Apparel,$46.00 ,46,212,$63 ,Online
West Gear,1197831,2021-06-21,South,Oklahoma,Oklahoma City,Women's Athletic Footwear,$40.00 ,300,"12,000","$4,800 ",Online
Foot Locker,1128299,2021-08-24,Southeast,Virginia,Richmond,Women's Street Footwear,$69.00 ,189,"1,304",$626 ,Online
Foot Locker,1185732,2021-05-07,Midwest,Iowa,Des Moines,Men's Street Footwear,$57.00 ,146,832,$350 ,Online
Walmart,1197831,2021-04-20,South,Arkansas,Little Rock,Men's Apparel,$31.00 ,75,233,$86 ,Outlet
Foot Locker,1185732,2021-01-12,Midwest,Kansas,Wichita,Women's Apparel,$37.00 ,72,266,$147 ,Online
Kohl's,1189833,2021-05-19,West,California,Los Angeles,Men's Street Footwear,$40.00 ,272,"1,088",$500 ,Outlet
Kohl's,1189833,2021-03-09,Midwest,Montana,Billings,Women's Apparel,$60.00 ,500,"30,000","$7,500 ",Outlet
Sports Direct,1197831,2021-04-08,South,Tennessee,Knoxville,Women's Apparel,$31.00 ,271,840,$496 ,Outlet
West Gear,1185732,2021-01-17,Midwest,Indiana,Indianapolis,Men's Athletic Footwear,$32.00 ,75,240,$132 ,Online
Foot Locker,1128299,2021-06-23,West,Arizona,Phoenix,Women's Athletic Footwear,$38.00 ,105,399,$160 ,Outlet
Sports Direct,1197831,2021-10-03,South,Alabama,Birmingham,Women's Athletic Footwear,$36.00 ,135,486,$326 ,Outlet
Sports Direct,1185732,2021-12-11,Midwest,South Dakota,Sioux Falls,Women's Athletic Footwear,$50.00 ,200,"10,000","$3,000 ",Online
Kohl's,1185732,2021-09-06,Northeast,New Jersey,Newark,Men's Apparel,$47.00 ,41,193,$79 ,Online
Walmart,1128299,2021-10-17,Southeast,Florida,Orlando,Women's Street Footwear,$55.00 ,112,616,$253 ,Online
Sports Direct,1197831,2021-04-07,South,Tennessee,Knoxville,Men's Apparel,$45.00 ,425,"19,125","$6,694 ",Outlet
Sports Direct,1128299,2021-03-16,Southeast,Florida,Orlando,Men's Apparel,$44.00 ,60,264,$69 ,Outlet
Sports Direct,1128299,2021-07-12,Southeast,Georgia,Atlanta,Men's Athletic Footwear,$51.00 ,173,882,$450 ,Online
West Gear,1128299,2021-07-16,South,Louisiana,New Orleans,Men's Street Footwear,$86.00 ,270,"2,322","$1,231 ",Online
Kohl's,1185732,2021-04-11,West,Wyoming,Cheyenne,Women's Street Footwear,$28.00 ,145,406,$187 ,Online
Kohl's,1189833,2021-03-12,West,California,Los Angeles,Women's Apparel,$45.00 ,700,"31,500","$6,300 ",Outlet
Kohl's,1185732,2021-08-11,West,Wyoming,Cheyenne,Men's Apparel,$50.00 ,500,"25,000","$7,500 ",In-store
Foot Locker,1185732,2021-11-04,Northeast,Connecticut,Hartford,Men's Apparel,$60.00 ,68,408,$180 ,Online
Sports Direct,1185732,2021-09-13,Northeast,Massachusetts,Boston,Men's Apparel,$55.00 ,125,"6,875","$1,719 ",In-store
Foot Locker,1185732,2021-08-07,Northeast,Rhode Island,Providence,Women's Apparel,$52.00 ,87,452,$244 ,Online
Sports Direct,1128299,2021-05-14,Southeast,Georgia,Atlanta,Women's Apparel,$53.00 ,124,657,$204 ,Outlet
Walmart,1128299,2021-10-17,Southeast,Florida,Orlando,Men's Athletic Footwear,$59.00 ,144,850,$323 ,Online
Amazon,1185732,2021-10-22,West,Alaska,Anchorage,Women's Street Footwear,$59.00 ,46,271,$109 ,Online
Sports Direct,1185732,2021-09-15,Midwest,Michigan,Detroit,Men's Apparel,$45.00 ,475,"21,375","$8,550 ",In-store
Sports Direct,1197831,2021-09-24,South,Texas,Dallas,Women's Street Footwear,$46.00 ,273,"1,256",$691 ,Online
Walmart,1128299,2021-10-17,Southeast,Florida,Orlando,Women's Athletic Footwear,$51.00 ,113,576,$236 ,Online
West Gear,1128299,2021-01-25,West,California,San Francisco,Men's Athletic Footwear,$56.00 ,268,"1,501",$420 ,Online
Amazon,1185732,2021-12-13,Northeast,Massachusetts,Boston,Women's Athletic Footwear,$55.00 ,300,"16,500","$4,125 ",In-store
Sports Direct,1197831,2021-08-27,South,Texas,Dallas,Men's Apparel,$29.00 ,96,278,$103 ,Outlet
Sports Direct,1185732,2021-01-17,Northeast,Rhode Island,Providence,Men's Apparel,$39.00 ,47,183,$59 ,Outlet
Amazon,1185732,2021-12-17,Northeast,Maine,Portland,Women's Street Footwear,$52.00 ,68,354,$177 ,Online
Kohl's,1185732,2021-10-12,West,Wyoming,Cheyenne,Women's Street Footwear,$45.00 ,500,"22,500","$7,875 ",In-store
Foot Locker,1128299,2021-11-24,Southeast,Virginia,Richmond,Men's Athletic Footwear,$47.00 ,169,794,$389 ,Online
West Gear,1128299,2021-09-18,South,Louisiana,New Orleans,Men's Apparel,$55.00 ,275,"15,125","$6,806 ",Online
Kohl's,1185732,2021-03-06,Northeast,New Jersey,Newark,Women's Athletic Footwear,$27.00 ,22,59,$31 ,Online
Foot Locker,1185732,2021-02-18,South,Mississippi,Jackson,Men's Apparel,$40.00 ,400,"16,000","$5,600 ",Online
Kohl's,1189833,2021-02-26,Midwest,Montana,Billings,Men's Street Footwear,$40.00 ,575,"23,000","$10,350 ",Outlet
West Gear,1128299,2021-01-23,West,California,San Francisco,Women's Apparel,$76.00 ,181,"1,376",$344 ,Online
Walmart,1128299,2021-04-17,Southeast,Florida,Orlando,Men's Apparel,$47.00 ,60,282,$62 ,Outlet
Sports Direct,1185732,2021-08-14,Northeast,Massachusetts,Boston,Men's Apparel,$40.00 ,51,204,$55 ,Outlet
Foot Locker,1128299,2021-04-24,Southeast,Virginia,Richmond,Women's Apparel,$64.00 ,78,499,$220 ,Online
Sports Direct,1185732,2021-12-05,Southeast,South Carolina,Charleston,Women's Athletic Footwear,$59.00 ,194,"1,145",$515 ,Online
West Gear,1185732,2021-08-10,Midwest,Indiana,Indianapolis,Men's Athletic Footwear,$41.00 ,87,357,$193 ,Online
West Gear,1128299,2021-01-10,Northeast,Maine,Portland,Men's Street Footwear,$35.00 ,375,"13,125","$3,281 ",Outlet
Kohl's,1128299,2021-07-25,West,New Mexico,Albuquerque,Men's Athletic Footwear,$56.00 ,180,"1,008",$544 ,Online
Foot Locker,1128299,2021-07-22,West,Arizona,Phoenix,Men's Athletic Footwear,$50.00 ,142,710,$362 ,Online
Sports Direct,1185732,2021-01-19,Southeast,Virginia,Richmond,Men's Athletic Footwear,$28.00 ,187,524,$246 ,Outlet
Walmart,1197831,2021-10-21,South,Arkansas,Little Rock,Men's Athletic Footwear,$14.00 ,132,185,$74 ,Outlet
Amazon,1185732,2021-10-12,Northeast,Vermont,Burlington,Men's Athletic Footwear,$44.00 ,99,436,$213 ,Outlet
West Gear,1185732,2021-02-10,Northeast,New York,Albany,Women's Apparel,$42.00 ,182,764,$489 ,Online
Kohl's,1128299,2021-12-22,West,Arizona,Phoenix,Women's Street Footwear,$45.00 ,425,"19,125","$6,694 ",Online
Kohl's,1185732,2021-02-08,Northeast,New Jersey,Newark,Men's Apparel,$45.00 ,175,"7,875","$2,363 ",In-store
Sports Direct,1185732,2021-03-08,Midwest,North Dakota,Fargo,Men's Street Footwear,$30.00 ,495,"14,850","$5,198 ",Online
Foot Locker,1185732,2021-10-08,Northeast,Rhode Island,Providence,Men's Apparel,$60.00 ,75,"4,500","$1,350 ",In-store
West Gear,1128299,2021-06-24,West,Oregon,Portland,Men's Street Footwear,$51.00 ,225,"1,148",$562 ,Online
Kohl's,1197831,2021-09-12,Midwest,Kansas,Wichita,Women's Athletic Footwear,$14.00 ,65,91,$43 ,Online
Sports Direct,1128299,2021-02-13,Southeast,Georgia,Atlanta,Men's Apparel,$34.00 ,60,204,$80 ,Outlet
Foot Locker,1185732,2021-10-23,South,Texas,Dallas,Men's Athletic Footwear,$41.00 ,68,279,$131 ,Online
Walmart,1185732,2021-07-16,South,Mississippi,Jackson,Women's Athletic Footwear,$33.00 ,143,472,$203 ,Outlet
West Gear,1185732,2021-02-17,Midwest,Indiana,Indianapolis,Women's Street Footwear,$30.00 ,300,"9,000","$3,600 ",In-store
Sports Direct,1185732,2021-11-17,South,Mississippi,Jackson,Men's Athletic Footwear,$18.00 ,117,211,$95 ,Online
Sports Direct,1185732,2021-11-12,Midwest,South Dakota,Sioux Falls,Women's Athletic Footwear,$45.00 ,175,"7,875","$2,363 ",Online
Foot Locker,1185732,2021-04-18,Midwest,Missouri,St. Louis,Men's Street Footwear,$35.00 ,575,"20,125","$8,050 ",In-store
Sports Direct,1197831,2021-09-27,South,Alabama,Birmingham,Women's Athletic Footwear,$35.00 ,325,"11,375","$6,825 ",Outlet
Sports Direct,1197831,2021-10-04,South,Texas,Dallas,Men's Street Footwear,$40.00 ,625,"25,000","$10,000 ",Outlet
West Gear,1185732,2021-01-12,Southeast,Florida,Orlando,Women's Street Footwear,$26.00 ,202,525,$152 ,Outlet
Foot Locker,1185732,2021-12-17,Midwest,Missouri,St. Louis,Men's Athletic Footwear,$32.00 ,113,362,$174 ,Online
West Gear,1128299,2021-08-17,South,Louisiana,New Orleans,Men's Street Footwear,$73.00 ,255,"1,862",$875 ,Outlet
Foot Locker,1128299,2021-12-23,Southeast,Virginia,Richmond,Men's Street Footwear,$60.00 ,225,"1,350",$635 ,Online
West Gear,1197831,2021-05-19,South,Oklahoma,Oklahoma City,Women's Street Footwear,$34.00 ,72,245,$127 ,Online
West Gear,1185732,2021-06-17,Northeast,West Virginia,Charleston,Women's Street Footwear,$33.00 ,81,267,$144 ,Online
Sports Direct,1185732,2021-04-16,Midwest,Michigan,Detroit,Women's Apparel,$37.00 ,152,562,$388 ,Online
Kohl's,1185732,2021-11-11,West,Wyoming,Cheyenne,Women's Athletic Footwear,$42.00 ,135,567,$278 ,Online
Amazon,1185732,2021-09-09,Midwest,Ohio,Columbus,Women's Athletic Footwear,$25.00 ,450,"11,250","$4,500 ",Online
Foot Locker,1185732,2021-06-15,Northeast,Delaware,Wilmington,Men's Apparel,$50.00 ,75,375,$150 ,Online
West Gear,1185732,2021-11-06,Midwest,Iowa,Des Moines,Women's Athletic Footwear,$35.00 ,200,"7,000","$2,100 ",In-store
West Gear,1185732,2021-10-17,Northeast,West Virginia,Charleston,Men's Athletic Footwear,$35.00 ,275,"9,625","$3,850 ",In-store
West Gear,1185732,2021-09-04,Midwest,Wisconsin,Milwaukee,Women's Athletic Footwear,$25.00 ,125,"3,125",$938 ,In-store
Amazon,1185732,2021-12-17,Northeast,Maine,Portland,Men's Street Footwear,$65.00 ,475,"30,875","$10,806 ",Outlet
West Gear,1185732,2021-12-09,Midwest,Indiana,Indianapolis,Women's Street Footwear,$50.00 ,350,"17,500","$6,125 ",In-store
Sports Direct,1185732,2021-08-04,Northeast,Connecticut,Hartford,Men's Apparel,$43.00 ,62,267,$88 ,Outlet
Kohl's,1197831,2021-02-14,Midwest,Kansas,Wichita,Men's Apparel,$35.00 ,225,"7,875","$2,756 ",Online
Sports Direct,1128299,2021-03-12,Southeast,Georgia,Atlanta,Women's Athletic Footwear,$50.00 ,250,"12,500","$5,000 ",Online
Sports Direct,1128299,2021-12-23,Southeast,Virginia,Richmond,Women's Street Footwear,$53.00 ,165,875,$350 ,Outlet
Foot Locker,1128299,2021-01-10,West,Alaska,Anchorage,Women's Street Footwear,$45.00 ,375,"16,875","$4,219 ",Outlet
Foot Locker,1185732,2021-11-04,Northeast,Connecticut,Hartford,Men's Athletic Footwear,$55.00 ,300,"16,500","$6,600 ",In-store
Kohl's,1185732,2021-03-06,Northeast,New Jersey,Newark,Women's Street Footwear,$24.00 ,59,142,$75 ,Online
Foot Locker,1185732,2021-04-12,Midwest,South Dakota,Sioux Falls,Women's Athletic Footwear,$34.00 ,20,68,$29 ,Online
Sports Direct,1197831,2021-10-14,South,Texas,Dallas,Men's Apparel,$60.00 ,475,"28,500","$9,975 ",Outlet
Walmart,1128299,2021-05-18,Southeast,Florida,Orlando,Men's Athletic Footwear,$46.00 ,132,607,$170 ,Outlet
Sports Direct,1185732,2021-06-17,Midwest,Michigan,Detroit,Women's Apparel,$65.00 ,675,"43,875","$24,131 ",In-store
Foot Locker,1185732,2021-05-16,South,Mississippi,Jackson,Men's Apparel,$34.00 ,132,449,$180 ,Outlet
Sports Direct,1185732,2021-08-09,Midwest,North Dakota,Fargo,Women's Athletic Footwear,$40.00 ,200,"8,000","$2,400 ",In-store
Sports Direct,1185732,2021-07-03,Northeast,Connecticut,Hartford,Women's Athletic Footwear,$34.00 ,94,320,$115 ,Outlet
Sports Direct,1185732,2021-03-13,Northeast,Massachusetts,Boston,Women's Street Footwear,$23.00 ,60,138,$44 ,Outlet
Kohl's,1185732,2021-12-13,Northeast,Delaware,Wilmington,Men's Athletic Footwear,$55.00 ,400,"22,000","$7,700 ",In-store
Sports Direct,1185732,2021-03-03,Northeast,Connecticut,Hartford,Men's Apparel,$48.00 ,39,187,$75 ,Online
West Gear,1185732,2021-11-11,West,Utah,Salt Lake City,Women's Street Footwear,$14.00 ,107,150,$63 ,Outlet
Amazon,1185732,2021-08-21,West,Alaska,Anchorage,Men's Athletic Footwear,$56.00 ,106,594,$267 ,Online
Amazon,1185732,2021-02-12,Northeast,Massachusetts,Boston,Men's Street Footwear,$45.00 ,575,"25,875","$11,644 ",In-store
Amazon,1185732,2021-06-22,West,Alaska,Anchorage,Men's Athletic Footwear,$55.00 ,112,616,$308 ,Online
Kohl's,1185732,2021-01-10,Northeast,Delaware,Wilmington,Men's Apparel,$45.00 ,175,"7,875","$2,363 ",In-store
Amazon,1185732,2021-09-17,Northeast,New Hampshire,Manchester,Men's Athletic Footwear,$60.00 ,350,"21,000","$8,400 ",Outlet
West Gear,1185732,2021-12-05,Midwest,Iowa,Des Moines,Men's Athletic Footwear,$50.00 ,325,"16,250","$5,688 ",In-store
West Gear,1128299,2021-03-23,West,Oregon,Portland,Women's Street Footwear,$54.00 ,88,475,$214 ,Online
Kohl's,1128299,2021-09-27,West,New Mexico,Albuquerque,Women's Athletic Footwear,$49.00 ,123,603,$283 ,Online
Sports Direct,1185732,2021-08-03,Southeast,North Carolina,Charlotte,Women's Apparel,$60.00 ,825,"49,500","$24,750 ",Online
West Gear,1185732,2021-08-11,West,Utah,Salt Lake City,Men's Athletic Footwear,$35.00 ,525,"18,375","$6,431 ",In-store
Kohl's,1185732,2021-06-12,West,Wyoming,Cheyenne,Women's Apparel,$55.00 ,650,"35,750","$8,938 ",In-store
Kohl's,1189833,2021-05-28,West,California,Los Angeles,Women's Athletic Footwear,$49.00 ,210,"1,029",$515 ,Online
Foot Locker,1185732,2021-05-16,South,Mississippi,Jackson,Men's Street Footwear,$27.00 ,238,643,$270 ,Outlet
Foot Locker,1185732,2021-07-06,Northeast,Rhode Island,Providence,Women's Street Footwear,$27.00 ,78,211,$95 ,Outlet
Kohl's,1128299,2021-06-26,West,New Mexico,Albuquerque,Women's Athletic Footwear,$54.00 ,106,572,$258 ,Online
Foot Locker,1197831,2021-11-13,Midwest,Kansas,Wichita,Women's Athletic Footwear,$54.00 ,83,448,$215 ,Online
Sports Direct,1197831,2021-02-21,South,Mississippi,Jackson,Men's Street Footwear,$17.00 ,210,357,$161 ,Outlet
Sports Direct,1197831,2021-05-20,South,Tennessee,Knoxville,Women's Apparel,$49.00 ,225,"1,103",$695 ,Outlet
Sports Direct,1197831,2021-05-10,South,Tennessee,Knoxville,Men's Athletic Footwear,$21.00 ,223,468,$229 ,Outlet
West Gear,1185732,2021-06-03,Midwest,Wisconsin,Milwaukee,Women's Apparel,$51.00 ,98,500,$275 ,Online
Sports Direct,1197831,2021-04-12,South,Tennessee,Knoxville,Women's Athletic Footwear,$36.00 ,174,626,$382 ,Online
Foot Locker,1185732,2021-06-12,Midwest,Nebraska,Omaha,Men's Apparel,$45.00 ,25,"1,125",$394 ,Outlet
Foot Locker,1185732,2021-11-18,Northeast,Pennsylvania,Philadelphia,Women's Athletic Footwear,$55.00 ,100,"5,500","$1,925 ",Outlet
Foot Locker,1128299,2021-09-25,Southeast,Virginia,Richmond,Men's Street Footwear,$50.00 ,450,"22,500","$7,875 ",In-store
Sports Direct,1185732,2021-05-13,Northeast,Massachusetts,Boston,Men's Street Footwear,$55.00 ,495,"27,225","$8,168 ",In-store
West Gear,1128299,2021-01-07,West,California,San Francisco,Men's Athletic Footwear,$65.00 ,825,"53,625","$13,406 ",Outlet
Foot Locker,1185732,2021-02-08,Northeast,Connecticut,Hartford,Men's Athletic Footwear,$34.00 ,36,122,$58 ,Online
Amazon,1185732,2021-06-19,Northeast,New Hampshire,Manchester,Women's Athletic Footwear,$52.00 ,91,473,$199 ,Online
Sports Direct,1128299,2021-12-25,West,New Mexico,Albuquerque,Women's Athletic Footwear,$55.00 ,145,798,$367 ,Online
West Gear,1185732,2021-11-11,West,Utah,Salt Lake City,Men's Street Footwear,$30.00 ,550,"16,500","$6,600 ",In-store
West Gear,1185732,2021-07-10,West,Utah,Salt Lake City,Women's Street Footwear,$19.00 ,157,298,$116 ,Outlet
Foot Locker,1185732,2021-05-19,Midwest,Missouri,St. Louis,Women's Athletic Footwear,$30.00 ,225,"6,750","$2,700 ",In-store
Sports Direct,1128299,2021-06-13,Southeast,Georgia,Atlanta,Women's Apparel,$67.00 ,150,"1,005",$352 ,Online
Sports Direct,1185732,2021-08-04,Northeast,Connecticut,Hartford,Men's Athletic Footwear,$50.00 ,400,"20,000","$8,000 ",In-store
Foot Locker,1185732,2021-01-09,Southeast,Georgia,Atlanta,Women's Athletic Footwear,$25.00 ,209,523,$183 ,Outlet
Kohl's,1185732,2021-09-06,Northeast,New Jersey,Newark,Men's Athletic Footwear,$45.00 ,275,"12,375","$4,331 ",In-store
Foot Locker,1185732,2021-04-07,Northeast,Rhode Island,Providence,Men's Apparel,$33.00 ,15,50,$16 ,Outlet
Foot Locker,1185732,2021-05-30,Midwest,Nebraska,Omaha,Women's Athletic Footwear,$29.00 ,14,41,$20 ,Online
Sports Direct,1128299,2021-09-14,Southeast,Georgia,Atlanta,Women's Apparel,$46.00 ,135,621,$186 ,Outlet
Sports Direct,1185732,2021-10-22,Northeast,Maryland,Baltimore,Men's Athletic Footwear,$48.00 ,58,278,$128 ,Online
West Gear,1197831,2021-03-06,West,Idaho,Boise,Women's Apparel,$33.00 ,116,383,$249 ,Online
Sports Direct,1197831,2021-08-25,South,Alabama,Birmingham,Men's Street Footwear,$7.00 ,224,157,$74 ,Outlet
Foot Locker,1185732,2021-07-12,Midwest,Illinois,Chicago,Men's Street Footwear,$49.00 ,149,730,$372 ,Online
Amazon,1185732,2021-09-17,Northeast,New Hampshire,Manchester,Women's Street Footwear,$52.00 ,75,390,$168 ,Online
West Gear,1185732,2021-08-17,Northeast,West Virginia,Charleston,Men's Street Footwear,$50.00 ,525,"26,250","$10,500 ",In-store
Sports Direct,1185732,2021-11-03,Southeast,North Carolina,Charlotte,Women's Apparel,$75.00 ,725,"54,375","$27,188 ",Online
Foot Locker,1197831,2021-08-08,West,Idaho,Boise,Men's Athletic Footwear,$55.00 ,750,"41,250","$16,500 ",Online
Foot Locker,1185732,2021-10-08,Northeast,Rhode Island,Providence,Men's Apparel,$40.00 ,23,92,$30 ,Outlet
Foot Locker,1185732,2021-12-20,Northeast,Pennsylvania,Philadelphia,Women's Apparel,$65.00 ,225,"14,625","$3,656 ",Outlet
West Gear,1197831,2021-07-19,South,Oklahoma,Oklahoma City,Women's Apparel,$45.00 ,163,734,$345 ,Outlet
Foot Locker,1185732,2021-06-08,Midwest,Illinois,Chicago,Women's Street Footwear,$32.00 ,61,195,$90 ,Online
Amazon,1185732,2021-10-29,Northeast,Maine,Portland,Women's Apparel,$40.00 ,200,"8,000","$3,200 ",Outlet
Foot Locker,1128299,2021-06-23,West,Arizona,Phoenix,Men's Athletic Footwear,$55.00 ,475,"26,125","$10,450 ",Online
West Gear,1128299,2021-07-23,West,Oregon,Portland,Men's Athletic Footwear,$66.00 ,217,"1,432",$587 ,Outlet
West Gear,1197831,2021-04-20,South,Oklahoma,Oklahoma City,Women's Street Footwear,$10.00 ,70,70,$32 ,Outlet
West Gear,1128299,2021-01-02,West,California,San Francisco,Women's Street Footwear,$60.00 ,218,"1,308",$667 ,Online
Walmart,1128299,2021-09-18,Southeast,Florida,Orlando,Men's Street Footwear,$44.00 ,155,682,$252 ,Outlet
Sports Direct,1185732,2021-11-12,Midwest,South Dakota,Sioux Falls,Men's Athletic Footwear,$45.00 ,250,"11,250","$3,375 ",Online
West Gear,1128299,2021-05-18,South,Louisiana,New Orleans,Men's Athletic Footwear,$47.00 ,100,470,$244 ,Online
Sports Direct,1197831,2021-09-10,South,Alabama,Birmingham,Men's Apparel,$45.00 ,131,590,$342 ,Online
Sports Direct,1128299,2021-05-14,Southeast,Georgia,Atlanta,Women's Athletic Footwear,$34.00 ,114,388,$167 ,Outlet
Foot Locker,1185732,2021-07-11,Midwest,South Dakota,Sioux Falls,Men's Athletic Footwear,$45.00 ,300,"13,500","$4,050 ",Online
Foot Locker,1185732,2021-06-06,Midwest,Iowa,Des Moines,Women's Apparel,$55.00 ,325,"17,875","$7,150 ",In-store
Sports Direct,1185732,2021-06-15,Northeast,Massachusetts,Boston,Women's Street Footwear,$42.00 ,68,286,$103 ,Online
Foot Locker,1128299,2021-07-22,West,Arizona,Phoenix,Men's Apparel,$40.00 ,145,580,$215 ,Outlet
Kohl's,1189833,2021-04-27,West,California,Los Angeles,Women's Street Footwear,$47.00 ,218,"1,025",$533 ,Online
Walmart,1185732,2021-09-16,South,Mississippi,Jackson,Men's Apparel,$30.00 ,400,"12,000","$4,200 ",Online
West Gear,1185732,2021-05-11,Midwest,Indiana,Indianapolis,Women's Athletic Footwear,$35.00 ,175,"6,125","$2,144 ",In-store
Foot Locker,1185732,2021-04-06,Midwest,Iowa,Des Moines,Women's Apparel,$50.00 ,250,"12,500","$5,000 ",In-store
Foot Locker,1128299,2021-03-22,West,Arizona,Phoenix,Women's Apparel,$37.00 ,107,396,$107 ,Outlet
Sports Direct,1197831,2021-05-06,South,Tennessee,Knoxville,Women's Athletic Footwear,$30.00 ,131,393,$236 ,Outlet
Sports Direct,1197831,2021-11-05,West,Idaho,Boise,Men's Apparel,$41.00 ,149,611,$232 ,Outlet
Walmart,1128299,2021-08-17,Southeast,Florida,Orlando,Men's Athletic Footwear,$85.00 ,825,"70,125","$17,531 ",In-store
Sports Direct,1185732,2021-04-04,Northeast,Connecticut,Hartford,Men's Athletic Footwear,$40.00 ,200,"8,000","$3,200 ",In-store
Foot Locker,1185732,2021-06-25,Midwest,Illinois,Chicago,Men's Athletic Footwear,$55.00 ,200,"11,000","$3,850 ",Outlet
Walmart,1128299,2021-08-10,West,Hawaii,Honolulu,Men's Apparel,$70.00 ,525,"36,750","$5,513 ",Outlet
Foot Locker,1185732,2021-11-04,Northeast,Pennsylvania,Philadelphia,Men's Athletic Footwear,$47.00 ,38,179,$88 ,Online
Foot Locker,1185732,2021-06-23,Midwest,Illinois,Chicago,Women's Apparel,$49.00 ,65,319,$191 ,Online
Kohl's,1128299,2021-04-26,West,New Mexico,Albuquerque,Men's Apparel,$56.00 ,58,325,$133 ,Online
Sports Direct,1185732,2021-04-14,Northeast,Massachusetts,Boston,Men's Apparel,$50.00 ,125,"6,250","$1,563 ",In-store
Foot Locker,1185732,2021-05-31,West,California,Los Angeles,Men's Street Footwear,$44.00 ,124,546,$284 ,Online
Foot Locker,1128299,2021-02-23,West,Arizona,Phoenix,Women's Apparel,$38.00 ,88,334,$120 ,Online
Foot Locker,1185732,2021-06-04,Midwest,Nebraska,Omaha,Women's Street Footwear,$30.00 ,150,"4,500","$1,575 ",Outlet
Kohl's,1189833,2021-04-24,West,California,Los Angeles,Women's Apparel,$65.00 ,800,"52,000","$10,400 ",Outlet
Foot Locker,1185732,2021-04-12,Midwest,South Dakota,Sioux Falls,Women's Street Footwear,$29.00 ,45,131,$52 ,Online
Sports Direct,1185732,2021-02-17,Midwest,Michigan,Detroit,Women's Apparel,$35.00 ,550,"19,250","$10,588 ",In-store
Sports Direct,1185732,2021-08-21,Northeast,Maryland,Baltimore,Men's Athletic Footwear,$41.00 ,83,340,$170 ,Online
Sports Direct,1185732,2021-06-15,Northeast,Massachusetts,Boston,Men's Apparel,$55.00 ,225,"12,375","$3,094 ",In-store
Sports Direct,1185732,2021-07-20,Northeast,Maryland,Baltimore,Men's Apparel,$50.00 ,175,"8,750","$2,625 ",In-store
Foot Locker,1128299,2021-07-22,West,Arizona,Phoenix,Men's Apparel,$55.00 ,425,"23,375","$7,013 ",Online
Sports Direct,1185732,2021-12-11,Midwest,South Dakota,Sioux Falls,Men's Apparel,$60.00 ,200,"12,000","$4,200 ",Online
Foot Locker,1185732,2021-09-13,Northeast,Delaware,Wilmington,Men's Street Footwear,$50.00 ,142,710,$348 ,Online
Sports Direct,1185732,2021-10-04,Southeast,North Carolina,Charlotte,Men's Street Footwear,$42.00 ,245,"1,029",$556 ,Online
Sports Direct,1185732,2021-12-16,South,Mississippi,Jackson,Men's Street Footwear,$68.00 ,194,"1,319",$699 ,Online
Foot Locker,1185732,2021-12-29,Northeast,Pennsylvania,Philadelphia,Women's Street Footwear,$55.00 ,65,358,$189 ,Online
Amazon,1185732,2021-07-20,West,Alaska,Anchorage,Women's Apparel,$70.00 ,500,"35,000","$10,500 ",Outlet
Sports Direct,1185732,2021-05-13,Northeast,Massachusetts,Boston,Men's Apparel,$50.00 ,54,270,$103 ,Online
Kohl's,1185732,2021-01-10,Northeast,Delaware,Wilmington,Women's Athletic Footwear,$27.00 ,38,103,$51 ,Online
Kohl's,1189833,2021-04-28,West,California,Los Angeles,Women's Athletic Footwear,$45.00 ,650,"29,250","$10,238 ",Outlet
West Gear,1185732,2021-09-08,Northeast,New York,Albany,Men's Apparel,$51.00 ,131,668,$321 ,Online
West Gear,1185732,2021-05-11,Midwest,Indiana,Indianapolis,Men's Athletic Footwear,$40.00 ,250,"10,000","$4,000 ",In-store
West Gear,1128299,2021-10-17,South,Louisiana,New Orleans,Men's Street Footwear,$34.00 ,112,381,$206 ,Online
Amazon,1185732,2021-05-20,West,Alaska,Anchorage,Women's Apparel,$67.00 ,100,670,$275 ,Online
Foot Locker,1128299,2021-12-12,Southeast,Georgia,Atlanta,Women's Street Footwear,$55.00 ,475,"26,125","$9,144 ",Online
Sports Direct,1197831,2021-08-23,South,Alabama,Birmingham,Men's Apparel,$23.00 ,74,170,$90 ,Online
Sports Direct,1185732,2021-04-14,Northeast,Massachusetts,Boston,Women's Street Footwear,$29.00 ,41,119,$42 ,Online
Foot Locker,1185732,2021-06-07,Southeast,South Carolina,Charleston,Men's Athletic Footwear,$49.00 ,200,980,$441 ,Online
Sports Direct,1128299,2021-02-13,Southeast,Georgia,Atlanta,Women's Apparel,$28.00 ,131,367,$106 ,Outlet
Foot Locker,1185732,2021-11-17,Northeast,Pennsylvania,Philadelphia,Women's Street Footwear,$38.00 ,53,201,$75 ,Outlet
Walmart,1185732,2021-07-16,South,Mississippi,Jackson,Women's Street Footwear,$48.00 ,142,682,$341 ,Online
Kohl's,1128299,2021-07-25,West,New Mexico,Albuquerque,Women's Street Footwear,$58.00 ,160,928,$445 ,Online
Foot Locker,1197831,2021-08-08,West,Idaho,Boise,Women's Athletic Footwear,$48.00 ,124,595,$387 ,Online
Kohl's,1185732,2021-02-08,Northeast,Delaware,Wilmington,Men's Street Footwear,$34.00 ,147,500,$240 ,Online
Kohl's,1197831,2021-12-19,South,Oklahoma,Oklahoma City,Men's Apparel,$55.00 ,98,539,$216 ,Outlet
Foot Locker,1197831,2021-12-04,West,Idaho,Boise,Women's Athletic Footwear,$44.00 ,184,810,$421 ,Outlet
Foot Locker,1185732,2021-03-06,Northeast,Rhode Island,Providence,Women's Athletic Footwear,$20.00 ,8,16,$8 ,Outlet
Foot Locker,1185732,2021-08-05,Midwest,Illinois,Chicago,Men's Street Footwear,$57.00 ,150,855,$470 ,Online
Sports Direct,1185732,2021-06-05,Northeast,Connecticut,Hartford,Women's Athletic Footwear,$42.00 ,80,336,$141 ,Online
Kohl's,1128299,2021-05-27,West,New Mexico,Albuquerque,Women's Apparel,$56.00 ,132,739,$214 ,Outlet
Sports Direct,1197831,2021-05-17,South,Tennessee,Knoxville,Women's Street Footwear,$60.00 ,700,"42,000","$18,900 ",Outlet
Sports Direct,1185732,2021-10-05,Northeast,Connecticut,Hartford,Women's Athletic Footwear,$43.00 ,45,194,$70 ,Outlet
Foot Locker,1185732,2021-07-09,Midwest,Nebraska,Omaha,Men's Athletic Footwear,$35.00 ,200,"7,000","$2,450 ",Outlet
West Gear,1185732,2021-10-11,West,Utah,Salt Lake City,Men's Apparel,$20.00 ,85,170,$66 ,Outlet
Amazon,1185732,2021-06-19,Northeast,New Hampshire,Manchester,Men's Street Footwear,$44.00 ,216,950,$437 ,Outlet
Amazon,1185732,2021-07-10,Northeast,Vermont,Burlington,Women's Apparel,$61.00 ,125,763,$397 ,Online
Sports Direct,1197831,2021-09-18,South,Texas,Dallas,Women's Street Footwear,$33.00 ,322,"1,063",$446 ,Outlet
Sports Direct,1197831,2021-03-22,South,Tennessee,Knoxville,Men's Street Footwear,$20.00 ,221,442,$190 ,Outlet
Amazon,1185732,2021-03-21,Southeast,Kentucky,Louisville,Men's Apparel,$55.00 ,150,"8,250","$2,888 ",Online
Foot Locker,1185732,2021-08-18,Midwest,Missouri,St. Louis,Men's Apparel,$35.00 ,300,"10,500","$3,675 ",In-store
West Gear,1128299,2021-01-18,West,California,San Francisco,Men's Street Footwear,$45.00 ,302,"1,359",$544 ,Outlet
Foot Locker,1185732,2021-09-13,Northeast,Delaware,Wilmington,Men's Athletic Footwear,$47.00 ,85,400,$180 ,Online
Sports Direct,1197831,2021-04-04,South,Tennessee,Knoxville,Men's Athletic Footwear,$23.00 ,218,501,$251 ,Online
West Gear,1197831,2021-05-19,South,Oklahoma,Oklahoma City,Men's Athletic Footwear,$29.00 ,93,270,$102 ,Outlet
Sports Direct,1197831,2021-05-04,South,Tennessee,Knoxville,Men's Athletic Footwear,$35.00 ,575,"20,125","$9,056 ",Outlet
Sports Direct,1197831,2021-08-15,South,Alabama,Birmingham,Women's Street Footwear,$27.00 ,117,316,$183 ,Online
Foot Locker,1128299,2021-04-23,West,Arizona,Phoenix,Men's Apparel,$55.00 ,150,"8,250","$2,475 ",Online
West Gear,1197831,2021-01-05,South,Louisiana,New Orleans,Women's Apparel,$34.00 ,143,486,$292 ,Online
Amazon,1185732,2021-08-21,West,Alaska,Anchorage,Women's Street Footwear,$55.00 ,350,"19,250","$4,813 ",Outlet
Kohl's,1189833,2021-02-18,West,California,San Francisco,Men's Athletic Footwear,$45.00 ,700,"31,500","$7,875 ",Outlet
Walmart,1197831,2021-06-21,South,Arkansas,Little Rock,Men's Apparel,$54.00 ,98,529,$254 ,Online
Kohl's,1185732,2021-12-13,Northeast,Delaware,Wilmington,Women's Athletic Footwear,$53.00 ,98,519,$280 ,Online
Foot Locker,1128299,2021-08-10,West,Hawaii,Honolulu,Men's Street Footwear,$85.00 ,750,"63,750","$15,938 ",Outlet
Foot Locker,1128299,2021-02-23,West,Arizona,Phoenix,Men's Apparel,$45.00 ,150,"6,750","$2,025 ",Online
Kohl's,1189833,2021-05-18,West,California,Los Angeles,Women's Apparel,$46.00 ,208,957,$230 ,Outlet
Kohl's,1189833,2021-02-22,Midwest,Montana,Billings,Women's Street Footwear,$45.00 ,400,"18,000","$8,100 ",Outlet
West Gear,1185732,2021-09-11,Midwest,Indiana,Indianapolis,Men's Athletic Footwear,$30.00 ,275,"8,250","$3,300 ",In-store
West Gear,1185732,2021-04-11,West,Utah,Salt Lake City,Men's Street Footwear,$27.00 ,181,489,$244 ,Online
Sports Direct,1128299,2021-07-12,Southeast,Georgia,Atlanta,Women's Athletic Footwear,$39.00 ,128,499,$225 ,Outlet
Foot Locker,1128299,2021-04-24,Southeast,Virginia,Richmond,Men's Street Footwear,$38.00 ,147,559,$207 ,Outlet
Kohl's,1189833,2021-01-13,Midwest,Montana,Billings,Men's Apparel,$50.00 ,200,"10,000","$6,000 ",Outlet
Walmart,1128299,2021-10-17,Southeast,Florida,Orlando,Women's Athletic Footwear,$55.00 ,375,"20,625","$6,188 ",In-store
Foot Locker,1185732,2021-06-12,Midwest,South Dakota,Sioux Falls,Men's Athletic Footwear,$39.00 ,70,273,$109 ,Online
Amazon,1185732,2021-01-21,Northeast,Vermont,Burlington,Women's Street Footwear,$28.00 ,101,283,$102 ,Outlet
Foot Locker,1185732,2021-08-03,Midwest,Illinois,Chicago,Men's Apparel,$56.00 ,41,230,$115 ,Online
Sports Direct,1197831,2021-10-10,South,Alabama,Birmingham,Men's Apparel,$60.00 ,500,"30,000","$13,500 ",Outlet
West Gear,1197831,2021-04-20,South,Oklahoma,Oklahoma City,Women's Apparel,$28.00 ,94,263,$145 ,Online
Sports Direct,1185732,2021-02-17,Midwest,Michigan,Detroit,Women's Athletic Footwear,$30.00 ,375,"11,250","$3,938 ",In-store
West Gear,1185732,2021-05-18,Northeast,West Virginia,Charleston,Men's Athletic Footwear,$40.00 ,300,"12,000","$4,800 ",In-store
West Gear,1128299,2021-05-18,South,Louisiana,New Orleans,Women's Apparel,$59.00 ,167,985,$443 ,Online
West Gear,1185732,2021-04-11,West,Utah,Salt Lake City,Women's Athletic Footwear,$18.00 ,70,126,$67 ,Online
Foot Locker,1185732,2021-06-23,Midwest,Nebraska,Omaha,Women's Athletic Footwear,$27.00 ,39,105,$57 ,Online
West Gear,1128299,2021-02-14,West,California,San Francisco,Women's Athletic Footwear,$55.00 ,775,"42,625","$10,656 ",Outlet
Sports Direct,1185732,2021-07-08,Midwest,North Dakota,Fargo,Women's Athletic Footwear,$40.00 ,175,"7,000","$2,100 ",In-store
Sports Direct,1197831,2021-10-04,South,Alabama,Birmingham,Men's Apparel,$50.00 ,425,"21,250","$9,563 ",Outlet
Sports Direct,1128299,2021-04-13,Southeast,Georgia,Atlanta,Men's Street Footwear,$50.00 ,525,"26,250","$10,500 ",Online
Sports Direct,1197831,2021-10-02,South,Texas,Dallas,Men's Apparel,$55.00 ,450,"24,750","$8,663 ",Outlet
Foot Locker,1128299,2021-08-24,Southeast,Virginia,Richmond,Men's Athletic Footwear,$53.00 ,240,"1,272",$534 ,Outlet
West Gear,1128299,2021-02-24,West,Oregon,Portland,Women's Athletic Footwear,$29.00 ,64,186,$76 ,Outlet
Sports Direct,1128299,2021-12-12,Southeast,Georgia,Atlanta,Men's Street Footwear,$42.00 ,209,878,$413 ,Outlet
West Gear,1197831,2021-09-19,South,Oklahoma,Oklahoma City,Men's Athletic Footwear,$40.00 ,375,"15,000","$5,250 ",Online
Foot Locker,1185732,2021-11-14,Northeast,Pennsylvania,Philadelphia,Women's Apparel,$48.00 ,54,259,$93 ,Online
West Gear,1128299,2021-09-18,South,Louisiana,New Orleans,Women's Street Footwear,$30.00 ,96,288,$132 ,Outlet
Foot Locker,1185732,2021-05-24,South,Tennessee,Knoxville,Women's Athletic Footwear,$27.00 ,19,51,$27 ,Online
Foot Locker,1185732,2021-01-06,Midwest,North Dakota,Fargo,Women's Street Footwear,$19.00 ,68,129,$58 ,Online
Foot Locker,1185732,2021-11-09,Northeast,Pennsylvania,Philadelphia,Men's Street Footwear,$35.00 ,140,490,$279 ,Outlet
West Gear,1128299,2021-08-17,South,Louisiana,New Orleans,Men's Street Footwear,$95.00 ,850,"80,750","$32,300 ",Online
Sports Direct,1197831,2021-03-16,South,Tennessee,Knoxville,Men's Street Footwear,$18.00 ,202,364,$135 ,Outlet
Sports Direct,1197831,2021-09-16,South,Alabama,Birmingham,Men's Apparel,$55.00 ,425,"23,375","$10,519 ",Outlet
West Gear,1185732,2021-03-16,Northeast,West Virginia,Charleston,Men's Street Footwear,$30.00 ,570,"17,100","$6,840 ",In-store
Amazon,1185732,2021-05-10,Northeast,Vermont,Burlington,Men's Apparel,$60.00 ,275,"16,500","$5,775 ",In-store
Amazon,1185732,2021-09-17,Northeast,New Hampshire,Manchester,Women's Athletic Footwear,$41.00 ,74,303,$112 ,Outlet
Kohl's,1189833,2021-05-24,West,California,Los Angeles,Women's Apparel,$65.00 ,700,"45,500","$9,100 ",Outlet
Foot Locker,1185732,2021-09-06,Northeast,Rhode Island,Providence,Men's Athletic Footwear,$45.00 ,225,"10,125","$3,544 ",In-store
Amazon,1185732,2021-07-20,West,Alaska,Anchorage,Women's Street Footwear,$53.00 ,102,541,$195 ,Online
Kohl's,1189833,2021-01-11,Midwest,Montana,Billings,Women's Street Footwear,$42.00 ,128,538,$306 ,Online
West Gear,1185732,2021-04-11,West,Utah,Salt Lake City,Men's Athletic Footwear,$20.00 ,111,222,$82 ,Outlet
Kohl's,1185732,2021-06-08,Northeast,New Jersey,Newark,Men's Street Footwear,$50.00 ,600,"30,000","$10,500 ",In-store
Kohl's,1189833,2021-01-20,Midwest,Montana,Billings,Women's Apparel,$55.00 ,101,556,$217 ,Online
West Gear,1128299,2021-01-17,West,Oregon,Portland,Men's Apparel,$33.00 ,68,224,$114 ,Outlet
Foot Locker,1128299,2021-04-24,Southeast,Virginia,Richmond,Women's Street Footwear,$41.00 ,114,467,$173 ,Outlet
Amazon,1185732,2021-08-22,Southeast,Kentucky,Louisville,Women's Street Footwear,$36.00 ,80,288,$156 ,Online
Sports Direct,1128299,2021-10-13,Southeast,Georgia,Atlanta,Women's Athletic Footwear,$44.00 ,88,387,$194 ,Online
Amazon,1185732,2021-04-21,West,Alaska,Anchorage,Women's Apparel,$49.00 ,84,412,$181 ,Online
West Gear,1128299,2021-01-05,West,California,San Francisco,Women's Apparel,$58.00 ,225,"1,305",$300 ,Outlet
Sports Direct,1185732,2021-02-17,Southeast,Virginia,Richmond,Men's Street Footwear,$35.00 ,800,"28,000","$14,000 ",In-store
Walmart,1128299,2021-09-18,Southeast,Florida,Orlando,Men's Street Footwear,$60.00 ,500,"30,000","$9,000 ",In-store
Kohl's,1185732,2021-09-06,Northeast,New Jersey,Newark,Women's Athletic Footwear,$40.00 ,150,"6,000","$2,400 ",In-store
Sports Direct,1185732,2021-01-19,Southeast,Virginia,Richmond,Women's Athletic Footwear,$29.00 ,116,336,$168 ,Online
Amazon,1185732,2021-12-13,Northeast,Massachusetts,Boston,Men's Street Footwear,$64.00 ,150,960,$394 ,Online
Kohl's,1189833,2021-01-31,Midwest,Montana,Billings,Men's Apparel,$41.00 ,75,308,$228 ,Online
Foot Locker,1185732,2021-04-17,South,Mississippi,Jackson,Women's Athletic Footwear,$16.00 ,96,154,$66 ,Outlet
Kohl's,1185732,2021-01-14,Northeast,New York,Albany,Men's Athletic Footwear,$39.00 ,156,608,$274 ,Online
Walmart,1128299,2021-04-17,Southeast,Florida,Orlando,Men's Street Footwear,$65.00 ,550,"35,750","$10,725 ",Outlet
Foot Locker,1185732,2021-01-24,Northeast,New Hampshire,Manchester,Men's Street Footwear,$52.00 ,145,754,$347 ,Online
Kohl's,1185732,2021-08-07,Northeast,New Jersey,Newark,Women's Street Footwear,$37.00 ,75,278,$150 ,Online
Foot Locker,1128299,2021-11-24,Southeast,Virginia,Richmond,Women's Athletic Footwear,$55.00 ,450,"24,750","$8,663 ",In-store
Amazon,1185732,2021-07-20,West,Alaska,Anchorage,Men's Athletic Footwear,$60.00 ,425,"25,500","$8,925 ",Outlet
Foot Locker,1185732,2021-01-09,Southeast,Georgia,Atlanta,Women's Apparel,$37.00 ,239,884,$531 ,Online
Sports Direct,1197831,2021-05-12,South,Tennessee,Knoxville,Women's Athletic Footwear,$55.00 ,475,"26,125","$14,369 ",Outlet
Sports Direct,1185732,2021-08-14,Northeast,Massachusetts,Boston,Men's Apparel,$55.00 ,150,"8,250","$2,063 ",In-store
West Gear,1185732,2021-05-12,West,Utah,Salt Lake City,Women's Street Footwear,$25.00 ,350,"8,750","$3,063 ",In-store
West Gear,1128299,2021-10-17,South,Louisiana,New Orleans,Women's Street Footwear,$33.00 ,128,422,$190 ,Outlet
West Gear,1128299,2021-10-17,South,Louisiana,New Orleans,Women's Street Footwear,$45.00 ,400,"18,000","$7,200 ",Online
Kohl's,1128299,2021-11-26,West,New Mexico,Albuquerque,Men's Athletic Footwear,$44.00 ,180,792,$341 ,Outlet
Foot Locker,1185732,2021-12-08,Midwest,North Dakota,Fargo,Men's Street Footwear,$60.00 ,500,"30,000","$10,500 ",In-store
Foot Locker,1185732,2021-11-20,Northeast,Pennsylvania,Philadelphia,Women's Apparel,$64.00 ,63,403,$181 ,Online
Foot Locker,1185732,2021-12-30,Northeast,Pennsylvania,Philadelphia,Women's Athletic Footwear,$60.00 ,175,"10,500","$4,200 ",Outlet
Kohl's,1185732,2021-09-06,Northeast,New Jersey,Newark,Women's Street Footwear,$39.00 ,51,199,$105 ,Online
West Gear,1185732,2021-08-10,Midwest,Indiana,Indianapolis,Women's Street Footwear,$40.00 ,225,"9,000","$3,150 ",In-store
Foot Locker,1185732,2021-12-19,Northeast,Pennsylvania,Philadelphia,Men's Apparel,$43.00 ,30,129,$43 ,Outlet
Walmart,1128299,2021-07-16,Southeast,Florida,Orlando,Women's Apparel,$110.00 ,650,"71,500","$32,175 ",In-store
Walmart,1185732,2021-10-18,South,Mississippi,Jackson,Men's Street Footwear,$24.00 ,216,518,$238 ,Outlet
Amazon,1185732,2021-07-09,Midwest,Ohio,Columbus,Women's Street Footwear,$55.00 ,575,"31,625","$12,650 ",Online
Sports Direct,1197831,2021-04-09,South,Tennessee,Knoxville,Men's Street Footwear,$40.00 ,775,"31,000","$12,400 ",Outlet
Walmart,1128299,2021-10-10,West,Hawaii,Honolulu,Men's Street Footwear,$52.00 ,124,645,$258 ,Online
Amazon,1185732,2021-02-22,Southeast,Kentucky,Louisville,Women's Apparel,$39.00 ,78,304,$155 ,Online
West Gear,1185732,2021-02-11,West,Utah,Salt Lake City,Men's Apparel,$35.00 ,375,"13,125","$4,594 ",In-store
Walmart,1197831,2021-04-20,South,Arkansas,Little Rock,Women's Athletic Footwear,$13.00 ,77,100,$47 ,Outlet
Sports Direct,1185732,2021-06-09,Midwest,North Dakota,Fargo,Women's Street Footwear,$30.00 ,200,"6,000","$1,800 ",In-store
West Gear,1128299,2021-12-23,West,Oregon,Portland,Men's Apparel,$72.00 ,133,958,$479 ,Online
Amazon,1185732,2021-12-22,Northeast,Maine,Portland,Men's Athletic Footwear,$49.00 ,90,441,$207 ,Online
Sports Direct,1128299,2021-08-13,Southeast,Georgia,Atlanta,Women's Street Footwear,$54.00 ,150,810,$373 ,Online
Sports Direct,1197831,2021-01-23,South,Mississippi,Jackson,Men's Apparel,$26.00 ,123,320,$122 ,Outlet
West Gear,1128299,2021-05-18,South,Louisiana,New Orleans,Women's Street Footwear,$50.00 ,400,"20,000","$8,000 ",In-store
Sports Direct,1185732,2021-07-03,Northeast,Connecticut,Hartford,Women's Apparel,$60.00 ,475,"28,500","$9,975 ",In-store
Foot Locker,1185732,2021-12-21,Southeast,Kentucky,Louisville,Men's Apparel,$60.00 ,225,"13,500","$4,725 ",Online
Foot Locker,1185732,2021-10-06,Midwest,Iowa,Des Moines,Women's Athletic Footwear,$35.00 ,125,"4,375","$1,313 ",In-store
Sports Direct,1185732,2021-03-13,Northeast,Massachusetts,Boston,Men's Athletic Footwear,$40.00 ,175,"7,000","$2,100 ",In-store
Sports Direct,1185732,2021-08-04,Northeast,Connecticut,Hartford,Women's Street Footwear,$45.00 ,325,"14,625","$4,388 ",In-store
West Gear,1128299,2021-11-17,South,Louisiana,New Orleans,Women's Apparel,$81.00 ,174,"1,409",$677 ,Online
Foot Locker,1185732,2021-07-05,Midwest,Iowa,Des Moines,Men's Athletic Footwear,$44.00 ,87,383,$188 ,Online
Sports Direct,1185732,2021-12-06,Northeast,Rhode Island,Providence,Women's Street Footwear,$50.00 ,275,"13,750","$5,500 ",In-store
Foot Locker,1197831,2021-12-04,West,Idaho,Boise,Men's Street Footwear,$54.00 ,233,"1,258",$679 ,Online
Kohl's,1185732,2021-11-14,Northeast,Delaware,Wilmington,Men's Athletic Footwear,$55.00 ,325,"17,875","$6,256 ",In-store
West Gear,1128299,2021-01-03,West,California,San Francisco,Women's Athletic Footwear,$60.00 ,650,"39,000","$13,650 ",Outlet
Walmart,1128299,2021-06-17,Southeast,Florida,Orlando,Men's Street Footwear,$61.00 ,223,"1,360",$612 ,Online
Foot Locker,1185732,2021-06-08,Northeast,Rhode Island,Providence,Women's Athletic Footwear,$39.00 ,60,234,$126 ,Online
Foot Locker,1128299,2021-07-23,Southeast,Virginia,Richmond,Women's Athletic Footwear,$82.00 ,149,"1,222",$562 ,Online
Foot Locker,1128299,2021-05-24,West,Arizona,Phoenix,Women's Street Footwear,$41.00 ,132,541,$206 ,Outlet
Sports Direct,1197831,2021-10-04,West,Idaho,Boise,Women's Apparel,$42.00 ,142,596,$394 ,Online
Amazon,1185732,2021-08-10,Midwest,Ohio,Columbus,Women's Street Footwear,$55.00 ,575,"31,625","$12,650 ",Online
Sports Direct,1185732,2021-05-02,Southeast,North Carolina,Charlotte,Men's Apparel,$46.00 ,150,690,$338 ,Online
Sports Direct,1197831,2021-10-05,South,Alabama,Birmingham,Women's Apparel,$60.00 ,625,"37,500","$24,375 ",Outlet
Amazon,1185732,2021-10-12,Northeast,Vermont,Burlington,Women's Street Footwear,$40.00 ,66,264,$98 ,Outlet
Sports Direct,1197831,2021-08-25,South,Alabama,Birmingham,Men's Street Footwear,$10.00 ,700,"7,000","$3,150 ",Outlet
Foot Locker,1128299,2021-11-24,Southeast,Virginia,Richmond,Women's Apparel,$60.00 ,176,"1,056",$348 ,Outlet
West Gear,1128299,2021-09-18,South,Louisiana,New Orleans,Women's Athletic Footwear,$45.00 ,250,"11,250","$4,500 ",Online
Sports Direct,1197831,2021-09-22,South,Texas,Dallas,Men's Street Footwear,$34.00 ,248,843,$363 ,Outlet
Kohl's,1185732,2021-10-12,West,Wyoming,Cheyenne,Women's Athletic Footwear,$45.00 ,475,"21,375","$7,481 ",In-store
Amazon,1185732,2021-12-17,Northeast,Maine,Portland,Women's Street Footwear,$55.00 ,250,"13,750","$5,500 ",Outlet
Foot Locker,1185732,2021-04-06,Midwest,Iowa,Des Moines,Women's Apparel,$46.00 ,63,290,$151 ,Online
Foot Locker,1185732,2021-12-16,Northeast,West Virginia,Charleston,Men's Athletic Footwear,$52.00 ,135,702,$365 ,Online
Foot Locker,1128299,2021-09-24,West,Arizona,Phoenix,Men's Apparel,$55.00 ,375,"20,625","$6,188 ",Online
Sports Direct,1197831,2021-09-05,West,Idaho,Boise,Men's Street Footwear,$41.00 ,230,943,$434 ,Outlet
Foot Locker,1185732,2021-05-28,Midwest,Nebraska,Omaha,Men's Athletic Footwear,$35.00 ,125,"4,375","$1,531 ",Outlet
